order_id,order_item_id,product_id,seller_id,shipping_limit_date,price,freight_value
order_000000,1,prod_00252,seller_0149,2017-03-03 06:29:02,61.66,9.62
order_000001,1,prod_00412,seller_0010,2017-03-09 00:00:47,79.6,15.75
order_000002,1,prod_00544,seller_0164,2017-01-14 05:48:53,26.43,3.99
order_000002,2,prod_00551,seller_0129,2017-05-05 15:29:22,61.1,4.73
order_000002,3,prod_00469,seller_0159,2017-11-09 17:17:19,142.73,22.89
order_000003,1,prod_00043,seller_0176,2017-12-28 05:53:10,32.55,5.68
order_000004,1,prod_00029,seller_0151,2018-07-30 11:29:29,14.04,3.0
order_000005,1,prod_00528,seller_0077,2017-11-17 17:29:40,22.49,3.2
order_000005,2,prod_00670,seller_0150,2018-08-21 20:37:58,44.9,5.09
order_000006,1,prod_00187,seller_0174,2018-05-18 17:39:29,11.24,3.0
order_000007,1,prod_00389,seller_0163,2018-02-21 02:50:41,20.18,3.11
order_000007,2,prod_00049,seller_0115,2017-06-01 14:56:35,26.73,3.0
order_000007,3,prod_00131,seller_0172,2018-02-02 02:13:05,35.57,3.16
order_000008,1,prod_00339,seller_0107,2018-04-20 14:17:51,106.46,11.66
order_000009,1,prod_00011,seller_0080,2017-12-13 14:49:46,51.78,6.68
order_000010,1,prod_00412,seller_0030,2018-03-28 04:44:51,16.05,3.0
order_000010,2,prod_00386,seller_0083,2018-05-02 20:58:12,409.09,75.47
order_000011,1,prod_00064,seller_0171,2017-02-22 09:02:14,32.76,4.79
order_000012,1,prod_00415,seller_0021,2018-01-18 09:22:38,11.11,3.0
order_000013,1,prod_00318,seller_0155,2017-09-12 03:22:53,16.86,3.0
order_000014,1,prod_00069,seller_0115,2018-07-09 11:08:31,16.93,3.0
order_000015,1,prod_00153,seller_0023,2018-06-01 06:22:43,13.79,3.0
order_000016,1,prod_00381,seller_0040,2017-11-20 07:01:05,46.22,6.36
order_000016,2,prod_00567,seller_0005,2017-11-17 10:44:51,8.0,3.0
order_000017,1,prod_00302,seller_0133,2017-04-17 15:30:43,62.71,9.12
order_000018,1,prod_00442,seller_0064,2018-08-05 19:18:02,56.23,3.0
order_000019,1,prod_00306,seller_0033,2017-12-23 17:09:00,24.61,3.55
order_000020,1,prod_00603,seller_0028,2018-08-15 12:00:59,60.05,3.96
order_000021,1,prod_00682,seller_0090,2017-05-08 10:57:59,16.28,3.0
order_000022,1,prod_00295,seller_0060,2018-04-08 06:37:55,19.15,3.0
order_000023,1,prod_00207,seller_0162,2017-11-23 00:50:16,47.33,6.7
order_000024,1,prod_00403,seller_0172,2017-10-15 12:46:38,28.9,3.0
order_000025,1,prod_00618,seller_0036,2017-04-05 15:54:17,22.06,3.34
order_000025,2,prod_00419,seller_0155,2017-11-23 08:48:22,30.76,5.86
order_000026,1,prod_00241,seller_0010,2018-06-15 16:56:47,78.04,5.4
order_000026,2,prod_00543,seller_0079,2017-11-28 00:14:30,76.1,3.83
order_000027,1,prod_00125,seller_0104,2017-05-25 06:44:41,43.68,3.0
order_000028,1,prod_00191,seller_0049,2017-10-08 19:02:46,26.28,3.0
order_000029,1,prod_00106,seller_0116,2018-06-24 14:31:51,46.48,3.75
order_000030,1,prod_00638,seller_0104,2018-04-21 09:28:24,18.9,3.0
order_000031,1,prod_00658,seller_0168,2018-02-22 12:24:31,70.8,3.14
order_000031,2,prod_00670,seller_0168,2018-08-12 19:42:33,61.42,4.42
order_000032,1,prod_00016,seller_0147,2018-05-17 14:07:30,116.23,10.35
order_000033,1,prod_00629,seller_0142,2017-08-17 05:02:43,19.66,3.71
order_000034,1,prod_00153,seller_0060,2017-11-10 05:17:22,18.14,3.0
order_000034,2,prod_00666,seller_0156,2017-08-11 19:34:54,47.39,3.0
order_000035,1,prod_00238,seller_0065,2017-09-01 07:49:36,27.72,3.0
order_000035,2,prod_00214,seller_0137,2018-06-22 18:33:48,63.41,12.0
order_000036,1,prod_00459,seller_0087,2017-11-27 22:33:23,77.98,8.0
order_000037,1,prod_00553,seller_0090,2017-03-28 20:16:27,100.17,16.94
order_000038,1,prod_00263,seller_0145,2017-12-06 19:56:45,34.4,3.0
order_000039,1,prod_00577,seller_0025,2017-04-01 13:44:28,58.69,3.12
order_000040,1,prod_00014,seller_0153,2018-01-12 18:05:07,23.66,3.0
order_000041,1,prod_00629,seller_0147,2018-01-12 04:42:39,38.14,5.69
order_000042,1,prod_00361,seller_0084,2018-01-22 21:26:41,31.98,5.55
order_000043,1,prod_00375,seller_0117,2017-09-27 03:37:17,30.9,3.0
order_000044,1,prod_00619,seller_0047,2018-05-28 22:19:40,108.37,21.43
order_000045,1,prod_00038,seller_0139,2017-05-25 20:11:27,13.84,3.0
order_000045,2,prod_00620,seller_0021,2017-04-03 17:23:50,33.01,3.81
order_000046,1,prod_00142,seller_0132,2017-06-17 07:04:25,34.29,6.03
order_000047,1,prod_00694,seller_0122,2017-05-26 17:16:32,50.31,4.99
order_000047,2,prod_00503,seller_0044,2018-05-01 10:14:50,16.23,3.0
order_000047,3,prod_00239,seller_0146,2017-04-22 04:27:38,27.27,3.45
order_000048,1,prod_00046,seller_0051,2018-07-30 17:41:12,22.48,3.0
order_000049,1,prod_00085,seller_0097,2018-06-22 12:43:41,8.0,3.0
order_000049,2,prod_00085,seller_0154,2018-01-06 21:20:04,70.5,13.31
order_000049,3,prod_00048,seller_0010,2017-11-13 06:08:33,12.74,3.0
order_000050,1,prod_00431,seller_0073,2017-06-03 07:55:34,11.68,3.0
order_000051,1,prod_00606,seller_0112,2018-02-17 12:24:20,61.31,8.87
order_000052,1,prod_00559,seller_0031,2017-07-22 18:15:32,26.64,3.72
order_000053,1,prod_00523,seller_0092,2018-07-26 23:16:41,27.24,3.0
order_000054,1,prod_00686,seller_0115,2018-05-30 20:38:16,27.58,3.84
order_000055,1,prod_00439,seller_0156,2017-06-11 22:57:20,66.58,7.53
order_000056,1,prod_00066,seller_0053,2017-07-08 13:22:50,23.13,3.0
order_000057,1,prod_00347,seller_0149,2018-06-20 13:16:47,48.75,7.12
order_000058,1,prod_00530,seller_0115,2017-12-22 17:55:03,15.77,3.0
order_000059,1,prod_00320,seller_0091,2017-09-19 09:01:21,41.04,4.75
order_000060,1,prod_00215,seller_0106,2018-07-22 16:57:06,59.55,9.46
order_000061,1,prod_00345,seller_0177,2017-12-16 09:42:13,82.54,14.12
order_000062,1,prod_00546,seller_0119,2018-04-16 01:40:45,12.1,3.0
order_000063,1,prod_00254,seller_0077,2017-08-03 06:06:16,27.31,3.0
order_000063,2,prod_00247,seller_0178,2018-04-08 11:15:10,93.59,11.91
order_000064,1,prod_00332,seller_0124,2017-06-20 05:39:33,60.29,3.12
order_000064,2,prod_00293,seller_0049,2018-06-17 05:39:44,29.1,3.0
order_000065,1,prod_00147,seller_0109,2018-05-27 05:04:44,33.2,5.62
order_000066,1,prod_00195,seller_0175,2017-04-16 09:06:05,40.17,3.0
order_000067,1,prod_00082,seller_0125,2018-08-13 04:22:54,25.99,3.0
order_000068,1,prod_00526,seller_0137,2018-08-18 19:24:31,47.26,4.73
order_000069,1,prod_00147,seller_0119,2018-03-31 10:28:18,45.55,8.98
order_000069,2,prod_00684,seller_0153,2018-05-26 05:52:33,16.04,3.0
order_000070,1,prod_00679,seller_0014,2017-11-03 02:06:06,24.09,3.86
order_000070,2,prod_00470,seller_0144,2018-06-16 05:39:44,24.65,3.55
order_000071,1,prod_00693,seller_0162,2017-07-17 14:56:16,28.05,3.0
order_000072,1,prod_00604,seller_0004,2017-07-20 05:58:29,39.47,3.61
order_000073,1,prod_00526,seller_0141,2018-06-07 04:08:33,37.24,3.0
order_000074,1,prod_00248,seller_0090,2018-01-09 23:54:57,20.74,3.0
order_000074,2,prod_00586,seller_0069,2017-03-01 17:21:03,79.14,3.42
order_000075,1,prod_00238,seller_0019,2017-03-11 20:46:47,33.22,6.1
order_000075,2,prod_00072,seller_0057,2017-04-05 06:30:13,85.74,5.44
order_000076,1,prod_00396,seller_0121,2017-12-19 04:27:22,84.45,5.6
order_000076,2,prod_00086,seller_0092,2017-02-24 01:54:02,16.64,3.0
order_000077,1,prod_00064,seller_0010,2018-01-04 12:58:42,24.08,3.0
order_000078,1,prod_00064,seller_0055,2017-06-23 09:52:14,25.25,3.0
order_000079,1,prod_00638,seller_0005,2018-08-02 04:55:18,40.6,8.02
order_000080,1,prod_00044,seller_0065,2017-11-27 09:04:40,53.1,4.12
order_000081,1,prod_00276,seller_0163,2017-11-15 17:17:42,36.43,5.67
order_000082,1,prod_00523,seller_0136,2017-12-04 01:38:30,23.15,3.55
order_000083,1,prod_00561,seller_0165,2018-05-05 22:23:50,96.89,6.94
order_000084,1,prod_00039,seller_0029,2018-04-02 19:19:14,24.9,3.0
order_000085,1,prod_00625,seller_0112,2017-06-11 18:37:22,53.63,6.48
order_000086,1,prod_00664,seller_0054,2018-03-10 05:25:41,32.33,5.7
order_000087,1,prod_00678,seller_0082,2018-08-08 13:20:24,31.74,4.94
order_000088,1,prod_00457,seller_0174,2018-05-25 00:52:00,51.31,4.18
order_000089,1,prod_00358,seller_0149,2018-07-06 19:15:32,90.28,3.37
order_000089,2,prod_00119,seller_0125,2018-02-02 14:26:30,40.38,5.38
order_000090,1,prod_00086,seller_0173,2018-02-27 01:07:40,24.1,3.0
order_000091,1,prod_00572,seller_0089,2017-11-24 12:25:54,86.66,7.67
order_000092,1,prod_00595,seller_0009,2017-02-23 10:45:46,45.65,6.38
order_000093,1,prod_00576,seller_0164,2018-05-05 00:21:59,36.99,7.09
order_000094,1,prod_00432,seller_0018,2017-10-29 18:15:57,64.59,11.86
order_000094,2,prod_00394,seller_0047,2017-05-14 02:38:57,40.83,5.85
order_000095,1,prod_00135,seller_0162,2018-02-18 20:05:28,163.53,31.57
order_000095,2,prod_00063,seller_0159,2017-07-06 12:12:18,33.16,3.23
order_000096,1,prod_00140,seller_0017,2017-03-15 09:34:00,69.91,3.3
order_000097,1,prod_00280,seller_0154,2018-03-03 17:42:15,44.14,4.72
order_000098,1,prod_00210,seller_0128,2018-01-22 05:34:52,44.04,6.27
order_000099,1,prod_00383,seller_0019,2017-09-04 03:28:56,26.17,4.35
order_000099,2,prod_00547,seller_0099,2018-06-08 06:25:22,26.26,4.98
order_000100,1,prod_00520,seller_0047,2018-07-14 15:27:44,45.73,5.39
order_000101,1,prod_00579,seller_0093,2017-02-18 03:25:19,18.83,3.0
order_000102,1,prod_00208,seller_0033,2017-08-24 09:19:37,22.78,3.0
order_000103,1,prod_00655,seller_0017,2017-03-21 06:27:08,33.45,4.45
order_000104,1,prod_00611,seller_0117,2018-04-13 22:43:33,74.16,10.96
order_000104,2,prod_00244,seller_0131,2017-11-06 13:25:54,34.9,4.8
order_000104,3,prod_00175,seller_0034,2018-05-05 06:07:20,34.54,3.0
order_000105,1,prod_00621,seller_0108,2017-04-11 09:49:27,16.64,3.0
order_000106,1,prod_00698,seller_0088,2017-11-08 13:23:31,99.7,4.25
order_000106,2,prod_00325,seller_0167,2017-08-21 01:28:31,68.01,8.06
order_000106,3,prod_00080,seller_0101,2018-06-08 14:28:44,73.17,4.86
order_000107,1,prod_00424,seller_0086,2017-12-29 11:00:03,12.88,3.0
order_000108,1,prod_00583,seller_0001,2017-03-24 17:37:51,41.62,6.97
order_000109,1,prod_00328,seller_0164,2017-04-16 10:49:45,18.0,3.0
order_000109,2,prod_00092,seller_0119,2017-03-31 10:28:53,54.68,3.0
order_000110,1,prod_00514,seller_0033,2017-05-30 15:22:50,40.82,4.33
order_000111,1,prod_00531,seller_0001,2017-06-25 22:39:54,46.4,3.0
order_000111,2,prod_00612,seller_0036,2017-08-14 23:53:49,20.78,3.0
order_000112,1,prod_00603,seller_0090,2017-07-14 14:12:36,16.85,3.0
order_000113,1,prod_00334,seller_0170,2017-07-12 16:56:57,21.84,3.0
order_000114,1,prod_00219,seller_0111,2017-10-11 23:43:13,40.45,7.53
order_000115,1,prod_00115,seller_0017,2018-01-30 19:06:30,28.29,5.3
order_000115,2,prod_00070,seller_0034,2018-02-12 07:06:28,39.04,7.38
order_000115,3,prod_00578,seller_0042,2017-09-13 13:54:08,17.02,3.0
order_000116,1,prod_00699,seller_0013,2017-02-08 03:48:16,32.98,3.9
order_000117,1,prod_00450,seller_0025,2018-06-12 00:21:46,82.01,3.0
order_000118,1,prod_00679,seller_0016,2017-08-13 04:58:48,41.1,5.46
order_000118,2,prod_00215,seller_0127,2018-07-21 19:18:44,42.81,4.98
order_000119,1,prod_00529,seller_0122,2018-07-21 06:43:16,43.03,4.44
order_000120,1,prod_00277,seller_0140,2017-11-19 07:01:05,23.74,3.0
order_000120,2,prod_00270,seller_0032,2017-06-04 11:34:52,95.64,4.57
order_000121,1,prod_00448,seller_0162,2017-09-08 00:46:01,41.77,3.48
order_000122,1,prod_00094,seller_0067,2018-02-01 19:24:14,37.16,3.0
order_000122,2,prod_00288,seller_0026,2017-10-21 23:45:08,51.76,3.13
order_000123,1,prod_00292,seller_0028,2018-05-01 10:00:10,61.04,10.66
order_000123,2,prod_00301,seller_0057,2017-06-04 10:31:02,14.74,3.0
order_000124,1,prod_00504,seller_0015,2017-01-10 11:04:51,34.35,3.0
order_000125,1,prod_00194,seller_0057,2017-07-18 05:32:24,141.58,26.32
order_000125,2,prod_00106,seller_0118,2018-08-23 03:50:57,97.12,17.31
order_000126,1,prod_00427,seller_0175,2018-02-05 00:56:10,30.9,3.0
order_000126,2,prod_00011,seller_0000,2018-02-03 22:39:46,53.15,8.86
order_000127,1,prod_00691,seller_0104,2017-11-13 21:12:08,26.78,3.0
order_000128,1,prod_00632,seller_0042,2018-04-04 23:49:41,41.67,5.79
order_000128,2,prod_00268,seller_0060,2018-01-07 20:22:52,24.58,4.43
order_000129,1,prod_00489,seller_0115,2018-01-23 10:12:12,24.31,3.0
order_000130,1,prod_00363,seller_0053,2017-10-04 16:21:56,22.54,3.0
order_000130,2,prod_00485,seller_0078,2018-08-22 20:57:05,98.84,12.69
order_000131,1,prod_00153,seller_0057,2018-05-14 01:41:11,24.23,3.81
order_000131,2,prod_00663,seller_0065,2018-02-17 14:02:58,69.56,12.32
order_000132,1,prod_00617,seller_0128,2018-01-18 16:23:31,25.01,3.0
order_000133,1,prod_00364,seller_0052,2017-09-22 10:58:54,23.22,3.0
order_000134,1,prod_00614,seller_0098,2018-07-10 05:01:30,42.65,6.25
order_000135,1,prod_00222,seller_0142,2017-12-19 06:43:03,14.24,3.0
order_000135,2,prod_00549,seller_0112,2017-10-29 06:12:13,51.01,3.64
order_000136,1,prod_00636,seller_0136,2017-09-13 04:26:21,30.31,3.0
order_000136,2,prod_00487,seller_0084,2017-11-15 21:19:00,23.15,3.0
order_000137,1,prod_00690,seller_0083,2018-03-26 01:14:16,20.13,3.0
order_000137,2,prod_00149,seller_0004,2017-02-23 17:56:49,119.27,18.28
order_000138,1,prod_00014,seller_0126,2018-05-25 20:03:56,32.39,3.0
order_000138,2,prod_00368,seller_0123,2017-03-30 05:00:58,31.51,3.23
order_000139,1,prod_00231,seller_0091,2017-09-01 20:52:02,58.41,8.28
order_000140,1,prod_00447,seller_0130,2018-03-12 01:47:19,19.16,3.0
order_000141,1,prod_00253,seller_0118,2018-05-08 08:04:24,69.22,11.35
order_000141,2,prod_00608,seller_0032,2017-07-25 22:57:46,32.35,5.88
order_000141,3,prod_00077,seller_0040,2018-08-14 22:28:18,13.47,3.0
order_000142,1,prod_00674,seller_0116,2017-03-10 22:13:16,23.46,4.33
order_000143,1,prod_00155,seller_0017,2017-10-22 21:58:54,16.25,3.0
order_000144,1,prod_00228,seller_0157,2017-10-15 06:42:24,34.91,3.21
order_000145,1,prod_00017,seller_0062,2018-07-06 19:52:43,19.77,3.33
order_000146,1,prod_00475,seller_0108,2017-06-30 17:11:48,18.4,3.0
order_000147,1,prod_00487,seller_0093,2017-05-16 14:27:09,40.04,6.72
order_000148,1,prod_00650,seller_0120,2018-08-06 18:14:14,34.07,5.35
order_000149,1,prod_00074,seller_0064,2017-02-21 15:33:19,72.67,14.07
order_000150,1,prod_00337,seller_0126,2017-06-03 10:18:07,70.61,4.77
order_000151,1,prod_00621,seller_0031,2017-06-19 01:40:32,34.46,5.35
order_000152,1,prod_00021,seller_0058,2018-07-21 03:49:57,45.82,3.0
order_000152,2,prod_00408,seller_0007,2017-03-11 20:46:47,13.26,3.0
order_000153,1,prod_00160,seller_0027,2017-05-26 20:04:21,52.06,3.32
order_000154,1,prod_00249,seller_0009,2017-06-21 23:36:53,43.25,4.04
order_000154,2,prod_00529,seller_0085,2017-11-26 07:41:11,61.57,10.67
order_000155,1,prod_00566,seller_0013,2018-04-17 15:15:47,27.14,3.02
order_000156,1,prod_00004,seller_0041,2018-02-08 23:23:44,27.29,3.9
order_000157,1,prod_00455,seller_0087,2017-07-07 15:05:24,27.4,3.0
order_000157,2,prod_00275,seller_0123,2018-06-21 21:15:36,84.14,10.47
order_000158,1,prod_00527,seller_0004,2017-05-19 12:12:39,39.8,6.91
order_000159,1,prod_00589,seller_0128,2018-05-08 04:04:03,12.52,3.0
order_000160,1,prod_00614,seller_0093,2017-04-13 00:44:35,50.34,5.42
order_000161,1,prod_00071,seller_0001,2017-12-12 14:56:46,24.5,3.73
order_000161,2,prod_00565,seller_0017,2017-01-29 01:18:53,67.02,7.33
order_000162,1,prod_00675,seller_0171,2018-08-03 08:30:01,47.0,8.92
order_000162,2,prod_00545,seller_0080,2018-05-06 23:12:06,74.16,11.4
order_000163,1,prod_00263,seller_0166,2017-04-21 20:46:06,65.06,6.72
order_000164,1,prod_00510,seller_0092,2017-10-04 09:47:39,60.9,6.98
order_000165,1,prod_00047,seller_0023,2018-08-01 05:06:01,69.23,4.23
order_000166,1,prod_00264,seller_0131,2017-11-17 04:44:31,56.25,10.69
order_000166,2,prod_00576,seller_0086,2017-02-06 18:04:14,21.09,3.0
order_000167,1,prod_00456,seller_0068,2018-01-10 04:20:36,15.75,3.0
order_000167,2,prod_00185,seller_0037,2018-05-03 02:53:52,19.3,3.0
order_000167,3,prod_00395,seller_0079,2018-09-02 00:05:42,53.25,8.17
order_000168,1,prod_00001,seller_0173,2017-09-12 07:17:51,8.0,3.0
order_000169,1,prod_00674,seller_0039,2017-01-19 18:26:41,32.79,3.0
order_000170,1,prod_00385,seller_0101,2017-10-31 14:36:52,27.86,3.0
order_000170,2,prod_00350,seller_0005,2017-08-10 08:20:58,73.37,5.14
order_000171,1,prod_00233,seller_0126,2017-03-17 13:14:08,30.69,4.07
order_000172,1,prod_00155,seller_0160,2017-10-08 06:52:00,26.06,5.02
order_000172,2,prod_00230,seller_0176,2017-12-21 00:57:34,77.9,14.12
order_000173,1,prod_00320,seller_0146,2018-02-28 03:43:53,31.2,3.61
order_000174,1,prod_00298,seller_0121,2017-11-17 01:32:50,28.09,3.0
order_000174,2,prod_00290,seller_0104,2017-07-18 03:55:53,24.09,3.0
order_000174,3,prod_00355,seller_0156,2017-05-20 23:23:11,39.87,6.66
order_000175,1,prod_00327,seller_0001,2018-07-21 15:26:11,26.7,3.75
order_000176,1,prod_00216,seller_0043,2018-07-13 14:31:33,26.76,3.0
order_000176,2,prod_00406,seller_0008,2017-06-17 20:23:23,85.0,3.64
order_000177,1,prod_00172,seller_0041,2017-01-12 16:12:33,34.18,3.82
order_000178,1,prod_00663,seller_0040,2018-07-01 21:23:26,24.75,3.0
order_000179,1,prod_00466,seller_0079,2018-05-27 05:04:44,17.34,3.35
order_000179,2,prod_00196,seller_0124,2017-03-16 12:10:51,37.68,3.0
order_000179,3,prod_00484,seller_0158,2018-03-29 08:46:42,23.02,3.85
order_000180,1,prod_00678,seller_0107,2017-01-05 23:01:37,26.06,4.75
order_000181,1,prod_00535,seller_0007,2017-02-05 18:52:17,19.04,3.0
order_000181,2,prod_00545,seller_0017,2017-07-31 05:09:52,37.64,3.0
order_000182,1,prod_00152,seller_0079,2018-07-09 05:01:30,14.19,3.0
order_000183,1,prod_00128,seller_0110,2017-11-23 16:54:03,43.27,6.17
order_000184,1,prod_00393,seller_0148,2017-09-15 09:47:19,23.21,3.0
order_000185,1,prod_00196,seller_0067,2017-09-09 21:29:48,52.76,9.53
order_000186,1,prod_00084,seller_0031,2018-03-13 05:15:22,45.4,7.2
order_000187,1,prod_00636,seller_0025,2018-01-21 10:12:12,35.43,5.85
order_000187,2,prod_00241,seller_0110,2018-04-26 10:42:14,57.4,8.95
order_000188,1,prod_00560,seller_0179,2017-01-18 06:31:50,91.11,4.73
order_000188,2,prod_00512,seller_0012,2018-07-12 23:57:15,75.53,11.65
order_000189,1,prod_00100,seller_0001,2017-12-06 07:40:14,14.12,3.0
order_000190,1,prod_00131,seller_0001,2017-02-27 16:35:51,22.34,3.0
order_000191,1,prod_00409,seller_0098,2017-07-12 20:12:10,24.19,3.0
order_000192,1,prod_00436,seller_0057,2018-02-16 13:01:43,50.15,5.11
order_000193,1,prod_00193,seller_0148,2017-08-01 06:02:58,23.58,3.0
order_000193,2,prod_00107,seller_0145,2017-11-23 15:52:41,22.99,3.0
order_000194,1,prod_00440,seller_0090,2017-02-17 18:40:38,20.55,3.0
order_000195,1,prod_00165,seller_0007,2017-08-06 20:36:24,40.22,7.75
order_000196,1,prod_00121,seller_0102,2018-06-09 05:20:20,50.03,4.52
order_000196,2,prod_00264,seller_0065,2018-02-23 09:10:17,15.07,3.0
order_000197,1,prod_00246,seller_0150,2018-03-30 00:13:03,23.71,3.0
order_000198,1,prod_00281,seller_0131,2017-05-07 10:12:43,9.66,3.0
order_000199,1,prod_00271,seller_0172,2017-01-11 15:25:34,8.0,3.0
order_000200,1,prod_00396,seller_0066,2017-09-27 14:09:29,45.38,4.93
order_000200,2,prod_00376,seller_0058,2018-07-14 04:52:10,40.65,3.0
order_000201,1,prod_00026,seller_0086,2018-02-15 13:39:39,37.04,3.0
order_000201,2,prod_00167,seller_0148,2018-06-01 06:58:32,92.9,3.33
order_000202,1,prod_00353,seller_0090,2017-11-06 05:53:20,11.14,3.0
order_000203,1,prod_00509,seller_0060,2018-03-17 03:28:32,8.57,3.0
order_000204,1,prod_00021,seller_0163,2017-08-25 00:37:09,15.96,3.0
order_000205,1,prod_00566,seller_0070,2018-05-02 03:35:15,8.35,3.0
order_000206,1,prod_00065,seller_0157,2017-09-27 08:13:52,22.23,3.36
order_000207,1,prod_00447,seller_0114,2017-04-16 12:13:48,48.37,3.12
order_000208,1,prod_00153,seller_0011,2017-07-26 02:04:39,40.16,3.0
order_000208,2,prod_00632,seller_0088,2018-05-02 01:20:24,64.58,6.53
order_000209,1,prod_00485,seller_0124,2017-02-19 07:41:56,42.14,3.82
order_000210,1,prod_00553,seller_0164,2017-02-08 02:04:02,25.47,3.0
order_000211,1,prod_00568,seller_0097,2018-01-03 22:04:46,23.53,3.7
order_000211,2,prod_00030,seller_0002,2018-04-27 17:29:40,44.01,8.12
order_000212,1,prod_00592,seller_0063,2018-02-19 02:56:16,12.25,3.0
order_000213,1,prod_00059,seller_0174,2018-01-13 03:18:40,8.0,3.0
order_000214,1,prod_00379,seller_0088,2017-03-18 13:14:08,42.68,3.42
order_000214,2,prod_00461,seller_0069,2017-08-28 03:56:38,38.56,7.09
order_000215,1,prod_00629,seller_0158,2017-06-14 13:39:02,91.84,6.03
order_000215,2,prod_00505,seller_0075,2017-09-17 10:47:22,52.07,3.0
order_000216,1,prod_00498,seller_0139,2017-07-28 17:50:47,40.49,7.56
order_000217,1,prod_00677,seller_0003,2017-07-22 01:48:24,27.03,3.0
order_000217,2,prod_00011,seller_0102,2018-04-07 09:49:14,19.55,3.08
order_000217,3,prod_00002,seller_0004,2017-01-05 00:50:08,27.6,3.0
order_000218,1,prod_00133,seller_0031,2017-05-24 23:22:18,61.61,8.83
order_000219,1,prod_00165,seller_0098,2017-06-14 13:39:02,44.76,3.0
order_000220,1,prod_00349,seller_0111,2018-07-12 06:56:51,60.78,11.09
order_000221,1,prod_00582,seller_0021,2018-01-06 09:44:47,35.49,3.0
order_000222,1,prod_00274,seller_0089,2018-05-03 03:04:39,18.45,3.0
order_000223,1,prod_00624,seller_0073,2018-07-04 15:08:12,70.41,11.49
order_000224,1,prod_00448,seller_0080,2017-06-11 20:29:45,66.39,8.39
order_000224,2,prod_00325,seller_0145,2017-06-11 10:07:11,37.36,3.8
order_000225,1,prod_00555,seller_0169,2017-11-13 19:37:02,47.53,4.95
order_000226,1,prod_00338,seller_0013,2017-12-09 02:48:45,45.86,5.29
order_000226,2,prod_00029,seller_0178,2017-06-23 06:29:25,24.42,4.86
order_000227,1,prod_00597,seller_0009,2017-05-09 19:51:54,27.96,4.04
order_000228,1,prod_00092,seller_0171,2017-07-03 06:36:49,18.33,3.0
order_000229,1,prod_00321,seller_0110,2017-07-28 22:27:54,27.9,3.0
order_000230,1,prod_00109,seller_0132,2017-09-18 16:38:30,64.72,7.48
order_000231,1,prod_00551,seller_0043,2018-03-17 04:15:37,57.21,10.69
order_000231,2,prod_00446,seller_0107,2018-06-25 15:58:34,47.61,3.2
order_000232,1,prod_00664,seller_0106,2017-11-24 07:38:38,61.77,5.48
order_000233,1,prod_00606,seller_0057,2017-10-23 06:31:40,26.12,3.0
order_000233,2,prod_00183,seller_0090,2018-06-25 13:44:01,15.45,3.0
order_000234,1,prod_00176,seller_0170,2017-05-28 03:37:46,29.91,4.8
order_000234,2,prod_00192,seller_0019,2018-08-26 09:01:44,31.48,4.33
order_000235,1,prod_00107,seller_0082,2017-09-17 15:56:14,51.38,8.63
order_000236,1,prod_00657,seller_0060,2017-09-24 16:58:49,46.18,7.44
order_000237,1,prod_00057,seller_0036,2017-06-04 15:29:22,63.87,12.48
order_000237,2,prod_00297,seller_0086,2018-07-20 09:50:45,8.94,3.0
order_000238,1,prod_00197,seller_0019,2018-01-09 04:20:39,19.71,3.0
order_000239,1,prod_00011,seller_0021,2017-04-10 02:25:19,31.21,3.78
order_000239,2,prod_00581,seller_0150,2018-08-18 08:42:24,45.22,7.28
order_000239,3,prod_00351,seller_0057,2017-08-24 11:51:44,129.2,12.81
order_000240,1,prod_00614,seller_0059,2017-02-27 16:31:18,17.54,3.0
order_000241,1,prod_00431,seller_0118,2018-05-23 11:38:53,20.88,3.24
order_000242,1,prod_00347,seller_0137,2017-03-08 22:31:16,25.15,3.0
order_000242,2,prod_00171,seller_0155,2018-02-08 02:48:31,20.4,3.0
order_000243,1,prod_00413,seller_0112,2017-03-05 18:35:28,18.59,3.0
order_000244,1,prod_00509,seller_0047,2018-07-07 11:32:30,34.12,6.65
order_000244,2,prod_00019,seller_0051,2017-06-27 04:15:25,62.76,9.67
order_000245,1,prod_00163,seller_0127,2017-10-10 15:12:18,35.79,3.0
order_000246,1,prod_00253,seller_0153,2018-07-26 19:05:14,18.94,3.0
order_000246,2,prod_00083,seller_0165,2017-06-10 05:10:08,29.15,3.0
order_000247,1,prod_00058,seller_0152,2018-06-28 22:30:16,16.86,3.0
order_000248,1,prod_00174,seller_0112,2017-12-31 03:53:00,62.74,10.26
order_000249,1,prod_00238,seller_0030,2018-07-23 14:52:20,86.16,11.1
order_000250,1,prod_00373,seller_0074,2017-10-29 23:18:00,11.74,3.0
order_000251,1,prod_00569,seller_0021,2017-03-13 13:05:45,38.43,6.03
order_000251,2,prod_00599,seller_0079,2017-03-22 13:26:26,19.97,3.0
order_000252,1,prod_00267,seller_0108,2017-06-11 19:51:15,34.5,5.48
order_000252,2,prod_00370,seller_0121,2018-07-05 03:35:40,31.32,3.0
order_000253,1,prod_00009,seller_0042,2018-07-21 16:57:06,13.85,3.0
order_000253,2,prod_00594,seller_0125,2018-06-27 21:56:08,72.66,4.17
order_000254,1,prod_00164,seller_0059,2017-10-27 11:49:46,30.01,5.03
order_000254,2,prod_00044,seller_0125,2018-07-07 21:50:49,24.4,4.7
order_000255,1,prod_00421,seller_0168,2017-03-26 10:29:52,35.72,6.76
order_000255,2,prod_00260,seller_0052,2017-01-27 09:53:19,18.8,3.0
order_000256,1,prod_00287,seller_0031,2017-02-03 06:17:19,29.39,5.85
order_000257,1,prod_00304,seller_0174,2017-08-05 16:27:34,10.03,3.0
order_000258,1,prod_00439,seller_0084,2018-08-27 19:23:14,8.0,3.0
order_000258,2,prod_00561,seller_0041,2018-01-08 21:47:41,17.63,3.0
order_000259,1,prod_00400,seller_0053,2017-11-10 06:07:11,23.43,4.62
order_000260,1,prod_00427,seller_0084,2018-07-15 05:44:55,10.57,3.0
order_000261,1,prod_00566,seller_0062,2017-04-16 18:45:43,23.97,4.6
order_000262,1,prod_00549,seller_0162,2017-02-10 12:42:29,23.41,3.0
order_000263,1,prod_00120,seller_0066,2017-02-05 18:04:14,31.82,3.0
order_000263,2,prod_00236,seller_0085,2018-08-07 00:47:22,49.36,3.0
order_000264,1,prod_00345,seller_0046,2018-05-24 19:42:10,100.77,4.81
order_000265,1,prod_00653,seller_0127,2017-10-09 23:37:32,43.74,6.57
order_000266,1,prod_00424,seller_0137,2017-04-02 20:11:27,17.47,3.0
order_000266,2,prod_00569,seller_0101,2018-02-03 08:37:00,51.07,5.07
order_000267,1,prod_00556,seller_0146,2018-05-25 14:19:08,82.3,15.58
order_000267,2,prod_00640,seller_0049,2017-01-29 17:11:50,15.99,3.0
order_000267,3,prod_00362,seller_0097,2018-02-20 08:35:24,16.58,3.0
order_000268,1,prod_00183,seller_0131,2018-05-03 08:51:15,13.15,3.0
order_000269,1,prod_00287,seller_0161,2017-12-25 07:01:04,22.94,4.36
order_000269,2,prod_00004,seller_0058,2018-04-10 20:02:03,42.21,7.03
order_000270,1,prod_00478,seller_0024,2018-03-14 21:29:54,86.84,8.26
order_000271,1,prod_00430,seller_0140,2017-11-29 06:31:26,59.12,3.03
order_000272,1,prod_00115,seller_0091,2017-02-20 08:54:06,42.55,6.99
order_000273,1,prod_00344,seller_0010,2018-01-20 21:38:25,34.12,5.89
order_000274,1,prod_00501,seller_0149,2017-08-21 12:45:38,42.71,6.47
order_000275,1,prod_00545,seller_0089,2017-05-06 03:17:03,44.38,3.88
order_000276,1,prod_00543,seller_0111,2018-05-04 04:13:18,77.25,10.89
order_000277,1,prod_00068,seller_0064,2017-07-04 16:26:19,32.67,4.88
order_000277,2,prod_00261,seller_0177,2017-02-01 03:49:13,39.26,7.1
order_000278,1,prod_00416,seller_0077,2017-03-19 23:02:06,25.39,3.0
order_000279,1,prod_00073,seller_0107,2017-09-08 12:26:46,35.65,3.0
order_000280,1,prod_00139,seller_0096,2018-04-29 17:16:43,28.03,3.0
order_000281,1,prod_00660,seller_0172,2018-04-12 07:55:45,15.28,3.0
order_000281,2,prod_00360,seller_0110,2017-08-17 23:10:43,58.42,10.63
order_000282,1,prod_00404,seller_0017,2018-07-11 23:46:27,87.13,6.74
order_000282,2,prod_00110,seller_0154,2017-08-15 12:32:26,32.32,3.74
order_000282,3,prod_00443,seller_0007,2018-04-04 12:59:55,41.09,5.48
order_000283,1,prod_00638,seller_0094,2018-03-23 21:08:15,57.98,3.37
order_000283,2,prod_00671,seller_0064,2017-05-16 19:42:53,30.17,4.97
order_000284,1,prod_00128,seller_0086,2017-10-08 19:06:17,37.46,4.12
order_000284,2,prod_00155,seller_0151,2018-02-12 02:27:02,28.76,5.24
order_000285,1,prod_00402,seller_0019,2017-07-08 06:25:16,23.17,3.0
order_000286,1,prod_00620,seller_0009,2018-06-06 11:06:43,46.48,7.98
order_000287,1,prod_00003,seller_0162,2018-01-11 15:20:35,46.21,3.0
order_000288,1,prod_00157,seller_0045,2017-11-20 22:46:10,60.32,6.31
order_000288,2,prod_00109,seller_0079,2018-06-20 09:24:58,33.04,3.35
order_000289,1,prod_00552,seller_0177,2017-12-17 11:39:27,15.18,3.0
order_000290,1,prod_00349,seller_0130,2018-03-24 11:11:01,68.03,8.54
order_000291,1,prod_00500,seller_0115,2017-12-01 00:15:51,20.54,3.24
order_000292,1,prod_00028,seller_0001,2017-07-17 12:04:22,20.31,3.0
order_000292,2,prod_00092,seller_0070,2018-08-22 14:31:03,23.43,4.02
order_000293,1,prod_00379,seller_0093,2018-01-12 14:44:14,10.66,3.0
order_000294,1,prod_00293,seller_0014,2018-05-08 15:18:37,28.75,3.0
order_000294,2,prod_00129,seller_0116,2017-06-19 14:25:46,49.53,3.0
order_000295,1,prod_00182,seller_0135,2018-08-06 09:22:51,24.98,4.08
order_000295,2,prod_00508,seller_0066,2017-03-20 00:46:42,79.03,4.36
order_000296,1,prod_00009,seller_0166,2017-04-11 02:24:40,75.91,4.21
order_000297,1,prod_00607,seller_0168,2017-02-28 07:57:06,59.03,3.0
order_000297,2,prod_00111,seller_0133,2018-02-28 17:29:01,9.41,3.0
order_000298,1,prod_00530,seller_0056,2017-12-05 21:57:52,84.09,8.77
order_000299,1,prod_00440,seller_0020,2018-01-10 00:13:19,28.38,3.03
order_000300,1,prod_00044,seller_0125,2018-08-23 05:25:39,98.59,15.8
order_000301,1,prod_00535,seller_0095,2017-11-16 05:17:06,22.36,3.0
order_000302,1,prod_00347,seller_0129,2017-02-01 21:44:28,30.24,3.0
order_000303,1,prod_00210,seller_0072,2017-12-18 03:04:45,35.1,4.69
order_000303,2,prod_00077,seller_0027,2017-07-29 11:47:40,18.06,3.0
order_000304,1,prod_00080,seller_0162,2017-04-01 08:33:06,11.55,3.0
order_000304,2,prod_00286,seller_0173,2017-03-08 02:36:37,8.0,3.0
order_000305,1,prod_00206,seller_0137,2018-03-24 02:09:07,225.73,16.21
order_000306,1,prod_00587,seller_0004,2017-05-10 03:27:34,11.19,3.0
order_000307,1,prod_00380,seller_0144,2018-01-14 02:41:15,11.29,3.0
order_000308,1,prod_00028,seller_0179,2017-07-26 10:24:29,48.03,8.65
order_000309,1,prod_00613,seller_0074,2017-02-23 09:02:14,13.12,3.0
order_000309,2,prod_00176,seller_0090,2017-02-07 23:11:51,11.63,3.0
order_000309,3,prod_00424,seller_0004,2017-08-03 09:45:04,8.0,3.0
order_000310,1,prod_00578,seller_0108,2018-02-25 01:03:51,40.06,6.53
order_000311,1,prod_00467,seller_0136,2018-07-07 03:43:43,16.52,3.0
order_000311,2,prod_00284,seller_0036,2017-04-12 04:57:35,50.31,6.64
order_000312,1,prod_00005,seller_0113,2018-06-08 15:35:28,31.52,3.84
order_000312,2,prod_00164,seller_0046,2018-08-24 05:25:39,35.01,3.0
order_000312,3,prod_00398,seller_0025,2017-07-13 21:30:18,24.66,3.0
order_000313,1,prod_00664,seller_0004,2017-07-19 08:24:35,27.68,5.08
order_000314,1,prod_00025,seller_0136,2018-03-02 15:37:50,18.51,3.0
order_000315,1,prod_00109,seller_0038,2018-02-23 03:34:09,19.69,3.0
order_000315,2,prod_00250,seller_0026,2018-06-04 05:38:16,16.25,3.0
order_000316,1,prod_00552,seller_0173,2017-09-25 09:44:38,88.6,3.0
order_000317,1,prod_00665,seller_0133,2018-05-26 09:43:25,25.6,3.0
order_000318,1,prod_00124,seller_0046,2017-03-18 03:35:39,8.0,3.0
order_000318,2,prod_00406,seller_0128,2017-08-08 01:58:03,39.18,5.96
order_000319,1,prod_00674,seller_0089,2017-06-14 14:59:46,19.64,3.0
order_000319,2,prod_00698,seller_0001,2018-03-11 04:07:49,32.17,3.21
order_000320,1,prod_00550,seller_0048,2017-04-09 11:25:58,27.79,3.62
order_000320,2,prod_00545,seller_0139,2018-02-16 22:18:03,87.24,13.0
order_000321,1,prod_00193,seller_0129,2018-04-02 10:28:18,25.81,3.0
order_000321,2,prod_00216,seller_0073,2018-08-28 01:10:25,56.29,7.09
order_000322,1,prod_00688,seller_0177,2018-08-04 18:14:14,52.55,3.0
order_000322,2,prod_00435,seller_0091,2018-05-04 10:03:41,13.62,3.0
order_000323,1,prod_00080,seller_0002,2017-09-10 03:29:10,37.41,6.04
order_000324,1,prod_00048,seller_0173,2017-02-25 22:19:36,20.23,3.0
order_000325,1,prod_00601,seller_0004,2018-05-07 23:08:41,15.1,3.0
order_000325,2,prod_00090,seller_0165,2017-09-07 08:17:56,15.13,3.0
order_000326,1,prod_00489,seller_0013,2018-02-28 04:36:50,56.48,5.18
order_000327,1,prod_00225,seller_0068,2017-04-13 01:36:03,184.56,29.72
order_000327,2,prod_00121,seller_0009,2017-06-12 12:27:03,19.62,3.0
order_000328,1,prod_00079,seller_0127,2017-09-22 18:02:27,38.1,3.0
order_000329,1,prod_00382,seller_0055,2017-03-20 03:55:33,40.52,4.03
order_000330,1,prod_00562,seller_0092,2017-05-14 06:46:38,23.46,3.32
order_000330,2,prod_00008,seller_0034,2017-02-23 23:43:56,82.68,6.67
order_000331,1,prod_00492,seller_0147,2017-04-15 23:08:00,138.11,11.73
order_000331,2,prod_00401,seller_0083,2017-05-31 04:26:57,22.45,3.96
order_000332,1,prod_00556,seller_0057,2017-04-02 03:03:23,102.24,18.71
order_000333,1,prod_00407,seller_0004,2018-05-29 02:07:18,23.21,4.3
order_000334,1,prod_00088,seller_0084,2017-11-08 07:09:45,17.63,3.0
order_000335,1,prod_00285,seller_0130,2017-12-10 18:58:15,30.25,5.01
order_000336,1,prod_00690,seller_0020,2018-06-15 13:23:09,58.26,9.29
order_000337,1,prod_00577,seller_0091,2017-02-05 18:50:21,30.95,3.0
order_000337,2,prod_00245,seller_0166,2018-03-28 23:54:10,53.49,3.67
order_000337,3,prod_00651,seller_0156,2018-03-14 16:24:49,38.37,3.0
order_000338,1,prod_00005,seller_0162,2017-11-13 03:31:29,79.79,13.54
order_000338,2,prod_00373,seller_0161,2018-03-22 06:20:49,46.76,6.23
order_000338,3,prod_00541,seller_0049,2018-08-20 23:48:26,89.56,3.0
order_000339,1,prod_00471,seller_0028,2017-04-18 01:43:42,18.96,3.0
order_000340,1,prod_00125,seller_0104,2017-12-17 06:15:19,29.01,4.97
order_000340,2,prod_00102,seller_0128,2018-05-16 06:47:45,33.08,4.38
order_000341,1,prod_00520,seller_0068,2017-08-13 14:53:32,19.01,3.34
order_000342,1,prod_00698,seller_0041,2017-07-12 04:44:30,17.21,3.0
order_000343,1,prod_00534,seller_0028,2017-01-30 19:46:53,42.45,8.15
order_000343,2,prod_00600,seller_0091,2017-02-20 03:08:29,51.03,3.33
order_000344,1,prod_00637,seller_0008,2017-02-21 23:32:33,35.63,3.0
order_000344,2,prod_00664,seller_0123,2017-01-06 17:27:18,65.91,12.35
order_000345,1,prod_00552,seller_0148,2017-06-29 17:11:48,16.16,3.0
order_000345,2,prod_00544,seller_0149,2017-11-05 09:11:20,25.68,3.37
order_000346,1,prod_00552,seller_0052,2017-08-13 08:40:43,15.38,3.0
order_000347,1,prod_00226,seller_0017,2018-03-26 15:41:49,36.26,5.65
order_000348,1,prod_00378,seller_0092,2018-07-06 19:15:32,45.47,3.77
order_000349,1,prod_00155,seller_0133,2018-02-11 00:47:07,79.22,8.32
order_000349,2,prod_00371,seller_0162,2017-03-03 12:10:08,15.41,3.0
order_000350,1,prod_00357,seller_0021,2018-01-05 02:32:47,42.19,7.87
order_000351,1,prod_00047,seller_0003,2017-06-07 03:50:30,84.22,15.5
order_000352,1,prod_00057,seller_0025,2018-02-20 07:41:09,17.27,3.0
order_000353,1,prod_00665,seller_0098,2018-01-07 06:38:30,14.83,3.0
order_000354,1,prod_00386,seller_0029,2018-04-05 21:15:28,12.7,3.0
order_000355,1,prod_00022,seller_0171,2018-08-22 03:50:39,49.7,3.0
order_000355,2,prod_00258,seller_0062,2017-04-08 20:08:02,20.66,3.0
order_000356,1,prod_00623,seller_0145,2017-12-01 21:45:37,45.18,7.39
order_000357,1,prod_00509,seller_0058,2018-05-11 05:05:19,28.77,3.39
order_000358,1,prod_00576,seller_0039,2017-12-23 22:10:31,106.76,8.23
order_000358,2,prod_00437,seller_0015,2018-06-23 14:31:51,55.26,3.0
order_000358,3,prod_00490,seller_0036,2017-03-22 09:18:15,19.64,3.87
order_000359,1,prod_00172,seller_0135,2018-06-18 00:33:38,27.21,3.0
order_000360,1,prod_00589,seller_0137,2018-09-01 11:24:00,55.26,5.08
order_000361,1,prod_00513,seller_0120,2018-06-03 06:58:32,16.53,3.0
order_000361,2,prod_00167,seller_0014,2017-06-13 23:06:55,71.41,9.71
order_000362,1,prod_00217,seller_0057,2018-03-23 15:42:26,28.14,3.0
order_000363,1,prod_00536,seller_0107,2017-07-16 14:39:20,56.02,7.59
order_000363,2,prod_00174,seller_0168,2018-09-03 01:46:40,29.15,3.0
order_000363,3,prod_00468,seller_0042,2018-06-03 20:15:01,23.56,3.0
order_000364,1,prod_00292,seller_0033,2018-01-28 19:38:29,21.18,3.0
order_000365,1,prod_00200,seller_0151,2018-08-04 19:00:02,102.11,18.69
order_000365,2,prod_00110,seller_0084,2017-01-19 20:44:27,27.34,4.31
order_000366,1,prod_00505,seller_0068,2017-10-26 01:37:43,245.28,14.13
order_000367,1,prod_00227,seller_0069,2018-02-20 14:55:54,36.55,3.0
order_000368,1,prod_00389,seller_0074,2017-04-10 06:12:54,19.05,3.0
order_000369,1,prod_00181,seller_0087,2017-08-18 08:40:34,11.82,3.0
order_000370,1,prod_00103,seller_0142,2018-02-05 22:48:28,73.8,3.0
order_000371,1,prod_00015,seller_0124,2017-02-02 12:31:41,29.2,3.0
order_000372,1,prod_00657,seller_0015,2017-08-05 01:41:31,56.53,3.0
order_000373,1,prod_00210,seller_0023,2018-01-29 22:38:20,149.83,18.42
order_000374,1,prod_00403,seller_0108,2017-02-23 23:58:41,51.15,3.0
order_000375,1,prod_00326,seller_0150,2017-06-21 09:52:14,41.23,3.0
order_000376,1,prod_00258,seller_0173,2017-06-20 12:30:51,73.49,3.0
order_000377,1,prod_00580,seller_0161,2018-05-25 16:50:09,55.85,6.71
order_000377,2,prod_00637,seller_0117,2017-12-04 07:40:14,14.57,3.0
order_000378,1,prod_00126,seller_0042,2017-09-20 15:25:07,78.75,3.47
order_000378,2,prod_00021,seller_0014,2017-10-19 16:54:32,32.14,3.0
order_000378,3,prod_00229,seller_0132,2017-05-05 12:37:56,90.19,3.0
order_000379,1,prod_00072,seller_0163,2017-07-26 19:37:08,46.04,7.84
order_000380,1,prod_00020,seller_0072,2018-05-03 04:17:49,71.84,6.6
order_000380,2,prod_00563,seller_0023,2018-02-09 16:42:14,28.62,4.1
order_000380,3,prod_00052,seller_0131,2018-04-12 19:25:34,12.35,3.0
order_000381,1,prod_00049,seller_0066,2018-04-30 23:09:13,47.77,5.94
order_000381,2,prod_00249,seller_0114,2018-05-29 22:40:21,62.49,8.13
order_000382,1,prod_00397,seller_0032,2017-09-24 22:44:45,23.06,3.0
order_000382,2,prod_00349,seller_0064,2017-12-09 22:02:18,29.02,3.0
order_000383,1,prod_00522,seller_0129,2017-02-05 11:46:18,8.0,3.0
order_000384,1,prod_00523,seller_0154,2017-06-22 09:12:01,29.94,3.0
order_000385,1,prod_00011,seller_0047,2017-05-19 19:25:20,14.69,3.0
order_000385,2,prod_00534,seller_0143,2018-04-21 12:40:47,46.35,5.03
order_000386,1,prod_00029,seller_0046,2018-08-07 03:26:30,41.17,3.0
order_000387,1,prod_00639,seller_0132,2017-03-11 18:21:23,33.44,6.17
order_000387,2,prod_00214,seller_0074,2018-05-27 14:55:58,78.24,3.0
order_000388,1,prod_00635,seller_0126,2018-06-21 20:57:19,38.73,3.0
order_000388,2,prod_00699,seller_0051,2017-06-21 16:48:49,37.55,5.47
order_000389,1,prod_00071,seller_0014,2018-05-26 05:04:44,40.82,6.94
order_000390,1,prod_00266,seller_0141,2017-04-29 17:30:37,22.67,3.0
order_000391,1,prod_00078,seller_0001,2017-06-26 21:12:15,63.08,8.2
order_000392,1,prod_00677,seller_0094,2017-12-17 02:35:10,18.25,3.0
order_000392,2,prod_00347,seller_0010,2017-02-26 13:42:43,43.59,8.38
order_000393,1,prod_00586,seller_0100,2018-02-01 13:03:56,73.12,10.2
order_000393,2,prod_00412,seller_0019,2018-04-06 22:52:50,16.99,3.0
order_000394,1,prod_00593,seller_0029,2018-03-21 15:24:34,13.84,3.0
order_000395,1,prod_00418,seller_0177,2017-09-12 21:57:54,16.8,3.0
order_000396,1,prod_00033,seller_0164,2017-01-30 17:11:50,107.89,10.63
order_000396,2,prod_00340,seller_0080,2017-07-06 06:46:52,22.29,3.0
order_000396,3,prod_00458,seller_0062,2017-07-10 11:55:36,15.18,3.0
order_000397,1,prod_00686,seller_0125,2017-12-05 15:57:02,42.02,8.38
order_000398,1,prod_00582,seller_0067,2018-07-25 12:58:24,8.0,3.0
order_000399,1,prod_00356,seller_0027,2017-09-28 11:05:06,17.81,3.0
order_000400,1,prod_00564,seller_0043,2017-05-18 06:41:57,83.03,11.98
order_000401,1,prod_00654,seller_0111,2018-01-18 09:22:38,17.8,3.0
order_000402,1,prod_00613,seller_0172,2017-07-21 22:03:33,27.95,3.89
order_000403,1,prod_00691,seller_0117,2017-12-25 06:45:20,40.09,7.2
order_000404,1,prod_00251,seller_0109,2018-05-29 18:04:36,40.11,4.99
order_000405,1,prod_00310,seller_0141,2017-12-14 17:02:09,23.43,3.0
order_000406,1,prod_00010,seller_0010,2017-12-02 00:08:20,47.24,6.62
order_000406,2,prod_00093,seller_0112,2017-06-25 21:12:15,84.78,14.17
order_000406,3,prod_00571,seller_0034,2018-04-14 09:56:26,16.61,3.0
order_000407,1,prod_00228,seller_0075,2018-01-09 20:40:43,24.17,3.0
order_000408,1,prod_00307,seller_0086,2017-01-22 03:20:06,30.93,4.35
order_000409,1,prod_00250,seller_0131,2018-07-04 09:37:11,52.19,3.0
order_000410,1,prod_00648,seller_0033,2017-09-24 04:55:01,33.84,5.76
order_000411,1,prod_00621,seller_0171,2018-02-04 00:27:51,30.49,3.0
order_000412,1,prod_00517,seller_0108,2018-08-28 02:17:14,12.1,3.0
order_000413,1,prod_00673,seller_0062,2017-05-01 22:34:27,15.86,3.0
order_000414,1,prod_00382,seller_0055,2017-11-15 08:42:16,37.53,3.0
order_000415,1,prod_00118,seller_0018,2017-10-09 13:23:40,23.71,3.0
order_000416,1,prod_00444,seller_0062,2018-08-07 20:32:09,26.51,3.0
order_000416,2,prod_00014,seller_0021,2017-05-20 08:47:06,31.81,5.39
order_000416,3,prod_00293,seller_0141,2017-04-30 11:32:13,151.73,11.37
order_000417,1,prod_00581,seller_0142,2017-11-07 10:20:35,23.97,3.3
order_000418,1,prod_00126,seller_0094,2017-05-09 19:51:54,81.57,16.3
order_000419,1,prod_00391,seller_0173,2017-02-25 16:46:38,77.79,10.26
order_000420,1,prod_00544,seller_0020,2017-06-26 13:47:56,55.84,3.01
order_000420,2,prod_00525,seller_0158,2017-04-24 18:37:01,19.09,3.0
order_000421,1,prod_00414,seller_0066,2018-01-25 12:24:02,36.2,4.38
order_000422,1,prod_00232,seller_0136,2018-05-19 02:10:49,25.69,3.0
order_000423,1,prod_00169,seller_0161,2017-08-11 07:08:27,122.65,14.45
order_000424,1,prod_00110,seller_0022,2017-04-18 18:45:43,43.25,5.29
order_000425,1,prod_00515,seller_0152,2017-06-28 18:32:12,28.83,4.47
order_000426,1,prod_00185,seller_0178,2017-07-21 13:08:43,105.66,14.36
order_000427,1,prod_00454,seller_0136,2017-01-07 20:54:07,26.33,3.91
order_000428,1,prod_00033,seller_0026,2017-12-10 04:32:51,47.4,3.18
order_000429,1,prod_00204,seller_0151,2018-07-20 07:08:24,52.28,5.33
order_000429,2,prod_00270,seller_0050,2018-01-29 17:30:13,41.5,7.07
order_000429,3,prod_00541,seller_0016,2017-12-22 15:19:23,30.9,4.88
order_000430,1,prod_00069,seller_0115,2017-09-03 06:01:23,57.08,3.48
order_000431,1,prod_00329,seller_0021,2017-11-19 14:05:40,21.99,3.0
order_000432,1,prod_00324,seller_0102,2017-11-11 18:09:37,68.3,9.63
order_000433,1,prod_00225,seller_0003,2017-02-18 11:19:55,27.58,3.0
order_000433,2,prod_00559,seller_0133,2017-06-06 10:29:56,79.01,7.88
order_000434,1,prod_00686,seller_0022,2018-07-22 17:38:47,65.37,3.0
order_000434,2,prod_00033,seller_0120,2017-05-10 09:35:28,47.33,4.49
order_000435,1,prod_00652,seller_0148,2017-06-25 22:39:54,31.23,3.0
order_000436,1,prod_00627,seller_0017,2017-05-19 19:16:45,67.81,3.0
order_000437,1,prod_00589,seller_0006,2018-04-12 07:38:37,48.0,4.7
order_000438,1,prod_00086,seller_0158,2017-02-21 13:02:42,8.0,3.0
order_000439,1,prod_00271,seller_0083,2018-03-15 10:10:01,19.46,3.53
order_000440,1,prod_00459,seller_0091,2018-07-22 02:13:26,36.95,3.0
order_000441,1,prod_00142,seller_0044,2018-01-30 07:22:01,39.72,3.05
order_000441,2,prod_00168,seller_0085,2017-11-01 12:33:47,52.44,3.0
order_000442,1,prod_00394,seller_0149,2018-04-02 04:15:28,90.63,16.73
order_000443,1,prod_00591,seller_0151,2017-09-04 23:37:17,48.49,3.0
order_000444,1,prod_00113,seller_0144,2017-02-08 10:15:48,8.54,3.0
order_000445,1,prod_00007,seller_0052,2017-07-06 07:25:16,37.66,5.24
order_000446,1,prod_00697,seller_0137,2017-11-11 12:00:13,72.99,11.95
order_000447,1,prod_00294,seller_0080,2018-02-16 15:54:07,35.61,3.0
order_000448,1,prod_00053,seller_0068,2017-07-27 19:08:51,37.8,5.04
order_000449,1,prod_00673,seller_0058,2018-03-20 02:35:16,24.02,3.0
order_000450,1,prod_00191,seller_0166,2017-10-28 01:50:10,61.37,8.71
order_000451,1,prod_00079,seller_0031,2017-03-10 21:55:35,26.32,3.48
order_000451,2,prod_00467,seller_0161,2017-03-29 09:11:16,48.68,8.28
order_000451,3,prod_00532,seller_0164,2017-03-02 23:32:47,43.75,6.11
order_000452,1,prod_00088,seller_0117,2017-09-04 04:10:03,34.3,6.69
order_000452,2,prod_00508,seller_0004,2017-06-05 20:31:02,45.36,5.14
order_000453,1,prod_00264,seller_0110,2018-08-13 15:14:12,37.75,4.67
order_000454,1,prod_00223,seller_0020,2017-09-25 06:12:34,75.96,3.26
order_000455,1,prod_00466,seller_0060,2018-07-12 01:58:09,51.41,3.0
order_000456,1,prod_00042,seller_0013,2017-09-07 02:52:45,65.09,3.87
order_000457,1,prod_00117,seller_0132,2017-08-04 01:41:31,20.16,3.0
order_000458,1,prod_00583,seller_0087,2018-04-14 04:20:42,19.35,3.0
order_000458,2,prod_00689,seller_0168,2018-06-25 19:41:45,34.49,3.0
order_000459,1,prod_00633,seller_0123,2017-04-17 22:44:31,53.9,4.17
order_000459,2,prod_00548,seller_0056,2017-03-22 16:15:39,46.78,6.93
order_000460,1,prod_00089,seller_0139,2017-03-10 16:49:02,20.32,3.0
order_000460,2,prod_00216,seller_0051,2017-09-03 07:49:36,55.0,10.32
order_000461,1,prod_00593,seller_0048,2017-07-14 08:09:04,22.02,3.0
order_000461,2,prod_00499,seller_0047,2018-05-01 15:41:18,51.32,3.0
order_000462,1,prod_00583,seller_0127,2017-06-12 01:49:55,39.9,6.92
order_000463,1,prod_00287,seller_0176,2017-10-09 22:17:07,28.61,4.96
order_000463,2,prod_00403,seller_0153,2017-01-06 22:00:58,23.37,3.0
order_000463,3,prod_00515,seller_0097,2018-01-09 10:03:17,36.11,3.0
order_000464,1,prod_00548,seller_0001,2018-03-25 08:55:46,34.95,6.28
order_000465,1,prod_00508,seller_0174,2017-08-08 06:53:32,16.77,3.16
order_000465,2,prod_00027,seller_0069,2018-06-19 09:24:58,48.98,9.77
order_000465,3,prod_00141,seller_0111,2017-05-20 12:12:39,70.23,6.78
order_000466,1,prod_00347,seller_0076,2018-09-02 12:42:21,57.94,3.0
order_000467,1,prod_00489,seller_0052,2017-01-20 12:09:30,40.64,3.83
order_000468,1,prod_00676,seller_0054,2017-12-03 16:33:43,24.72,3.2
order_000469,1,prod_00210,seller_0105,2018-04-05 01:21:28,36.01,3.0
order_000470,1,prod_00542,seller_0077,2018-02-20 22:56:00,30.4,3.0
order_000471,1,prod_00464,seller_0027,2017-10-04 17:16:37,35.9,6.83
order_000472,1,prod_00187,seller_0068,2017-03-20 03:47:05,60.87,3.0
order_000472,2,prod_00121,seller_0080,2018-01-22 12:00:54,30.87,3.0
order_000473,1,prod_00436,seller_0112,2017-03-27 10:00:07,10.03,3.0
order_000474,1,prod_00229,seller_0079,2018-02-07 17:10:10,55.68,10.74
order_000475,1,prod_00148,seller_0035,2018-05-14 03:42:04,42.87,8.14
order_000476,1,prod_00153,seller_0103,2017-07-06 20:59:55,36.5,3.0
order_000477,1,prod_00155,seller_0150,2017-09-09 11:36:24,15.44,3.0
order_000478,1,prod_00063,seller_0069,2017-08-07 02:03:31,19.28,3.74
order_000479,1,prod_00132,seller_0114,2017-07-03 05:01:08,20.8,3.0
order_000479,2,prod_00683,seller_0081,2018-01-14 01:09:44,22.66,3.0
order_000480,1,prod_00132,seller_0053,2018-08-01 21:53:56,24.08,3.56
order_000481,1,prod_00286,seller_0157,2018-02-04 06:04:54,15.36,3.0
order_000481,2,prod_00349,seller_0173,2017-05-09 23:13:24,134.1,15.28
order_000482,1,prod_00491,seller_0032,2017-12-02 19:35:51,87.91,9.94
order_000483,1,prod_00216,seller_0112,2018-03-04 17:20:42,39.65,3.0
order_000483,2,prod_00578,seller_0166,2017-08-21 04:06:46,32.4,5.32
order_000484,1,prod_00544,seller_0096,2017-07-11 13:36:56,108.55,9.66
order_000484,2,prod_00355,seller_0096,2018-04-17 19:08:30,95.15,5.84
order_000485,1,prod_00625,seller_0172,2018-04-26 13:21:33,20.47,3.0
order_000486,1,prod_00243,seller_0113,2017-05-08 23:42:07,38.9,5.42
order_000487,1,prod_00341,seller_0152,2018-08-06 09:22:51,29.41,3.65
order_000487,2,prod_00418,seller_0018,2017-09-30 10:41:28,27.8,4.71
order_000488,1,prod_00133,seller_0106,2017-07-24 19:46:31,29.74,5.16
order_000489,1,prod_00057,seller_0026,2017-01-31 11:40:11,31.32,4.24
order_000490,1,prod_00698,seller_0036,2017-12-16 08:32:29,37.98,4.7
order_000491,1,prod_00033,seller_0131,2017-12-29 01:59:06,38.12,4.82
order_000492,1,prod_00032,seller_0156,2017-02-08 19:52:41,84.34,8.17
order_000493,1,prod_00071,seller_0162,2017-08-31 19:41:52,19.6,3.0
order_000494,1,prod_00384,seller_0137,2017-01-31 00:19:16,62.08,7.42
order_000495,1,prod_00187,seller_0093,2018-07-03 12:54:19,16.47,3.0
order_000496,1,prod_00153,seller_0078,2018-06-21 12:43:41,38.63,6.06
order_000496,2,prod_00602,seller_0030,2017-03-28 12:14:44,65.25,4.13
order_000497,1,prod_00656,seller_0141,2017-12-29 07:52:42,47.94,9.41
order_000498,1,prod_00613,seller_0143,2017-08-11 14:53:32,26.96,5.23
order_000498,2,prod_00227,seller_0022,2017-12-13 01:25:03,39.85,3.09
order_000499,1,prod_00059,seller_0165,2017-07-23 00:58:16,96.93,19.37
order_000500,1,prod_00670,seller_0059,2017-04-14 00:38:50,22.54,3.0
order_000501,1,prod_00382,seller_0120,2017-05-31 06:04:06,47.86,3.28
order_000502,1,prod_00680,seller_0022,2017-03-07 08:34:36,62.01,9.46
order_000502,2,prod_00117,seller_0032,2017-04-07 08:12:00,25.73,3.0
order_000503,1,prod_00660,seller_0108,2017-01-29 23:41:44,102.31,15.03
order_000504,1,prod_00216,seller_0074,2018-03-30 20:09:44,127.43,21.91
order_000505,1,prod_00554,seller_0004,2017-05-02 21:29:48,67.43,6.04
order_000505,2,prod_00077,seller_0169,2017-04-02 04:12:40,67.53,5.87
order_000505,3,prod_00518,seller_0159,2017-01-04 22:00:58,10.77,3.0
order_000506,1,prod_00331,seller_0034,2018-05-21 09:20:30,14.03,3.0
order_000507,1,prod_00666,seller_0116,2017-06-11 05:10:08,31.35,4.0
order_000508,1,prod_00103,seller_0030,2017-12-21 19:33:04,21.59,3.44
order_000508,2,prod_00156,seller_0129,2018-08-08 23:20:11,49.74,8.99
order_000509,1,prod_00445,seller_0126,2018-07-18 22:13:09,8.0,3.0
order_000510,1,prod_00566,seller_0134,2017-10-14 21:02:47,49.53,5.49
order_000511,1,prod_00621,seller_0097,2017-02-19 19:13:04,29.54,3.0
order_000511,2,prod_00079,seller_0004,2017-06-20 16:48:49,23.29,3.06
order_000511,3,prod_00004,seller_0036,2017-10-26 23:07:51,114.35,6.25
order_000512,1,prod_00253,seller_0178,2017-12-17 08:26:06,27.11,3.0
order_000512,2,prod_00068,seller_0110,2017-01-11 07:27:31,11.58,3.0
order_000513,1,prod_00281,seller_0061,2017-12-20 15:31:48,44.57,6.11
order_000514,1,prod_00333,seller_0168,2017-05-12 14:35:46,42.45,3.0
order_000515,1,prod_00696,seller_0077,2018-08-31 11:33:14,29.58,3.05
order_000515,2,prod_00023,seller_0153,2017-10-30 14:46:35,152.68,24.35
order_000516,1,prod_00224,seller_0144,2018-07-20 06:45:29,37.96,6.2
order_000517,1,prod_00236,seller_0001,2018-09-02 11:10:25,64.05,7.84
order_000518,1,prod_00388,seller_0167,2018-02-19 09:26:21,40.85,7.28
order_000518,2,prod_00224,seller_0157,2018-03-21 15:24:34,75.63,11.97
order_000519,1,prod_00443,seller_0178,2017-04-16 12:13:48,26.71,4.42
order_000519,2,prod_00594,seller_0112,2017-12-23 20:44:01,16.59,3.0
order_000520,1,prod_00474,seller_0125,2017-09-18 00:54:59,54.47,8.38
order_000521,1,prod_00462,seller_0048,2018-08-26 01:27:24,40.23,7.06
order_000521,2,prod_00084,seller_0027,2017-12-23 16:13:45,55.53,3.0
order_000522,1,prod_00620,seller_0016,2018-06-22 13:16:47,22.18,3.0
order_000523,1,prod_00391,seller_0031,2018-06-14 01:20:00,45.25,7.71
order_000523,2,prod_00115,seller_0174,2018-07-03 20:42:53,11.75,3.0
order_000524,1,prod_00444,seller_0049,2017-10-01 11:49:05,24.24,3.0
order_000525,1,prod_00340,seller_0005,2017-12-09 08:51:00,20.95,3.0
order_000526,1,prod_00632,seller_0123,2017-04-07 04:52:35,45.71,5.75
order_000527,1,prod_00453,seller_0033,2017-07-16 10:11:06,24.17,3.7
order_000528,1,prod_00670,seller_0091,2017-06-26 12:29:16,13.57,3.0
order_000529,1,prod_00682,seller_0120,2018-05-24 23:09:55,22.89,3.0
order_000529,2,prod_00164,seller_0103,2018-02-06 22:28:23,48.86,8.51
order_000530,1,prod_00204,seller_0136,2017-03-28 00:01:53,36.06,3.0
order_000531,1,prod_00147,seller_0003,2017-06-07 11:52:27,20.4,3.59
order_000531,2,prod_00161,seller_0047,2017-01-10 23:54:53,57.14,6.52
order_000532,1,prod_00478,seller_0073,2017-12-21 14:49:22,91.61,3.38
order_000533,1,prod_00664,seller_0132,2017-03-12 02:48:04,59.78,6.67
order_000534,1,prod_00342,seller_0097,2017-09-28 09:50:49,8.0,3.0
order_000535,1,prod_00565,seller_0137,2018-03-14 08:10:28,38.63,6.94
order_000536,1,prod_00520,seller_0133,2017-01-16 18:13:39,30.2,3.89
order_000537,1,prod_00182,seller_0144,2017-10-04 07:13:52,8.82,3.0
order_000538,1,prod_00593,seller_0109,2018-09-03 03:55:09,14.31,3.0
order_000539,1,prod_00335,seller_0135,2017-11-14 16:34:55,55.67,4.0
order_000539,2,prod_00007,seller_0122,2017-08-11 00:12:58,37.36,3.94
order_000540,1,prod_00500,seller_0005,2017-12-29 20:51:52,34.9,4.95
order_000540,2,prod_00615,seller_0050,2018-06-20 14:36:51,21.7,3.0
order_000541,1,prod_00171,seller_0160,2018-05-28 08:55:17,66.92,3.03
order_000541,2,prod_00185,seller_0016,2017-07-19 14:22:20,14.89,3.0
order_000542,1,prod_00512,seller_0101,2018-01-11 00:08:20,18.59,3.0
order_000542,2,prod_00678,seller_0137,2017-10-04 03:03:49,26.94,4.4
order_000543,1,prod_00182,seller_0077,2017-09-22 21:43:38,12.28,3.0
order_000544,1,prod_00301,seller_0032,2018-06-26 16:14:20,18.67,3.0
order_000544,2,prod_00475,seller_0004,2017-06-20 14:54:50,66.02,7.76
order_000545,1,prod_00596,seller_0118,2018-05-08 06:22:43,19.13,3.64
order_000545,2,prod_00023,seller_0106,2017-07-21 12:37:25,55.01,3.0
order_000546,1,prod_00139,seller_0124,2018-03-13 01:13:09,50.03,3.35
order_000547,1,prod_00625,seller_0029,2017-04-08 13:27:47,29.68,3.0
order_000548,1,prod_00367,seller_0084,2017-02-18 19:13:04,13.17,3.0
order_000548,2,prod_00530,seller_0098,2017-03-22 10:47:26,34.51,3.0
order_000549,1,prod_00044,seller_0150,2018-03-18 07:03:49,8.4,3.0
order_000549,2,prod_00063,seller_0034,2018-01-28 17:30:13,23.48,3.0
order_000550,1,prod_00514,seller_0125,2017-08-03 03:52:25,38.79,6.32
order_000550,2,prod_00263,seller_0123,2018-04-22 17:38:01,58.28,4.74
order_000551,1,prod_00659,seller_0106,2017-11-30 15:23:31,30.0,3.32
order_000552,1,prod_00301,seller_0015,2017-05-19 07:58:49,22.31,4.38
order_000552,2,prod_00590,seller_0021,2018-01-15 01:22:50,21.17,3.0
order_000553,1,prod_00380,seller_0108,2018-02-11 04:57:29,24.42,3.31
order_000554,1,prod_00476,seller_0112,2018-05-22 14:25:53,49.68,9.58
order_000555,1,prod_00457,seller_0115,2017-10-22 04:22:11,41.58,3.0
order_000556,1,prod_00083,seller_0139,2017-01-18 18:13:39,32.64,5.64
order_000557,1,prod_00556,seller_0071,2017-05-07 19:16:36,49.88,3.84
order_000558,1,prod_00688,seller_0053,2017-07-25 14:00:36,33.13,3.0
order_000559,1,prod_00270,seller_0165,2017-02-25 22:22:19,13.91,3.0
order_000559,2,prod_00240,seller_0124,2018-08-20 14:18:39,16.09,3.0
order_000560,1,prod_00418,seller_0094,2018-05-04 17:21:52,48.96,3.0
order_000561,1,prod_00442,seller_0100,2018-03-24 04:23:22,13.56,3.0
order_000562,1,prod_00268,seller_0135,2018-07-22 15:26:11,25.85,3.84
order_000562,2,prod_00191,seller_0055,2017-09-20 13:29:37,30.75,3.0
order_000563,1,prod_00679,seller_0080,2017-04-29 05:12:32,16.92,3.0
order_000563,2,prod_00579,seller_0007,2017-09-24 14:38:04,11.2,3.0
order_000564,1,prod_00400,seller_0142,2018-02-01 21:29:12,15.43,3.0
order_000564,2,prod_00264,seller_0090,2018-03-01 06:54:57,10.21,3.0
order_000565,1,prod_00246,seller_0161,2018-01-08 09:44:47,49.28,5.64
order_000566,1,prod_00273,seller_0053,2017-05-23 06:12:32,42.88,8.18
order_000567,1,prod_00415,seller_0074,2018-03-09 05:25:41,20.21,3.11
order_000567,2,prod_00003,seller_0009,2017-07-20 09:41:29,13.62,3.0
order_000568,1,prod_00459,seller_0174,2017-03-03 10:34:54,70.67,11.21
order_000569,1,prod_00402,seller_0061,2018-02-28 15:03:32,44.09,8.66
order_000570,1,prod_00101,seller_0027,2017-04-13 06:33:41,22.12,3.0
order_000571,1,prod_00175,seller_0110,2018-04-05 02:22:34,71.64,4.19
order_000572,1,prod_00194,seller_0152,2017-12-12 01:48:50,36.21,3.5
order_000573,1,prod_00645,seller_0020,2017-12-14 04:37:29,40.72,4.63
order_000574,1,prod_00654,seller_0094,2018-05-30 01:26:23,16.82,3.0
order_000575,1,prod_00548,seller_0085,2017-11-21 12:04:28,12.36,3.0
order_000576,1,prod_00477,seller_0024,2017-08-09 06:53:32,11.93,3.0
order_000577,1,prod_00666,seller_0049,2017-02-02 12:31:41,128.25,10.14
order_000578,1,prod_00514,seller_0112,2017-09-06 02:06:21,19.34,3.0
order_000579,1,prod_00272,seller_0178,2017-02-08 13:35:52,34.55,4.86
order_000580,1,prod_00250,seller_0023,2017-10-31 00:28:58,44.65,3.0
order_000581,1,prod_00463,seller_0113,2018-07-07 19:18:10,32.67,5.34
order_000582,1,prod_00286,seller_0159,2018-06-15 04:26:25,29.96,4.16
order_000582,2,prod_00316,seller_0136,2018-08-11 16:55:24,29.53,3.0
order_000582,3,prod_00680,seller_0146,2017-01-19 09:38:48,45.24,4.54
order_000583,1,prod_00636,seller_0164,2018-06-21 20:57:19,16.85,3.0
order_000584,1,prod_00424,seller_0117,2018-07-28 21:43:01,24.87,3.85
order_000585,1,prod_00226,seller_0006,2018-06-12 00:11:48,8.0,3.0
order_000586,1,prod_00309,seller_0041,2017-02-01 03:49:13,9.87,3.0
order_000587,1,prod_00229,seller_0074,2018-03-29 23:54:10,14.24,3.0
order_000587,2,prod_00293,seller_0173,2018-05-24 13:40:56,57.68,4.72
order_000588,1,prod_00256,seller_0037,2017-09-23 02:46:36,27.74,3.0
order_000589,1,prod_00311,seller_0153,2017-04-25 02:43:18,52.11,5.88
order_000590,1,prod_00348,seller_0114,2017-06-28 21:14:39,42.53,3.0
order_000591,1,prod_00449,seller_0128,2017-02-16 03:45:48,39.22,5.19
order_000592,1,prod_00621,seller_0018,2017-07-08 05:05:13,17.93,3.48
order_000593,1,prod_00370,seller_0065,2018-06-23 01:17:19,34.77,6.95
order_000594,1,prod_00145,seller_0083,2017-03-20 09:01:52,39.07,3.66
order_000594,2,prod_00129,seller_0087,2018-03-07 12:15:47,138.44,21.42
order_000595,1,prod_00455,seller_0157,2017-12-08 18:25:44,26.45,5.11
order_000596,1,prod_00698,seller_0060,2017-10-26 01:25:27,53.3,6.34
order_000597,1,prod_00214,seller_0156,2018-05-09 13:28:57,30.55,3.0
order_000598,1,prod_00061,seller_0152,2018-09-02 22:41:47,20.98,3.0
order_000599,1,prod_00057,seller_0115,2017-01-04 23:46:20,58.28,3.49
order_000600,1,prod_00191,seller_0055,2018-07-07 23:43:47,113.24,19.84
order_000601,1,prod_00667,seller_0017,2017-06-15 14:21:59,39.26,3.0
order_000601,2,prod_00546,seller_0042,2018-05-22 08:15:29,21.24,3.0
order_000601,3,prod_00550,seller_0109,2017-03-31 00:16:29,44.87,7.04
order_000602,1,prod_00232,seller_0038,2017-05-30 14:09:13,39.71,6.84
order_000603,1,prod_00666,seller_0162,2017-10-13 12:46:38,139.87,9.15
order_000604,1,prod_00285,seller_0072,2017-05-01 05:12:32,53.65,7.89
order_000605,1,prod_00280,seller_0050,2018-07-23 00:18:32,18.05,3.0
order_000606,1,prod_00656,seller_0112,2018-04-09 20:02:03,75.83,5.84
order_000607,1,prod_00529,seller_0028,2018-08-12 13:00:23,54.82,6.49
order_000607,2,prod_00202,seller_0149,2018-04-26 00:42:07,60.83,9.86
order_000608,1,prod_00455,seller_0098,2017-10-06 19:02:46,44.22,3.0
order_000609,1,prod_00245,seller_0166,2017-01-03 00:44:30,63.78,3.0
order_000610,1,prod_00433,seller_0153,2017-07-25 19:46:31,44.1,8.16
order_000610,2,prod_00096,seller_0014,2017-02-06 20:03:15,28.07,5.44
order_000611,1,prod_00028,seller_0161,2017-11-22 16:55:13,36.13,4.33
order_000612,1,prod_00674,seller_0008,2017-10-10 13:23:40,30.71,3.0
order_000613,1,prod_00050,seller_0142,2017-09-22 22:45:59,41.34,3.0
order_000614,1,prod_00280,seller_0065,2017-10-26 01:25:27,34.87,3.0
order_000615,1,prod_00136,seller_0061,2017-01-09 08:45:16,26.99,3.0
order_000616,1,prod_00010,seller_0145,2018-05-30 18:43:39,29.43,4.3
order_000616,2,prod_00524,seller_0049,2018-02-28 04:36:50,33.04,3.0
order_000617,1,prod_00198,seller_0163,2018-03-01 17:42:15,10.41,3.0
order_000617,2,prod_00558,seller_0007,2018-05-29 21:06:30,64.45,9.75
order_000618,1,prod_00384,seller_0030,2018-04-26 15:29:15,41.52,3.06
order_000619,1,prod_00453,seller_0064,2018-05-09 21:26:31,22.25,3.0
order_000619,2,prod_00468,seller_0051,2017-03-21 15:16:33,48.63,6.28
order_000620,1,prod_00134,seller_0156,2018-02-28 22:12:29,23.8,3.0
order_000621,1,prod_00319,seller_0162,2017-11-10 20:09:17,23.8,3.26
order_000621,2,prod_00544,seller_0075,2017-10-06 08:27:56,42.25,3.0
order_000622,1,prod_00163,seller_0103,2017-05-15 09:12:17,83.92,5.84
order_000623,1,prod_00079,seller_0060,2018-07-25 20:58:12,39.72,4.23
order_000624,1,prod_00290,seller_0073,2017-08-08 01:59:50,20.0,3.0
order_000625,1,prod_00625,seller_0060,2017-07-19 03:59:45,26.35,3.0
order_000626,1,prod_00225,seller_0043,2017-07-01 03:52:58,57.51,10.32
order_000626,2,prod_00269,seller_0124,2017-05-26 00:52:06,43.07,8.02
order_000627,1,prod_00088,seller_0020,2017-04-15 05:18:20,61.78,6.9
order_000628,1,prod_00508,seller_0052,2018-06-30 05:29:50,42.77,3.26
order_000628,2,prod_00236,seller_0019,2017-09-08 22:53:43,54.66,3.0
order_000628,3,prod_00118,seller_0081,2017-02-18 04:17:21,122.54,23.23
order_000629,1,prod_00071,seller_0121,2018-05-06 23:08:41,13.75,3.0
order_000630,1,prod_00219,seller_0093,2017-03-07 15:28:53,158.32,12.79
order_000631,1,prod_00142,seller_0129,2017-01-27 19:14:46,60.87,5.23
order_000632,1,prod_00346,seller_0103,2018-02-01 21:38:28,182.41,13.79
order_000633,1,prod_00298,seller_0065,2018-06-25 01:17:19,17.48,3.0
order_000634,1,prod_00347,seller_0164,2017-03-07 15:28:53,42.46,3.0
order_000635,1,prod_00256,seller_0109,2018-05-11 04:13:27,36.73,5.78
order_000635,2,prod_00068,seller_0006,2018-02-21 12:14:02,58.81,3.82
order_000636,1,prod_00544,seller_0028,2017-05-03 17:06:08,44.94,7.19
order_000637,1,prod_00383,seller_0120,2018-05-22 02:17:46,41.78,4.21
order_000638,1,prod_00129,seller_0003,2017-07-16 14:26:11,54.94,3.0
order_000639,1,prod_00052,seller_0031,2017-03-10 19:16:12,30.89,5.27
order_000640,1,prod_00657,seller_0017,2018-08-29 11:02:35,23.68,3.27
order_000640,2,prod_00646,seller_0145,2018-03-16 01:11:45,44.46,5.96
order_000641,1,prod_00132,seller_0019,2017-07-14 16:38:37,23.65,3.0
order_000642,1,prod_00295,seller_0036,2018-03-25 14:54:38,30.52,4.15
order_000643,1,prod_00407,seller_0177,2017-12-06 05:10:29,12.98,3.0
order_000644,1,prod_00307,seller_0021,2017-03-03 15:00:07,34.34,6.85
order_000645,1,prod_00585,seller_0042,2018-06-03 09:19:20,18.11,3.0
order_000646,1,prod_00403,seller_0146,2017-06-26 15:08:18,32.41,3.35
order_000647,1,prod_00185,seller_0024,2017-02-09 17:52:26,16.35,3.0
order_000647,2,prod_00547,seller_0041,2017-05-24 06:35:39,32.7,3.0
order_000648,1,prod_00612,seller_0143,2018-06-03 00:40:54,59.43,6.02
order_000649,1,prod_00048,seller_0000,2018-03-28 11:00:35,22.48,3.47
order_000650,1,prod_00595,seller_0065,2018-05-08 08:09:48,18.05,3.0
order_000651,1,prod_00492,seller_0046,2018-01-04 07:50:30,55.04,3.0
order_000652,1,prod_00642,seller_0037,2018-08-26 02:24:29,59.96,3.0
order_000652,2,prod_00637,seller_0070,2017-11-18 08:24:34,43.62,3.0
order_000653,1,prod_00034,seller_0039,2017-05-05 05:54:32,24.47,4.19
order_000653,2,prod_00307,seller_0139,2017-12-05 21:57:52,21.99,3.35
order_000654,1,prod_00050,seller_0025,2018-06-07 03:41:45,26.7,4.27
order_000655,1,prod_00009,seller_0071,2017-05-24 02:00:24,31.87,5.88
order_000656,1,prod_00642,seller_0014,2017-05-10 02:43:05,10.79,3.0
order_000656,2,prod_00173,seller_0019,2017-01-25 13:30:57,17.48,3.0
order_000657,1,prod_00042,seller_0122,2018-07-01 00:38:42,74.67,6.87
order_000657,2,prod_00658,seller_0081,2017-09-29 12:40:39,37.9,6.2
order_000658,1,prod_00285,seller_0079,2017-06-04 03:27:59,73.52,10.9
order_000658,2,prod_00082,seller_0048,2018-03-11 14:05:33,64.08,12.7
order_000659,1,prod_00178,seller_0026,2018-08-27 02:17:14,27.03,4.29
order_000660,1,prod_00009,seller_0157,2017-11-24 17:11:01,27.3,3.0
order_000661,1,prod_00473,seller_0142,2017-12-25 13:27:45,62.07,9.25
order_000662,1,prod_00655,seller_0083,2018-05-29 22:19:40,54.22,3.0
order_000663,1,prod_00273,seller_0003,2018-06-22 00:03:42,62.92,7.73
order_000663,2,prod_00604,seller_0161,2018-07-31 21:33:44,32.83,3.0
order_000664,1,prod_00240,seller_0077,2018-04-08 23:11:00,36.33,4.15
order_000665,1,prod_00322,seller_0034,2018-07-01 19:34:14,28.05,4.62
order_000666,1,prod_00149,seller_0022,2017-06-30 17:11:48,31.98,3.0
order_000667,1,prod_00003,seller_0179,2017-08-17 21:19:50,21.21,3.0
order_000668,1,prod_00114,seller_0004,2017-10-10 15:01:40,31.54,3.0
order_000668,2,prod_00408,seller_0066,2017-05-02 08:47:18,29.84,3.0
order_000669,1,prod_00069,seller_0099,2017-06-21 06:29:25,24.58,3.0
order_000670,1,prod_00571,seller_0052,2017-03-09 09:07:24,55.38,8.23
order_000671,1,prod_00642,seller_0027,2018-08-09 19:10:46,13.24,3.0
order_000671,2,prod_00200,seller_0115,2018-06-16 23:06:40,41.24,4.95
order_000672,1,prod_00189,seller_0012,2017-07-22 17:35:11,18.19,3.0
order_000673,1,prod_00120,seller_0175,2018-06-10 23:59:55,19.08,3.0
order_000674,1,prod_00286,seller_0086,2017-05-04 05:03:40,20.18,3.86
order_000675,1,prod_00633,seller_0132,2018-01-31 14:53:25,44.97,4.28
order_000676,1,prod_00273,seller_0151,2017-11-27 10:15:01,8.0,3.0
order_000677,1,prod_00537,seller_0142,2018-01-10 16:03:10,36.95,4.21
order_000678,1,prod_00225,seller_0087,2017-04-10 13:29:31,34.11,3.0
order_000679,1,prod_00313,seller_0013,2017-05-22 06:41:05,17.63,3.0
order_000680,1,prod_00345,seller_0014,2017-01-09 15:36:44,37.28,5.5
order_000680,2,prod_00633,seller_0064,2017-04-30 18:41:09,15.05,3.0
order_000681,1,prod_00349,seller_0054,2017-01-10 06:06:49,32.19,4.27
order_000682,1,prod_00425,seller_0159,2017-12-17 02:35:10,14.69,3.0
order_000683,1,prod_00597,seller_0080,2017-04-01 05:05:10,125.55,10.3
order_000684,1,prod_00660,seller_0179,2017-11-13 20:56:20,57.97,7.16
order_000685,1,prod_00626,seller_0050,2018-06-20 13:16:47,38.87,3.0
order_000686,1,prod_00072,seller_0174,2017-11-07 13:25:54,17.8,3.0
order_000687,1,prod_00078,seller_0060,2017-03-30 05:00:58,27.69,3.3
order_000688,1,prod_00305,seller_0179,2017-06-28 17:11:48,28.44,4.03
order_000689,1,prod_00245,seller_0090,2017-01-04 15:07:40,38.75,6.67
order_000690,1,prod_00475,seller_0003,2017-03-02 17:21:03,42.91,7.3
order_000690,2,prod_00302,seller_0169,2017-12-14 03:36:14,38.33,4.39
order_000691,1,prod_00285,seller_0036,2017-12-16 22:02:49,41.37,3.0
order_000692,1,prod_00063,seller_0144,2018-08-24 05:25:39,29.65,3.0
order_000692,2,prod_00244,seller_0147,2017-03-30 22:29:01,41.37,3.0
order_000693,1,prod_00399,seller_0036,2018-08-16 10:32:32,21.87,3.0
order_000694,1,prod_00486,seller_0102,2017-01-14 03:40:16,16.59,3.0
order_000695,1,prod_00118,seller_0141,2017-10-01 12:42:51,110.07,16.68
order_000696,1,prod_00423,seller_0170,2017-05-15 20:20:24,43.4,5.33
order_000697,1,prod_00401,seller_0071,2018-07-11 19:46:40,107.12,3.86
order_000697,2,prod_00197,seller_0073,2017-12-03 16:33:43,27.7,3.74
order_000698,1,prod_00622,seller_0146,2018-08-19 03:48:40,158.69,26.72
order_000699,1,prod_00310,seller_0088,2017-05-11 08:51:41,34.87,3.0
order_000700,1,prod_00184,seller_0111,2017-06-15 06:29:58,69.75,3.6
order_000701,1,prod_00494,seller_0020,2017-06-04 14:02:05,33.83,3.72
order_000702,1,prod_00132,seller_0122,2017-01-18 01:48:12,36.86,3.0
order_000702,2,prod_00438,seller_0060,2018-04-09 01:49:20,30.73,3.0
order_000703,1,prod_00477,seller_0065,2017-05-06 02:38:33,24.04,3.1
order_000704,1,prod_00317,seller_0162,2018-04-28 18:18:01,62.62,7.87
order_000705,1,prod_00142,seller_0128,2018-02-21 02:48:05,32.93,5.5
order_000706,1,prod_00182,seller_0100,2017-03-15 17:34:15,56.81,3.0
order_000707,1,prod_00155,seller_0101,2018-01-07 06:30:23,59.59,10.88
order_000708,1,prod_00080,seller_0154,2017-02-11 22:02:38,83.04,3.0
order_000709,1,prod_00698,seller_0111,2017-06-22 18:32:29,43.54,3.54
order_000710,1,prod_00588,seller_0037,2017-12-29 09:21:15,12.4,3.0
order_000710,2,prod_00365,seller_0098,2018-05-28 20:15:14,26.89,3.0
order_000711,1,prod_00574,seller_0112,2017-10-11 22:17:07,32.58,5.49
order_000712,1,prod_00460,seller_0010,2017-09-25 11:45:16,33.38,3.0
order_000712,2,prod_00429,seller_0023,2017-02-28 04:48:14,78.02,5.02
order_000713,1,prod_00502,seller_0085,2018-06-10 13:03:24,69.31,9.28
order_000713,2,prod_00399,seller_0103,2017-04-15 12:13:48,30.14,3.0
order_000714,1,prod_00392,seller_0009,2017-09-11 02:14:50,160.7,21.28
order_000715,1,prod_00095,seller_0081,2018-07-14 06:52:07,26.4,4.81
order_000715,2,prod_00427,seller_0030,2018-08-03 03:39:10,27.83,3.0
order_000716,1,prod_00312,seller_0120,2018-05-08 13:35:20,16.28,3.0
order_000717,1,prod_00172,seller_0085,2018-01-11 18:22:15,12.02,3.0
order_000718,1,prod_00338,seller_0016,2017-04-02 21:08:19,15.38,3.0
order_000718,2,prod_00583,seller_0073,2017-04-21 22:08:47,63.99,12.09
order_000718,3,prod_00322,seller_0167,2018-03-30 03:15:42,53.62,8.91
order_000719,1,prod_00333,seller_0008,2018-03-24 12:55:05,18.65,3.0
order_000720,1,prod_00169,seller_0072,2017-12-09 04:32:51,35.34,3.62
order_000720,2,prod_00564,seller_0024,2017-06-17 18:09:50,55.94,9.18
order_000721,1,prod_00086,seller_0162,2017-06-27 21:14:39,8.83,3.0
order_000721,2,prod_00586,seller_0083,2018-07-26 10:31:15,104.79,6.41
order_000722,1,prod_00651,seller_0112,2018-04-20 00:46:11,65.64,9.96
order_000722,2,prod_00124,seller_0174,2018-04-22 00:25:12,56.08,9.24
order_000723,1,prod_00389,seller_0009,2017-08-11 01:39:32,72.34,13.25
order_000724,1,prod_00410,seller_0087,2017-07-21 18:15:32,8.78,3.0
order_000725,1,prod_00603,seller_0012,2018-04-20 13:15:42,28.73,4.44
order_000726,1,prod_00228,seller_0139,2018-03-18 08:13:00,75.03,13.75
order_000727,1,prod_00470,seller_0105,2018-04-03 20:21:39,32.96,3.0
order_000727,2,prod_00069,seller_0079,2017-12-09 09:26:44,53.66,6.63
order_000728,1,prod_00574,seller_0052,2018-04-21 12:40:47,84.89,15.44
order_000729,1,prod_00530,seller_0034,2017-11-03 13:58:16,52.32,7.19
order_000730,1,prod_00151,seller_0164,2018-04-18 01:56:56,28.01,5.28
order_000730,2,prod_00087,seller_0003,2018-05-28 22:19:40,48.14,3.0
order_000730,3,prod_00074,seller_0023,2017-05-20 19:16:45,11.18,3.0
order_000731,1,prod_00580,seller_0067,2018-02-23 12:49:44,45.55,3.08
order_000732,1,prod_00429,seller_0070,2017-11-10 20:09:17,53.91,3.0
order_000732,2,prod_00259,seller_0165,2018-08-01 08:12:33,36.53,4.96
order_000733,1,prod_00384,seller_0056,2018-01-31 12:32:04,70.46,6.92
order_000734,1,prod_00390,seller_0058,2018-02-11 02:23:55,39.69,3.0
order_000735,1,prod_00067,seller_0042,2017-06-21 11:46:56,36.43,5.6
order_000736,1,prod_00307,seller_0066,2017-07-09 11:14:46,108.96,15.79
order_000737,1,prod_00427,seller_0048,2018-06-03 09:54:05,17.77,3.0
order_000737,2,prod_00425,seller_0124,2018-06-26 11:33:55,81.85,8.57
order_000738,1,prod_00127,seller_0143,2017-03-13 02:48:04,77.74,11.85
order_000739,1,prod_00649,seller_0132,2018-08-08 11:24:15,57.37,3.0
order_000740,1,prod_00075,seller_0144,2017-07-16 14:12:18,25.46,4.2
order_000740,2,prod_00603,seller_0109,2017-02-17 11:44:21,41.38,5.58
order_000741,1,prod_00689,seller_0123,2017-10-15 07:20:38,19.63,3.0
order_000742,1,prod_00525,seller_0060,2018-07-12 23:57:15,22.98,3.0
order_000743,1,prod_00389,seller_0179,2018-02-22 01:06:12,36.07,5.67
order_000744,1,prod_00134,seller_0170,2018-06-20 07:36:22,18.65,3.0
order_000744,2,prod_00230,seller_0010,2018-07-19 00:21:17,28.46,5.02
order_000745,1,prod_00384,seller_0063,2018-05-10 20:18:08,16.18,3.0
order_000745,2,prod_00068,seller_0124,2017-12-13 14:56:46,50.62,3.83
order_000746,1,prod_00495,seller_0052,2017-07-11 13:36:56,95.84,13.81
order_000747,1,prod_00641,seller_0092,2017-08-22 13:39:18,138.1,11.97
order_000748,1,prod_00519,seller_0151,2018-02-07 19:25:16,16.92,3.0
order_000748,2,prod_00659,seller_0159,2017-05-10 08:51:41,18.96,3.0
order_000748,3,prod_00332,seller_0168,2018-08-25 02:05:23,32.06,5.43
order_000749,1,prod_00179,seller_0116,2018-01-28 00:39:31,56.52,6.11
order_000749,2,prod_00011,seller_0172,2018-05-21 02:25:04,31.19,3.02
order_000750,1,prod_00304,seller_0116,2017-11-03 18:42:33,66.71,4.79
order_000751,1,prod_00080,seller_0095,2017-11-13 22:13:18,50.4,6.27
order_000752,1,prod_00451,seller_0036,2017-05-29 07:06:08,11.3,3.0
order_000753,1,prod_00561,seller_0156,2017-07-25 22:57:46,36.97,3.0
order_000754,1,prod_00077,seller_0046,2017-01-06 18:37:15,15.94,3.0
order_000754,2,prod_00361,seller_0033,2017-04-24 13:34:41,24.7,3.31
order_000755,1,prod_00375,seller_0137,2017-11-28 03:33:52,27.28,3.0
order_000756,1,prod_00217,seller_0160,2017-10-23 12:51:43,57.72,11.39
order_000757,1,prod_00153,seller_0175,2018-03-08 23:32:56,34.97,3.0
order_000757,2,prod_00499,seller_0136,2018-06-10 03:24:40,26.33,3.0
order_000758,1,prod_00157,seller_0172,2018-05-12 15:14:03,139.19,5.23
order_000759,1,prod_00022,seller_0071,2017-07-21 18:01:23,19.93,3.0
order_000759,2,prod_00422,seller_0019,2017-03-10 22:32:38,42.96,3.41
order_000760,1,prod_00047,seller_0044,2017-11-14 03:31:29,54.97,4.21
order_000761,1,prod_00217,seller_0028,2017-05-26 09:02:52,39.72,3.0
order_000761,2,prod_00061,seller_0136,2017-10-21 00:25:59,19.86,3.0
order_000761,3,prod_00385,seller_0076,2018-03-21 19:56:11,19.21,3.0
order_000762,1,prod_00152,seller_0077,2017-10-16 14:36:45,53.29,5.19
order_000763,1,prod_00183,seller_0165,2017-03-25 10:29:52,70.22,10.01
order_000764,1,prod_00279,seller_0176,2017-04-13 15:07:44,34.4,3.0
order_000765,1,prod_00341,seller_0026,2018-02-27 10:11:05,15.12,3.0
order_000766,1,prod_00503,seller_0153,2018-07-23 22:49:35,35.83,7.12
order_000767,1,prod_00652,seller_0114,2017-10-24 13:37:42,95.27,13.89
order_000767,2,prod_00422,seller_0142,2018-03-27 12:23:11,18.51,3.7
order_000768,1,prod_00339,seller_0170,2017-06-30 12:11:14,28.95,3.0
order_000769,1,prod_00408,seller_0060,2017-02-18 15:24:05,36.96,3.65
order_000769,2,prod_00350,seller_0145,2017-04-15 03:18:54,72.19,4.99
order_000770,1,prod_00003,seller_0128,2018-03-18 17:51:08,25.22,4.79
order_000771,1,prod_00344,seller_0118,2017-01-16 18:13:39,48.75,8.97
order_000772,1,prod_00520,seller_0136,2018-04-23 18:52:06,87.9,11.14
order_000773,1,prod_00599,seller_0138,2017-06-22 03:21:19,13.58,3.0
order_000774,1,prod_00064,seller_0073,2017-11-11 11:01:55,15.18,3.0
order_000775,1,prod_00477,seller_0166,2018-04-23 04:39:15,33.48,5.96
order_000776,1,prod_00077,seller_0017,2018-06-18 05:04:58,67.3,8.58
order_000777,1,prod_00021,seller_0033,2017-11-17 15:47:28,44.18,7.07
order_000778,1,prod_00032,seller_0132,2017-10-04 09:19:24,71.32,10.48
order_000779,1,prod_00082,seller_0082,2017-06-04 14:00:26,11.77,3.0
order_000780,1,prod_00058,seller_0053,2017-12-21 14:34:06,44.55,7.08
order_000781,1,prod_00404,seller_0091,2017-05-30 23:30:03,8.0,3.0
order_000782,1,prod_00644,seller_0023,2017-03-09 10:33:42,84.3,15.0
order_000782,2,prod_00532,seller_0000,2018-06-13 02:20:35,77.06,6.37
order_000783,1,prod_00511,seller_0007,2017-06-14 13:39:02,28.74,3.62
order_000784,1,prod_00081,seller_0160,2018-02-18 12:05:07,8.0,3.0
order_000784,2,prod_00656,seller_0058,2018-05-14 22:15:27,31.06,3.0
order_000785,1,prod_00351,seller_0162,2018-08-01 06:23:16,73.52,11.96
order_000786,1,prod_00021,seller_0091,2017-04-14 12:40:06,46.56,7.06
order_000786,2,prod_00449,seller_0054,2018-08-20 03:15:35,118.35,22.13
order_000786,3,prod_00493,seller_0006,2017-05-11 02:43:05,29.34,3.74
order_000787,1,prod_00280,seller_0019,2017-11-02 17:16:08,133.13,8.25
order_000788,1,prod_00500,seller_0101,2017-07-11 14:23:32,9.55,3.0
order_000789,1,prod_00485,seller_0110,2018-02-19 14:55:54,21.71,3.0
order_000790,1,prod_00406,seller_0161,2017-07-06 21:10:34,15.32,3.0
order_000790,2,prod_00239,seller_0034,2018-06-11 05:20:20,57.38,5.7
order_000790,3,prod_00699,seller_0107,2017-11-15 08:15:06,16.18,3.0
order_000791,1,prod_00436,seller_0015,2017-05-30 00:44:03,68.41,13.55
order_000792,1,prod_00323,seller_0094,2017-03-02 19:04:47,55.54,3.0
order_000792,2,prod_00535,seller_0031,2017-04-15 10:49:45,39.97,6.22
order_000793,1,prod_00169,seller_0041,2017-11-27 01:05:27,33.02,4.18
order_000794,1,prod_00669,seller_0074,2017-04-23 04:06:56,17.92,3.0
order_000795,1,prod_00515,seller_0079,2017-04-02 01:22:44,52.5,7.05
order_000795,2,prod_00447,seller_0020,2018-06-02 09:35:44,25.49,4.68
order_000796,1,prod_00186,seller_0108,2018-01-17 23:26:15,58.31,8.44
order_000797,1,prod_00246,seller_0072,2017-04-30 04:14:19,93.7,7.13
order_000798,1,prod_00664,seller_0155,2017-07-16 17:10:43,28.95,3.0
order_000798,2,prod_00504,seller_0109,2018-05-03 11:48:26,83.48,14.26
order_000799,1,prod_00077,seller_0158,2018-05-13 14:39:33,40.03,4.45
order_000800,1,prod_00563,seller_0003,2017-05-07 07:40:16,52.15,7.81
order_000801,1,prod_00083,seller_0081,2018-05-25 20:19:26,14.98,3.0
order_000802,1,prod_00290,seller_0151,2017-12-08 18:25:44,22.64,3.52
order_000802,2,prod_00291,seller_0033,2017-05-18 15:51:00,22.48,3.0
order_000803,1,prod_00253,seller_0039,2017-02-20 03:08:29,84.86,9.66
order_000804,1,prod_00346,seller_0127,2017-07-02 02:23:05,28.16,5.29
order_000805,1,prod_00106,seller_0003,2017-03-15 12:58:29,53.23,6.08
order_000806,1,prod_00462,seller_0171,2018-06-28 12:13:49,33.67,3.0
order_000806,2,prod_00473,seller_0169,2017-11-13 03:31:29,28.05,3.38
order_000806,3,prod_00596,seller_0172,2018-04-07 11:11:01,13.59,3.0
order_000807,1,prod_00311,seller_0140,2017-08-19 14:27:56,10.23,3.0
order_000808,1,prod_00371,seller_0179,2017-06-14 06:29:58,28.39,3.77
order_000809,1,prod_00093,seller_0175,2018-04-26 00:14:18,29.48,3.0
order_000809,2,prod_00243,seller_0045,2017-03-05 23:08:48,19.98,3.0
order_000810,1,prod_00393,seller_0027,2017-04-07 19:02:13,38.88,5.12
order_000810,2,prod_00291,seller_0150,2018-08-22 19:05:06,126.78,8.69
order_000811,1,prod_00692,seller_0081,2017-02-06 20:03:15,93.36,6.26
order_000812,1,prod_00194,seller_0009,2017-04-21 00:19:46,34.99,5.03
order_000813,1,prod_00035,seller_0080,2018-07-21 11:08:55,35.79,7.0
order_000814,1,prod_00607,seller_0002,2017-09-22 07:11:52,52.26,4.3
order_000815,1,prod_00360,seller_0103,2017-06-18 12:41:58,40.44,3.0
order_000816,1,prod_00049,seller_0121,2018-07-03 19:34:14,52.32,10.32
order_000817,1,prod_00655,seller_0008,2017-10-15 11:34:03,41.19,7.08
order_000818,1,prod_00145,seller_0021,2017-09-04 00:18:11,36.6,6.92
order_000819,1,prod_00671,seller_0162,2018-08-24 02:52:11,22.54,3.0
order_000820,1,prod_00241,seller_0069,2018-01-17 06:06:38,43.21,8.15
order_000821,1,prod_00239,seller_0009,2018-01-11 14:44:14,8.0,3.0
order_000822,1,prod_00148,seller_0002,2018-07-17 20:15:50,40.56,3.28
order_000823,1,prod_00120,seller_0071,2018-04-01 23:04:49,8.91,3.0
order_000824,1,prod_00560,seller_0015,2017-06-15 18:04:19,40.58,3.0
order_000824,2,prod_00294,seller_0024,2017-02-18 01:14:03,18.07,3.0
order_000825,1,prod_00389,seller_0037,2017-04-07 21:50:36,78.36,10.38
order_000826,1,prod_00222,seller_0126,2017-03-29 22:54:57,36.19,3.0
order_000826,2,prod_00296,seller_0099,2018-08-11 05:27:15,34.18,6.64
order_000827,1,prod_00337,seller_0139,2017-03-25 12:10:20,44.45,8.35
order_000827,2,prod_00217,seller_0059,2018-02-17 23:14:56,19.47,3.46
order_000827,3,prod_00417,seller_0014,2018-03-19 07:25:13,70.81,3.67
order_000828,1,prod_00325,seller_0101,2018-08-03 22:27:21,53.6,7.71
order_000829,1,prod_00537,seller_0173,2017-10-25 13:37:42,23.87,4.33
order_000829,2,prod_00544,seller_0116,2017-08-31 03:19:25,17.16,3.0
order_000830,1,prod_00443,seller_0043,2017-07-25 23:09:53,25.98,3.64
order_000831,1,prod_00072,seller_0000,2018-07-31 16:00:49,30.88,3.0
order_000831,2,prod_00624,seller_0014,2017-04-03 02:41:18,16.36,3.0
order_000832,1,prod_00486,seller_0152,2017-11-24 16:24:49,24.61,3.45
order_000833,1,prod_00514,seller_0052,2017-01-08 09:02:55,22.54,4.02
order_000834,1,prod_00454,seller_0010,2018-04-28 01:11:16,29.04,3.27
order_000835,1,prod_00363,seller_0060,2018-06-11 04:20:31,29.19,4.64
order_000835,2,prod_00394,seller_0157,2018-05-26 16:50:09,45.48,3.0
order_000835,3,prod_00083,seller_0076,2017-07-02 17:37:29,33.79,4.71
order_000836,1,prod_00643,seller_0175,2018-06-19 15:55:16,43.01,7.7
order_000837,1,prod_00562,seller_0090,2017-10-19 04:49:35,38.93,5.95
order_000837,2,prod_00636,seller_0162,2017-12-08 09:02:55,29.17,5.23
order_000838,1,prod_00499,seller_0036,2017-12-15 14:51:21,51.65,7.08
order_000838,2,prod_00185,seller_0097,2018-07-12 08:24:06,8.0,3.0
order_000838,3,prod_00235,seller_0085,2017-04-23 17:01:05,26.23,4.87
order_000839,1,prod_00606,seller_0138,2017-05-27 07:06:08,22.85,3.0
order_000839,2,prod_00162,seller_0024,2017-09-21 06:15:15,35.79,5.63
order_000840,1,prod_00430,seller_0031,2017-09-22 05:00:18,21.93,3.24
order_000841,1,prod_00460,seller_0040,2017-05-13 11:23:04,47.31,7.97
order_000842,1,prod_00128,seller_0168,2018-01-19 14:48:06,53.06,6.08
order_000843,1,prod_00058,seller_0161,2017-04-29 08:09:23,13.47,3.0
order_000844,1,prod_00023,seller_0004,2017-06-04 10:18:07,38.29,3.0
order_000845,1,prod_00551,seller_0075,2017-02-24 14:30:47,14.4,3.0
order_000846,1,prod_00203,seller_0099,2017-05-30 04:38:12,45.23,4.33
order_000846,2,prod_00158,seller_0160,2018-05-03 15:20:54,24.45,3.03
order_000847,1,prod_00636,seller_0083,2018-04-12 11:40:17,19.63,3.0
order_000848,1,prod_00415,seller_0138,2017-01-18 07:27:40,10.89,3.0
order_000849,1,prod_00017,seller_0143,2017-02-23 16:34:42,31.19,3.0
order_000850,1,prod_00212,seller_0092,2017-08-24 23:29:26,15.6,3.0
order_000851,1,prod_00332,seller_0134,2017-12-01 13:54:27,12.63,3.0
order_000851,2,prod_00334,seller_0012,2017-05-13 00:32:30,37.37,5.0
order_000852,1,prod_00548,seller_0059,2017-05-06 04:03:17,62.18,3.0
order_000852,2,prod_00560,seller_0153,2017-02-08 20:31:36,42.79,7.15
order_000853,1,prod_00022,seller_0029,2018-01-12 17:56:36,13.06,3.0
order_000854,1,prod_00200,seller_0091,2018-03-28 22:45:26,30.3,3.0
order_000855,1,prod_00420,seller_0142,2018-01-09 15:41:31,51.54,4.38
order_000855,2,prod_00023,seller_0092,2017-11-13 19:37:02,30.31,5.09
order_000856,1,prod_00399,seller_0175,2017-08-17 08:40:34,40.92,7.74
order_000857,1,prod_00054,seller_0153,2017-06-26 04:15:25,24.92,4.19
order_000858,1,prod_00401,seller_0017,2018-08-31 16:46:16,25.79,4.66
order_000859,1,prod_00052,seller_0095,2018-06-11 12:06:11,21.57,3.0
order_000860,1,prod_00517,seller_0131,2018-02-10 02:23:55,49.29,4.97
order_000860,2,prod_00321,seller_0134,2018-03-26 11:00:35,51.36,8.69
order_000860,3,prod_00665,seller_0092,2018-05-02 07:06:09,23.08,3.0
order_000861,1,prod_00058,seller_0072,2017-06-06 15:07:19,54.09,8.11
order_000862,1,prod_00608,seller_0056,2017-04-03 05:52:49,13.1,3.0
order_000863,1,prod_00288,seller_0063,2018-01-28 22:38:20,29.63,3.0
order_000863,2,prod_00341,seller_0002,2017-05-09 20:48:40,13.74,3.0
order_000863,3,prod_00488,seller_0154,2018-03-22 16:41:29,15.87,3.0
order_000864,1,prod_00435,seller_0130,2018-09-01 11:33:14,13.63,3.0
order_000865,1,prod_00615,seller_0051,2018-02-10 14:02:10,21.62,3.0
order_000866,1,prod_00582,seller_0023,2017-07-21 02:50:25,49.54,3.16
order_000867,1,prod_00155,seller_0094,2018-04-06 17:14:28,31.47,3.0
order_000867,2,prod_00192,seller_0153,2017-06-02 18:07:36,22.66,3.0
order_000867,3,prod_00613,seller_0179,2017-07-15 00:21:43,29.58,4.0
order_000868,1,prod_00567,seller_0047,2018-04-21 08:25:35,8.7,3.0
order_000868,2,prod_00684,seller_0078,2017-10-15 03:22:54,48.02,5.22
order_000868,3,prod_00641,seller_0106,2018-07-17 04:16:29,8.0,3.0
order_000869,1,prod_00437,seller_0107,2018-01-26 22:23:01,20.91,3.0
order_000870,1,prod_00673,seller_0051,2017-10-18 18:43:25,31.46,4.43
order_000870,2,prod_00516,seller_0146,2018-01-11 17:56:36,44.24,8.75
order_000871,1,prod_00621,seller_0126,2018-01-31 16:10:25,38.68,5.16
order_000871,2,prod_00338,seller_0149,2018-03-27 11:00:35,32.07,3.94
order_000872,1,prod_00675,seller_0021,2018-08-11 03:48:37,85.4,15.15
order_000873,1,prod_00052,seller_0121,2017-07-22 17:35:11,122.69,16.63
order_000874,1,prod_00635,seller_0061,2017-04-28 02:11:34,33.27,3.59
order_000874,2,prod_00671,seller_0137,2017-08-28 13:06:08,31.03,4.85
order_000875,1,prod_00552,seller_0091,2018-08-05 00:22:33,29.85,3.0
order_000876,1,prod_00661,seller_0093,2018-01-15 05:59:07,22.26,3.21
order_000877,1,prod_00294,seller_0105,2018-02-01 19:36:16,42.28,6.78
order_000878,1,prod_00225,seller_0039,2017-05-30 04:38:12,75.68,10.49
order_000879,1,prod_00093,seller_0104,2017-08-01 14:00:10,8.0,3.0
order_000880,1,prod_00137,seller_0158,2017-01-26 09:53:19,29.66,3.49
order_000881,1,prod_00606,seller_0014,2017-07-26 11:27:29,87.15,14.61
order_000882,1,prod_00045,seller_0030,2018-05-17 23:54:00,42.76,4.21
order_000882,2,prod_00140,seller_0006,2017-09-03 14:07:28,43.34,8.14
order_000882,3,prod_00348,seller_0086,2017-06-27 09:57:09,11.7,3.0
order_000883,1,prod_00251,seller_0042,2018-07-20 19:18:44,52.27,7.48
order_000884,1,prod_00647,seller_0106,2018-08-15 08:49:19,63.81,4.44
order_000885,1,prod_00020,seller_0006,2017-03-21 02:46:31,37.71,5.29
order_000886,1,prod_00028,seller_0019,2017-05-26 09:05:50,21.63,4.14
order_000887,1,prod_00190,seller_0039,2017-01-05 01:47:26,44.16,5.64
order_000887,2,prod_00428,seller_0118,2018-01-24 22:51:35,16.87,3.0
order_000888,1,prod_00249,seller_0010,2018-06-22 00:03:42,15.48,3.0
order_000889,1,prod_00584,seller_0094,2018-05-23 02:05:46,55.78,6.07
order_000890,1,prod_00067,seller_0094,2018-04-07 11:11:01,67.51,8.5
order_000891,1,prod_00265,seller_0057,2018-05-07 04:24:46,20.44,3.0
order_000891,2,prod_00454,seller_0018,2017-03-14 12:50:21,15.53,3.0
order_000892,1,prod_00428,seller_0128,2017-07-23 15:07:21,18.72,3.0
order_000892,2,prod_00362,seller_0074,2018-08-14 07:39:01,37.66,4.39
order_000893,1,prod_00310,seller_0107,2017-02-12 12:42:29,15.54,3.0
order_000894,1,prod_00065,seller_0138,2017-07-20 09:44:16,76.29,3.0
order_000894,2,prod_00045,seller_0002,2018-02-19 09:44:48,24.48,3.0
order_000895,1,prod_00038,seller_0139,2017-10-21 19:35:58,42.02,7.33
order_000895,2,prod_00353,seller_0015,2017-06-27 03:09:59,20.43,3.94
order_000896,1,prod_00619,seller_0101,2018-08-14 11:10:22,48.41,6.08
order_000896,2,prod_00062,seller_0016,2017-07-26 18:40:09,51.05,8.73
order_000897,1,prod_00045,seller_0005,2017-04-01 16:40:49,11.13,3.0
order_000897,2,prod_00479,seller_0074,2018-02-21 05:29:36,21.29,3.73
order_000897,3,prod_00350,seller_0096,2017-10-07 18:19:50,29.91,3.0
order_000898,1,prod_00217,seller_0055,2017-02-24 09:14:49,23.54,3.0
order_000898,2,prod_00012,seller_0045,2018-03-31 03:15:42,58.35,4.5
order_000899,1,prod_00561,seller_0032,2017-10-17 01:28:10,22.46,3.0
order_000900,1,prod_00461,seller_0102,2017-12-23 07:01:04,52.7,6.84
order_000901,1,prod_00410,seller_0072,2017-07-03 07:37:48,45.38,3.0
order_000901,2,prod_00163,seller_0163,2017-02-03 03:34:35,30.87,3.0
order_000902,1,prod_00654,seller_0078,2018-03-12 07:05:29,54.14,8.11
order_000902,2,prod_00043,seller_0107,2018-07-21 06:45:29,12.19,3.0
order_000903,1,prod_00516,seller_0172,2017-10-22 19:38:02,31.81,3.0
order_000904,1,prod_00509,seller_0169,2017-12-30 01:46:16,20.02,3.0
order_000905,1,prod_00507,seller_0089,2018-05-24 09:38:57,30.89,4.5
order_000906,1,prod_00421,seller_0037,2018-03-19 06:44:45,24.41,3.26
order_000907,1,prod_00213,seller_0071,2018-02-26 19:37:54,34.43,3.94
order_000908,1,prod_00319,seller_0048,2018-07-09 08:20:27,33.32,4.1
order_000909,1,prod_00309,seller_0087,2017-12-16 11:40:47,36.24,4.16
order_000909,2,prod_00606,seller_0026,2018-04-03 14:59:49,37.19,3.69
order_000910,1,prod_00521,seller_0072,2017-04-07 04:52:35,48.07,7.88
order_000911,1,prod_00333,seller_0014,2017-03-09 16:29:16,14.61,3.0
order_000912,1,prod_00505,seller_0175,2018-04-03 14:55:06,46.11,6.4
order_000913,1,prod_00678,seller_0001,2017-02-19 03:08:29,12.39,3.0
order_000913,2,prod_00484,seller_0159,2018-06-11 16:00:29,8.0,3.0
order_000914,1,prod_00249,seller_0167,2017-08-06 09:51:52,119.35,5.37
order_000915,1,prod_00005,seller_0172,2017-12-28 15:25:09,17.99,3.45
order_000916,1,prod_00614,seller_0081,2018-06-14 04:08:27,24.75,3.08
order_000916,2,prod_00012,seller_0139,2018-08-04 15:08:23,9.86,3.0
order_000917,1,prod_00356,seller_0168,2018-08-31 10:27:57,24.65,3.0
order_000917,2,prod_00047,seller_0150,2017-03-11 13:59:42,37.88,3.44
order_000918,1,prod_00615,seller_0155,2017-02-06 08:45:56,38.78,3.0
order_000919,1,prod_00022,seller_0088,2018-02-03 02:13:05,15.11,3.0
order_000920,1,prod_00478,seller_0133,2017-08-08 03:19:28,24.82,3.0
order_000920,2,prod_00540,seller_0037,2017-09-21 04:56:04,42.08,3.08
order_000920,3,prod_00512,seller_0165,2017-06-29 18:51:00,38.67,4.67
order_000921,1,prod_00382,seller_0085,2018-01-12 13:59:59,35.99,6.32
order_000922,1,prod_00413,seller_0047,2018-05-27 23:15:16,54.29,3.0
order_000923,1,prod_00353,seller_0053,2017-11-18 05:17:06,30.85,4.84
order_000923,2,prod_00529,seller_0154,2018-05-17 18:47:43,81.86,6.18
order_000923,3,prod_00059,seller_0034,2017-08-05 23:16:16,27.37,3.8
order_000924,1,prod_00623,seller_0122,2018-05-27 14:55:58,52.01,7.11
order_000924,2,prod_00542,seller_0049,2018-05-11 04:13:27,53.23,8.27
order_000925,1,prod_00678,seller_0107,2017-05-16 20:44:03,11.41,3.0
order_000926,1,prod_00064,seller_0096,2018-09-04 11:10:25,44.11,3.0
order_000926,2,prod_00146,seller_0111,2017-04-02 17:23:50,21.84,3.0
order_000927,1,prod_00155,seller_0040,2018-08-20 20:57:05,17.19,3.38
order_000928,1,prod_00288,seller_0163,2017-01-06 03:19:27,25.13,3.0
order_000928,2,prod_00573,seller_0159,2017-03-30 05:00:58,36.79,5.01
order_000929,1,prod_00550,seller_0167,2017-09-20 04:56:04,11.97,3.0
order_000930,1,prod_00484,seller_0089,2017-01-26 01:16:54,33.7,3.81
order_000931,1,prod_00277,seller_0031,2018-01-16 11:33:51,28.75,3.0
order_000931,2,prod_00064,seller_0099,2018-04-13 11:42:19,65.03,4.03
order_000932,1,prod_00486,seller_0014,2018-01-13 11:33:38,21.94,3.0
order_000932,2,prod_00051,seller_0127,2017-05-29 18:51:39,71.76,4.48
order_000933,1,prod_00142,seller_0049,2017-12-15 02:36:04,42.58,3.3
order_000934,1,prod_00284,seller_0035,2018-08-12 07:58:48,32.4,3.27
order_000934,2,prod_00543,seller_0145,2018-01-09 03:03:05,75.78,12.52
order_000935,1,prod_00422,seller_0118,2017-08-02 18:38:28,115.54,7.32
order_000935,2,prod_00072,seller_0017,2017-01-04 01:06:06,28.88,3.0
order_000936,1,prod_00172,seller_0157,2018-07-07 06:11:06,20.47,3.0
order_000937,1,prod_00594,seller_0119,2018-08-05 22:59:35,43.77,7.19
order_000938,1,prod_00409,seller_0048,2018-03-05 05:56:24,13.13,3.0
order_000939,1,prod_00460,seller_0071,2017-04-01 08:17:41,14.22,3.0
order_000939,2,prod_00251,seller_0082,2017-08-15 12:51:48,77.44,6.57
order_000939,3,prod_00570,seller_0164,2018-06-26 06:22:21,48.02,3.91
order_000940,1,prod_00412,seller_0099,2018-02-03 06:04:54,18.96,3.0
order_000941,1,prod_00056,seller_0147,2018-03-11 14:49:51,254.11,26.98
order_000942,1,prod_00507,seller_0005,2017-10-05 00:59:12,13.49,3.0
order_000943,1,prod_00201,seller_0091,2017-11-10 18:09:37,49.54,4.81
order_000944,1,prod_00590,seller_0015,2017-01-26 11:16:29,19.73,3.94
order_000945,1,prod_00446,seller_0068,2017-12-28 07:29:43,105.39,15.58
order_000946,1,prod_00137,seller_0099,2017-08-31 11:09:34,23.45,4.22
order_000947,1,prod_00020,seller_0150,2017-03-09 03:10:37,27.52,5.01
order_000947,2,prod_00059,seller_0049,2017-05-18 08:47:06,10.22,3.0
order_000948,1,prod_00172,seller_0043,2017-06-06 11:34:52,128.22,20.74
order_000949,1,prod_00082,seller_0153,2017-06-14 10:36:17,22.16,3.0
order_000950,1,prod_00460,seller_0097,2018-07-07 02:40:19,45.25,5.93
order_000951,1,prod_00115,seller_0130,2017-04-13 12:40:06,33.22,5.14
order_000951,2,prod_00312,seller_0167,2017-09-30 01:43:29,23.14,3.0
order_000952,1,prod_00227,seller_0008,2018-06-21 06:59:59,8.0,3.0
order_000953,1,prod_00460,seller_0108,2017-08-04 18:29:33,28.55,3.0
order_000954,1,prod_00020,seller_0013,2018-01-11 00:13:19,27.75,5.41
order_000954,2,prod_00281,seller_0167,2017-05-19 09:40:00,40.74,3.0
order_000955,1,prod_00582,seller_0079,2017-03-21 09:01:52,133.56,6.74
order_000956,1,prod_00172,seller_0079,2017-06-20 11:50:36,50.35,3.0
order_000957,1,prod_00594,seller_0034,2018-01-04 06:49:25,57.91,7.9
order_000958,1,prod_00120,seller_0113,2018-03-19 07:25:13,27.16,3.0
order_000958,2,prod_00499,seller_0097,2017-09-13 11:01:24,14.1,3.0
order_000959,1,prod_00197,seller_0169,2018-07-01 16:53:51,27.62,3.61
order_000960,1,prod_00249,seller_0000,2018-04-04 06:13:57,20.54,3.35
order_000960,2,prod_00365,seller_0132,2018-01-26 05:09:50,32.06,3.0
order_000961,1,prod_00494,seller_0172,2017-06-30 14:22:50,24.02,3.0
order_000961,2,prod_00368,seller_0163,2018-01-28 22:16:33,11.13,3.0
order_000961,3,prod_00402,seller_0112,2017-01-20 06:14:03,75.45,4.67
order_000962,1,prod_00202,seller_0149,2017-05-29 00:33:59,30.22,3.0
order_000962,2,prod_00463,seller_0007,2018-03-05 12:15:47,26.72,4.23
order_000963,1,prod_00049,seller_0014,2018-05-17 04:59:51,16.15,3.0
order_000964,1,prod_00061,seller_0125,2018-06-20 03:30:15,24.31,4.46
order_000964,2,prod_00111,seller_0046,2017-08-04 12:54:02,18.89,3.0
order_000965,1,prod_00612,seller_0127,2017-03-27 19:30:54,15.24,3.0
order_000966,1,prod_00429,seller_0133,2017-04-25 14:31:14,36.81,6.6
order_000967,1,prod_00244,seller_0120,2018-07-15 18:52:12,24.42,4.73
order_000968,1,prod_00437,seller_0160,2018-02-22 16:48:35,53.87,6.06
order_000969,1,prod_00188,seller_0039,2018-06-16 03:37:45,26.2,3.0
order_000969,2,prod_00512,seller_0144,2018-04-20 11:24:22,35.68,3.0
order_000970,1,prod_00273,seller_0144,2017-06-19 12:41:58,35.03,5.53
order_000970,2,prod_00433,seller_0056,2017-02-22 09:04:32,42.53,3.0
order_000971,1,prod_00173,seller_0036,2017-08-15 17:43:26,19.17,3.0
order_000971,2,prod_00024,seller_0111,2018-05-02 06:05:27,59.41,5.51
order_000972,1,prod_00695,seller_0159,2017-07-11 13:36:56,15.38,3.0
order_000972,2,prod_00457,seller_0119,2018-05-04 00:21:59,34.04,3.55
order_000973,1,prod_00452,seller_0021,2018-05-30 02:33:07,15.13,3.0
order_000974,1,prod_00422,seller_0078,2017-07-19 19:09:15,30.62,4.41
order_000974,2,prod_00627,seller_0071,2017-07-28 22:27:54,59.09,9.66
order_000975,1,prod_00013,seller_0105,2017-07-05 02:00:50,47.52,4.16
order_000976,1,prod_00665,seller_0105,2018-04-07 01:49:20,65.89,3.9
order_000977,1,prod_00321,seller_0177,2017-07-08 03:08:46,27.19,3.0
order_000978,1,prod_00406,seller_0151,2018-08-23 09:44:40,59.79,3.42
order_000978,2,prod_00656,seller_0098,2017-08-13 22:13:42,21.12,3.0
order_000979,1,prod_00560,seller_0025,2018-02-05 22:48:28,24.58,3.0
order_000979,2,prod_00245,seller_0034,2018-02-17 22:18:03,36.04,3.0
order_000980,1,prod_00633,seller_0030,2017-12-04 16:53:54,57.54,9.38
order_000980,2,prod_00058,seller_0090,2017-11-20 12:22:10,23.2,3.0
order_000980,3,prod_00105,seller_0027,2017-06-17 14:21:59,52.03,9.99
order_000981,1,prod_00159,seller_0031,2017-03-01 01:01:18,38.49,3.0
order_000981,2,prod_00188,seller_0027,2017-04-22 18:49:20,41.22,3.52
order_000982,1,prod_00471,seller_0123,2018-05-09 05:05:19,19.0,3.01
order_000983,1,prod_00281,seller_0050,2017-09-21 05:15:45,25.79,4.6
order_000984,1,prod_00595,seller_0162,2017-08-06 03:19:28,31.16,3.0
order_000985,1,prod_00435,seller_0088,2017-11-09 13:23:51,41.24,6.85
order_000986,1,prod_00423,seller_0121,2017-04-06 08:26:30,19.59,3.09
order_000987,1,prod_00537,seller_0095,2017-07-21 14:29:34,14.3,3.0
order_000988,1,prod_00287,seller_0157,2018-08-18 19:24:31,8.28,3.0
order_000989,1,prod_00241,seller_0023,2018-02-10 05:12:07,53.77,4.97
order_000989,2,prod_00075,seller_0130,2017-05-07 23:13:24,61.17,5.08
order_000990,1,prod_00589,seller_0104,2017-12-03 03:58:43,8.97,3.0
order_000991,1,prod_00163,seller_0078,2017-12-08 09:26:44,34.78,3.0
order_000992,1,prod_00458,seller_0125,2017-07-15 02:01:00,25.92,3.1
order_000993,1,prod_00553,seller_0096,2018-01-08 06:38:30,73.04,3.0
order_000994,1,prod_00260,seller_0112,2018-07-07 11:32:30,28.89,3.0
order_000994,2,prod_00114,seller_0095,2017-01-06 08:50:57,47.21,3.0
order_000995,1,prod_00476,seller_0021,2018-01-24 22:23:01,25.12,3.46
order_000996,1,prod_00227,seller_0070,2017-02-20 16:10:48,21.19,3.05
order_000996,2,prod_00596,seller_0174,2017-08-27 00:52:53,54.53,8.63
order_000997,1,prod_00311,seller_0016,2018-06-24 23:34:57,66.75,13.05
order_000998,1,prod_00235,seller_0041,2017-07-12 10:32:05,14.52,3.0
order_000999,1,prod_00508,seller_0126,2017-08-03 00:48:10,69.59,4.54
order_000999,2,prod_00270,seller_0026,2017-06-25 19:56:44,17.57,3.0
order_001000,1,prod_00557,seller_0008,2018-08-18 04:22:06,8.0,3.0
order_001000,2,prod_00484,seller_0137,2017-06-05 03:53:19,33.35,3.0
order_001001,1,prod_00619,seller_0036,2018-06-26 01:53:48,46.05,3.0
order_001002,1,prod_00300,seller_0039,2018-01-22 20:51:30,12.36,3.0
order_001003,1,prod_00060,seller_0081,2017-09-30 22:33:22,9.13,3.0
order_001004,1,prod_00124,seller_0152,2017-07-12 13:53:13,24.01,3.0
order_001005,1,prod_00003,seller_0177,2018-08-07 22:18:38,22.01,3.42
order_001006,1,prod_00597,seller_0047,2018-01-31 13:55:03,80.66,13.51
order_001007,1,prod_00170,seller_0055,2017-01-21 15:44:06,33.38,5.91
order_001007,2,prod_00141,seller_0093,2018-01-09 08:20:51,53.38,9.72
order_001008,1,prod_00424,seller_0143,2018-06-26 22:30:16,37.95,3.04
order_001009,1,prod_00172,seller_0012,2017-03-14 03:33:14,91.8,12.88
order_001009,2,prod_00685,seller_0075,2017-11-16 19:13:56,18.55,3.0
order_001010,1,prod_00607,seller_0018,2017-09-26 20:10:27,31.28,6.09
order_001011,1,prod_00315,seller_0039,2017-02-08 19:52:41,11.94,3.0
order_001012,1,prod_00449,seller_0112,2018-05-28 18:04:36,56.12,5.41
order_001012,2,prod_00270,seller_0004,2017-07-15 07:55:56,68.31,12.86
order_001013,1,prod_00302,seller_0155,2017-02-06 17:24:54,58.4,8.01
order_001014,1,prod_00336,seller_0015,2017-10-28 22:04:45,30.54,3.0
order_001015,1,prod_00267,seller_0148,2017-03-28 06:22:52,12.58,3.0
order_001016,1,prod_00305,seller_0075,2017-03-08 23:58:58,31.31,3.54
order_001017,1,prod_00128,seller_0101,2018-06-02 04:53:35,21.32,3.0
order_001018,1,prod_00456,seller_0072,2017-01-23 22:54:18,60.32,8.66
order_001019,1,prod_00047,seller_0066,2018-01-03 23:32:16,25.09,3.0
order_001020,1,prod_00636,seller_0112,2018-04-13 11:40:17,24.75,3.71
order_001021,1,prod_00636,seller_0057,2017-02-22 02:25:07,136.06,12.47
order_001022,1,prod_00145,seller_0011,2017-11-03 13:58:02,55.68,10.61
order_001023,1,prod_00031,seller_0002,2017-10-20 12:59:50,66.64,9.4
order_001024,1,prod_00335,seller_0051,2018-08-30 06:02:53,23.74,4.42
order_001025,1,prod_00043,seller_0039,2018-07-25 03:17:14,16.2,3.0
order_001026,1,prod_00282,seller_0004,2017-03-17 19:29:29,66.25,12.16
order_001027,1,prod_00526,seller_0017,2018-02-14 18:41:43,87.35,15.66
order_001027,2,prod_00216,seller_0156,2017-07-23 06:17:30,14.35,3.0
order_001027,3,prod_00625,seller_0089,2017-06-21 14:25:46,23.66,4.64
order_001028,1,prod_00010,seller_0071,2018-05-16 21:18:12,18.28,3.0
order_001028,2,prod_00496,seller_0165,2018-01-05 03:23:09,45.28,9.02
order_001029,1,prod_00352,seller_0105,2017-12-15 22:33:52,67.1,10.64
order_001029,2,prod_00169,seller_0022,2017-06-16 20:24:55,26.07,4.84
order_001030,1,prod_00301,seller_0127,2017-08-19 21:24:23,26.02,3.0
order_001030,2,prod_00189,seller_0127,2017-10-11 00:08:02,9.28,3.0
order_001031,1,prod_00434,seller_0048,2018-05-24 23:15:58,17.81,3.0
order_001032,1,prod_00672,seller_0120,2017-03-04 17:58:43,88.21,13.58
order_001033,1,prod_00350,seller_0024,2017-11-27 06:50:39,45.61,3.42
order_001033,2,prod_00490,seller_0178,2017-05-15 06:46:38,60.47,6.1
order_001033,3,prod_00427,seller_0104,2018-01-15 15:53:01,26.12,3.0
order_001034,1,prod_00579,seller_0051,2018-05-12 00:55:42,27.73,5.19
order_001034,2,prod_00393,seller_0162,2017-04-25 11:27:04,33.52,5.25
order_001034,3,prod_00312,seller_0091,2017-02-24 12:20:35,40.88,3.0
order_001035,1,prod_00083,seller_0160,2017-02-22 23:53:55,81.0,3.0
order_001036,1,prod_00543,seller_0017,2017-06-25 16:37:40,21.39,4.26
order_001037,1,prod_00628,seller_0055,2018-08-08 14:42:47,30.27,3.0
order_001038,1,prod_00686,seller_0077,2017-07-01 17:42:37,19.77,3.0
order_001039,1,prod_00510,seller_0047,2017-02-22 21:39:12,9.21,3.0
order_001040,1,prod_00249,seller_0093,2017-03-11 16:29:16,60.23,11.59
order_001041,1,prod_00492,seller_0063,2017-02-07 09:08:08,103.11,4.77
order_001042,1,prod_00224,seller_0159,2017-08-12 23:53:49,54.46,7.52
order_001042,2,prod_00629,seller_0044,2017-03-02 03:39:10,38.46,7.65
order_001043,1,prod_00030,seller_0034,2017-10-14 02:02:28,110.47,6.69
order_001043,2,prod_00628,seller_0173,2017-09-15 04:54:12,44.62,6.37
order_001044,1,prod_00515,seller_0128,2017-06-24 13:00:11,55.8,9.02
order_001044,2,prod_00622,seller_0006,2017-06-19 10:23:37,36.29,3.0
order_001045,1,prod_00168,seller_0152,2017-01-25 12:28:37,40.08,3.84
order_001046,1,prod_00355,seller_0034,2017-09-30 09:50:49,30.37,3.0
order_001047,1,prod_00177,seller_0123,2017-02-18 19:56:34,56.89,3.0
order_001048,1,prod_00497,seller_0005,2017-08-16 23:33:04,16.29,3.0
order_001049,1,prod_00442,seller_0046,2018-02-04 17:30:09,43.49,3.83
order_001049,2,prod_00484,seller_0153,2017-01-14 01:37:44,19.02,3.0
order_001049,3,prod_00517,seller_0004,2018-05-11 22:07:22,46.13,8.86
order_001050,1,prod_00031,seller_0084,2017-07-23 15:43:59,156.99,29.68
order_001051,1,prod_00285,seller_0071,2017-02-01 14:49:06,52.19,9.31
order_001052,1,prod_00176,seller_0041,2018-05-03 18:45:03,71.03,11.45
order_001053,1,prod_00661,seller_0021,2018-01-30 15:21:18,59.54,3.0
order_001054,1,prod_00370,seller_0071,2017-06-27 18:51:00,8.0,3.0
order_001055,1,prod_00113,seller_0065,2018-04-21 23:13:29,30.4,4.94
order_001056,1,prod_00274,seller_0019,2017-02-01 01:45:33,44.31,8.62
order_001057,1,prod_00369,seller_0128,2017-04-02 07:49:10,8.52,3.0
order_001058,1,prod_00227,seller_0019,2017-02-11 19:45:06,27.54,4.11
order_001058,2,prod_00432,seller_0068,2017-08-02 15:37:46,31.45,6.27
order_001059,1,prod_00538,seller_0170,2017-04-23 11:28:20,14.87,3.0
order_001060,1,prod_00432,seller_0066,2018-01-29 12:22:13,17.63,3.0
order_001060,2,prod_00405,seller_0125,2018-06-30 07:37:12,78.99,15.35
order_001061,1,prod_00459,seller_0083,2018-02-28 01:07:40,8.0,3.0
order_001062,1,prod_00201,seller_0114,2017-08-21 12:45:38,39.51,3.0
order_001063,1,prod_00443,seller_0140,2018-05-23 22:27:17,70.55,13.86
order_001064,1,prod_00035,seller_0085,2018-03-29 01:48:20,32.54,5.42
order_001065,1,prod_00554,seller_0117,2017-07-25 07:46:06,82.73,6.2
order_001066,1,prod_00266,seller_0088,2018-08-05 23:30:56,25.08,4.96
order_001067,1,prod_00569,seller_0056,2017-12-29 09:21:15,18.39,3.0
order_001067,2,prod_00177,seller_0138,2017-05-28 05:25:26,32.91,6.25
order_001067,3,prod_00684,seller_0070,2018-07-16 23:36:34,25.84,4.47
order_001068,1,prod_00364,seller_0009,2017-04-11 18:03:36,22.84,3.0
order_001069,1,prod_00657,seller_0048,2018-04-13 11:42:19,29.45,5.19
order_001070,1,prod_00204,seller_0120,2018-02-10 02:23:55,19.79,3.0
order_001070,2,prod_00363,seller_0119,2017-02-27 07:22:33,19.21,3.69
order_001071,1,prod_00499,seller_0099,2017-02-03 05:50:06,15.97,3.0
order_001072,1,prod_00494,seller_0080,2017-03-17 10:26:36,43.41,5.15
order_001073,1,prod_00176,seller_0055,2017-07-25 21:29:04,17.3,3.43
order_001074,1,prod_00281,seller_0008,2017-10-12 23:43:13,14.77,3.0
order_001075,1,prod_00161,seller_0038,2018-01-06 02:32:47,16.48,3.0
order_001076,1,prod_00455,seller_0179,2017-03-02 01:48:53,37.85,5.87
order_001076,2,prod_00290,seller_0155,2017-12-02 14:58:41,51.17,3.0
order_001076,3,prod_00005,seller_0014,2017-05-29 14:09:13,53.96,3.0
order_001077,1,prod_00204,seller_0167,2018-06-24 08:33:32,38.07,5.12
order_001078,1,prod_00257,seller_0139,2017-10-06 16:08:00,46.9,4.1
order_001079,1,prod_00392,seller_0017,2018-03-01 20:43:07,31.96,3.58
order_001079,2,prod_00640,seller_0075,2017-05-17 12:45:37,44.53,6.05
order_001079,3,prod_00688,seller_0030,2018-04-06 11:05:28,44.09,4.22
order_001080,1,prod_00472,seller_0129,2018-05-22 02:56:25,20.61,3.0
order_001081,1,prod_00633,seller_0120,2018-02-14 15:54:07,16.46,3.0
order_001082,1,prod_00012,seller_0039,2018-04-25 00:28:03,79.75,4.93
order_001082,2,prod_00602,seller_0139,2018-06-26 01:41:50,35.93,5.45
order_001082,3,prod_00365,seller_0052,2017-08-31 20:52:02,65.61,3.47
order_001083,1,prod_00260,seller_0088,2017-01-30 08:55:20,16.2,3.16
order_001084,1,prod_00256,seller_0020,2018-07-28 23:16:41,25.44,3.0
order_001084,2,prod_00244,seller_0166,2018-03-09 14:05:33,13.53,3.0
order_001085,1,prod_00566,seller_0033,2017-09-06 05:36:24,50.41,8.39
order_001086,1,prod_00321,seller_0157,2017-10-19 16:43:00,22.21,3.0
order_001087,1,prod_00080,seller_0152,2017-01-09 03:38:48,23.1,3.0
order_001087,2,prod_00630,seller_0022,2017-09-22 16:01:52,118.07,9.38
order_001087,3,prod_00422,seller_0020,2017-12-01 22:16:04,51.06,9.91
order_001088,1,prod_00273,seller_0025,2017-09-07 02:06:21,50.66,3.41
order_001089,1,prod_00498,seller_0151,2017-12-17 08:32:29,15.16,3.0
order_001089,2,prod_00245,seller_0015,2017-08-14 23:57:39,9.9,3.0
order_001090,1,prod_00416,seller_0109,2018-07-13 06:52:07,62.23,5.85
order_001090,2,prod_00005,seller_0157,2017-02-07 17:02:19,8.0,3.0
order_001091,1,prod_00192,seller_0052,2017-12-17 19:06:24,23.9,4.43
order_001092,1,prod_00239,seller_0100,2018-02-09 19:25:16,19.54,3.23
order_001092,2,prod_00555,seller_0014,2017-05-30 17:46:20,18.15,3.0
order_001093,1,prod_00528,seller_0169,2017-02-08 04:36:39,24.86,3.53
order_001093,2,prod_00555,seller_0108,2018-04-17 01:56:56,16.67,3.0
order_001094,1,prod_00335,seller_0131,2017-03-20 13:52:05,15.02,3.0
order_001094,2,prod_00252,seller_0045,2017-06-15 07:18:12,39.09,3.0
order_001095,1,prod_00369,seller_0131,2017-02-23 09:04:32,66.23,7.55
order_001096,1,prod_00186,seller_0112,2018-07-15 01:53:30,10.71,3.0
order_001097,1,prod_00370,seller_0022,2018-04-20 16:37:08,37.6,6.09
order_001098,1,prod_00464,seller_0102,2017-12-12 10:05:28,47.08,5.6
order_001099,1,prod_00678,seller_0019,2017-07-06 02:30:08,44.27,3.32
order_001099,2,prod_00257,seller_0120,2017-01-15 18:37:01,28.68,3.0
order_001100,1,prod_00079,seller_0167,2017-11-11 22:13:18,22.46,3.0
order_001100,2,prod_00241,seller_0154,2017-12-19 04:27:22,54.22,7.85
order_001100,3,prod_00578,seller_0086,2017-06-05 15:29:22,41.18,3.0
order_001101,1,prod_00315,seller_0159,2018-01-18 11:55:06,9.67,3.0
order_001102,1,prod_00291,seller_0178,2017-05-29 17:49:13,28.68,5.05
order_001102,2,prod_00320,seller_0082,2017-03-06 17:40:52,34.33,3.0
order_001103,1,prod_00176,seller_0058,2017-03-06 16:00:53,16.27,3.0
order_001103,2,prod_00580,seller_0033,2017-02-03 05:50:06,28.27,5.42
order_001103,3,prod_00469,seller_0111,2018-01-13 04:42:39,45.58,8.62
order_001104,1,prod_00666,seller_0068,2018-02-03 07:08:34,19.34,3.0
order_001105,1,prod_00068,seller_0103,2017-12-18 03:04:45,38.53,3.0
order_001106,1,prod_00499,seller_0170,2018-06-10 11:16:34,17.41,3.0
order_001107,1,prod_00056,seller_0012,2018-02-15 00:12:45,14.82,3.0
order_001108,1,prod_00061,seller_0052,2018-05-18 17:39:29,49.41,3.0
order_001108,2,prod_00591,seller_0093,2017-02-02 12:04:54,71.03,7.53
order_001108,3,prod_00236,seller_0130,2017-02-08 21:24:42,15.34,3.0
order_001109,1,prod_00221,seller_0166,2017-09-08 20:00:46,61.53,3.54
order_001110,1,prod_00132,seller_0156,2017-03-12 23:44:13,32.84,3.0
order_001111,1,prod_00075,seller_0081,2017-02-23 12:20:35,8.0,3.0
order_001111,2,prod_00464,seller_0099,2017-11-26 09:04:40,13.03,3.0
order_001112,1,prod_00366,seller_0085,2017-12-17 05:35:22,49.17,3.52
order_001112,2,prod_00418,seller_0018,2017-10-03 20:20:41,11.52,3.0
order_001113,1,prod_00107,seller_0126,2018-01-18 16:05:55,22.15,3.52
order_001113,2,prod_00687,seller_0147,2017-10-10 21:16:08,31.41,3.09
order_001113,3,prod_00005,seller_0140,2018-04-19 02:42:26,44.31,3.38
order_001114,1,prod_00313,seller_0064,2018-05-16 09:16:32,37.34,5.75
order_001114,2,prod_00365,seller_0149,2017-01-12 11:04:51,91.8,14.06
order_001115,1,prod_00073,seller_0039,2017-08-11 10:44:55,19.49,3.51
order_001116,1,prod_00405,seller_0081,2018-08-22 07:30:00,35.31,3.0
order_001116,2,prod_00418,seller_0045,2017-02-12 18:02:07,44.44,6.09
order_001116,3,prod_00371,seller_0079,2018-07-03 19:31:20,52.62,4.1
order_001117,1,prod_00256,seller_0166,2018-07-06 23:05:11,65.58,12.83
order_001118,1,prod_00650,seller_0085,2017-09-29 15:17:36,24.97,3.0
order_001119,1,prod_00124,seller_0135,2017-10-15 20:51:12,50.58,5.71
order_001120,1,prod_00520,seller_0174,2017-09-09 23:08:02,18.14,3.0
order_001121,1,prod_00259,seller_0027,2017-02-06 19:19:25,31.48,4.96
order_001122,1,prod_00271,seller_0167,2018-04-09 07:34:02,45.87,6.31
order_001122,2,prod_00166,seller_0020,2017-12-14 03:19:49,62.43,6.88
order_001123,1,prod_00472,seller_0112,2017-07-24 00:43:43,47.97,8.86
order_001124,1,prod_00138,seller_0081,2017-08-26 11:58:06,35.12,4.5
order_001125,1,prod_00260,seller_0051,2018-03-29 01:48:20,31.45,3.73
order_001125,2,prod_00338,seller_0114,2017-12-15 04:37:29,47.31,8.31
order_001125,3,prod_00006,seller_0162,2017-04-19 14:07:10,137.41,14.48
order_001126,1,prod_00567,seller_0012,2018-02-03 23:20:04,57.71,7.7
order_001126,2,prod_00231,seller_0030,2017-09-29 16:40:11,42.44,3.65
order_001127,1,prod_00619,seller_0091,2017-06-19 07:13:34,13.6,3.0
order_001127,2,prod_00453,seller_0019,2017-05-19 08:47:06,19.13,3.0
order_001128,1,prod_00182,seller_0057,2017-11-01 13:58:16,26.83,3.0
order_001128,2,prod_00463,seller_0074,2017-12-13 10:05:28,59.83,3.0
order_001129,1,prod_00313,seller_0077,2018-05-03 17:52:54,18.01,3.0
order_001130,1,prod_00340,seller_0123,2017-12-08 11:34:15,50.28,7.12
order_001131,1,prod_00590,seller_0083,2018-04-25 05:52:44,35.79,3.0
order_001131,2,prod_00448,seller_0009,2017-03-15 10:28:01,41.71,5.27
order_001132,1,prod_00692,seller_0116,2018-01-05 00:37:11,28.78,3.0
order_001132,2,prod_00649,seller_0056,2018-03-05 00:51:50,22.47,3.0
order_001133,1,prod_00594,seller_0001,2017-05-09 22:55:21,17.59,3.0
order_001134,1,prod_00326,seller_0141,2017-12-28 14:53:12,49.28,7.48
order_001135,1,prod_00345,seller_0077,2017-04-15 09:20:06,31.5,3.83
order_001136,1,prod_00617,seller_0118,2018-08-03 18:00:39,16.44,3.16
order_001137,1,prod_00609,seller_0117,2017-07-17 03:41:04,38.29,5.59
order_001138,1,prod_00259,seller_0015,2017-04-15 09:06:05,306.48,59.35
order_001139,1,prod_00494,seller_0149,2017-01-31 20:52:24,29.05,3.0
order_001140,1,prod_00419,seller_0036,2017-04-07 18:06:53,97.04,12.52
order_001141,1,prod_00079,seller_0134,2018-08-05 11:59:00,8.0,3.0
order_001142,1,prod_00086,seller_0130,2017-09-27 08:09:57,27.78,3.31
order_001143,1,prod_00058,seller_0022,2017-04-20 21:07:25,61.6,11.25
order_001144,1,prod_00179,seller_0020,2017-12-05 18:15:00,33.45,4.0
order_001145,1,prod_00655,seller_0152,2017-02-01 12:04:54,21.81,3.0
order_001146,1,prod_00222,seller_0001,2017-03-04 12:10:08,32.55,4.86
order_001147,1,prod_00647,seller_0039,2018-09-02 01:46:40,62.82,4.71
order_001147,2,prod_00308,seller_0178,2017-11-19 05:44:00,133.38,5.89
order_001148,1,prod_00320,seller_0019,2017-04-14 21:06:01,66.19,8.61
order_001149,1,prod_00179,seller_0110,2018-02-20 23:19:34,23.85,3.0
order_001149,2,prod_00463,seller_0066,2017-09-24 22:44:45,28.46,4.31
order_001150,1,prod_00412,seller_0077,2017-09-21 20:56:58,28.6,3.0
order_001151,1,prod_00213,seller_0023,2018-02-22 01:06:12,18.85,3.34
order_001152,1,prod_00549,seller_0107,2018-08-08 18:14:49,29.94,3.0
order_001152,2,prod_00490,seller_0060,2017-01-03 23:01:37,27.72,3.0
order_001153,1,prod_00497,seller_0120,2018-05-23 19:42:10,15.17,3.0
order_001154,1,prod_00312,seller_0142,2018-01-27 05:09:50,57.1,8.64
order_001155,1,prod_00453,seller_0089,2017-07-20 08:40:27,43.54,3.0
order_001156,1,prod_00243,seller_0003,2017-08-18 08:18:37,21.83,3.0
order_001157,1,prod_00699,seller_0118,2017-03-12 22:09:11,36.45,3.0
order_001157,2,prod_00308,seller_0089,2018-01-01 20:18:53,17.69,3.0
order_001158,1,prod_00191,seller_0127,2018-04-10 19:09:11,23.13,4.28
order_001159,1,prod_00318,seller_0142,2017-11-01 02:06:06,51.78,7.11
order_001159,2,prod_00658,seller_0032,2017-06-17 07:57:31,44.98,5.2
order_001160,1,prod_00659,seller_0019,2018-08-10 18:28:00,23.72,3.0
order_001161,1,prod_00248,seller_0076,2017-08-25 11:40:07,40.55,5.19
order_001162,1,prod_00619,seller_0162,2017-04-06 19:38:07,31.55,5.23
order_001162,2,prod_00213,seller_0054,2017-11-11 01:22:32,17.32,3.0
order_001163,1,prod_00136,seller_0077,2018-01-31 19:06:30,29.7,5.45
order_001164,1,prod_00155,seller_0143,2017-06-22 05:39:33,43.85,3.94
order_001165,1,prod_00194,seller_0145,2018-07-26 20:58:12,40.41,3.0
order_001166,1,prod_00204,seller_0138,2017-03-01 15:32:14,11.02,3.0
order_001167,1,prod_00209,seller_0169,2017-12-24 13:27:45,36.89,4.65
order_001167,2,prod_00268,seller_0145,2018-06-30 07:37:12,33.67,3.97
order_001167,3,prod_00008,seller_0028,2018-07-10 02:26:17,9.64,3.0
order_001168,1,prod_00264,seller_0078,2018-02-16 00:21:08,19.59,3.33
order_001169,1,prod_00371,seller_0140,2018-06-25 06:28:19,45.58,9.06
order_001170,1,prod_00280,seller_0103,2017-08-26 02:59:15,81.46,12.02
order_001171,1,prod_00337,seller_0026,2018-03-28 05:38:46,11.4,3.0
order_001172,1,prod_00157,seller_0127,2017-01-19 07:27:40,62.59,7.61
order_001173,1,prod_00087,seller_0031,2018-05-14 18:25:33,9.75,3.0
order_001174,1,prod_00630,seller_0057,2018-03-26 10:17:29,82.14,4.99
order_001175,1,prod_00693,seller_0175,2018-04-07 15:43:16,28.36,4.83
order_001176,1,prod_00285,seller_0175,2017-10-20 15:55:46,20.81,3.0
order_001176,2,prod_00532,seller_0004,2018-07-08 01:36:30,41.7,7.55
order_001177,1,prod_00098,seller_0068,2017-05-30 15:05:11,17.71,3.0
order_001178,1,prod_00128,seller_0057,2018-01-03 03:23:09,46.31,3.27
order_001178,2,prod_00363,seller_0096,2017-05-08 23:42:07,30.55,3.0
order_001179,1,prod_00493,seller_0149,2018-07-15 12:33:46,8.0,3.0
order_001180,1,prod_00490,seller_0148,2018-01-12 06:18:04,19.55,3.0
order_001181,1,prod_00238,seller_0024,2017-03-05 05:36:25,37.5,3.0
order_001181,2,prod_00613,seller_0134,2017-05-05 12:37:56,66.23,9.74
order_001181,3,prod_00442,seller_0005,2017-05-14 13:10:16,41.08,4.13
order_001182,1,prod_00221,seller_0090,2017-02-09 23:52:56,65.55,3.0
order_001183,1,prod_00329,seller_0102,2018-06-04 05:44:24,18.52,3.0
order_001184,1,prod_00208,seller_0073,2018-01-06 22:04:57,53.14,3.0
order_001185,1,prod_00097,seller_0158,2018-06-18 06:46:53,53.72,9.97
order_001186,1,prod_00004,seller_0114,2017-09-20 01:40:44,11.47,3.0
order_001187,1,prod_00322,seller_0175,2017-02-28 15:58:02,67.67,6.09
order_001188,1,prod_00004,seller_0078,2018-04-24 18:38:42,40.97,3.0
order_001189,1,prod_00673,seller_0072,2018-08-11 07:58:52,27.58,3.0
order_001190,1,prod_00614,seller_0106,2017-04-05 02:02:20,27.27,4.09
order_001191,1,prod_00523,seller_0043,2017-05-13 13:10:16,16.87,3.0
order_001192,1,prod_00525,seller_0143,2018-01-02 17:44:03,49.9,7.18
order_001192,2,prod_00438,seller_0054,2018-06-10 22:06:51,40.3,3.0
order_001193,1,prod_00512,seller_0021,2017-12-01 13:10:53,48.37,7.45
order_001193,2,prod_00590,seller_0084,2017-04-06 13:22:22,34.86,3.38
order_001194,1,prod_00358,seller_0125,2018-05-21 23:50:05,37.85,3.0
order_001195,1,prod_00580,seller_0096,2018-03-17 22:00:20,27.32,3.0
order_001196,1,prod_00166,seller_0009,2018-01-07 21:47:41,66.68,9.82
order_001196,2,prod_00621,seller_0002,2017-05-16 03:24:53,49.11,7.19
order_001197,1,prod_00494,seller_0132,2018-05-22 08:15:29,37.05,4.87
order_001198,1,prod_00076,seller_0179,2017-11-11 18:09:37,30.34,3.0
order_001198,2,prod_00127,seller_0037,2017-10-01 16:40:11,10.49,3.0
order_001199,1,prod_00090,seller_0173,2017-10-11 01:05:05,9.12,3.0
order_001199,2,prod_00169,seller_0088,2017-10-04 10:34:16,26.07,3.46
order_001200,1,prod_00559,seller_0025,2018-01-23 23:01:31,75.54,12.3
order_001201,1,prod_00578,seller_0048,2017-04-03 12:02:30,20.94,3.0
order_001201,2,prod_00696,seller_0173,2018-03-03 18:58:58,21.49,3.63
order_001202,1,prod_00090,seller_0057,2017-07-03 21:38:12,17.6,3.24
order_001203,1,prod_00393,seller_0150,2017-11-29 14:27:40,14.31,3.0
order_001204,1,prod_00575,seller_0113,2017-11-05 21:36:30,18.28,3.0
order_001204,2,prod_00674,seller_0145,2018-01-01 11:55:45,39.69,7.23
order_001204,3,prod_00068,seller_0077,2018-05-29 08:12:15,24.05,3.0
order_001205,1,prod_00463,seller_0020,2018-01-17 23:26:15,23.36,3.0
order_001205,2,prod_00055,seller_0087,2018-02-05 17:26:34,22.04,3.0
order_001206,1,prod_00059,seller_0170,2018-01-22 13:04:20,38.63,3.0
order_001207,1,prod_00584,seller_0179,2017-01-31 06:25:48,42.68,3.78
order_001207,2,prod_00648,seller_0073,2017-08-19 05:49:48,9.83,3.0
order_001208,1,prod_00129,seller_0021,2018-08-08 17:07:37,20.2,3.0
order_001209,1,prod_00587,seller_0038,2017-06-14 03:57:22,31.25,3.8
order_001209,2,prod_00638,seller_0069,2017-07-28 18:54:08,44.05,7.51
order_001210,1,prod_00375,seller_0176,2018-01-30 11:58:23,35.98,3.0
order_001210,2,prod_00119,seller_0095,2018-01-31 20:58:29,56.53,10.68
order_001210,3,prod_00520,seller_0089,2017-02-05 08:49:27,13.23,3.0
order_001211,1,prod_00383,seller_0146,2018-08-29 10:27:57,43.37,3.26
order_001211,2,prod_00246,seller_0031,2017-05-24 04:21:39,125.63,13.87
order_001212,1,prod_00605,seller_0050,2017-07-19 12:53:27,34.16,3.0
order_001213,1,prod_00431,seller_0134,2018-07-03 09:37:11,35.08,6.78
order_001214,1,prod_00185,seller_0070,2018-07-05 20:50:15,46.41,3.0
order_001214,2,prod_00289,seller_0106,2018-03-24 01:14:16,23.23,3.0
order_001215,1,prod_00216,seller_0147,2017-02-03 19:58:18,17.9,3.0
order_001216,1,prod_00368,seller_0133,2017-04-19 17:45:50,34.39,4.84
order_001216,2,prod_00189,seller_0095,2017-05-14 17:03:12,11.3,3.0
order_001216,3,prod_00445,seller_0012,2018-05-02 14:17:22,42.84,3.0
order_001217,1,prod_00313,seller_0154,2018-03-30 06:52:58,47.8,7.4
order_001218,1,prod_00037,seller_0015,2018-07-20 14:03:38,11.68,3.0
order_001219,1,prod_00003,seller_0011,2017-11-07 03:54:19,36.82,4.52
order_001220,1,prod_00067,seller_0038,2018-08-22 14:08:06,28.77,4.44
order_001221,1,prod_00112,seller_0051,2017-03-20 21:25:27,86.54,3.0
order_001222,1,prod_00057,seller_0142,2017-05-15 16:49:23,77.59,4.52
order_001223,1,prod_00463,seller_0100,2018-03-13 17:48:21,57.23,3.0
order_001223,2,prod_00416,seller_0166,2017-10-12 07:44:16,72.74,6.05
order_001224,1,prod_00014,seller_0021,2017-09-07 00:42:56,26.12,3.0
order_001225,1,prod_00289,seller_0175,2017-01-05 15:07:40,39.21,3.0
order_001226,1,prod_00205,seller_0086,2017-03-01 13:05:56,28.1,3.0
order_001227,1,prod_00350,seller_0107,2017-09-25 03:34:15,17.32,3.0
order_001228,1,prod_00409,seller_0003,2017-06-12 10:09:18,34.94,4.28
order_001229,1,prod_00350,seller_0131,2018-03-06 10:43:54,31.37,5.4
order_001229,2,prod_00279,seller_0090,2018-06-18 23:24:57,29.03,3.0
order_001230,1,prod_00028,seller_0134,2018-07-29 03:06:27,31.86,3.16
order_001231,1,prod_00554,seller_0165,2017-01-09 08:45:16,34.45,3.0
order_001232,1,prod_00557,seller_0039,2018-08-28 05:46:11,58.98,9.39
order_001233,1,prod_00601,seller_0170,2018-02-16 13:53:44,22.65,3.0
order_001234,1,prod_00490,seller_0086,2017-09-07 00:42:56,14.41,3.0
order_001235,1,prod_00229,seller_0057,2018-04-17 21:13:48,51.45,3.22
order_001236,1,prod_00481,seller_0127,2018-03-27 15:41:49,57.79,3.42
order_001237,1,prod_00631,seller_0000,2017-04-24 14:31:14,41.79,4.15
order_001237,2,prod_00023,seller_0122,2018-01-23 05:49:20,15.8,3.0
order_001238,1,prod_00355,seller_0164,2017-09-22 13:52:26,30.4,4.94
order_001239,1,prod_00456,seller_0037,2018-05-15 05:59:58,39.86,3.35
order_001240,1,prod_00689,seller_0102,2017-02-15 05:05:30,16.54,3.08
order_001241,1,prod_00350,seller_0141,2017-02-25 01:54:02,20.15,3.0
order_001241,2,prod_00615,seller_0104,2017-03-29 22:39:02,30.11,3.0
order_001242,1,prod_00532,seller_0167,2017-04-30 17:38:43,71.44,13.33
order_001242,2,prod_00552,seller_0146,2018-05-16 09:04:37,38.33,3.0
order_001242,3,prod_00067,seller_0049,2017-05-16 19:28:24,22.82,3.97
order_001243,1,prod_00352,seller_0070,2017-07-19 13:52:31,29.05,3.0
order_001244,1,prod_00522,seller_0120,2017-09-28 01:43:29,21.48,3.0
order_001245,1,prod_00087,seller_0075,2017-08-09 21:22:04,25.34,4.53
order_001246,1,prod_00673,seller_0070,2017-05-26 07:49:32,52.96,3.03
order_001247,1,prod_00478,seller_0153,2018-08-13 16:38:24,9.51,3.0
order_001248,1,prod_00595,seller_0020,2018-02-14 18:20:23,77.84,5.5
order_001249,1,prod_00442,seller_0088,2017-01-14 20:20:03,137.41,10.25
order_001250,1,prod_00625,seller_0068,2017-04-19 10:26:05,36.81,3.65
order_001250,2,prod_00630,seller_0132,2018-04-26 09:10:58,19.29,3.02
order_001251,1,prod_00053,seller_0177,2018-01-17 16:23:31,70.53,3.0
order_001252,1,prod_00656,seller_0162,2018-06-17 03:52:34,39.67,5.05
order_001253,1,prod_00370,seller_0063,2017-04-23 17:01:05,23.53,3.61
order_001254,1,prod_00342,seller_0070,2018-08-07 19:20:38,17.61,3.0
order_001255,1,prod_00172,seller_0022,2017-11-22 08:27:45,25.44,4.94
order_001256,1,prod_00283,seller_0160,2017-02-08 17:24:54,37.53,6.39
order_001256,2,prod_00381,seller_0054,2017-10-25 02:59:23,59.27,3.0
order_001257,1,prod_00372,seller_0058,2017-07-20 00:40:46,39.83,3.0
order_001257,2,prod_00494,seller_0068,2018-02-16 21:54:48,44.49,6.78
order_001258,1,prod_00475,seller_0167,2018-07-27 08:22:20,26.66,3.0
order_001259,1,prod_00522,seller_0178,2017-11-22 16:24:49,57.73,4.16
order_001260,1,prod_00404,seller_0054,2018-06-14 17:26:14,28.95,5.05
order_001261,1,prod_00694,seller_0116,2017-08-14 11:25:02,109.37,11.86
order_001262,1,prod_00614,seller_0042,2018-03-23 18:18:19,21.66,3.0
order_001262,2,prod_00670,seller_0082,2017-12-13 15:57:48,42.81,4.7
order_001263,1,prod_00506,seller_0129,2017-07-05 00:18:10,137.43,10.12
order_001263,2,prod_00173,seller_0090,2018-08-15 18:51:26,65.19,3.0
order_001264,1,prod_00675,seller_0165,2018-03-01 11:20:07,53.76,10.54
order_001264,2,prod_00640,seller_0091,2018-06-20 12:43:33,40.16,3.2
order_001265,1,prod_00207,seller_0138,2018-03-22 21:08:15,34.27,4.01
order_001266,1,prod_00618,seller_0083,2018-06-20 05:54:37,29.58,3.0
order_001266,2,prod_00365,seller_0133,2018-07-24 15:21:13,22.98,3.0
order_001266,3,prod_00506,seller_0148,2018-06-09 13:41:05,12.2,3.0
order_001267,1,prod_00239,seller_0175,2018-06-21 05:54:37,50.22,3.0
order_001267,2,prod_00180,seller_0060,2017-11-06 16:52:21,12.19,3.0
order_001267,3,prod_00281,seller_0100,2017-11-15 13:02:20,50.57,3.0
order_001268,1,prod_00131,seller_0127,2017-09-17 12:04:48,27.09,3.0
order_001269,1,prod_00098,seller_0159,2017-02-07 04:50:19,17.8,3.0
order_001270,1,prod_00304,seller_0018,2018-01-17 05:59:07,82.57,7.57
order_001270,2,prod_00663,seller_0006,2018-04-12 19:25:34,12.91,3.0
order_001271,1,prod_00027,seller_0015,2017-01-16 01:37:44,21.48,3.0
order_001272,1,prod_00229,seller_0023,2018-07-19 11:08:55,22.82,3.0
order_001273,1,prod_00198,seller_0049,2017-02-25 14:54:50,36.5,3.0
order_001274,1,prod_00145,seller_0048,2018-08-12 07:58:52,22.24,3.0
order_001275,1,prod_00051,seller_0018,2018-06-22 18:33:48,85.64,8.34
order_001275,2,prod_00123,seller_0170,2018-02-05 06:06:24,13.58,3.0
order_001276,1,prod_00367,seller_0146,2017-06-20 00:14:59,471.31,32.9
order_001276,2,prod_00298,seller_0035,2017-01-24 15:04:43,16.64,3.0
order_001277,1,prod_00431,seller_0071,2018-05-19 09:20:30,226.18,7.67
order_001277,2,prod_00599,seller_0068,2017-09-08 11:36:24,67.39,7.08
order_001277,3,prod_00077,seller_0152,2017-08-28 13:46:13,30.82,5.79
order_001278,1,prod_00231,seller_0006,2018-08-12 19:42:33,38.37,6.12
order_001279,1,prod_00611,seller_0154,2017-06-14 06:29:58,25.89,3.0
order_001279,2,prod_00165,seller_0014,2018-01-17 06:46:15,41.5,5.11
order_001280,1,prod_00067,seller_0094,2017-05-11 14:35:46,20.51,4.04
order_001281,1,prod_00167,seller_0104,2018-07-22 14:04:05,52.5,7.97
order_001282,1,prod_00277,seller_0037,2018-08-19 19:24:31,37.27,4.85
order_001282,2,prod_00179,seller_0017,2018-05-16 06:23:37,17.41,3.0
order_001283,1,prod_00350,seller_0077,2018-03-27 10:29:37,43.71,7.96
order_001283,2,prod_00142,seller_0161,2017-01-13 15:25:34,41.99,3.0
order_001284,1,prod_00407,seller_0101,2018-04-01 20:09:44,20.78,3.0
order_001285,1,prod_00605,seller_0159,2018-01-07 10:26:26,25.08,3.0
order_001286,1,prod_00223,seller_0062,2017-05-23 17:15:37,46.21,5.06
order_001287,1,prod_00379,seller_0111,2018-08-14 16:38:24,67.29,3.0
order_001288,1,prod_00499,seller_0156,2018-05-02 02:53:52,30.19,4.98
order_001289,1,prod_00046,seller_0071,2017-03-30 06:50:30,60.64,3.72
order_001290,1,prod_00238,seller_0177,2017-12-02 12:14:31,70.71,8.89
order_001290,2,prod_00444,seller_0159,2017-09-17 15:38:22,77.26,14.44
order_001291,1,prod_00176,seller_0107,2017-10-09 23:37:32,43.43,3.2
order_001292,1,prod_00288,seller_0087,2017-05-10 00:50:43,18.43,3.0
order_001293,1,prod_00317,seller_0030,2018-04-05 18:53:29,59.11,5.85
order_001294,1,prod_00655,seller_0034,2018-05-10 22:07:22,29.24,3.58
order_001295,1,prod_00079,seller_0158,2018-05-09 20:29:43,46.03,3.18
order_001296,1,prod_00443,seller_0062,2018-07-29 14:52:23,22.0,3.42
order_001297,1,prod_00676,seller_0166,2018-01-17 21:42:01,22.42,3.07
order_001298,1,prod_00633,seller_0065,2018-01-12 21:00:11,20.99,3.0
order_001299,1,prod_00385,seller_0045,2017-04-02 22:13:23,14.0,3.0
order_001300,1,prod_00271,seller_0104,2018-02-19 03:41:31,22.62,3.0
order_001300,2,prod_00100,seller_0054,2017-02-06 23:10:56,16.92,3.0
order_001301,1,prod_00183,seller_0072,2017-02-05 08:45:56,47.85,9.43
order_001302,1,prod_00557,seller_0083,2017-11-12 22:12:44,16.57,3.0
order_001303,1,prod_00018,seller_0147,2017-01-22 08:13:13,21.43,3.0
order_001304,1,prod_00504,seller_0150,2018-09-01 15:32:38,33.18,3.0
order_001305,1,prod_00650,seller_0112,2017-08-06 12:21:45,107.56,14.19
order_001306,1,prod_00301,seller_0169,2017-03-05 04:46:57,21.12,3.0
order_001306,2,prod_00566,seller_0045,2018-01-28 00:09:39,13.48,3.0
order_001307,1,prod_00688,seller_0117,2018-04-05 06:13:57,14.12,3.0
order_001308,1,prod_00533,seller_0072,2018-04-11 03:16:29,18.93,3.04
order_001309,1,prod_00350,seller_0075,2017-03-30 06:50:30,21.61,3.0
order_001310,1,prod_00395,seller_0130,2017-10-21 23:45:08,148.12,10.25
order_001310,2,prod_00148,seller_0060,2018-06-16 09:18:28,62.08,12.21
order_001311,1,prod_00092,seller_0043,2017-07-07 08:33:06,26.98,3.82
order_001312,1,prod_00553,seller_0086,2018-08-16 22:15:28,110.43,7.92
order_001313,1,prod_00363,seller_0016,2017-03-05 05:24:39,22.24,3.0
order_001314,1,prod_00650,seller_0101,2017-06-29 07:22:42,25.35,3.0
order_001314,2,prod_00520,seller_0128,2017-02-07 10:15:48,24.38,3.41
order_001315,1,prod_00183,seller_0027,2018-06-28 23:51:43,64.55,3.81
order_001316,1,prod_00673,seller_0073,2018-02-14 13:39:39,31.64,4.97
order_001316,2,prod_00004,seller_0050,2017-08-18 01:25:46,88.21,3.28
order_001316,3,prod_00066,seller_0022,2018-01-04 22:04:46,43.91,3.0
order_001317,1,prod_00426,seller_0023,2017-03-28 19:08:11,59.79,7.79
order_001317,2,prod_00423,seller_0086,2018-02-18 04:40:01,10.17,3.0
order_001318,1,prod_00512,seller_0098,2018-06-29 16:16:31,10.97,3.0
order_001319,1,prod_00452,seller_0100,2017-09-14 13:25:10,11.21,3.0
order_001320,1,prod_00182,seller_0011,2017-06-21 00:33:50,25.07,3.0
order_001320,2,prod_00103,seller_0004,2017-09-07 22:56:32,12.18,3.0
order_001321,1,prod_00674,seller_0021,2018-07-29 14:52:23,74.16,3.0
order_001322,1,prod_00236,seller_0142,2018-05-17 18:39:49,29.09,3.0
order_001323,1,prod_00117,seller_0115,2017-06-28 13:26:23,49.4,6.05
order_001324,1,prod_00048,seller_0088,2017-05-03 01:37:56,24.05,4.08
order_001325,1,prod_00560,seller_0005,2018-06-29 09:22:45,56.61,10.96
order_001326,1,prod_00591,seller_0004,2017-12-14 13:00:24,9.23,3.0
order_001326,2,prod_00613,seller_0070,2017-09-20 22:21:37,32.08,5.42
order_001327,1,prod_00596,seller_0155,2017-10-18 21:06:43,45.85,3.0
order_001328,1,prod_00119,seller_0019,2017-06-21 17:29:51,48.44,8.18
order_001329,1,prod_00010,seller_0105,2017-01-05 06:18:47,26.94,3.0
order_001330,1,prod_00350,seller_0103,2017-09-06 08:17:56,10.89,3.0
order_001331,1,prod_00355,seller_0173,2018-06-13 00:11:48,63.9,3.0
order_001332,1,prod_00019,seller_0053,2017-02-23 14:23:13,25.66,3.0
order_001333,1,prod_00613,seller_0050,2017-01-26 11:16:29,27.15,3.82
order_001333,2,prod_00449,seller_0108,2018-03-02 15:25:47,140.12,10.21
order_001333,3,prod_00477,seller_0074,2017-01-20 12:09:30,35.26,5.91
order_001334,1,prod_00382,seller_0030,2018-08-19 14:01:14,23.63,4.43
order_001334,2,prod_00695,seller_0119,2017-05-09 00:50:43,22.73,3.0
order_001335,1,prod_00544,seller_0172,2017-07-06 11:56:07,50.37,3.6
order_001335,2,prod_00404,seller_0164,2017-08-10 10:04:03,19.42,3.0
order_001336,1,prod_00350,seller_0018,2017-02-06 20:46:08,46.18,3.7
order_001337,1,prod_00584,seller_0142,2018-08-17 04:58:56,67.75,3.91
order_001338,1,prod_00247,seller_0126,2017-01-28 19:16:59,31.27,3.0
order_001339,1,prod_00602,seller_0115,2017-09-19 08:11:26,62.93,6.58
order_001339,2,prod_00095,seller_0083,2018-02-21 15:29:07,31.67,3.0
order_001340,1,prod_00025,seller_0143,2018-06-05 22:19:37,21.18,3.0
order_001340,2,prod_00035,seller_0102,2018-08-21 11:47:07,11.22,3.0
order_001341,1,prod_00256,seller_0017,2017-07-23 03:47:32,39.6,6.26
order_001341,2,prod_00370,seller_0023,2018-07-21 13:06:52,40.14,7.06
order_001341,3,prod_00627,seller_0130,2017-07-04 07:37:48,62.67,10.67
order_001342,1,prod_00643,seller_0073,2018-06-22 13:16:47,58.86,3.7
order_001343,1,prod_00021,seller_0104,2018-07-22 06:43:16,126.95,21.28
order_001343,2,prod_00536,seller_0145,2018-09-02 13:05:22,22.7,3.15
order_001344,1,prod_00140,seller_0049,2017-05-12 12:39:47,41.74,3.0
order_001345,1,prod_00275,seller_0160,2017-04-01 13:44:28,21.18,3.0
order_001346,1,prod_00600,seller_0042,2017-08-31 06:19:57,60.61,5.38
order_001346,2,prod_00688,seller_0080,2018-08-17 22:58:57,18.13,3.0
order_001347,1,prod_00555,seller_0051,2017-09-07 02:06:21,59.97,10.41
order_001347,2,prod_00128,seller_0125,2017-10-01 21:15:15,20.52,3.0
order_001347,3,prod_00026,seller_0022,2017-12-12 10:05:28,54.5,3.0
order_001348,1,prod_00698,seller_0060,2017-08-16 04:59:57,72.54,11.27
order_001348,2,prod_00164,seller_0049,2018-05-04 18:18:03,12.06,3.0
order_001349,1,prod_00161,seller_0129,2017-02-13 23:06:36,13.8,3.0
order_001349,2,prod_00365,seller_0012,2017-08-10 10:44:55,38.58,4.27
order_001350,1,prod_00117,seller_0116,2018-07-04 08:56:24,36.0,5.81
order_001351,1,prod_00466,seller_0121,2018-03-12 14:09:07,27.39,3.0
order_001351,2,prod_00600,seller_0130,2017-05-13 07:13:28,24.3,3.14
order_001352,1,prod_00242,seller_0092,2018-06-24 16:57:54,18.99,3.64
order_001353,1,prod_00328,seller_0116,2017-12-13 01:48:50,41.07,6.78
order_001354,1,prod_00629,seller_0022,2017-12-16 05:35:22,17.69,3.0
order_001355,1,prod_00624,seller_0099,2018-01-25 20:18:34,42.01,7.81
order_001356,1,prod_00065,seller_0125,2018-04-24 15:58:16,22.8,3.0
order_001357,1,prod_00523,seller_0044,2017-07-27 20:17:50,25.16,3.09
order_001357,2,prod_00013,seller_0032,2018-01-26 22:40:55,72.99,9.94
order_001358,1,prod_00109,seller_0053,2017-11-28 16:03:02,61.58,3.0
order_001358,2,prod_00439,seller_0089,2018-08-12 21:27:20,17.32,3.0
order_001358,3,prod_00085,seller_0008,2017-09-01 16:34:08,18.78,3.0
order_001359,1,prod_00128,seller_0165,2018-02-22 03:34:09,54.9,3.34
order_001359,2,prod_00312,seller_0117,2018-01-16 16:01:06,13.04,3.0
order_001360,1,prod_00290,seller_0136,2017-02-05 15:08:36,85.21,12.78
order_001361,1,prod_00393,seller_0152,2017-02-23 17:56:49,36.16,4.93
order_001362,1,prod_00644,seller_0105,2018-01-09 06:38:30,22.74,4.06
order_001363,1,prod_00296,seller_0138,2017-01-19 05:08:35,33.34,6.22
order_001363,2,prod_00214,seller_0105,2018-05-08 08:09:48,80.21,15.04
order_001364,1,prod_00148,seller_0138,2017-03-03 19:04:47,8.29,3.0
order_001365,1,prod_00613,seller_0011,2017-02-03 11:46:41,64.53,3.27
order_001366,1,prod_00152,seller_0148,2017-03-07 10:33:27,71.98,10.32
order_001366,2,prod_00002,seller_0076,2018-05-09 20:29:43,26.88,5.01
order_001367,1,prod_00356,seller_0085,2018-05-28 14:13:33,31.61,5.08
order_001368,1,prod_00512,seller_0055,2018-03-26 14:54:38,36.19,5.37
order_001368,2,prod_00010,seller_0072,2018-01-02 20:58:01,53.35,8.88
order_001369,1,prod_00445,seller_0085,2018-09-01 08:36:01,20.61,3.0
order_001369,2,prod_00307,seller_0066,2017-09-30 20:43:02,32.8,3.78
order_001370,1,prod_00543,seller_0171,2017-04-27 16:50:52,31.03,3.0
order_001370,2,prod_00023,seller_0092,2017-06-30 12:54:54,51.48,7.42
order_001371,1,prod_00627,seller_0141,2017-02-01 19:46:53,188.49,16.81
order_001371,2,prod_00611,seller_0172,2018-05-20 05:31:17,20.55,3.0
order_001371,3,prod_00480,seller_0109,2017-09-08 00:42:56,34.86,3.0
order_001372,1,prod_00434,seller_0060,2018-05-09 08:09:48,20.2,3.0
order_001372,2,prod_00492,seller_0126,2017-07-05 09:40:06,24.1,3.0
order_001373,1,prod_00112,seller_0001,2018-06-13 12:32:51,16.45,3.0
order_001374,1,prod_00627,seller_0131,2018-08-07 22:18:38,12.25,3.0
order_001375,1,prod_00537,seller_0001,2018-02-15 13:01:43,71.44,5.9
order_001376,1,prod_00528,seller_0082,2017-11-13 07:36:42,41.74,3.61
order_001377,1,prod_00344,seller_0049,2018-05-14 00:49:23,35.18,3.0
order_001378,1,prod_00098,seller_0155,2017-02-28 15:41:35,18.76,3.0
order_001379,1,prod_00357,seller_0116,2018-08-13 04:22:54,31.54,4.85
order_001380,1,prod_00381,seller_0111,2018-02-03 07:08:34,15.62,3.0
order_001380,2,prod_00179,seller_0117,2017-08-03 03:59:27,32.53,3.0
order_001381,1,prod_00646,seller_0132,2017-08-13 11:26:29,41.14,5.24
order_001382,1,prod_00275,seller_0028,2018-01-15 05:32:42,23.27,4.05
order_001383,1,prod_00667,seller_0001,2017-08-12 20:23:17,20.25,3.0
order_001383,2,prod_00614,seller_0167,2018-08-09 18:14:49,24.05,4.42
order_001384,1,prod_00052,seller_0096,2017-07-27 18:17:54,56.24,4.14
order_001385,1,prod_00103,seller_0120,2018-08-29 06:59:50,37.75,3.24
order_001386,1,prod_00274,seller_0065,2017-02-05 18:04:14,11.65,3.0
order_001387,1,prod_00436,seller_0152,2017-05-09 10:57:59,53.0,3.0
order_001387,2,prod_00079,seller_0009,2017-02-27 03:59:55,47.14,3.0
order_001388,1,prod_00151,seller_0079,2017-04-09 08:15:13,37.4,3.0
order_001389,1,prod_00599,seller_0116,2018-03-27 20:51:18,96.51,3.0
order_001390,1,prod_00311,seller_0083,2018-07-30 21:45:50,33.63,4.31
order_001391,1,prod_00389,seller_0167,2017-04-13 19:23:27,43.82,3.0
order_001391,2,prod_00373,seller_0001,2018-07-13 06:52:07,44.93,3.0
order_001392,1,prod_00678,seller_0131,2018-06-10 16:14:30,58.58,7.37
order_001393,1,prod_00085,seller_0158,2017-08-23 02:26:58,28.65,3.75
order_001394,1,prod_00364,seller_0014,2018-01-22 22:25:03,21.78,3.1
order_001395,1,prod_00054,seller_0115,2017-09-08 07:38:09,62.33,7.21
order_001396,1,prod_00032,seller_0010,2018-01-11 07:06:04,60.27,10.87
order_001397,1,prod_00338,seller_0112,2018-06-04 09:27:13,75.84,3.88
order_001398,1,prod_00632,seller_0062,2017-04-13 15:07:44,43.39,7.1
order_001399,1,prod_00286,seller_0149,2017-03-17 12:10:51,11.34,3.0
order_001400,1,prod_00501,seller_0042,2017-09-12 20:00:39,36.84,6.76
order_001400,2,prod_00644,seller_0067,2018-03-26 01:14:12,33.85,3.0
order_001401,1,prod_00004,seller_0004,2018-06-11 16:00:29,73.64,14.07
order_001402,1,prod_00488,seller_0132,2018-07-27 07:29:00,65.89,11.69
order_001403,1,prod_00628,seller_0007,2018-04-21 10:14:26,49.32,3.0
order_001404,1,prod_00627,seller_0120,2018-07-22 11:30:23,8.61,3.0
order_001405,1,prod_00515,seller_0062,2017-11-21 09:31:11,19.37,3.0
order_001405,2,prod_00649,seller_0169,2018-06-25 00:41:25,26.13,3.0
order_001405,3,prod_00421,seller_0024,2017-12-08 13:20:48,26.53,3.0
order_001406,1,prod_00013,seller_0114,2018-04-21 16:05:28,36.91,4.47
order_001407,1,prod_00687,seller_0035,2017-08-23 10:50:24,86.67,8.52
order_001407,2,prod_00615,seller_0008,2018-02-18 20:05:28,54.96,4.75
order_001408,1,prod_00133,seller_0156,2017-12-20 14:34:06,18.22,3.0
order_001409,1,prod_00670,seller_0158,2017-04-23 04:27:38,19.32,3.0
order_001410,1,prod_00456,seller_0178,2017-12-04 17:44:45,18.22,3.0
order_001410,2,prod_00316,seller_0033,2017-10-29 07:46:14,30.69,3.68
order_001411,1,prod_00573,seller_0144,2017-08-05 01:41:31,55.9,3.19
order_001411,2,prod_00445,seller_0088,2018-03-06 05:14:07,61.97,10.6
order_001412,1,prod_00552,seller_0041,2017-05-06 09:26:42,25.93,4.02
order_001412,2,prod_00242,seller_0070,2018-03-06 23:33:06,32.47,6.43
order_001413,1,prod_00272,seller_0031,2018-05-08 04:04:03,98.32,8.24
order_001414,1,prod_00069,seller_0110,2017-06-29 17:04:01,12.61,3.0
order_001415,1,prod_00622,seller_0104,2018-04-18 18:26:29,50.13,3.0
order_001416,1,prod_00183,seller_0030,2017-04-23 18:37:01,46.73,4.18
order_001417,1,prod_00096,seller_0141,2018-06-14 14:53:53,27.31,5.09
order_001418,1,prod_00056,seller_0101,2018-08-12 19:42:33,32.72,4.27
order_001419,1,prod_00270,seller_0118,2017-04-15 04:35:41,43.52,8.4
order_001420,1,prod_00340,seller_0024,2017-12-24 19:58:05,27.35,5.07
order_001420,2,prod_00584,seller_0144,2018-01-08 06:44:43,21.88,3.0
order_001421,1,prod_00457,seller_0065,2018-07-24 11:30:23,20.83,3.0
order_001421,2,prod_00564,seller_0087,2017-10-11 02:11:16,111.1,8.99
order_001421,3,prod_00003,seller_0028,2018-02-19 22:39:56,24.87,3.88
order_001422,1,prod_00020,seller_0177,2017-12-14 14:29:08,37.75,4.79
order_001423,1,prod_00160,seller_0093,2017-06-16 23:37:50,55.17,3.0
order_001424,1,prod_00269,seller_0141,2017-12-20 14:34:06,28.86,5.37
order_001425,1,prod_00051,seller_0109,2018-06-16 19:13:56,33.89,5.54
order_001426,1,prod_00607,seller_0009,2017-03-31 04:12:40,45.91,8.66
order_001427,1,prod_00676,seller_0125,2017-01-17 02:30:38,19.08,3.0
order_001427,2,prod_00339,seller_0065,2017-06-17 07:06:03,12.2,3.0
order_001428,1,prod_00562,seller_0107,2018-08-31 11:33:14,20.6,3.0
order_001429,1,prod_00133,seller_0100,2017-04-22 16:15:55,101.85,5.19
order_001430,1,prod_00021,seller_0141,2017-02-26 16:31:18,22.79,3.0
order_001431,1,prod_00629,seller_0040,2017-12-19 17:17:09,36.05,3.0
order_001432,1,prod_00569,seller_0174,2017-11-03 13:55:17,13.99,3.0
order_001432,2,prod_00530,seller_0072,2017-12-25 13:27:45,79.23,11.12
order_001433,1,prod_00579,seller_0129,2018-07-24 01:59:57,27.23,4.83
order_001433,2,prod_00497,seller_0113,2017-07-21 15:07:21,24.64,4.88
order_001434,1,prod_00563,seller_0101,2017-04-13 06:24:24,30.36,3.0
order_001435,1,prod_00677,seller_0099,2018-07-09 02:26:17,169.61,24.53
order_001436,1,prod_00614,seller_0110,2018-02-09 02:23:55,44.12,3.0
order_001436,2,prod_00623,seller_0155,2018-01-06 12:24:36,29.91,3.0
order_001437,1,prod_00327,seller_0049,2018-03-06 11:18:09,8.0,3.0
order_001438,1,prod_00572,seller_0047,2018-08-09 08:35:23,79.79,15.16
order_001439,1,prod_00167,seller_0177,2017-02-07 09:27:00,21.08,4.11
order_001440,1,prod_00219,seller_0165,2017-05-02 07:54:12,19.03,3.0
order_001441,1,prod_00609,seller_0071,2017-06-24 23:40:43,20.16,3.13
order_001442,1,prod_00254,seller_0057,2018-07-02 20:42:53,85.82,7.96
order_001443,1,prod_00584,seller_0134,2017-09-11 00:01:58,32.22,4.81
order_001443,2,prod_00346,seller_0165,2018-08-15 03:57:31,12.31,3.0
order_001444,1,prod_00192,seller_0170,2018-06-10 16:00:29,29.0,3.0
order_001445,1,prod_00288,seller_0044,2017-05-27 07:06:08,19.29,3.8
order_001445,2,prod_00406,seller_0038,2018-07-21 23:42:57,41.83,3.47
order_001446,1,prod_00044,seller_0091,2018-06-14 16:56:47,25.76,4.7
order_001446,2,prod_00389,seller_0032,2017-07-12 16:56:57,11.94,3.0
order_001447,1,prod_00073,seller_0167,2018-03-25 04:09:45,31.39,5.38
order_001447,2,prod_00341,seller_0063,2017-05-17 23:24:35,31.92,6.04
order_001448,1,prod_00226,seller_0049,2018-09-02 13:02:48,14.66,3.0
order_001449,1,prod_00426,seller_0174,2018-03-20 15:58:03,9.26,3.0
order_001450,1,prod_00587,seller_0152,2017-07-05 12:12:18,39.79,6.66
order_001450,2,prod_00058,seller_0169,2017-09-06 22:37:43,27.59,3.0
order_001451,1,prod_00059,seller_0090,2017-06-23 13:55:49,28.79,3.0
order_001451,2,prod_00318,seller_0142,2017-06-12 03:57:22,53.77,3.97
order_001452,1,prod_00527,seller_0075,2017-01-13 07:27:31,9.39,3.0
order_001453,1,prod_00195,seller_0012,2018-03-07 12:15:47,34.44,3.0
order_001453,2,prod_00547,seller_0119,2017-12-01 16:18:56,50.94,3.68
order_001454,1,prod_00001,seller_0014,2018-01-09 23:02:15,29.41,3.0
order_001454,2,prod_00206,seller_0035,2017-01-10 20:55:13,13.19,3.0
order_001454,3,prod_00363,seller_0053,2017-09-21 13:29:37,21.55,3.0
order_001455,1,prod_00438,seller_0118,2018-01-10 06:44:43,24.69,3.0
order_001456,1,prod_00255,seller_0139,2018-01-06 15:01:11,11.87,3.0
order_001457,1,prod_00617,seller_0031,2018-02-04 17:20:13,42.16,6.73
order_001458,1,prod_00301,seller_0132,2017-05-17 20:44:03,33.18,3.64
order_001459,1,prod_00445,seller_0127,2017-07-21 14:29:34,21.8,3.0
order_001460,1,prod_00077,seller_0107,2017-04-26 22:45:30,62.84,5.59
order_001461,1,prod_00650,seller_0109,2018-07-09 06:43:12,23.59,4.61
order_001461,2,prod_00353,seller_0072,2018-06-16 19:47:07,86.66,15.37
order_001462,1,prod_00329,seller_0025,2017-07-20 23:28:53,27.8,3.0
order_001463,1,prod_00189,seller_0024,2018-06-22 12:43:41,17.81,3.0
order_001464,1,prod_00425,seller_0018,2018-04-30 00:27:35,18.16,3.0
order_001465,1,prod_00000,seller_0086,2017-09-03 06:01:23,35.14,5.98
order_001466,1,prod_00316,seller_0109,2018-04-05 23:45:09,16.51,3.0
order_001467,1,prod_00546,seller_0025,2018-07-01 00:08:10,36.37,7.0
order_001468,1,prod_00544,seller_0021,2017-05-25 22:59:07,25.53,4.32
order_001469,1,prod_00439,seller_0125,2018-03-11 01:01:48,25.15,3.0
order_001470,1,prod_00262,seller_0112,2017-12-04 20:49:19,32.23,3.71
order_001471,1,prod_00369,seller_0167,2018-03-23 04:23:22,63.63,7.39
order_001471,2,prod_00118,seller_0179,2018-08-12 02:59:13,23.27,3.93
order_001472,1,prod_00435,seller_0177,2018-06-01 16:25:40,37.33,4.59
order_001473,1,prod_00151,seller_0022,2018-08-15 22:27:58,44.2,7.43
order_001473,2,prod_00226,seller_0065,2017-07-28 21:44:31,15.08,3.0
order_001474,1,prod_00513,seller_0085,2018-02-03 23:20:04,46.52,6.95
order_001475,1,prod_00086,seller_0133,2018-07-31 21:33:44,56.26,3.0
order_001476,1,prod_00231,seller_0166,2017-01-06 06:36:45,62.05,6.59
order_001477,1,prod_00249,seller_0149,2017-06-30 17:42:37,16.11,3.0
order_001478,1,prod_00662,seller_0168,2017-07-15 14:12:36,16.86,3.0
order_001479,1,prod_00552,seller_0003,2017-03-05 19:58:03,31.97,4.48
order_001479,2,prod_00260,seller_0005,2017-07-17 14:56:16,30.81,3.61
order_001480,1,prod_00425,seller_0073,2017-02-26 16:35:51,33.53,3.0
order_001481,1,prod_00167,seller_0145,2017-05-11 23:13:19,26.26,3.56
order_001482,1,prod_00553,seller_0058,2017-11-17 08:15:06,37.37,3.0
order_001483,1,prod_00241,seller_0042,2018-05-13 06:54:28,8.0,3.0
order_001484,1,prod_00631,seller_0042,2018-06-19 06:16:57,50.79,7.54
order_001485,1,prod_00623,seller_0134,2018-05-25 02:05:46,86.2,3.0
order_001486,1,prod_00174,seller_0141,2018-05-14 18:25:33,23.12,4.12
order_001487,1,prod_00286,seller_0063,2017-12-18 21:51:22,37.77,3.0
order_001487,2,prod_00640,seller_0010,2018-01-03 21:08:07,98.73,3.16
order_001488,1,prod_00067,seller_0040,2017-01-06 21:15:35,33.84,3.29
order_001489,1,prod_00463,seller_0052,2017-03-09 16:34:47,40.39,3.0
order_001490,1,prod_00361,seller_0084,2018-08-23 02:06:57,109.63,18.53
order_001490,2,prod_00392,seller_0069,2018-01-27 22:40:55,124.42,23.71
order_001491,1,prod_00400,seller_0031,2017-10-07 14:34:23,16.62,3.0
order_001492,1,prod_00352,seller_0177,2017-04-23 18:41:38,25.34,3.0
order_001492,2,prod_00239,seller_0076,2017-10-03 21:18:21,59.19,4.72
order_001493,1,prod_00328,seller_0039,2018-06-11 15:00:41,45.75,4.04
order_001493,2,prod_00684,seller_0071,2017-08-02 03:06:33,52.4,3.0
order_001494,1,prod_00051,seller_0134,2017-12-24 12:50:21,8.0,3.0
order_001495,1,prod_00112,seller_0173,2017-09-03 10:44:55,9.3,3.0
order_001496,1,prod_00038,seller_0080,2017-06-03 09:24:26,105.61,7.66
order_001497,1,prod_00437,seller_0097,2017-10-30 14:46:35,54.76,8.31
order_001497,2,prod_00231,seller_0054,2017-10-02 06:45:22,41.67,5.63
order_001498,1,prod_00031,seller_0125,2017-11-17 08:15:06,14.77,3.0
order_001499,1,prod_00142,seller_0123,2017-01-31 20:52:24,25.29,4.98
order_001500,1,prod_00182,seller_0031,2018-05-22 08:15:29,47.96,4.84
order_001501,1,prod_00060,seller_0098,2018-04-06 11:05:28,13.48,3.0
order_001501,2,prod_00536,seller_0179,2017-11-14 11:08:29,20.94,4.03
order_001502,1,prod_00017,seller_0042,2017-11-05 05:53:20,42.27,7.42
order_001502,2,prod_00617,seller_0089,2017-06-14 11:14:13,48.59,9.16
order_001502,3,prod_00684,seller_0120,2018-03-27 01:48:20,23.57,3.11
order_001503,1,prod_00641,seller_0013,2018-06-08 11:06:43,62.71,3.1
order_001504,1,prod_00148,seller_0093,2017-07-07 20:59:55,61.4,10.81
order_001505,1,prod_00159,seller_0109,2017-12-28 01:59:06,10.33,3.0
order_001506,1,prod_00689,seller_0097,2017-08-26 07:34:30,96.03,17.98
order_001507,1,prod_00436,seller_0057,2018-08-11 17:02:21,70.68,8.36
order_001508,1,prod_00381,seller_0144,2018-07-18 22:27:32,37.87,4.29
order_001509,1,prod_00605,seller_0052,2018-07-28 09:23:32,30.29,5.19
order_001509,2,prod_00134,seller_0091,2017-02-25 14:54:50,55.32,5.31
order_001510,1,prod_00284,seller_0057,2017-02-21 07:41:56,46.85,3.0
order_001510,2,prod_00101,seller_0153,2017-10-08 02:07:08,27.76,4.53
order_001510,3,prod_00559,seller_0081,2018-06-16 15:36:48,94.07,7.47
order_001511,1,prod_00140,seller_0069,2017-05-20 23:23:11,8.43,3.0
order_001511,2,prod_00092,seller_0051,2017-05-14 03:35:35,21.49,3.99
order_001512,1,prod_00254,seller_0096,2018-08-09 19:20:38,44.3,4.28
order_001513,1,prod_00395,seller_0140,2017-11-16 19:35:21,32.01,4.61
order_001514,1,prod_00143,seller_0112,2018-04-04 17:18:32,52.18,3.0
order_001515,1,prod_00630,seller_0032,2018-02-24 03:34:09,13.38,3.0
order_001516,1,prod_00579,seller_0003,2017-12-10 11:34:15,28.07,3.03
order_001517,1,prod_00643,seller_0025,2018-06-05 03:41:45,69.95,5.24
order_001517,2,prod_00256,seller_0160,2017-09-24 21:56:42,12.54,3.0
order_001518,1,prod_00272,seller_0018,2018-07-18 04:12:20,28.32,3.0
order_001519,1,prod_00368,seller_0031,2017-09-01 16:34:08,23.45,3.99
order_001520,1,prod_00636,seller_0073,2018-01-27 04:07:46,41.94,4.26
order_001521,1,prod_00350,seller_0033,2017-05-22 00:58:13,42.76,8.18
order_001522,1,prod_00271,seller_0020,2017-03-06 22:31:16,35.27,5.08
order_001523,1,prod_00461,seller_0033,2018-06-04 05:44:24,27.43,3.93
order_001524,1,prod_00092,seller_0004,2018-01-03 17:44:03,34.51,3.0
order_001525,1,prod_00698,seller_0092,2018-08-24 09:01:44,29.75,4.67
order_001526,1,prod_00482,seller_0052,2017-06-11 03:14:48,32.42,3.84
order_001527,1,prod_00310,seller_0051,2018-08-30 16:55:25,85.37,12.99
order_001527,2,prod_00063,seller_0176,2018-02-12 10:12:25,15.16,3.0
order_001527,3,prod_00225,seller_0165,2017-04-17 03:15:14,41.35,6.18
order_001528,1,prod_00401,seller_0001,2018-07-15 02:16:13,17.95,3.0
order_001528,2,prod_00681,seller_0163,2017-08-30 19:41:52,118.01,20.63
order_001529,1,prod_00340,seller_0011,2017-03-26 13:22:50,35.09,5.46
order_001530,1,prod_00698,seller_0105,2017-06-27 13:24:16,14.53,3.0
order_001530,2,prod_00362,seller_0104,2017-02-06 20:46:08,28.48,5.27
order_001531,1,prod_00546,seller_0111,2017-05-25 10:16:59,12.83,3.0
order_001532,1,prod_00068,seller_0089,2018-04-19 13:30:24,21.94,3.0
order_001532,2,prod_00558,seller_0120,2017-08-12 04:27:21,49.41,3.0
order_001533,1,prod_00169,seller_0018,2018-06-19 03:41:43,80.22,12.63
order_001534,1,prod_00285,seller_0080,2018-05-13 12:50:36,66.85,6.91
order_001535,1,prod_00226,seller_0161,2018-07-21 07:57:55,30.93,4.72
order_001536,1,prod_00377,seller_0101,2018-05-05 22:23:50,47.97,3.0
order_001536,2,prod_00430,seller_0121,2017-12-01 13:54:27,56.01,7.59
order_001536,3,prod_00246,seller_0011,2018-02-16 00:21:08,142.93,7.03
order_001537,1,prod_00040,seller_0089,2017-04-08 21:50:36,22.36,3.0
order_001537,2,prod_00433,seller_0017,2018-01-04 12:58:42,88.33,10.69
order_001538,1,prod_00294,seller_0097,2018-04-05 22:52:50,16.28,3.0
order_001539,1,prod_00578,seller_0061,2018-04-03 07:29:58,71.3,8.21
order_001540,1,prod_00486,seller_0143,2017-06-12 00:15:52,22.12,3.41
order_001541,1,prod_00261,seller_0141,2018-02-13 11:50:09,21.23,3.0
order_001541,2,prod_00036,seller_0017,2018-05-19 23:54:00,27.52,3.83
order_001542,1,prod_00374,seller_0067,2018-06-28 04:15:44,20.0,3.0
order_001543,1,prod_00556,seller_0167,2018-01-30 19:24:14,43.68,3.0
order_001544,1,prod_00542,seller_0002,2017-07-11 11:14:46,73.5,12.87
order_001545,1,prod_00234,seller_0020,2017-08-29 03:56:38,8.39,3.0
order_001546,1,prod_00146,seller_0168,2017-03-31 22:59:34,29.56,3.0
order_001547,1,prod_00051,seller_0082,2017-08-15 23:57:39,16.34,3.0
order_001547,2,prod_00427,seller_0111,2017-04-16 00:08:56,59.64,9.54
order_001548,1,prod_00183,seller_0044,2017-06-17 20:23:23,83.37,16.54
order_001548,2,prod_00543,seller_0074,2018-05-26 08:50:50,29.56,3.0
order_001548,3,prod_00417,seller_0119,2018-02-23 03:34:09,20.96,3.45
order_001549,1,prod_00036,seller_0055,2017-02-28 08:20:48,11.59,3.0
order_001550,1,prod_00483,seller_0151,2018-07-10 17:39:03,117.53,8.08
order_001550,2,prod_00177,seller_0166,2017-03-20 11:39:05,78.05,4.21
order_001551,1,prod_00610,seller_0111,2017-07-23 19:46:31,9.15,3.0
order_001551,2,prod_00017,seller_0047,2017-02-24 23:58:41,50.71,6.59
order_001552,1,prod_00256,seller_0040,2018-09-03 11:10:25,16.07,3.0
order_001553,1,prod_00004,seller_0004,2017-11-26 21:56:19,23.79,3.0
order_001554,1,prod_00443,seller_0140,2017-07-13 20:12:10,14.71,3.0
order_001555,1,prod_00334,seller_0161,2017-05-07 16:11:47,9.02,3.0
order_001555,2,prod_00373,seller_0169,2017-05-14 17:03:12,32.15,3.86
order_001555,3,prod_00490,seller_0175,2017-11-18 18:53:19,113.52,11.54
order_001556,1,prod_00627,seller_0028,2017-12-01 14:58:41,18.14,3.0
order_001557,1,prod_00268,seller_0125,2018-07-06 00:10:40,59.11,5.98
order_001558,1,prod_00399,seller_0045,2018-02-15 21:30:01,65.46,11.49
order_001559,1,prod_00434,seller_0031,2018-05-16 18:39:49,52.94,8.59
order_001560,1,prod_00616,seller_0095,2018-04-05 22:25:14,121.23,10.56
order_001561,1,prod_00134,seller_0121,2018-04-08 06:37:55,61.61,11.21
order_001562,1,prod_00366,seller_0133,2018-02-13 13:39:39,107.02,12.16
order_001562,2,prod_00585,seller_0088,2017-11-14 01:58:28,15.71,3.0
order_001563,1,prod_00196,seller_0022,2017-07-14 04:12:43,53.76,8.2
order_001564,1,prod_00253,seller_0012,2017-01-12 11:04:51,88.42,17.03
order_001565,1,prod_00314,seller_0009,2018-07-17 08:05:47,20.05,3.0
order_001566,1,prod_00495,seller_0138,2018-06-08 06:17:08,8.0,3.0
order_001567,1,prod_00469,seller_0102,2017-04-17 02:37:22,14.53,3.0
order_001568,1,prod_00090,seller_0061,2018-03-03 06:54:57,20.67,3.0
order_001569,1,prod_00144,seller_0143,2018-08-03 21:52:20,47.69,8.39
order_001569,2,prod_00572,seller_0064,2017-06-02 08:55:19,22.92,3.0
order_001570,1,prod_00471,seller_0053,2018-06-30 03:16:26,33.18,6.5
order_001571,1,prod_00362,seller_0145,2017-05-13 18:54:00,22.36,3.0
order_001571,2,prod_00294,seller_0104,2017-07-27 05:29:49,30.46,5.83
order_001572,1,prod_00679,seller_0121,2018-01-23 14:57:58,31.72,5.21
order_001572,2,prod_00617,seller_0144,2017-03-04 17:58:43,21.95,4.29
order_001572,3,prod_00283,seller_0056,2018-05-06 09:40:34,56.48,3.25
order_001573,1,prod_00246,seller_0005,2017-02-11 21:35:36,81.22,7.31
order_001574,1,prod_00611,seller_0119,2017-06-22 09:52:14,15.69,3.0
order_001574,2,prod_00242,seller_0060,2017-06-04 13:34:14,38.14,6.52
order_001575,1,prod_00288,seller_0174,2017-03-15 19:19:46,13.08,3.0
order_001576,1,prod_00641,seller_0054,2017-06-15 00:23:56,10.6,3.0
order_001577,1,prod_00075,seller_0143,2018-03-30 00:43:05,64.96,4.08
order_001578,1,prod_00492,seller_0130,2017-11-05 04:22:00,122.1,18.35
order_001579,1,prod_00481,seller_0127,2018-05-09 13:35:20,26.75,4.18
order_001580,1,prod_00265,seller_0119,2018-07-09 06:43:12,109.03,5.4
order_001580,2,prod_00128,seller_0013,2018-05-14 19:36:58,21.73,3.19
order_001581,1,prod_00602,seller_0148,2017-06-20 20:49:45,28.43,3.0
order_001582,1,prod_00559,seller_0048,2017-08-08 12:50:24,97.91,18.82
order_001583,1,prod_00600,seller_0098,2017-02-04 21:37:49,18.3,3.29
order_001583,2,prod_00234,seller_0046,2018-02-19 14:55:54,60.09,3.86
order_001584,1,prod_00674,seller_0041,2017-11-17 19:35:21,26.41,3.0
order_001584,2,prod_00529,seller_0068,2018-01-17 06:42:25,20.73,3.0
order_001585,1,prod_00167,seller_0077,2017-12-04 17:44:45,23.79,3.98
order_001585,2,prod_00337,seller_0163,2017-12-20 17:55:03,8.09,3.0
order_001586,1,prod_00221,seller_0071,2017-07-05 17:44:55,75.17,7.61
order_001586,2,prod_00375,seller_0170,2017-10-07 04:48:13,38.36,4.34
order_001587,1,prod_00131,seller_0120,2017-01-07 23:29:37,30.08,3.0
order_001588,1,prod_00514,seller_0114,2018-03-04 13:43:14,21.11,3.0
order_001589,1,prod_00321,seller_0171,2018-03-17 03:28:32,40.55,8.05
order_001590,1,prod_00465,seller_0178,2018-04-03 23:49:41,58.81,11.14
order_001591,1,prod_00449,seller_0082,2018-04-22 11:28:30,27.7,3.0
order_001591,2,prod_00464,seller_0071,2018-09-02 22:24:29,61.95,4.21
order_001592,1,prod_00531,seller_0114,2018-05-02 03:35:15,39.6,5.05
order_001592,2,prod_00461,seller_0036,2017-08-15 10:33:34,31.17,3.18
order_001593,1,prod_00360,seller_0031,2017-05-29 07:06:08,59.92,9.46
order_001593,2,prod_00409,seller_0056,2018-01-13 18:55:54,23.8,3.26
order_001593,3,prod_00441,seller_0103,2018-08-16 09:36:07,14.68,3.0
order_001594,1,prod_00565,seller_0179,2018-04-27 21:24:20,31.99,3.0
order_001595,1,prod_00333,seller_0131,2018-08-24 04:04:38,33.88,4.57
order_001596,1,prod_00210,seller_0055,2017-04-20 21:07:25,28.66,4.22
order_001597,1,prod_00176,seller_0137,2018-01-06 22:04:57,71.77,10.06
order_001597,2,prod_00127,seller_0092,2017-07-21 09:44:16,45.85,6.8
order_001598,1,prod_00421,seller_0175,2018-02-10 17:35:44,30.73,5.57
order_001599,1,prod_00514,seller_0110,2017-01-04 11:45:13,33.0,3.0
order_001599,2,prod_00221,seller_0177,2017-05-17 21:25:45,34.9,3.0
order_001600,1,prod_00377,seller_0139,2017-03-11 01:56:47,46.62,3.0
order_001600,2,prod_00260,seller_0092,2018-04-11 08:02:46,34.27,5.11
order_001601,1,prod_00630,seller_0140,2017-10-28 01:50:10,29.95,3.0
order_001602,1,prod_00634,seller_0154,2018-03-13 04:36:08,13.91,3.0
order_001603,1,prod_00675,seller_0037,2017-03-04 12:10:08,20.88,3.0
order_001603,2,prod_00602,seller_0132,2017-03-10 04:23:14,39.65,7.44
order_001604,1,prod_00606,seller_0178,2017-01-26 15:13:28,37.42,4.87
order_001605,1,prod_00390,seller_0094,2017-03-10 04:23:14,12.61,3.0
order_001606,1,prod_00383,seller_0081,2018-02-16 20:32:39,22.98,3.0
order_001607,1,prod_00211,seller_0005,2017-10-22 09:36:23,18.1,3.0
order_001608,1,prod_00527,seller_0133,2018-01-09 10:03:17,80.4,14.26
order_001608,2,prod_00224,seller_0175,2017-04-15 03:18:54,38.99,6.98
order_001608,3,prod_00234,seller_0110,2018-08-30 11:02:35,43.8,7.2
order_001609,1,prod_00661,seller_0173,2017-01-26 20:44:38,31.71,3.04
order_001610,1,prod_00010,seller_0024,2018-02-22 02:48:05,22.04,4.2
order_001611,1,prod_00082,seller_0093,2017-09-28 13:00:19,24.79,3.0
order_001611,2,prod_00546,seller_0139,2017-04-18 14:07:10,45.62,6.5
order_001611,3,prod_00479,seller_0061,2018-05-08 23:12:06,27.96,3.33
order_001612,1,prod_00547,seller_0150,2017-09-14 01:54:24,45.92,4.79
order_001613,1,prod_00326,seller_0020,2017-10-15 14:36:45,36.34,3.0
order_001613,2,prod_00005,seller_0155,2017-07-13 08:41:34,40.13,3.0
order_001614,1,prod_00208,seller_0009,2018-03-07 09:09:16,41.48,7.04
order_001614,2,prod_00604,seller_0016,2017-03-29 17:52:35,23.52,3.38
order_001615,1,prod_00466,seller_0144,2017-08-20 12:35:17,27.06,5.1
order_001616,1,prod_00617,seller_0174,2018-04-20 08:25:35,59.78,8.72
order_001617,1,prod_00006,seller_0073,2018-06-27 08:25:37,108.54,4.38
order_001618,1,prod_00224,seller_0039,2018-08-30 02:42:01,60.14,3.0
order_001619,1,prod_00480,seller_0101,2017-07-24 23:09:53,8.0,3.0
order_001620,1,prod_00012,seller_0051,2017-04-20 21:41:58,20.23,3.0
order_001621,1,prod_00314,seller_0054,2017-12-07 16:55:41,35.68,3.0
order_001622,1,prod_00613,seller_0000,2017-12-16 02:35:10,16.22,3.0
order_001622,2,prod_00113,seller_0110,2018-08-15 06:36:32,15.73,3.0
order_001623,1,prod_00049,seller_0028,2017-07-22 12:37:25,25.22,3.5
order_001624,1,prod_00445,seller_0136,2018-03-04 20:31:40,41.45,3.0
order_001625,1,prod_00162,seller_0037,2017-07-17 02:36:41,49.47,9.02
order_001626,1,prod_00128,seller_0160,2018-02-26 23:56:51,26.08,5.09
order_001626,2,prod_00379,seller_0123,2017-08-26 06:45:18,24.81,4.08
order_001627,1,prod_00424,seller_0089,2017-11-07 05:06:01,19.14,3.0
order_001628,1,prod_00571,seller_0075,2017-06-22 09:12:01,46.04,7.59
order_001629,1,prod_00072,seller_0054,2018-06-21 12:43:41,44.08,5.23
order_001629,2,prod_00547,seller_0012,2017-05-08 21:31:05,59.71,3.0
order_001629,3,prod_00469,seller_0013,2018-08-17 19:56:06,36.03,5.17
order_001630,1,prod_00476,seller_0102,2018-05-31 13:03:12,14.12,3.0
order_001630,2,prod_00167,seller_0153,2017-03-30 03:03:56,26.4,3.0
order_001631,1,prod_00580,seller_0124,2017-12-16 07:53:58,57.8,3.0
order_001632,1,prod_00086,seller_0153,2017-06-04 17:42:58,10.72,3.0
order_001632,2,prod_00479,seller_0133,2017-05-05 13:14:45,31.34,3.92
order_001633,1,prod_00094,seller_0063,2017-11-11 05:27:32,39.86,6.56
order_001634,1,prod_00446,seller_0168,2017-08-02 18:29:33,121.8,7.5
order_001635,1,prod_00316,seller_0037,2018-05-02 08:54:28,22.4,3.0
order_001636,1,prod_00117,seller_0049,2018-08-19 08:42:24,30.6,5.72
order_001636,2,prod_00136,seller_0121,2018-05-26 14:55:58,99.18,17.84
order_001637,1,prod_00307,seller_0006,2017-08-18 20:49:44,22.59,4.19
order_001637,2,prod_00256,seller_0136,2018-01-25 05:09:50,66.59,3.99
order_001637,3,prod_00315,seller_0054,2017-01-28 17:11:50,42.74,8.06
order_001638,1,prod_00303,seller_0129,2017-09-18 15:38:22,28.68,3.0
order_001639,1,prod_00012,seller_0133,2017-03-15 10:13:37,44.41,5.23
order_001640,1,prod_00300,seller_0012,2017-04-25 11:27:04,30.09,3.24
order_001640,2,prod_00283,seller_0059,2017-11-24 12:12:24,143.68,28.19
order_001641,1,prod_00273,seller_0177,2018-04-16 15:15:47,8.65,3.0
order_001641,2,prod_00158,seller_0167,2017-08-04 07:27:25,27.56,5.31
order_001642,1,prod_00134,seller_0098,2018-06-06 09:43:59,28.09,5.42
order_001643,1,prod_00062,seller_0076,2018-02-14 10:25:15,30.35,5.64
order_001644,1,prod_00437,seller_0109,2018-01-31 21:03:24,66.84,6.06
order_001645,1,prod_00382,seller_0131,2018-04-25 00:42:07,24.76,3.0
order_001646,1,prod_00568,seller_0008,2017-11-15 05:04:35,45.6,3.0
order_001646,2,prod_00165,seller_0057,2017-09-30 10:41:28,38.49,4.27
order_001647,1,prod_00285,seller_0002,2017-07-22 23:28:53,57.11,4.13
order_001648,1,prod_00133,seller_0091,2017-08-21 08:52:40,30.29,4.14
order_001649,1,prod_00658,seller_0022,2018-08-16 16:42:34,40.83,7.25
order_001650,1,prod_00550,seller_0161,2017-03-02 22:40:04,30.56,5.85
order_001651,1,prod_00104,seller_0070,2018-05-26 05:52:33,17.45,3.0
order_001651,2,prod_00567,seller_0159,2018-02-20 22:46:13,93.63,9.68
order_001652,1,prod_00646,seller_0170,2018-08-07 13:20:24,20.18,3.0
order_001653,1,prod_00462,seller_0048,2018-02-23 12:24:31,24.26,4.49
order_001653,2,prod_00693,seller_0131,2017-02-22 02:25:07,18.97,3.0
order_001654,1,prod_00132,seller_0008,2017-09-09 02:14:50,43.0,3.53
order_001655,1,prod_00202,seller_0179,2017-12-19 13:17:10,24.27,3.0
order_001655,2,prod_00442,seller_0136,2017-01-06 23:01:45,88.67,14.35
order_001656,1,prod_00376,seller_0122,2017-09-19 18:33:00,46.86,4.42
order_001657,1,prod_00499,seller_0104,2018-01-23 13:04:20,27.66,5.36
order_001658,1,prod_00675,seller_0017,2017-08-27 10:46:26,18.33,3.6
order_001659,1,prod_00163,seller_0047,2018-04-30 07:12:21,30.82,5.54
order_001659,2,prod_00610,seller_0125,2017-11-15 21:19:00,46.43,5.41
order_001660,1,prod_00093,seller_0038,2018-06-20 18:33:48,32.14,6.05
order_001661,1,prod_00321,seller_0115,2018-06-14 10:10:59,30.23,3.0
order_001662,1,prod_00303,seller_0149,2017-09-21 02:35:39,17.06,3.0
order_001663,1,prod_00564,seller_0159,2018-06-04 10:24:13,142.32,15.71
order_001663,2,prod_00297,seller_0011,2018-03-09 03:01:28,29.06,4.32
order_001664,1,prod_00581,seller_0097,2018-06-22 20:49:51,13.55,3.0
order_001665,1,prod_00107,seller_0023,2017-11-08 05:06:01,16.46,3.0
order_001666,1,prod_00695,seller_0044,2018-08-02 21:53:56,26.48,5.14
order_001666,2,prod_00134,seller_0158,2017-10-28 04:35:59,117.23,4.86
order_001667,1,prod_00414,seller_0131,2018-02-13 10:12:25,29.64,3.0
order_001668,1,prod_00349,seller_0121,2017-07-28 09:53:25,25.96,4.94
order_001669,1,prod_00063,seller_0135,2017-12-02 23:13:18,57.34,9.82
order_001669,2,prod_00369,seller_0021,2018-06-20 05:54:37,60.13,3.0
order_001670,1,prod_00611,seller_0092,2017-01-06 23:46:20,50.83,5.43
order_001671,1,prod_00376,seller_0041,2017-07-23 21:38:26,37.71,3.12
order_001672,1,prod_00491,seller_0017,2017-01-27 10:48:34,16.15,3.0
order_001673,1,prod_00687,seller_0164,2017-05-24 15:06:02,20.32,3.0
order_001674,1,prod_00212,seller_0074,2018-04-30 10:00:10,11.77,3.0
order_001674,2,prod_00027,seller_0036,2017-05-11 21:01:16,28.63,4.04
order_001675,1,prod_00482,seller_0151,2017-05-23 17:39:54,25.13,3.0
order_001676,1,prod_00550,seller_0127,2018-01-23 23:01:31,23.49,3.0
order_001677,1,prod_00099,seller_0054,2017-09-18 16:40:51,39.71,3.0
order_001678,1,prod_00246,seller_0147,2017-08-24 08:35:40,21.6,3.0
order_001679,1,prod_00250,seller_0131,2018-04-23 05:45:13,26.54,3.47
order_001680,1,prod_00527,seller_0048,2017-05-31 04:38:12,24.14,3.73
order_001681,1,prod_00613,seller_0045,2018-07-23 17:57:39,32.44,6.38
order_001681,2,prod_00514,seller_0030,2017-11-10 17:27:00,41.97,3.0
order_001681,3,prod_00207,seller_0059,2017-08-05 16:20:27,13.82,3.0
order_001682,1,prod_00433,seller_0051,2018-02-02 09:42:19,44.46,6.68
order_001683,1,prod_00188,seller_0060,2018-03-31 05:12:09,39.32,3.34
order_001684,1,prod_00441,seller_0036,2018-01-16 08:35:48,43.47,5.06
order_001684,2,prod_00675,seller_0024,2018-04-01 04:26:48,36.11,5.43
order_001685,1,prod_00464,seller_0127,2017-03-03 14:21:26,41.89,4.24
order_001686,1,prod_00549,seller_0063,2018-03-28 04:44:51,25.28,3.0
order_001687,1,prod_00523,seller_0018,2017-12-13 01:48:50,44.18,4.63
order_001687,2,prod_00333,seller_0130,2017-03-04 03:39:10,69.68,7.5
order_001688,1,prod_00092,seller_0041,2017-06-13 03:14:48,24.0,3.0
order_001688,2,prod_00682,seller_0072,2018-07-07 15:29:20,24.57,3.0
order_001689,1,prod_00252,seller_0151,2018-04-02 01:18:06,49.89,6.66
order_001690,1,prod_00620,seller_0053,2018-08-09 13:32:48,23.1,3.0
order_001691,1,prod_00589,seller_0033,2017-06-17 01:20:30,20.75,3.0
order_001692,1,prod_00478,seller_0126,2018-06-04 03:23:55,43.57,4.57
order_001693,1,prod_00383,seller_0014,2017-05-27 18:17:52,25.03,3.0
order_001694,1,prod_00191,seller_0092,2017-07-13 20:12:10,73.27,3.0
order_001695,1,prod_00095,seller_0147,2018-05-15 18:47:43,24.46,4.37
order_001695,2,prod_00610,seller_0078,2018-07-21 21:52:40,19.44,3.0
order_001696,1,prod_00673,seller_0028,2017-12-13 01:18:56,33.01,5.9
order_001697,1,prod_00471,seller_0143,2017-08-14 04:09:30,43.95,8.72
order_001697,2,prod_00691,seller_0131,2018-08-03 04:55:18,40.78,3.0
order_001698,1,prod_00151,seller_0068,2018-02-26 23:04:29,47.01,3.0
order_001699,1,prod_00358,seller_0027,2018-03-28 22:45:26,23.11,3.0
order_001700,1,prod_00122,seller_0097,2017-03-12 22:09:11,69.27,12.12
order_001701,1,prod_00373,seller_0140,2017-12-20 20:11:40,11.29,3.0
order_001702,1,prod_00623,seller_0005,2018-08-24 17:18:00,19.93,3.0
order_001703,1,prod_00204,seller_0087,2017-11-13 23:35:03,33.95,6.49
order_001704,1,prod_00294,seller_0061,2018-05-28 14:13:33,21.05,3.39
order_001704,2,prod_00361,seller_0065,2017-07-03 06:36:49,27.08,3.43
order_001705,1,prod_00324,seller_0042,2017-03-09 07:50:46,17.5,3.25
order_001705,2,prod_00678,seller_0117,2018-02-04 02:54:16,28.92,3.17
order_001706,1,prod_00298,seller_0159,2018-05-31 18:43:39,44.75,4.47
order_001707,1,prod_00178,seller_0016,2017-06-20 18:40:54,23.38,3.56
order_001708,1,prod_00229,seller_0003,2018-05-11 00:29:43,18.7,3.0
order_001708,2,prod_00213,seller_0070,2017-03-06 00:40:13,24.54,3.0
order_001709,1,prod_00220,seller_0126,2018-06-10 05:50:16,67.86,7.52
order_001710,1,prod_00628,seller_0013,2017-05-14 15:36:44,67.5,4.5
order_001711,1,prod_00358,seller_0136,2018-06-17 17:08:44,24.27,3.0
order_001711,2,prod_00269,seller_0130,2018-01-26 04:07:46,46.08,4.14
order_001712,1,prod_00098,seller_0059,2018-02-23 12:21:00,32.72,3.72
order_001713,1,prod_00680,seller_0059,2017-02-07 04:42:04,76.3,4.33
order_001713,2,prod_00107,seller_0046,2017-01-26 19:20:07,37.51,3.0
order_001714,1,prod_00244,seller_0127,2018-05-14 00:08:07,29.05,3.0
order_001715,1,prod_00489,seller_0029,2017-10-25 10:05:11,93.68,16.76
order_001715,2,prod_00003,seller_0060,2018-04-20 12:46:27,18.17,3.0
order_001716,1,prod_00221,seller_0049,2017-08-04 09:45:04,40.75,3.0
order_001717,1,prod_00667,seller_0067,2017-03-02 17:21:03,80.48,11.46
order_001718,1,prod_00016,seller_0164,2017-01-26 15:13:28,51.06,5.75
order_001718,2,prod_00165,seller_0004,2017-12-15 04:37:29,20.17,3.0
order_001719,1,prod_00060,seller_0007,2017-01-28 22:23:35,19.48,3.33
order_001720,1,prod_00485,seller_0073,2017-12-01 15:55:36,13.26,3.0
order_001721,1,prod_00008,seller_0082,2017-07-12 19:17:10,86.83,6.86
order_001721,2,prod_00033,seller_0179,2018-03-19 21:38:03,15.86,3.0
order_001722,1,prod_00330,seller_0047,2018-04-17 23:02:42,52.65,3.01
order_001723,1,prod_00523,seller_0100,2017-09-14 11:01:24,13.1,3.0
order_001724,1,prod_00633,seller_0125,2017-11-05 16:52:21,174.53,33.17
order_001725,1,prod_00154,seller_0125,2017-03-11 13:59:42,13.74,3.0
order_001725,2,prod_00400,seller_0060,2018-03-17 10:15:39,34.04,5.49
order_001725,3,prod_00560,seller_0153,2018-04-28 17:33:59,72.81,13.6
order_001726,1,prod_00510,seller_0062,2018-01-28 05:02:07,20.97,3.91
order_001727,1,prod_00676,seller_0077,2018-08-21 20:57:05,47.77,3.0
order_001727,2,prod_00053,seller_0010,2017-12-10 18:58:15,27.57,3.0
order_001728,1,prod_00031,seller_0179,2017-02-20 08:53:34,42.62,4.83
order_001729,1,prod_00480,seller_0163,2018-06-29 16:36:31,66.85,8.28
order_001730,1,prod_00257,seller_0044,2017-01-19 20:44:27,25.07,3.0
order_001730,2,prod_00516,seller_0093,2017-11-16 08:15:06,87.62,3.77
order_001731,1,prod_00501,seller_0150,2018-03-06 10:43:54,41.64,4.29
order_001732,1,prod_00309,seller_0012,2018-01-15 06:46:15,117.51,9.14
order_001732,2,prod_00697,seller_0121,2017-06-28 15:08:18,19.28,3.0
order_001733,1,prod_00617,seller_0135,2017-09-12 09:00:15,21.82,3.0
order_001734,1,prod_00254,seller_0115,2017-03-26 18:55:22,28.48,3.0
order_001735,1,prod_00003,seller_0140,2018-05-26 14:55:58,15.06,3.0
order_001736,1,prod_00696,seller_0040,2017-01-06 23:29:37,60.45,5.52
order_001737,1,prod_00677,seller_0083,2018-01-08 03:03:05,31.52,3.0
order_001738,1,prod_00629,seller_0114,2018-04-08 14:55:04,15.72,3.0
order_001738,2,prod_00039,seller_0176,2017-03-31 21:24:48,19.4,3.0
order_001738,3,prod_00503,seller_0010,2018-04-07 15:33:32,18.81,3.0
order_001739,1,prod_00672,seller_0040,2018-02-15 03:00:35,60.36,8.31
order_001739,2,prod_00267,seller_0058,2017-12-15 14:51:21,44.57,6.14
order_001740,1,prod_00528,seller_0151,2018-06-28 16:16:31,30.38,3.0
order_001740,2,prod_00375,seller_0137,2017-07-18 19:09:15,26.12,5.04
order_001741,1,prod_00324,seller_0152,2017-05-28 12:27:01,28.36,4.65
order_001742,1,prod_00504,seller_0116,2017-01-07 17:27:18,105.4,19.33
order_001743,1,prod_00406,seller_0093,2018-06-20 12:07:55,28.44,3.12
order_001743,2,prod_00480,seller_0072,2017-06-27 00:40:01,57.82,6.88
order_001744,1,prod_00156,seller_0097,2018-08-22 02:52:11,26.73,3.94
order_001745,1,prod_00201,seller_0018,2017-04-18 09:40:41,98.85,12.85
order_001746,1,prod_00447,seller_0020,2018-02-18 09:26:21,14.99,3.0
order_001747,1,prod_00390,seller_0012,2017-09-19 01:55:07,55.96,5.79
order_001747,2,prod_00268,seller_0023,2018-08-11 05:06:07,20.21,3.0
order_001748,1,prod_00584,seller_0059,2017-04-12 17:07:34,139.58,23.46
order_001748,2,prod_00239,seller_0076,2018-07-08 02:54:05,52.11,4.99
order_001749,1,prod_00332,seller_0178,2018-01-08 17:09:38,10.94,3.0
order_001750,1,prod_00221,seller_0165,2017-05-26 12:22:42,18.08,3.0
order_001750,2,prod_00396,seller_0138,2017-12-16 14:28:12,51.69,5.79
order_001751,1,prod_00393,seller_0038,2017-02-18 00:05:15,50.78,7.04
order_001751,2,prod_00229,seller_0095,2018-02-24 05:00:13,48.38,6.21
order_001752,1,prod_00541,seller_0085,2017-03-31 16:32:18,36.66,3.0
order_001753,1,prod_00112,seller_0112,2018-01-23 11:40:06,26.92,3.0
order_001754,1,prod_00539,seller_0011,2017-02-28 03:59:55,67.11,4.0
order_001755,1,prod_00046,seller_0011,2018-02-13 10:03:25,18.88,3.0
order_001756,1,prod_00175,seller_0053,2018-03-04 08:48:58,34.29,3.33
order_001757,1,prod_00284,seller_0014,2017-10-15 14:36:45,22.13,3.0
order_001758,1,prod_00296,seller_0066,2018-02-25 23:04:29,21.01,3.0
order_001759,1,prod_00442,seller_0070,2017-04-11 03:48:59,24.57,3.94
order_001760,1,prod_00656,seller_0173,2017-02-24 11:05:21,20.53,3.0
order_001761,1,prod_00532,seller_0121,2018-09-01 17:49:38,47.34,4.48
order_001761,2,prod_00381,seller_0034,2018-03-23 23:30:35,12.69,3.0
order_001762,1,prod_00058,seller_0105,2017-09-19 01:51:22,43.82,4.69
order_001763,1,prod_00694,seller_0018,2017-05-04 04:03:17,21.93,3.0
order_001763,2,prod_00222,seller_0175,2017-11-13 11:01:55,33.78,5.09
order_001764,1,prod_00434,seller_0009,2017-08-10 19:34:54,29.71,3.0
order_001764,2,prod_00565,seller_0040,2018-07-25 20:58:12,23.94,3.28
order_001764,3,prod_00489,seller_0093,2017-07-20 23:28:53,72.86,6.87
order_001765,1,prod_00078,seller_0123,2018-08-07 15:07:57,26.02,3.09
order_001765,2,prod_00181,seller_0093,2017-08-08 03:19:28,52.31,5.59
order_001766,1,prod_00695,seller_0168,2017-02-06 23:11:51,52.75,10.15
order_001767,1,prod_00537,seller_0035,2017-05-06 17:41:10,27.74,3.0
order_001767,2,prod_00442,seller_0179,2017-08-23 08:57:06,14.62,3.0
order_001768,1,prod_00312,seller_0044,2017-08-05 00:33:04,18.66,3.0
order_001768,2,prod_00658,seller_0131,2017-09-11 11:54:40,76.04,8.73
order_001769,1,prod_00508,seller_0057,2018-06-23 01:20:06,45.61,3.0
order_001769,2,prod_00511,seller_0122,2017-06-02 03:29:43,36.24,6.75
order_001770,1,prod_00641,seller_0001,2017-12-23 06:45:20,22.91,3.0
order_001771,1,prod_00674,seller_0129,2017-03-12 06:16:14,102.07,19.21
order_001772,1,prod_00601,seller_0147,2017-10-29 06:29:57,18.84,3.0
order_001773,1,prod_00465,seller_0061,2018-09-01 09:46:59,36.26,4.51
order_001774,1,prod_00160,seller_0139,2018-08-14 16:38:24,45.89,6.71
order_001774,2,prod_00187,seller_0095,2018-06-25 15:28:11,14.17,3.0
order_001775,1,prod_00107,seller_0057,2017-11-28 09:04:40,20.23,3.0
order_001776,1,prod_00560,seller_0104,2017-08-15 05:24:57,24.6,3.0
order_001776,2,prod_00234,seller_0103,2018-06-06 20:44:06,57.99,3.4
order_001777,1,prod_00158,seller_0061,2018-02-06 06:18:47,24.91,3.58
order_001778,1,prod_00508,seller_0059,2018-02-26 17:18:37,13.02,3.0
order_001779,1,prod_00395,seller_0080,2017-03-04 05:56:44,12.23,3.0
order_001780,1,prod_00172,seller_0004,2018-01-10 05:33:40,20.11,3.0
order_001781,1,prod_00261,seller_0103,2017-03-12 23:41:24,12.57,3.0
order_001782,1,prod_00336,seller_0106,2018-04-26 09:24:42,54.58,10.05
order_001782,2,prod_00559,seller_0096,2018-04-27 00:42:07,55.99,3.0
order_001783,1,prod_00004,seller_0129,2018-08-24 07:30:00,33.27,5.58
order_001784,1,prod_00531,seller_0088,2017-05-15 14:18:30,27.91,3.0
order_001785,1,prod_00055,seller_0060,2018-08-09 03:48:37,53.63,5.9
order_001786,1,prod_00604,seller_0144,2018-02-13 13:39:39,52.2,8.77
order_001787,1,prod_00082,seller_0043,2018-01-09 00:13:19,17.44,3.0
order_001788,1,prod_00172,seller_0001,2017-02-09 01:30:51,19.08,3.0
order_001788,2,prod_00258,seller_0047,2018-02-06 02:31:55,52.42,3.72
order_001788,3,prod_00698,seller_0128,2018-01-04 17:44:03,39.48,7.04
order_001789,1,prod_00278,seller_0062,2018-07-01 06:16:45,49.17,5.14
order_001790,1,prod_00563,seller_0030,2018-07-07 11:08:31,18.52,3.0
order_001791,1,prod_00179,seller_0084,2017-12-16 11:39:27,20.32,3.0
order_001791,2,prod_00270,seller_0034,2018-07-15 06:52:07,44.77,5.96
order_001792,1,prod_00362,seller_0135,2018-01-16 16:23:31,21.26,3.11
order_001793,1,prod_00089,seller_0018,2018-08-26 02:52:12,12.33,3.0
order_001794,1,prod_00021,seller_0035,2017-02-02 03:12:33,21.47,3.0
order_001794,2,prod_00244,seller_0140,2017-08-19 02:26:42,28.98,3.0
order_001795,1,prod_00550,seller_0127,2018-09-01 15:09:05,100.07,13.53
order_001796,1,prod_00074,seller_0044,2018-07-21 02:13:26,19.2,3.0
order_001797,1,prod_00572,seller_0173,2017-07-31 05:09:52,31.81,3.0
order_001797,2,prod_00430,seller_0011,2017-01-28 10:48:34,124.95,9.18
order_001797,3,prod_00191,seller_0032,2017-12-07 06:22:09,16.27,3.0
order_001798,1,prod_00079,seller_0040,2017-05-30 04:38:12,50.87,5.34
order_001799,1,prod_00385,seller_0091,2017-07-23 16:23:05,20.86,3.0
order_001800,1,prod_00301,seller_0091,2017-11-06 05:39:11,43.0,7.83
order_001801,1,prod_00076,seller_0065,2018-08-13 06:36:32,151.04,14.43
order_001802,1,prod_00467,seller_0042,2017-07-17 02:36:41,55.4,3.0
order_001803,1,prod_00585,seller_0108,2017-03-11 12:46:14,36.55,3.7
order_001803,2,prod_00317,seller_0072,2017-09-07 02:52:45,17.85,3.42
order_001804,1,prod_00316,seller_0158,2017-07-24 13:31:46,29.55,4.91
order_001804,2,prod_00617,seller_0013,2018-02-20 08:35:24,22.93,3.0
order_001804,3,prod_00271,seller_0159,2017-12-09 03:20:48,12.9,3.0
order_001805,1,prod_00168,seller_0147,2018-07-06 23:05:11,8.3,3.0
order_001805,2,prod_00592,seller_0079,2017-01-15 02:19:15,19.3,3.22
order_001806,1,prod_00366,seller_0125,2017-11-02 08:37:02,32.44,5.61
order_001806,2,prod_00656,seller_0136,2018-07-19 02:31:38,68.55,5.99
order_001807,1,prod_00639,seller_0159,2017-11-02 00:03:04,20.49,3.0
order_001808,1,prod_00567,seller_0092,2018-07-07 08:20:27,37.51,3.0
order_001809,1,prod_00247,seller_0014,2017-11-25 12:58:31,10.96,3.0
order_001810,1,prod_00502,seller_0138,2018-03-05 15:56:35,19.68,3.0
order_001811,1,prod_00330,seller_0027,2017-02-02 03:12:33,8.0,3.0
order_001812,1,prod_00534,seller_0159,2017-09-23 09:40:56,141.48,27.49
order_001813,1,prod_00652,seller_0147,2018-01-01 01:12:39,37.66,4.11
order_001813,2,prod_00512,seller_0128,2017-06-11 15:22:06,36.9,3.0
order_001813,3,prod_00349,seller_0062,2018-02-24 09:10:17,46.89,3.0
order_001814,1,prod_00694,seller_0010,2017-06-10 18:40:38,171.75,32.89
order_001815,1,prod_00604,seller_0077,2018-02-28 10:30:54,24.95,3.75
order_001815,2,prod_00171,seller_0044,2017-11-15 05:04:35,17.51,3.0
order_001816,1,prod_00658,seller_0175,2017-12-25 17:47:19,121.52,11.29
order_001817,1,prod_00335,seller_0141,2017-10-21 12:59:50,14.88,3.0
order_001818,1,prod_00179,seller_0033,2018-08-09 13:32:48,77.0,9.62
order_001819,1,prod_00206,seller_0003,2017-02-05 20:46:08,31.56,5.06
order_001820,1,prod_00550,seller_0165,2017-01-10 23:54:53,43.89,5.12
order_001821,1,prod_00269,seller_0093,2017-04-28 22:02:56,13.02,3.0
order_001822,1,prod_00457,seller_0130,2017-01-30 03:19:18,178.72,21.54
order_001823,1,prod_00311,seller_0109,2018-03-13 11:38:42,25.83,3.77
order_001824,1,prod_00690,seller_0056,2017-05-09 00:50:43,20.99,3.0
order_001825,1,prod_00095,seller_0147,2017-02-19 03:25:19,47.3,5.23
order_001826,1,prod_00409,seller_0039,2017-06-27 15:58:46,21.78,3.0
order_001827,1,prod_00248,seller_0145,2017-06-17 07:06:03,43.64,7.96
order_001827,2,prod_00554,seller_0174,2017-06-26 03:09:59,14.59,3.0
order_001828,1,prod_00660,seller_0013,2018-02-08 16:42:14,36.4,4.98
order_001829,1,prod_00241,seller_0140,2017-11-25 01:47:48,22.37,3.0
order_001830,1,prod_00635,seller_0122,2017-05-18 04:03:35,19.9,3.35
order_001831,1,prod_00424,seller_0138,2018-08-06 08:37:52,17.96,3.38
order_001831,2,prod_00038,seller_0142,2017-05-12 21:01:16,58.9,3.0
order_001832,1,prod_00545,seller_0168,2018-08-11 16:55:24,26.37,3.0
order_001833,1,prod_00386,seller_0018,2017-03-15 17:56:56,29.38,4.4
order_001834,1,prod_00676,seller_0054,2017-11-16 13:02:20,43.71,6.0
order_001835,1,prod_00321,seller_0087,2017-07-12 13:23:11,69.48,8.63
order_001836,1,prod_00176,seller_0159,2018-06-08 01:14:44,18.17,3.0
order_001837,1,prod_00120,seller_0116,2018-09-02 13:05:22,38.22,6.02
order_001837,2,prod_00055,seller_0109,2018-08-15 23:00:10,18.33,3.0
order_001838,1,prod_00493,seller_0061,2017-03-26 23:55:26,28.92,3.0
order_001839,1,prod_00683,seller_0022,2017-10-13 12:46:38,66.18,5.64
order_001840,1,prod_00452,seller_0066,2017-04-02 18:43:59,8.0,3.0
order_001841,1,prod_00421,seller_0085,2017-01-30 06:25:48,18.18,3.0
order_001842,1,prod_00019,seller_0018,2018-06-21 23:58:20,28.49,3.0
order_001843,1,prod_00012,seller_0028,2018-03-30 23:14:06,42.41,8.19
order_001844,1,prod_00349,seller_0139,2017-12-06 06:21:22,73.17,10.98
order_001845,1,prod_00363,seller_0044,2017-03-08 15:28:53,10.99,3.0
order_001846,1,prod_00297,seller_0042,2018-08-25 04:04:38,83.1,13.34
order_001847,1,prod_00655,seller_0018,2017-05-18 20:15:23,46.46,3.15
order_001848,1,prod_00231,seller_0078,2018-07-07 11:08:31,28.32,3.54
order_001849,1,prod_00689,seller_0007,2017-06-05 19:46:00,12.74,3.0
order_001849,2,prod_00184,seller_0092,2017-06-06 11:52:27,22.83,4.03
order_001850,1,prod_00227,seller_0013,2018-03-21 07:11:26,64.48,3.43
order_001851,1,prod_00209,seller_0015,2017-09-04 23:31:56,33.69,3.0
order_001852,1,prod_00547,seller_0175,2017-06-07 14:35:59,29.44,3.0
order_001853,1,prod_00231,seller_0077,2017-02-12 12:42:29,17.61,3.0
order_001853,2,prod_00321,seller_0052,2018-07-27 10:36:18,53.38,3.0
order_001853,3,prod_00078,seller_0027,2017-06-27 18:51:00,30.04,3.68
order_001854,1,prod_00278,seller_0080,2017-09-16 08:45:13,28.39,4.39
order_001855,1,prod_00139,seller_0041,2017-06-15 04:45:30,31.13,3.0
order_001856,1,prod_00530,seller_0040,2018-05-02 04:17:49,21.77,3.94
order_001856,2,prod_00568,seller_0064,2018-04-06 11:05:28,19.49,3.41
order_001857,1,prod_00188,seller_0024,2017-03-12 23:57:23,12.33,3.0
order_001857,2,prod_00691,seller_0088,2017-07-29 18:43:49,22.14,3.0
order_001858,1,prod_00298,seller_0073,2017-02-04 18:50:21,10.28,3.0
order_001858,2,prod_00584,seller_0078,2017-05-25 09:02:52,45.41,3.78
order_001859,1,prod_00172,seller_0140,2018-03-13 17:48:21,21.46,3.0
order_001860,1,prod_00601,seller_0012,2017-07-27 21:44:31,25.66,3.25
order_001860,2,prod_00099,seller_0048,2017-06-04 04:13:24,32.33,4.48
order_001860,3,prod_00253,seller_0063,2018-02-28 10:30:54,19.66,3.04
order_001861,1,prod_00265,seller_0069,2018-06-24 12:57:11,15.43,3.0
order_001862,1,prod_00130,seller_0007,2017-01-31 00:28:11,38.25,5.09
order_001862,2,prod_00671,seller_0045,2018-05-15 18:25:33,113.05,5.41
order_001863,1,prod_00205,seller_0045,2017-01-21 08:47:23,59.83,3.18
order_001864,1,prod_00293,seller_0164,2018-08-12 02:59:13,76.09,10.22
order_001864,2,prod_00011,seller_0015,2017-01-06 15:31:12,14.24,3.0
order_001864,3,prod_00478,seller_0089,2017-03-11 12:46:14,29.24,4.63
order_001865,1,prod_00125,seller_0030,2018-09-01 13:10:15,29.12,3.44
order_001865,2,prod_00199,seller_0175,2017-12-06 16:55:41,83.8,11.07
order_001866,1,prod_00641,seller_0090,2018-02-13 20:11:43,60.1,11.76
order_001866,2,prod_00605,seller_0058,2017-07-14 17:06:02,29.76,3.0
order_001867,1,prod_00080,seller_0166,2017-05-03 08:47:18,8.0,3.0
order_001868,1,prod_00437,seller_0116,2018-05-04 00:21:59,15.59,3.04
order_001869,1,prod_00523,seller_0035,2017-07-14 04:12:43,49.97,9.3
order_001870,1,prod_00665,seller_0128,2018-06-10 06:50:28,26.88,3.0
order_001871,1,prod_00168,seller_0131,2018-03-30 17:53:07,30.83,3.03
order_001871,2,prod_00228,seller_0091,2017-03-31 16:32:18,49.35,7.65
order_001872,1,prod_00165,seller_0007,2018-05-06 16:24:48,69.11,4.16
order_001873,1,prod_00376,seller_0133,2017-07-13 15:34:08,19.96,3.0
order_001874,1,prod_00422,seller_0060,2017-06-24 12:59:15,48.65,3.0
order_001875,1,prod_00133,seller_0018,2017-03-28 04:45:45,94.39,11.89
order_001875,2,prod_00015,seller_0072,2018-07-15 06:52:07,83.78,5.79
order_001876,1,prod_00095,seller_0088,2018-02-21 05:26:07,23.45,3.0
order_001877,1,prod_00146,seller_0019,2018-05-19 04:59:51,40.11,3.0
order_001878,1,prod_00409,seller_0039,2017-08-19 08:52:40,53.95,8.28
order_001879,1,prod_00140,seller_0114,2017-05-12 15:35:58,33.55,5.82
order_001880,1,prod_00562,seller_0120,2018-06-24 12:57:11,28.16,4.36
order_001881,1,prod_00449,seller_0026,2018-08-16 01:44:06,10.75,3.0
order_001882,1,prod_00139,seller_0043,2017-12-09 13:47:02,18.87,3.64
order_001882,2,prod_00693,seller_0144,2017-05-11 18:22:48,21.07,4.08
order_001883,1,prod_00492,seller_0016,2017-05-14 12:39:47,14.59,3.0
order_001884,1,prod_00609,seller_0106,2018-02-23 22:29:52,35.56,7.01
order_001884,2,prod_00470,seller_0075,2018-01-11 04:42:39,58.16,6.14
order_001884,3,prod_00462,seller_0133,2018-05-03 04:13:18,25.22,3.0
order_001885,1,prod_00337,seller_0006,2017-06-07 12:55:05,8.0,3.0
order_001886,1,prod_00459,seller_0029,2017-08-20 19:30:05,30.66,3.67
order_001887,1,prod_00536,seller_0147,2017-03-10 00:00:47,39.57,6.96
order_001887,2,prod_00690,seller_0057,2018-05-29 08:12:15,37.87,3.43
order_001888,1,prod_00415,seller_0067,2017-10-07 08:27:56,20.72,3.32
order_001888,2,prod_00527,seller_0126,2017-02-17 07:44:19,15.13,3.0
order_001889,1,prod_00662,seller_0084,2018-07-23 12:29:21,58.92,3.0
order_001890,1,prod_00427,seller_0081,2017-10-01 08:34:36,41.62,6.01
order_001891,1,prod_00534,seller_0010,2017-07-28 21:44:31,21.27,3.0
order_001892,1,prod_00132,seller_0113,2018-04-14 15:03:39,12.48,3.0
order_001893,1,prod_00620,seller_0024,2018-07-13 23:57:15,38.27,3.86
order_001894,1,prod_00685,seller_0074,2018-06-17 19:13:56,18.48,3.25
order_001895,1,prod_00252,seller_0063,2018-06-14 16:56:47,42.47,6.25
order_001896,1,prod_00621,seller_0120,2017-11-18 14:18:14,36.69,5.01
order_001897,1,prod_00567,seller_0121,2017-07-25 23:09:53,127.74,5.6
order_001897,2,prod_00163,seller_0115,2017-05-07 01:08:35,31.48,4.51
order_001898,1,prod_00694,seller_0110,2017-01-08 19:36:40,121.57,19.32
order_001899,1,prod_00409,seller_0053,2018-06-20 18:33:48,34.93,6.69
order_001899,2,prod_00114,seller_0062,2018-07-24 01:59:24,21.47,3.56
order_001899,3,prod_00075,seller_0158,2018-08-19 19:26:36,16.68,3.0
order_001900,1,prod_00357,seller_0127,2017-11-02 02:50:48,18.73,3.57
order_001901,1,prod_00364,seller_0131,2017-12-22 07:16:34,43.77,7.21
order_001901,2,prod_00603,seller_0156,2017-03-16 12:58:29,36.02,3.0
order_001901,3,prod_00357,seller_0012,2017-12-01 17:17:32,10.02,3.0
order_001902,1,prod_00277,seller_0000,2017-10-09 15:12:18,64.27,5.25
order_001902,2,prod_00221,seller_0006,2017-02-03 22:58:00,86.49,11.49
order_001903,1,prod_00355,seller_0089,2017-12-12 14:22:29,9.96,3.0
order_001904,1,prod_00186,seller_0128,2018-01-27 06:16:02,63.93,9.85
order_001905,1,prod_00523,seller_0171,2017-05-08 17:44:43,98.89,6.11
order_001906,1,prod_00095,seller_0113,2017-06-15 11:34:29,10.3,3.0
order_001906,2,prod_00577,seller_0132,2017-06-06 08:05:25,24.44,3.0
order_001907,1,prod_00151,seller_0166,2018-06-24 14:31:51,19.06,3.0
order_001908,1,prod_00139,seller_0030,2017-01-11 12:33:54,62.37,3.27
order_001908,2,prod_00681,seller_0121,2018-06-21 12:07:55,25.29,3.0
order_001909,1,prod_00273,seller_0119,2017-01-14 20:20:03,24.64,3.49
order_001909,2,prod_00476,seller_0037,2018-03-03 00:51:50,43.55,4.86
order_001910,1,prod_00276,seller_0084,2017-03-22 13:26:26,91.26,10.12
order_001911,1,prod_00687,seller_0007,2018-05-29 19:28:54,31.81,5.64
order_001912,1,prod_00106,seller_0086,2017-12-03 21:57:52,24.39,3.05
order_001912,2,prod_00326,seller_0095,2018-03-16 01:11:45,27.53,3.2
order_001913,1,prod_00063,seller_0067,2018-05-15 17:08:29,50.79,5.15
order_001913,2,prod_00399,seller_0089,2018-07-06 19:52:43,13.94,3.0
order_001914,1,prod_00521,seller_0114,2017-05-18 23:24:35,32.76,3.0
order_001915,1,prod_00327,seller_0168,2017-01-19 23:28:12,18.0,3.0
order_001916,1,prod_00596,seller_0071,2017-07-10 04:55:11,15.15,3.0
order_001917,1,prod_00537,seller_0127,2018-07-21 20:17:12,9.36,3.0
order_001918,1,prod_00666,seller_0078,2017-06-12 12:41:22,23.69,3.0
order_001919,1,prod_00697,seller_0162,2017-12-10 11:34:15,66.76,11.73
order_001919,2,prod_00669,seller_0101,2017-11-25 21:56:19,9.12,3.0
order_001919,3,prod_00303,seller_0136,2017-07-10 13:23:11,47.12,6.58
order_001920,1,prod_00696,seller_0052,2017-09-25 08:34:21,21.72,3.0
order_001921,1,prod_00462,seller_0118,2018-06-10 16:14:30,16.59,3.0
order_001922,1,prod_00058,seller_0045,2018-08-01 23:21:07,41.41,3.77
order_001923,1,prod_00057,seller_0101,2017-11-29 16:03:02,77.62,4.8
order_001923,2,prod_00277,seller_0034,2017-04-18 17:16:01,87.68,3.0
order_001924,1,prod_00389,seller_0104,2017-12-17 09:42:13,39.82,3.28
order_001925,1,prod_00057,seller_0032,2017-11-26 09:04:40,31.64,3.0
order_001926,1,prod_00403,seller_0091,2017-10-27 18:24:48,42.71,3.0
order_001927,1,prod_00474,seller_0087,2018-02-18 14:55:54,165.67,20.61
order_001928,1,prod_00485,seller_0151,2018-01-12 16:03:10,27.38,3.0
order_001929,1,prod_00680,seller_0018,2018-08-22 12:21:02,69.25,7.88
order_001930,1,prod_00254,seller_0042,2017-07-22 16:14:02,22.53,3.0
order_001931,1,prod_00025,seller_0127,2018-02-04 14:26:30,19.3,3.0
order_001932,1,prod_00670,seller_0164,2018-06-30 09:05:34,104.56,20.34
order_001933,1,prod_00368,seller_0145,2018-04-28 00:45:52,33.17,3.01
order_001933,2,prod_00441,seller_0100,2017-08-02 10:55:31,38.32,6.32
order_001934,1,prod_00373,seller_0048,2018-03-03 22:17:44,47.25,3.0
order_001935,1,prod_00340,seller_0078,2018-01-28 14:33:39,18.54,3.0
order_001935,2,prod_00114,seller_0154,2018-05-29 18:41:56,24.91,4.98
order_001935,3,prod_00394,seller_0037,2018-01-14 09:13:40,21.82,3.06
order_001936,1,prod_00583,seller_0177,2017-02-23 18:06:20,41.1,5.88
order_001937,1,prod_00079,seller_0049,2018-07-29 21:45:50,42.03,4.3
order_001938,1,prod_00276,seller_0086,2017-02-04 22:58:00,22.41,3.57
order_001939,1,prod_00654,seller_0105,2017-08-02 23:10:58,123.72,23.23
order_001940,1,prod_00294,seller_0053,2018-03-28 15:02:22,32.53,3.0
order_001941,1,prod_00113,seller_0027,2017-03-15 07:29:59,35.4,3.0
order_001942,1,prod_00673,seller_0055,2018-06-11 04:20:31,79.3,14.05
order_001942,2,prod_00095,seller_0000,2017-08-31 00:49:13,18.75,3.0
order_001942,3,prod_00173,seller_0114,2017-10-19 07:57:58,23.6,3.0
order_001943,1,prod_00325,seller_0046,2017-04-10 05:00:25,39.87,3.0
order_001944,1,prod_00269,seller_0079,2017-09-06 02:52:45,12.69,3.0
order_001945,1,prod_00291,seller_0054,2017-05-17 01:03:50,28.38,3.01
order_001946,1,prod_00539,seller_0036,2017-02-26 16:35:51,125.6,7.61
order_001947,1,prod_00389,seller_0169,2018-01-10 04:20:36,108.73,4.77
order_001948,1,prod_00335,seller_0061,2017-09-21 01:15:23,59.33,5.99
order_001948,2,prod_00492,seller_0104,2017-11-01 02:50:48,71.44,8.39
order_001949,1,prod_00422,seller_0061,2017-06-11 18:37:22,45.64,7.09
order_001949,2,prod_00440,seller_0073,2017-10-22 19:35:58,25.02,3.84
order_001949,3,prod_00334,seller_0044,2018-03-05 13:55:58,96.38,4.04
order_001950,1,prod_00388,seller_0176,2018-02-01 13:55:03,17.87,3.0
order_001950,2,prod_00198,seller_0108,2017-05-17 09:12:17,62.15,10.78
order_001950,3,prod_00289,seller_0066,2017-09-29 10:55:15,23.78,3.13
order_001951,1,prod_00113,seller_0099,2018-06-08 23:06:48,24.73,4.34
order_001952,1,prod_00057,seller_0172,2017-11-12 20:56:20,47.0,9.01
order_001953,1,prod_00595,seller_0111,2017-09-12 07:17:51,124.22,10.79
order_001954,1,prod_00564,seller_0169,2017-06-05 11:34:52,83.82,4.41
order_001955,1,prod_00192,seller_0119,2018-05-11 05:05:19,41.27,3.0
order_001956,1,prod_00322,seller_0124,2018-01-30 15:21:18,34.5,3.0
order_001957,1,prod_00698,seller_0067,2017-02-16 23:13:08,55.03,8.04
order_001958,1,prod_00371,seller_0094,2017-10-07 22:05:13,80.43,4.05
order_001958,2,prod_00007,seller_0108,2018-02-11 07:06:28,10.54,3.0
order_001959,1,prod_00404,seller_0147,2017-05-18 08:47:06,30.49,4.33
order_001959,2,prod_00617,seller_0133,2017-11-18 01:32:50,16.71,3.22
order_001960,1,prod_00161,seller_0058,2017-09-05 08:17:56,28.73,3.61
order_001960,2,prod_00663,seller_0077,2018-07-10 01:36:30,14.62,3.0
order_001961,1,prod_00534,seller_0066,2017-08-11 15:59:22,10.24,3.0
order_001962,1,prod_00041,seller_0177,2017-12-05 21:57:52,14.05,3.0
order_001962,2,prod_00691,seller_0037,2018-07-19 20:17:12,23.11,3.0
order_001963,1,prod_00439,seller_0104,2018-03-30 01:31:02,48.48,8.67
order_001964,1,prod_00151,seller_0045,2018-08-27 01:27:24,19.51,3.0
order_001965,1,prod_00547,seller_0023,2018-01-10 06:44:43,18.86,3.0
order_001966,1,prod_00574,seller_0024,2017-08-01 15:52:49,42.83,4.12
order_001967,1,prod_00430,seller_0003,2017-12-07 05:53:52,39.9,5.35
order_001968,1,prod_00674,seller_0153,2017-09-13 11:01:24,100.13,16.32
order_001968,2,prod_00616,seller_0150,2017-01-05 04:04:49,60.8,3.0
order_001969,1,prod_00218,seller_0000,2018-04-22 12:25:04,17.0,3.24
order_001970,1,prod_00092,seller_0048,2018-06-20 06:47:13,21.42,3.0
order_001970,2,prod_00565,seller_0076,2017-08-15 08:30:01,53.8,5.11
order_001971,1,prod_00664,seller_0027,2018-05-08 19:57:25,18.61,3.66
order_001972,1,prod_00206,seller_0065,2017-05-14 16:49:23,26.82,4.51
order_001972,2,prod_00385,seller_0166,2018-08-21 23:17:07,10.89,3.0
order_001973,1,prod_00357,seller_0069,2017-12-28 19:25:07,14.16,3.0
order_001973,2,prod_00241,seller_0091,2018-06-21 04:51:41,75.08,14.03
order_001974,1,prod_00376,seller_0151,2017-06-05 21:15:29,36.92,4.78
order_001975,1,prod_00367,seller_0000,2017-10-07 11:14:47,22.0,3.0
order_001975,2,prod_00689,seller_0147,2017-10-20 21:06:43,24.11,3.0
order_001976,1,prod_00237,seller_0081,2017-08-23 10:50:24,100.98,12.33
order_001976,2,prod_00104,seller_0119,2017-02-11 21:35:36,21.61,3.0
order_001977,1,prod_00318,seller_0172,2017-10-18 13:39:46,45.05,3.0
order_001978,1,prod_00099,seller_0124,2018-07-11 10:20:00,58.35,5.63
order_001979,1,prod_00109,seller_0054,2017-04-19 03:57:48,84.71,3.06
order_001980,1,prod_00444,seller_0144,2017-02-15 10:59:00,19.05,3.0
order_001981,1,prod_00591,seller_0042,2018-06-12 06:50:28,13.33,3.0
order_001982,1,prod_00080,seller_0069,2018-07-06 03:35:40,16.16,3.0
order_001983,1,prod_00272,seller_0116,2017-11-20 00:01:55,53.26,3.0
order_001984,1,prod_00128,seller_0081,2018-02-10 14:02:10,120.87,7.23
order_001984,2,prod_00326,seller_0153,2017-09-24 08:01:01,54.48,8.79
order_001984,3,prod_00413,seller_0044,2018-06-29 11:07:05,21.57,3.0
order_001985,1,prod_00636,seller_0115,2017-03-11 22:13:16,71.67,3.0
order_001985,2,prod_00625,seller_0042,2018-05-27 14:13:33,24.41,3.76
order_001985,3,prod_00634,seller_0106,2017-09-14 23:17:55,19.29,3.0
order_001986,1,prod_00295,seller_0168,2017-04-30 08:09:23,26.7,3.0
order_001986,2,prod_00551,seller_0174,2018-01-31 06:10:05,22.7,3.59
order_001987,1,prod_00203,seller_0136,2017-03-01 04:48:14,20.98,3.0
order_001988,1,prod_00021,seller_0114,2017-09-03 06:01:23,73.27,7.85
order_001989,1,prod_00650,seller_0081,2017-01-20 07:36:17,23.68,4.18
order_001990,1,prod_00634,seller_0056,2018-06-24 13:44:01,11.8,3.0
order_001991,1,prod_00126,seller_0007,2018-02-23 05:58:34,48.46,6.11
order_001991,2,prod_00132,seller_0091,2018-08-13 02:59:13,17.81,3.0
order_001992,1,prod_00634,seller_0133,2017-07-21 21:36:59,18.18,3.57
order_001993,1,prod_00306,seller_0150,2018-05-11 13:28:57,52.24,4.34
order_001994,1,prod_00552,seller_0170,2017-02-01 00:19:16,20.67,3.82
order_001995,1,prod_00632,seller_0032,2018-05-07 23:12:06,24.67,3.0
order_001995,2,prod_00381,seller_0166,2018-03-09 00:03:22,34.04,5.92
order_001996,1,prod_00066,seller_0049,2017-12-16 04:37:29,27.49,4.4
order_001997,1,prod_00420,seller_0128,2017-11-10 14:45:01,25.05,3.0
order_001998,1,prod_00093,seller_0134,2017-09-27 17:36:28,8.0,3.0
order_001999,1,prod_00481,seller_0116,2018-06-27 23:47:17,29.6,3.0
order_002000,1,prod_00403,seller_0075,2017-12-01 16:43:46,94.51,3.14
order_002001,1,prod_00306,seller_0021,2017-10-17 03:22:54,49.86,4.04
order_002002,1,prod_00327,seller_0090,2017-09-19 15:56:14,25.94,3.91
order_002003,1,prod_00673,seller_0015,2018-06-05 12:06:43,44.95,3.0
order_002004,1,prod_00272,seller_0112,2018-01-14 15:53:01,49.79,6.81
order_002004,2,prod_00594,seller_0047,2018-01-11 02:44:23,19.16,3.07
order_002004,3,prod_00566,seller_0034,2017-01-22 08:59:12,74.98,6.21
order_002005,1,prod_00697,seller_0101,2017-01-04 17:20:03,36.82,3.0
order_002005,2,prod_00626,seller_0044,2018-08-31 07:21:40,27.03,3.55
order_002006,1,prod_00434,seller_0164,2018-04-17 21:13:48,93.11,4.87
order_002006,2,prod_00693,seller_0017,2018-06-02 20:15:01,8.63,3.0
order_002007,1,prod_00490,seller_0156,2018-02-12 13:55:31,15.42,3.0
order_002008,1,prod_00086,seller_0139,2017-08-22 14:53:57,50.25,3.79
order_002008,2,prod_00067,seller_0055,2018-06-19 11:09:05,51.32,7.45
order_002008,3,prod_00473,seller_0102,2017-07-01 11:48:47,96.58,8.36
order_002009,1,prod_00370,seller_0065,2017-11-02 04:06:07,8.0,3.0
order_002009,2,prod_00609,seller_0042,2017-11-05 14:29:41,57.87,9.04
order_002010,1,prod_00376,seller_0055,2017-01-05 23:46:20,14.74,3.0
order_002011,1,prod_00168,seller_0061,2018-01-11 03:52:33,43.48,6.22
order_002012,1,prod_00599,seller_0095,2017-12-24 20:01:23,31.75,3.0
order_002013,1,prod_00336,seller_0104,2017-07-29 00:19:15,57.54,3.18
order_002013,2,prod_00667,seller_0145,2018-07-23 01:59:57,28.42,3.0
order_002014,1,prod_00005,seller_0102,2018-08-16 09:24:35,63.89,9.56
order_002015,1,prod_00012,seller_0140,2018-01-30 18:34:00,19.33,3.0
order_002016,1,prod_00094,seller_0165,2017-07-10 15:22:37,31.41,3.0
order_002016,2,prod_00669,seller_0159,2017-04-17 09:40:41,37.54,5.58
order_002017,1,prod_00087,seller_0073,2017-06-28 15:51:02,98.48,7.63
order_002017,2,prod_00498,seller_0093,2017-10-20 17:59:41,56.91,8.17
order_002018,1,prod_00495,seller_0145,2017-10-30 10:34:53,37.82,3.13
order_002019,1,prod_00615,seller_0118,2018-06-17 23:24:57,50.19,3.3
order_002019,2,prod_00435,seller_0023,2018-04-27 12:09:43,67.09,7.66
order_002020,1,prod_00014,seller_0171,2018-04-12 04:02:44,42.24,8.31
order_002021,1,prod_00027,seller_0138,2017-11-15 03:31:29,17.01,3.0
order_002021,2,prod_00009,seller_0121,2018-03-03 01:27:14,49.82,4.47
order_002022,1,prod_00416,seller_0178,2018-02-04 14:38:28,32.51,3.84
order_002023,1,prod_00301,seller_0030,2017-06-10 06:00:49,26.33,3.0
order_002024,1,prod_00047,seller_0159,2018-01-30 22:38:20,19.88,3.0
order_002025,1,prod_00014,seller_0058,2017-11-20 15:00:30,48.26,6.98
order_002025,2,prod_00141,seller_0146,2017-12-01 00:15:51,46.19,3.0
order_002026,1,prod_00335,seller_0013,2017-11-11 14:08:49,17.79,3.0
order_002027,1,prod_00630,seller_0100,2018-05-09 22:50:11,16.14,3.0
order_002028,1,prod_00579,seller_0019,2017-09-21 05:15:45,113.25,18.61
order_002029,1,prod_00313,seller_0170,2018-01-02 06:29:25,57.94,3.0
order_002029,2,prod_00200,seller_0088,2017-07-31 19:32:28,35.04,3.0
order_002030,1,prod_00546,seller_0153,2017-04-13 00:44:35,49.11,4.67
order_002031,1,prod_00656,seller_0132,2017-05-13 01:13:40,24.43,3.94
order_002032,1,prod_00220,seller_0086,2018-07-28 11:49:11,29.6,5.79
order_002032,2,prod_00348,seller_0034,2017-12-15 00:18:40,33.58,3.0
order_002033,1,prod_00077,seller_0084,2017-12-18 19:06:24,61.98,3.32
order_002034,1,prod_00090,seller_0057,2017-10-31 19:03:51,13.21,3.0
order_002035,1,prod_00621,seller_0045,2018-07-30 14:06:50,17.06,3.0
order_002036,1,prod_00158,seller_0060,2017-01-07 03:19:27,14.94,3.0
order_002037,1,prod_00114,seller_0041,2017-06-21 19:36:17,57.66,4.0
order_002038,1,prod_00223,seller_0151,2017-06-02 15:08:42,31.01,3.0
order_002039,1,prod_00244,seller_0163,2017-12-14 18:15:36,18.25,3.0
order_002040,1,prod_00142,seller_0033,2018-09-04 23:36:47,28.67,3.05
order_002041,1,prod_00490,seller_0038,2017-02-12 07:23:35,21.96,3.0
order_002042,1,prod_00401,seller_0006,2018-05-06 23:26:16,13.03,3.0
order_002043,1,prod_00414,seller_0075,2017-12-19 01:16:43,75.13,5.68
order_002044,1,prod_00689,seller_0112,2017-11-07 19:18:53,30.05,5.3
order_002045,1,prod_00649,seller_0047,2017-02-10 04:59:28,76.27,8.26
order_002046,1,prod_00197,seller_0094,2018-09-02 10:58:06,12.91,3.0
order_002046,2,prod_00691,seller_0060,2018-07-31 21:53:56,45.96,9.16
order_002046,3,prod_00474,seller_0000,2018-04-12 05:47:03,12.97,3.0
order_002047,1,prod_00102,seller_0042,2018-05-30 13:03:12,162.31,30.49
order_002047,2,prod_00223,seller_0137,2018-03-05 03:40:44,10.76,3.0
order_002047,3,prod_00158,seller_0158,2018-03-21 13:35:56,106.42,8.8
order_002048,1,prod_00559,seller_0076,2018-01-05 13:53:33,32.69,4.64
order_002049,1,prod_00447,seller_0104,2017-03-21 03:12:04,29.41,3.0
order_002049,2,prod_00545,seller_0098,2017-12-05 16:53:54,48.57,6.34
order_002050,1,prod_00102,seller_0054,2017-05-11 01:47:35,18.0,3.29
order_002051,1,prod_00360,seller_0120,2017-12-23 17:09:00,55.16,10.78
order_002052,1,prod_00379,seller_0073,2017-08-22 07:30:52,57.85,7.0
order_002053,1,prod_00476,seller_0009,2018-06-30 01:02:05,33.37,5.18
order_002053,2,prod_00260,seller_0069,2018-01-22 20:51:30,38.96,5.16
order_002053,3,prod_00044,seller_0031,2018-07-10 08:45:09,116.08,11.77
order_002054,1,prod_00621,seller_0086,2017-05-24 09:02:52,50.57,4.58
order_002055,1,prod_00298,seller_0083,2018-06-25 12:57:11,19.92,3.0
order_002056,1,prod_00642,seller_0084,2018-05-03 02:53:52,53.94,4.79
order_002057,1,prod_00289,seller_0030,2018-01-28 19:10:39,23.34,3.67
order_002058,1,prod_00181,seller_0170,2018-07-06 06:44:05,20.58,3.0
order_002059,1,prod_00324,seller_0020,2017-08-08 23:13:40,46.21,7.03
order_002059,2,prod_00066,seller_0052,2017-12-17 06:15:19,17.18,3.0
order_002060,1,prod_00391,seller_0058,2017-08-06 09:15:17,34.13,3.0
order_002061,1,prod_00693,seller_0081,2018-05-09 01:48:17,51.31,8.86
order_002062,1,prod_00179,seller_0076,2017-11-24 08:48:22,114.58,14.15
order_002063,1,prod_00104,seller_0177,2017-03-03 03:39:10,50.14,7.77
order_002063,2,prod_00095,seller_0152,2018-08-25 02:05:23,12.74,3.0
order_002064,1,prod_00121,seller_0009,2017-12-28 14:53:12,14.1,3.0
order_002065,1,prod_00274,seller_0107,2018-05-05 21:09:30,101.71,18.24
order_002066,1,prod_00176,seller_0092,2018-07-10 02:26:17,21.93,3.0
order_002066,2,prod_00499,seller_0167,2017-11-17 05:40:00,12.36,3.0
order_002067,1,prod_00238,seller_0061,2017-12-23 13:27:45,17.23,3.0
order_002067,2,prod_00254,seller_0082,2018-06-20 19:00:23,55.49,5.17
order_002067,3,prod_00103,seller_0167,2018-08-06 19:18:02,35.64,6.97
order_002068,1,prod_00401,seller_0085,2017-03-05 23:08:48,50.44,3.2
order_002069,1,prod_00225,seller_0109,2017-03-19 23:02:06,32.41,3.89
order_002069,2,prod_00493,seller_0056,2017-03-19 09:01:52,16.17,3.0
order_002070,1,prod_00015,seller_0140,2018-09-03 05:11:38,10.36,3.0
order_002071,1,prod_00449,seller_0014,2018-05-23 23:15:58,19.25,3.0
order_002072,1,prod_00560,seller_0175,2018-08-19 23:48:26,35.84,3.0
order_002073,1,prod_00498,seller_0030,2017-01-07 17:27:18,15.34,3.0
order_002074,1,prod_00184,seller_0103,2017-10-24 06:49:46,62.73,7.08
order_002074,2,prod_00487,seller_0012,2018-05-07 08:09:48,17.29,3.0
order_002075,1,prod_00572,seller_0017,2018-07-05 06:11:06,11.32,3.0
order_002076,1,prod_00368,seller_0126,2017-10-24 09:48:04,33.13,4.66
order_002077,1,prod_00452,seller_0141,2017-09-03 23:37:17,54.3,3.0
order_002078,1,prod_00571,seller_0062,2018-08-11 20:32:52,87.37,4.75
order_002079,1,prod_00336,seller_0010,2017-03-03 05:30:13,11.62,3.0
order_002079,2,prod_00104,seller_0005,2018-02-01 21:03:24,83.55,5.71
order_002079,3,prod_00680,seller_0168,2018-08-11 04:22:54,37.35,3.0
order_002080,1,prod_00228,seller_0135,2018-01-12 02:41:15,22.12,4.38
order_002080,2,prod_00270,seller_0069,2017-11-02 04:06:07,51.55,7.76
order_002081,1,prod_00429,seller_0045,2017-12-31 11:44:11,79.92,6.51
order_002082,1,prod_00124,seller_0126,2017-02-19 15:24:05,11.12,3.0
order_002083,1,prod_00242,seller_0160,2017-04-04 17:23:50,25.03,4.13
order_002084,1,prod_00404,seller_0118,2018-08-11 22:57:18,23.24,3.0
order_002084,2,prod_00513,seller_0148,2018-07-20 19:12:37,49.74,4.12
order_002084,3,prod_00098,seller_0153,2017-10-17 13:29:56,85.54,10.23
order_002085,1,prod_00579,seller_0054,2017-07-26 21:48:07,34.73,6.33
order_002086,1,prod_00193,seller_0131,2017-01-31 00:28:11,27.39,3.0
order_002087,1,prod_00639,seller_0042,2018-05-03 20:34:39,44.23,6.83
order_002087,2,prod_00635,seller_0040,2017-09-19 19:24:41,28.43,5.02
order_002088,1,prod_00497,seller_0178,2018-03-20 14:57:12,8.08,3.0
order_002088,2,prod_00624,seller_0058,2018-05-16 10:20:42,46.34,8.96
order_002088,3,prod_00111,seller_0147,2017-03-02 07:23:48,62.85,4.36
order_002089,1,prod_00326,seller_0062,2017-04-17 09:20:06,66.55,10.16
order_002090,1,prod_00098,seller_0166,2018-05-16 05:59:58,15.62,3.0
order_002090,2,prod_00334,seller_0050,2018-03-17 07:25:13,49.14,4.64
order_002091,1,prod_00407,seller_0003,2017-01-07 23:01:45,89.68,12.39
order_002092,1,prod_00396,seller_0083,2018-06-01 09:35:44,171.55,22.92
order_002093,1,prod_00053,seller_0107,2018-05-05 21:09:30,45.21,4.18
order_002094,1,prod_00058,seller_0069,2018-02-03 02:13:05,62.77,5.89
order_002094,2,prod_00698,seller_0047,2018-08-25 19:23:14,17.37,3.0
order_002095,1,prod_00177,seller_0149,2018-06-20 23:58:20,15.96,3.17
order_002095,2,prod_00346,seller_0067,2017-04-12 08:23:22,62.91,10.43
order_002096,1,prod_00405,seller_0126,2017-06-13 21:07:50,8.82,3.0
order_002096,2,prod_00111,seller_0016,2017-08-07 11:43:41,36.63,3.36
order_002096,3,prod_00224,seller_0157,2017-12-15 04:40:08,83.92,15.31
order_002097,1,prod_00421,seller_0134,2017-09-01 22:21:02,52.62,8.55
order_002098,1,prod_00149,seller_0030,2018-04-08 12:01:17,52.4,7.39
order_002098,2,prod_00554,seller_0094,2018-02-28 11:37:33,32.07,4.86
order_002099,1,prod_00453,seller_0134,2017-11-23 00:04:32,25.37,3.0
order_002100,1,prod_00692,seller_0142,2017-05-30 05:27:59,134.37,6.15
order_002101,1,prod_00396,seller_0075,2018-08-15 22:15:28,73.84,6.18
order_002102,1,prod_00560,seller_0020,2017-04-20 21:07:25,57.4,6.33
order_002102,2,prod_00228,seller_0010,2017-06-10 04:31:21,33.72,5.09
order_002103,1,prod_00485,seller_0179,2017-05-29 14:09:13,22.65,3.69
order_002104,1,prod_00656,seller_0019,2018-04-02 10:28:18,66.8,12.05
order_002105,1,prod_00575,seller_0062,2018-01-08 00:30:59,27.13,3.0
order_002106,1,prod_00544,seller_0154,2017-06-25 06:52:35,34.85,5.48
order_002106,2,prod_00315,seller_0171,2018-02-15 15:56:56,49.41,9.84
order_002107,1,prod_00417,seller_0084,2017-01-19 21:07:04,37.95,3.0
order_002108,1,prod_00414,seller_0121,2017-09-01 09:58:37,90.69,3.8
order_002109,1,prod_00146,seller_0092,2017-07-21 01:48:24,14.04,3.0
order_002110,1,prod_00184,seller_0019,2018-04-03 16:55:04,34.6,3.0
order_002111,1,prod_00453,seller_0088,2017-11-10 08:52:35,132.92,20.25
order_002112,1,prod_00445,seller_0140,2018-03-19 02:35:16,59.33,5.69
order_002112,2,prod_00481,seller_0112,2017-03-03 19:09:14,29.13,3.0
order_002113,1,prod_00422,seller_0100,2017-11-28 00:14:30,55.66,10.57
order_002113,2,prod_00406,seller_0149,2018-01-31 12:32:04,32.1,3.0
order_002114,1,prod_00363,seller_0033,2017-07-26 08:22:26,85.9,8.53
order_002115,1,prod_00446,seller_0102,2018-06-25 19:41:45,56.48,3.0
order_002116,1,prod_00253,seller_0033,2018-08-27 23:26:28,18.85,3.0
order_002117,1,prod_00113,seller_0011,2018-07-31 21:45:50,38.67,3.54
order_002117,2,prod_00473,seller_0171,2017-05-06 23:03:12,43.47,6.23
order_002118,1,prod_00234,seller_0140,2017-07-17 01:08:29,44.89,3.0
order_002118,2,prod_00530,seller_0179,2017-08-02 15:52:49,40.74,3.64
order_002119,1,prod_00623,seller_0082,2018-01-14 17:38:59,47.8,4.4
order_002120,1,prod_00273,seller_0103,2018-01-12 20:46:37,43.48,7.15
order_002120,2,prod_00095,seller_0011,2017-06-22 17:23:45,20.72,3.0
order_002120,3,prod_00000,seller_0033,2017-03-20 18:14:53,24.61,4.47
order_002121,1,prod_00412,seller_0015,2018-05-15 21:18:12,28.07,5.35
order_002122,1,prod_00617,seller_0061,2018-06-30 12:06:30,35.24,3.0
order_002122,2,prod_00628,seller_0073,2018-01-15 21:55:49,28.13,3.0
order_002123,1,prod_00629,seller_0038,2017-03-16 07:29:59,67.82,10.49
order_002123,2,prod_00009,seller_0140,2017-12-13 13:00:24,17.74,3.0
order_002123,3,prod_00038,seller_0109,2017-03-15 17:56:56,10.72,3.0
order_002124,1,prod_00676,seller_0078,2017-07-22 22:03:33,118.92,23.26
order_002125,1,prod_00471,seller_0072,2018-05-15 10:44:42,19.47,3.0
order_002125,2,prod_00618,seller_0101,2017-12-29 22:07:13,67.71,3.89
order_002125,3,prod_00686,seller_0068,2017-06-03 04:48:45,49.18,3.0
order_002126,1,prod_00500,seller_0139,2018-05-04 10:03:41,19.92,3.0
order_002127,1,prod_00280,seller_0144,2017-04-01 05:52:49,30.37,3.0
order_002128,1,prod_00496,seller_0033,2017-06-28 13:26:23,27.57,4.45
order_002128,2,prod_00438,seller_0173,2018-05-04 16:24:48,41.75,4.59
order_002129,1,prod_00607,seller_0082,2018-08-17 22:58:57,20.11,3.0
order_002130,1,prod_00602,seller_0035,2018-02-03 16:57:59,29.53,3.93
order_002131,1,prod_00119,seller_0153,2018-01-06 07:12:15,32.32,3.0
order_002132,1,prod_00616,seller_0074,2018-05-26 23:36:50,67.77,10.19
order_002133,1,prod_00489,seller_0026,2017-09-19 15:38:22,25.35,4.32
order_002133,2,prod_00514,seller_0096,2017-03-20 00:53:42,17.56,3.0
order_002134,1,prod_00240,seller_0073,2018-07-20 19:18:44,23.24,3.0
order_002134,2,prod_00340,seller_0044,2017-08-05 01:41:31,42.04,3.0
order_002135,1,prod_00612,seller_0130,2017-10-22 16:50:01,10.47,3.0
order_002135,2,prod_00097,seller_0072,2017-09-02 07:49:36,72.11,13.68
order_002136,1,prod_00373,seller_0094,2018-02-21 02:07:38,33.54,5.07
order_002136,2,prod_00676,seller_0010,2017-03-23 10:47:26,43.89,3.0
order_002137,1,prod_00536,seller_0066,2018-04-16 14:22:01,38.19,3.15
order_002137,2,prod_00104,seller_0007,2017-02-28 09:49:57,21.46,4.12
order_002138,1,prod_00116,seller_0050,2018-05-29 22:40:21,16.39,3.0
order_002138,2,prod_00352,seller_0141,2017-06-22 17:00:09,21.0,3.0
order_002139,1,prod_00169,seller_0166,2017-01-28 22:23:35,12.44,3.0
order_002140,1,prod_00617,seller_0061,2018-03-29 16:14:25,41.53,3.0
order_002140,2,prod_00586,seller_0125,2018-06-25 03:05:20,29.79,5.58
order_002141,1,prod_00667,seller_0127,2017-10-29 22:14:13,12.22,3.0
order_002142,1,prod_00276,seller_0140,2018-04-13 07:55:45,22.18,3.0
order_002143,1,prod_00199,seller_0014,2018-02-12 03:15:29,50.6,3.0
order_002144,1,prod_00369,seller_0053,2018-09-01 07:02:15,76.74,3.0
order_002145,1,prod_00080,seller_0120,2017-07-18 03:41:04,14.37,3.0
order_002145,2,prod_00507,seller_0053,2017-09-21 10:58:54,134.95,19.68
order_002145,3,prod_00608,seller_0117,2017-10-22 09:36:23,17.75,3.0
order_002146,1,prod_00118,seller_0161,2017-04-14 12:46:17,10.93,3.0
order_002147,1,prod_00138,seller_0147,2018-02-26 22:28:21,103.79,17.1
order_002147,2,prod_00211,seller_0088,2018-02-12 16:57:56,16.83,3.0
order_002148,1,prod_00560,seller_0036,2017-07-30 01:03:02,89.17,11.82
order_002149,1,prod_00227,seller_0057,2017-01-06 06:03:56,21.49,3.0
order_002149,2,prod_00510,seller_0099,2018-04-30 21:45:17,27.37,3.0
order_002150,1,prod_00641,seller_0134,2017-04-02 10:39:56,14.18,3.0
order_002151,1,prod_00306,seller_0162,2018-02-21 07:41:09,75.97,3.37
order_002151,2,prod_00096,seller_0151,2017-10-06 08:27:56,69.48,11.56
order_002151,3,prod_00641,seller_0039,2018-07-11 13:34:33,21.56,3.0
order_002152,1,prod_00259,seller_0019,2017-08-11 23:08:10,31.54,3.0
order_002153,1,prod_00419,seller_0022,2017-12-26 15:41:54,50.93,3.0
order_002153,2,prod_00671,seller_0039,2017-05-25 09:02:52,24.38,4.83
order_002154,1,prod_00628,seller_0062,2018-03-18 00:34:46,80.38,10.19
order_002154,2,prod_00584,seller_0007,2017-12-30 11:00:03,30.91,3.26
order_002154,3,prod_00247,seller_0173,2017-03-20 13:37:49,23.63,4.43
order_002155,1,prod_00469,seller_0062,2018-08-24 05:25:39,11.84,3.0
order_002155,2,prod_00233,seller_0028,2017-12-30 22:07:13,14.28,3.0
order_002156,1,prod_00384,seller_0095,2017-07-12 13:53:13,48.55,8.5
order_002156,2,prod_00236,seller_0021,2018-06-28 11:33:55,38.59,6.08
order_002157,1,prod_00587,seller_0153,2017-12-10 22:02:18,56.27,3.0
order_002158,1,prod_00525,seller_0179,2018-08-03 00:16:44,22.97,4.42
order_002159,1,prod_00662,seller_0164,2018-06-12 14:44:17,11.39,3.0
order_002160,1,prod_00186,seller_0070,2017-05-05 09:26:42,23.98,3.0
order_002161,1,prod_00646,seller_0114,2017-09-22 04:56:04,124.54,19.96
order_002162,1,prod_00173,seller_0026,2018-06-04 20:15:01,17.69,3.0
order_002162,2,prod_00447,seller_0008,2017-11-01 13:03:59,32.34,3.0
order_002163,1,prod_00121,seller_0100,2017-04-27 12:07:42,8.0,3.0
order_002163,2,prod_00509,seller_0134,2018-04-25 22:01:23,23.62,3.24
order_002163,3,prod_00542,seller_0002,2018-08-23 05:25:39,25.3,3.01
order_002164,1,prod_00542,seller_0178,2017-09-13 13:40:22,41.09,5.95
order_002164,2,prod_00194,seller_0076,2018-01-17 06:06:38,26.93,5.16
order_002165,1,prod_00566,seller_0111,2018-01-03 19:00:12,12.34,3.0
order_002165,2,prod_00111,seller_0006,2018-04-23 03:36:22,21.51,3.0
order_002166,1,prod_00513,seller_0159,2017-10-24 01:25:27,29.0,3.0
order_002167,1,prod_00329,seller_0101,2017-04-16 00:58:15,17.33,3.28
order_002168,1,prod_00125,seller_0086,2018-07-28 18:17:23,19.05,3.0
order_002168,2,prod_00681,seller_0112,2017-07-01 03:52:58,63.65,5.89
order_002169,1,prod_00531,seller_0149,2018-02-05 17:50:54,22.06,4.06
order_002170,1,prod_00102,seller_0000,2018-03-19 15:24:34,44.08,6.34
order_002171,1,prod_00273,seller_0008,2017-07-16 07:55:56,29.52,3.0
order_002171,2,prod_00516,seller_0092,2018-04-19 10:59:39,14.89,3.0
order_002172,1,prod_00139,seller_0140,2018-08-16 12:00:59,26.67,3.0
order_002173,1,prod_00331,seller_0170,2018-06-04 09:27:13,40.01,4.75
order_002174,1,prod_00071,seller_0016,2017-01-24 22:18:51,102.4,7.29
order_002175,1,prod_00015,seller_0071,2017-08-22 11:51:44,20.05,3.0
order_002175,2,prod_00168,seller_0140,2017-03-24 09:53:25,31.33,3.0
order_002176,1,prod_00497,seller_0171,2017-01-09 21:49:17,59.79,10.1
order_002177,1,prod_00355,seller_0045,2018-06-16 01:54:35,75.14,9.47
order_002178,1,prod_00216,seller_0173,2017-01-15 09:00:16,21.72,3.0
order_002179,1,prod_00172,seller_0145,2018-07-28 19:40:19,29.93,5.3
order_002179,2,prod_00562,seller_0043,2017-05-11 15:44:42,68.26,11.07
order_002180,1,prod_00466,seller_0146,2017-09-25 20:10:27,46.18,5.26
order_002180,2,prod_00604,seller_0103,2017-09-09 02:14:50,64.83,7.36
order_002181,1,prod_00675,seller_0151,2017-03-16 17:48:17,70.91,7.77
order_002182,1,prod_00442,seller_0149,2018-06-08 09:10:52,47.46,5.78
order_002182,2,prod_00030,seller_0036,2017-08-29 13:46:13,36.35,6.39
order_002183,1,prod_00656,seller_0127,2018-07-09 15:26:57,21.41,3.0
order_002184,1,prod_00091,seller_0082,2017-11-22 00:04:32,28.25,3.0
order_002185,1,prod_00496,seller_0136,2018-09-04 10:47:25,29.5,4.65
order_002186,1,prod_00173,seller_0024,2017-05-27 06:10:14,72.19,14.0
order_002187,1,prod_00536,seller_0046,2017-04-18 00:58:15,37.14,3.0
order_002187,2,prod_00563,seller_0041,2017-03-08 03:10:37,37.37,3.0
order_002187,3,prod_00555,seller_0165,2017-11-16 16:10:52,17.35,3.0
order_002188,1,prod_00189,seller_0066,2017-03-16 09:34:00,72.45,14.13
order_002188,2,prod_00449,seller_0042,2017-08-12 14:53:32,20.11,3.05
order_002189,1,prod_00134,seller_0132,2017-04-26 22:00:08,27.52,3.42
order_002189,2,prod_00620,seller_0116,2017-03-16 19:48:08,77.56,5.4
order_002190,1,prod_00107,seller_0114,2017-04-19 17:45:50,58.93,11.37
order_002191,1,prod_00588,seller_0159,2017-07-17 01:08:29,19.06,3.0
order_002191,2,prod_00104,seller_0162,2018-07-12 23:57:15,16.42,3.0
order_002192,1,prod_00202,seller_0064,2017-12-17 18:25:37,29.01,5.22
order_002193,1,prod_00503,seller_0173,2017-04-03 09:40:48,22.77,4.07
order_002194,1,prod_00670,seller_0099,2018-09-02 10:21:57,12.76,3.0
order_002194,2,prod_00495,seller_0159,2018-05-27 02:07:03,20.29,3.0
order_002195,1,prod_00240,seller_0124,2017-08-21 22:43:39,8.0,3.0
order_002195,2,prod_00217,seller_0014,2018-06-03 14:22:20,59.6,11.01
order_002196,1,prod_00441,seller_0167,2018-06-18 04:41:07,57.21,6.91
order_002196,2,prod_00314,seller_0104,2017-02-26 14:28:54,82.79,11.6
order_002197,1,prod_00144,seller_0080,2017-11-29 06:31:00,41.66,3.7
order_002197,2,prod_00439,seller_0061,2017-09-22 22:45:59,24.74,3.0
order_002197,3,prod_00304,seller_0108,2018-07-23 17:36:25,64.41,5.22
order_002198,1,prod_00682,seller_0165,2018-07-26 19:05:14,20.99,3.99
order_002199,1,prod_00020,seller_0025,2018-03-24 16:41:29,13.98,3.0
order_002199,2,prod_00520,seller_0040,2017-11-23 15:52:41,30.09,5.18
order_002200,1,prod_00558,seller_0011,2017-12-21 22:06:37,43.26,3.0
order_002200,2,prod_00562,seller_0035,2017-08-15 13:38:06,19.54,3.0
order_002200,3,prod_00490,seller_0003,2017-03-31 21:08:19,16.76,3.0
order_002201,1,prod_00684,seller_0037,2017-06-20 07:47:40,25.26,3.0
order_002201,2,prod_00216,seller_0085,2017-12-25 17:47:19,43.28,6.21
order_002202,1,prod_00266,seller_0149,2017-06-29 03:52:58,30.13,3.0
order_002203,1,prod_00653,seller_0098,2018-05-26 14:55:58,183.78,22.26
order_002204,1,prod_00048,seller_0040,2017-07-08 13:26:09,30.31,3.0
order_002205,1,prod_00578,seller_0015,2017-06-15 10:36:17,53.94,10.63
order_002206,1,prod_00522,seller_0159,2018-04-20 17:58:33,12.91,3.0
order_002206,2,prod_00412,seller_0032,2018-06-28 02:57:24,48.5,7.67
order_002207,1,prod_00084,seller_0138,2017-09-03 12:06:30,24.52,4.36
order_002207,2,prod_00427,seller_0047,2017-12-16 18:25:37,32.92,6.56
order_002207,3,prod_00307,seller_0113,2017-05-14 02:38:57,99.13,13.93
order_002208,1,prod_00061,seller_0160,2017-04-12 04:57:35,26.0,3.46
order_002208,2,prod_00516,seller_0164,2017-10-07 08:16:05,14.15,3.0
order_002209,1,prod_00568,seller_0017,2017-04-14 18:46:09,15.66,3.0
order_002210,1,prod_00390,seller_0091,2018-04-29 10:00:10,37.05,6.6
order_002211,1,prod_00114,seller_0088,2017-02-26 18:19:00,35.77,4.28
order_002212,1,prod_00257,seller_0158,2017-12-28 14:53:12,34.82,5.31
order_002213,1,prod_00378,seller_0142,2017-04-01 16:47:31,14.36,3.0
order_002214,1,prod_00360,seller_0025,2018-03-31 23:06:30,123.61,6.06
order_002214,2,prod_00414,seller_0156,2018-01-17 12:11:32,85.79,11.17
order_002214,3,prod_00171,seller_0065,2018-07-27 20:58:12,36.04,3.0
order_002215,1,prod_00557,seller_0124,2017-01-17 18:37:01,12.32,3.0
order_002215,2,prod_00051,seller_0032,2018-07-22 19:18:44,92.75,14.23
order_002216,1,prod_00690,seller_0047,2017-09-21 15:30:58,69.33,6.56
order_002216,2,prod_00288,seller_0012,2018-02-20 10:24:11,35.4,3.0
order_002217,1,prod_00580,seller_0021,2017-01-29 06:00:08,72.18,12.35
order_002218,1,prod_00040,seller_0167,2018-06-10 11:16:34,24.02,3.0
order_002219,1,prod_00468,seller_0028,2018-01-26 16:20:41,17.74,3.0
order_002220,1,prod_00685,seller_0112,2018-05-07 04:04:03,36.68,3.0
order_002221,1,prod_00672,seller_0138,2017-08-02 13:59:05,12.07,3.0
order_002221,2,prod_00313,seller_0013,2017-12-05 19:56:45,16.09,3.0
order_002222,1,prod_00261,seller_0053,2017-03-17 19:33:31,47.16,8.0
order_002223,1,prod_00617,seller_0086,2018-03-05 23:57:46,38.71,3.69
order_002224,1,prod_00446,seller_0060,2018-07-27 08:26:25,13.49,3.0
order_002224,2,prod_00666,seller_0158,2018-05-29 18:43:39,25.38,3.0
order_002225,1,prod_00164,seller_0031,2018-02-18 14:55:54,13.88,3.0
order_002226,1,prod_00314,seller_0130,2017-03-25 17:15:43,24.11,4.31
order_002227,1,prod_00218,seller_0078,2017-12-08 12:41:44,22.45,3.2
order_002227,2,prod_00294,seller_0069,2018-05-17 15:55:57,63.11,3.0
order_002228,1,prod_00610,seller_0060,2017-12-20 06:57:09,29.91,3.65
order_002228,2,prod_00625,seller_0121,2017-06-27 10:31:56,28.27,3.24
order_002229,1,prod_00416,seller_0064,2017-11-23 17:11:01,25.66,3.77
order_002229,2,prod_00024,seller_0113,2017-07-02 02:23:05,10.82,3.0
order_002230,1,prod_00309,seller_0006,2018-05-22 04:18:07,31.06,3.92
order_002231,1,prod_00341,seller_0049,2018-07-15 08:05:47,45.32,8.11
order_002232,1,prod_00499,seller_0083,2018-07-29 14:52:23,38.5,5.36
order_002233,1,prod_00188,seller_0039,2018-01-01 12:49:33,51.95,4.54
order_002234,1,prod_00405,seller_0020,2018-05-23 22:27:17,53.62,5.04
order_002235,1,prod_00526,seller_0039,2017-10-08 03:21:58,138.21,24.32
order_002236,1,prod_00398,seller_0096,2018-05-18 19:19:38,15.9,3.0
order_002237,1,prod_00585,seller_0172,2017-01-10 11:18:02,38.57,3.0
order_002238,1,prod_00176,seller_0120,2017-03-23 09:18:15,41.49,6.55
order_002239,1,prod_00434,seller_0162,2018-02-12 00:47:07,26.9,3.0
order_002240,1,prod_00318,seller_0098,2017-11-20 16:55:13,21.95,3.0
order_002240,2,prod_00284,seller_0005,2018-06-09 13:41:05,45.8,7.83
order_002241,1,prod_00296,seller_0026,2018-06-01 16:27:17,43.03,3.0
order_002242,1,prod_00388,seller_0136,2017-02-23 20:52:16,16.7,3.0
order_002243,1,prod_00359,seller_0110,2017-01-30 16:23:54,10.29,3.0
order_002244,1,prod_00401,seller_0151,2018-04-10 03:16:29,24.06,3.64
order_002244,2,prod_00672,seller_0074,2018-07-23 12:00:55,21.38,3.45
order_002245,1,prod_00444,seller_0167,2018-06-22 20:49:51,49.0,3.0
order_002246,1,prod_00382,seller_0064,2018-06-25 19:41:45,18.16,3.09
order_002247,1,prod_00645,seller_0151,2018-06-24 23:34:57,29.5,3.99
order_002248,1,prod_00166,seller_0026,2017-09-27 21:39:47,10.92,3.0
order_002249,1,prod_00174,seller_0081,2017-07-12 12:40:51,12.08,3.0
order_002250,1,prod_00081,seller_0178,2018-07-18 22:27:32,20.08,3.19
order_002251,1,prod_00141,seller_0143,2017-02-12 19:45:06,28.14,5.56
order_002252,1,prod_00054,seller_0070,2018-01-20 03:52:36,19.44,3.0
order_002253,1,prod_00133,seller_0161,2017-02-02 12:04:54,36.33,6.76
order_002253,2,prod_00459,seller_0082,2017-10-21 04:22:11,10.96,3.0
order_002254,1,prod_00488,seller_0169,2017-07-30 00:19:15,28.8,4.3
order_002255,1,prod_00453,seller_0016,2018-06-20 14:36:51,29.01,3.67
order_002255,2,prod_00633,seller_0148,2018-03-06 20:26:36,12.92,3.0
order_002256,1,prod_00600,seller_0121,2017-04-02 16:47:31,38.42,5.22
order_002257,1,prod_00228,seller_0031,2017-12-31 11:26:30,8.09,3.0
order_002258,1,prod_00132,seller_0050,2017-05-20 19:16:45,21.21,4.06
order_002259,1,prod_00294,seller_0147,2018-05-28 08:50:50,55.25,9.15
order_002260,1,prod_00649,seller_0133,2017-07-13 04:41:22,8.0,3.0
order_002261,1,prod_00677,seller_0034,2017-04-16 00:58:15,51.22,7.07
order_002261,2,prod_00143,seller_0012,2017-04-25 14:10:50,15.52,3.0
order_002261,3,prod_00101,seller_0057,2017-09-20 20:56:58,22.56,3.0
order_002262,1,prod_00516,seller_0053,2018-06-03 06:58:32,82.62,11.77
order_002263,1,prod_00615,seller_0112,2017-01-31 14:49:06,22.03,3.0
order_002264,1,prod_00665,seller_0134,2018-02-08 16:17:20,94.53,12.39
order_002264,2,prod_00671,seller_0049,2018-06-17 01:36:44,27.16,3.0
order_002265,1,prod_00197,seller_0071,2018-05-17 05:52:51,31.34,5.16
order_002266,1,prod_00559,seller_0033,2017-10-10 02:11:16,57.25,5.82
order_002267,1,prod_00471,seller_0006,2017-03-23 12:10:20,47.16,9.3
order_002267,2,prod_00235,seller_0164,2018-08-01 21:53:56,36.6,6.44
order_002268,1,prod_00011,seller_0142,2018-03-05 15:56:35,24.5,3.29
order_002269,1,prod_00457,seller_0142,2018-05-27 17:23:10,12.08,3.0
order_002270,1,prod_00253,seller_0173,2017-04-01 21:50:22,12.47,3.0
order_002270,2,prod_00203,seller_0007,2017-10-20 00:25:59,77.75,12.33
order_002271,1,prod_00006,seller_0067,2018-06-10 02:41:26,99.95,11.02
order_002272,1,prod_00084,seller_0133,2018-01-12 18:22:15,36.03,4.71
order_002272,2,prod_00133,seller_0111,2018-08-09 08:11:19,10.46,3.0
order_002273,1,prod_00075,seller_0141,2017-06-20 05:34:50,20.05,3.0
order_002274,1,prod_00664,seller_0067,2018-07-26 07:21:22,19.41,3.0
order_002275,1,prod_00006,seller_0016,2017-05-14 14:24:21,23.07,4.09
order_002276,1,prod_00272,seller_0099,2017-07-28 17:50:47,18.63,3.0
order_002276,2,prod_00684,seller_0133,2017-12-10 18:58:15,46.45,8.37
order_002277,1,prod_00082,seller_0132,2017-07-21 15:30:15,38.89,4.86
order_002278,1,prod_00458,seller_0031,2017-05-16 18:26:37,92.48,9.08
order_002279,1,prod_00175,seller_0113,2018-07-18 05:52:08,25.71,5.11
order_002280,1,prod_00224,seller_0113,2018-02-12 23:01:34,37.72,3.0
order_002281,1,prod_00310,seller_0056,2018-08-30 02:42:01,53.61,4.77
order_002282,1,prod_00405,seller_0046,2017-10-07 18:02:51,64.33,4.33
order_002282,2,prod_00532,seller_0035,2018-09-02 17:49:38,14.84,3.0
order_002283,1,prod_00433,seller_0019,2018-01-29 12:32:04,43.08,3.0
order_002283,2,prod_00014,seller_0097,2018-02-21 05:26:07,36.43,3.0
order_002284,1,prod_00128,seller_0056,2017-06-20 04:25:26,40.32,3.02
order_002285,1,prod_00439,seller_0118,2018-03-19 15:24:34,34.42,4.59
order_002286,1,prod_00202,seller_0106,2018-01-15 05:28:02,100.82,7.56
order_002287,1,prod_00041,seller_0103,2017-07-28 00:19:15,18.56,3.0
order_002288,1,prod_00383,seller_0173,2017-06-01 18:07:36,17.86,3.0
order_002289,1,prod_00221,seller_0023,2017-04-18 00:45:08,19.42,3.0
order_002289,2,prod_00587,seller_0006,2018-05-10 13:28:57,27.42,3.53
order_002290,1,prod_00622,seller_0063,2018-05-10 22:50:11,40.07,5.39
order_002291,1,prod_00090,seller_0004,2018-02-25 01:17:54,24.62,3.55
order_002292,1,prod_00544,seller_0134,2017-08-02 02:21:44,63.69,11.41
order_002292,2,prod_00600,seller_0066,2017-03-01 15:41:35,33.04,4.78
order_002293,1,prod_00448,seller_0026,2018-06-11 16:07:27,31.1,4.74
order_002294,1,prod_00426,seller_0014,2017-05-09 21:31:05,13.95,3.0
order_002294,2,prod_00324,seller_0159,2017-04-21 16:15:55,108.17,20.62
order_002295,1,prod_00342,seller_0067,2017-06-16 14:26:40,32.11,5.38
order_002295,2,prod_00055,seller_0083,2017-01-30 08:59:07,95.98,12.39
order_002296,1,prod_00100,seller_0030,2018-04-30 03:17:55,22.1,3.0
order_002297,1,prod_00478,seller_0142,2018-03-19 17:51:08,56.82,3.0
order_002297,2,prod_00384,seller_0132,2017-03-10 13:59:42,22.97,4.54
order_002298,1,prod_00121,seller_0061,2017-04-13 04:59:39,108.03,5.84
order_002299,1,prod_00247,seller_0153,2017-02-11 22:49:51,68.61,8.0
order_002300,1,prod_00452,seller_0064,2017-05-06 22:16:18,57.52,5.07
order_002300,2,prod_00132,seller_0162,2018-02-19 11:41:35,20.68,3.0
order_002301,1,prod_00147,seller_0174,2018-04-21 19:49:46,114.36,11.59
order_002301,2,prod_00615,seller_0083,2018-07-22 01:59:57,124.55,15.86
order_002302,1,prod_00320,seller_0102,2017-11-06 16:52:21,25.87,3.0
order_002303,1,prod_00322,seller_0150,2017-09-11 13:40:22,36.78,3.0
order_002304,1,prod_00051,seller_0018,2017-10-06 21:22:16,60.49,8.12
order_002304,2,prod_00055,seller_0085,2017-08-06 21:28:34,9.19,3.0
order_002305,1,prod_00454,seller_0172,2018-08-13 21:27:20,69.74,10.1
order_002306,1,prod_00211,seller_0036,2017-10-18 08:01:57,64.42,12.79
order_002307,1,prod_00195,seller_0067,2018-08-21 22:04:44,22.96,3.0
order_002308,1,prod_00127,seller_0153,2017-03-31 00:16:29,8.0,3.0
order_002309,1,prod_00527,seller_0127,2017-12-06 05:27:19,41.12,4.16
order_002310,1,prod_00657,seller_0088,2017-12-12 01:35:13,15.85,3.0
order_002311,1,prod_00182,seller_0023,2018-03-28 16:14:25,11.79,3.0
order_002312,1,prod_00170,seller_0032,2017-03-19 03:01:06,42.14,3.0
order_002313,1,prod_00545,seller_0153,2017-04-15 09:20:06,78.0,9.03
order_002313,2,prod_00354,seller_0091,2017-11-17 02:41:30,28.72,3.0
order_002314,1,prod_00555,seller_0172,2017-02-23 11:13:52,71.55,7.46
order_002314,2,prod_00521,seller_0018,2017-01-28 04:22:02,50.99,8.38
order_002315,1,prod_00556,seller_0068,2017-04-17 13:33:33,13.56,3.0
order_002316,1,prod_00110,seller_0016,2017-04-29 17:38:43,23.1,3.44
order_002317,1,prod_00374,seller_0026,2017-09-12 09:00:15,66.79,4.45
order_002318,1,prod_00306,seller_0001,2018-03-13 10:10:01,22.98,3.0
order_002318,2,prod_00606,seller_0100,2018-06-18 03:52:34,56.4,8.6
order_002319,1,prod_00457,seller_0042,2017-04-09 22:39:36,25.37,3.0
order_002319,2,prod_00521,seller_0029,2017-08-14 04:27:21,52.92,5.1
order_002320,1,prod_00617,seller_0158,2017-08-31 02:59:46,43.77,7.59
order_002320,2,prod_00483,seller_0079,2017-02-19 15:24:05,28.18,3.0
order_002321,1,prod_00457,seller_0097,2018-08-08 01:50:46,51.96,5.67
order_002321,2,prod_00370,seller_0112,2018-06-14 17:25:04,8.13,3.0
order_002322,1,prod_00056,seller_0078,2018-01-19 16:15:37,16.35,3.02
order_002322,2,prod_00504,seller_0025,2018-04-13 04:02:44,24.5,3.0
order_002323,1,prod_00225,seller_0088,2017-03-25 17:15:43,70.97,12.59
order_002324,1,prod_00086,seller_0170,2017-07-14 05:09:31,12.94,3.0
order_002325,1,prod_00245,seller_0123,2018-07-21 01:51:32,32.38,5.36
order_002326,1,prod_00242,seller_0127,2017-03-13 07:59:00,40.7,3.66
order_002327,1,prod_00271,seller_0102,2018-07-30 07:46:25,38.9,7.5
order_002327,2,prod_00196,seller_0065,2017-01-17 05:08:35,31.06,5.14
order_002328,1,prod_00659,seller_0084,2017-10-24 21:17:24,22.12,3.0
order_002329,1,prod_00618,seller_0074,2017-11-24 01:47:48,28.21,3.0
order_002330,1,prod_00024,seller_0104,2017-12-29 11:00:03,62.4,4.11
order_002331,1,prod_00347,seller_0152,2017-12-07 01:22:38,21.17,3.0
order_002332,1,prod_00211,seller_0002,2018-07-26 01:24:21,8.14,3.0
order_002333,1,prod_00594,seller_0085,2018-09-03 19:24:24,44.84,4.05
order_002334,1,prod_00344,seller_0047,2017-06-17 17:43:19,87.56,12.21
order_002335,1,prod_00443,seller_0177,2018-06-18 04:41:07,16.72,3.0
order_002336,1,prod_00060,seller_0026,2017-07-19 02:59:34,80.2,5.04
order_002337,1,prod_00499,seller_0011,2018-08-11 07:58:48,46.45,3.45
order_002338,1,prod_00338,seller_0126,2018-07-16 12:33:46,15.62,3.0
order_002339,1,prod_00612,seller_0048,2017-09-11 01:46:43,20.96,3.0
order_002339,2,prod_00074,seller_0039,2017-06-19 01:40:32,20.37,3.0
order_002339,3,prod_00212,seller_0093,2018-05-24 02:59:58,36.96,3.0
order_002340,1,prod_00586,seller_0167,2018-06-30 05:29:50,29.43,3.0
order_002341,1,prod_00163,seller_0024,2017-08-21 19:30:05,67.94,5.13
order_002342,1,prod_00189,seller_0097,2017-04-08 08:06:33,57.52,6.53
order_002342,2,prod_00211,seller_0064,2017-10-20 21:58:54,12.13,3.0
order_002343,1,prod_00366,seller_0033,2017-01-15 09:00:16,13.17,3.0
order_002343,2,prod_00038,seller_0093,2017-08-22 14:53:57,49.37,4.82
order_002344,1,prod_00432,seller_0173,2018-07-13 12:51:40,23.69,3.0
order_002345,1,prod_00566,seller_0046,2017-05-18 21:25:45,29.56,3.7
order_002346,1,prod_00214,seller_0039,2017-05-05 19:51:30,47.24,4.17
order_002346,2,prod_00119,seller_0029,2017-08-25 08:49:51,57.86,10.16
order_002347,1,prod_00245,seller_0111,2017-04-12 15:07:44,14.85,3.0
order_002348,1,prod_00451,seller_0048,2018-02-15 04:35:40,8.0,3.0
order_002348,2,prod_00357,seller_0106,2017-08-07 09:15:17,30.77,5.67
order_002349,1,prod_00422,seller_0014,2017-09-26 15:05:30,19.0,3.0
order_002350,1,prod_00563,seller_0126,2017-07-13 04:12:31,34.57,4.04
order_002350,2,prod_00663,seller_0035,2017-08-09 01:58:03,31.26,5.56
order_002351,1,prod_00316,seller_0015,2017-07-18 17:10:43,17.57,3.0
order_002351,2,prod_00532,seller_0010,2018-05-28 02:07:18,128.57,24.88
order_002352,1,prod_00343,seller_0142,2018-03-28 12:14:24,33.48,3.0
order_002352,2,prod_00096,seller_0171,2018-02-26 01:07:40,22.81,3.34
order_002353,1,prod_00417,seller_0075,2017-06-24 03:21:19,35.37,3.0
order_002353,2,prod_00667,seller_0028,2017-03-29 01:08:10,46.73,5.67
order_002353,3,prod_00297,seller_0148,2018-03-27 15:05:48,21.95,3.0
order_002354,1,prod_00378,seller_0000,2017-02-06 04:42:04,149.63,20.48
order_002355,1,prod_00508,seller_0057,2017-12-31 01:03:47,12.31,3.0
order_002356,1,prod_00580,seller_0172,2017-02-02 14:48:17,12.88,3.0
order_002357,1,prod_00003,seller_0070,2018-05-11 05:26:52,11.71,3.0
order_002358,1,prod_00039,seller_0136,2017-10-14 13:28:09,33.2,6.03
order_002359,1,prod_00338,seller_0064,2018-04-27 00:28:03,45.03,6.98
order_002360,1,prod_00078,seller_0048,2018-08-15 22:58:57,26.71,4.07
order_002361,1,prod_00646,seller_0057,2017-08-12 23:53:49,44.95,3.0
order_002362,1,prod_00493,seller_0158,2017-03-30 10:08:04,44.56,3.79
order_002362,2,prod_00431,seller_0080,2017-04-09 00:16:11,26.19,3.0
order_002363,1,prod_00408,seller_0156,2017-06-05 11:34:52,43.72,4.2
order_002363,2,prod_00340,seller_0178,2017-09-14 08:45:13,29.15,3.0
order_002364,1,prod_00034,seller_0133,2017-11-10 08:21:36,25.38,3.0
order_002365,1,prod_00540,seller_0053,2018-05-31 04:53:35,23.95,3.04
order_002365,2,prod_00334,seller_0106,2017-08-10 21:22:04,38.53,3.0
order_002366,1,prod_00275,seller_0066,2018-08-10 18:28:00,73.08,3.51
order_002367,1,prod_00305,seller_0105,2018-03-28 15:02:22,15.13,3.0
order_002368,1,prod_00327,seller_0126,2017-01-23 11:40:21,24.24,3.0
order_002368,2,prod_00659,seller_0174,2017-07-19 05:58:29,36.81,4.1
order_002369,1,prod_00136,seller_0140,2018-02-24 23:04:29,103.75,17.9
order_002370,1,prod_00123,seller_0083,2018-08-07 05:46:27,43.84,4.14
order_002371,1,prod_00086,seller_0156,2017-07-06 20:59:55,19.53,3.0
order_002371,2,prod_00434,seller_0145,2017-07-15 16:38:37,18.16,3.0
order_002371,3,prod_00017,seller_0052,2018-01-18 23:10:41,62.82,9.77
order_002372,1,prod_00554,seller_0020,2017-11-25 06:50:39,27.01,3.61
order_002373,1,prod_00512,seller_0075,2018-06-28 21:56:19,14.88,3.0
order_002374,1,prod_00496,seller_0126,2018-06-27 07:48:50,64.01,10.11
order_002375,1,prod_00327,seller_0043,2017-04-04 17:23:21,40.46,3.64
order_002376,1,prod_00287,seller_0178,2017-08-01 01:03:02,15.24,3.0
order_002377,1,prod_00657,seller_0174,2017-05-13 17:03:12,13.86,3.0
order_002377,2,prod_00581,seller_0001,2018-05-20 02:21:52,8.09,3.0
order_002378,1,prod_00123,seller_0071,2017-11-23 16:24:49,22.1,3.04
order_002379,1,prod_00181,seller_0046,2018-06-30 06:16:45,40.37,7.16
order_002380,1,prod_00170,seller_0156,2017-02-03 22:58:00,61.83,7.27
order_002380,2,prod_00331,seller_0141,2017-12-31 10:01:41,43.65,3.0
order_002381,1,prod_00447,seller_0120,2018-07-07 15:29:20,14.18,3.0
order_002382,1,prod_00154,seller_0132,2018-04-22 08:31:08,27.54,4.9
order_002383,1,prod_00038,seller_0143,2018-03-16 03:28:32,83.86,5.32
order_002383,2,prod_00269,seller_0132,2018-08-25 01:27:24,23.74,3.18
order_002383,3,prod_00352,seller_0120,2018-07-07 03:43:43,54.59,3.47
order_002384,1,prod_00470,seller_0176,2018-01-01 22:13:21,50.37,8.53
order_002384,2,prod_00086,seller_0098,2018-07-14 06:52:07,54.27,3.96
order_002385,1,prod_00482,seller_0017,2018-03-20 06:20:49,43.83,6.0
order_002386,1,prod_00112,seller_0076,2018-05-30 20:38:16,54.16,7.05
order_002387,1,prod_00205,seller_0121,2018-08-10 21:14:49,12.64,3.0
order_002387,2,prod_00358,seller_0157,2017-01-27 10:48:34,88.67,16.23
order_002388,1,prod_00073,seller_0115,2018-07-16 02:26:17,10.23,3.0
order_002389,1,prod_00398,seller_0050,2018-04-23 06:56:30,40.56,3.56
order_002390,1,prod_00027,seller_0037,2017-10-03 13:20:07,32.09,3.0
order_002391,1,prod_00148,seller_0151,2017-09-21 15:30:58,22.05,3.12
order_002392,1,prod_00396,seller_0038,2017-03-09 03:10:37,17.57,3.0
order_002392,2,prod_00189,seller_0004,2018-05-30 06:18:06,47.34,3.87
order_002392,3,prod_00302,seller_0117,2017-05-24 11:55:42,55.75,3.0
order_002393,1,prod_00198,seller_0093,2017-09-05 10:03:58,30.97,3.0
order_002394,1,prod_00350,seller_0117,2018-07-19 11:08:55,27.44,3.89
order_002395,1,prod_00099,seller_0083,2017-07-07 17:36:53,76.17,6.44
order_002396,1,prod_00108,seller_0108,2017-07-02 09:40:25,25.18,3.0
order_002396,2,prod_00676,seller_0063,2017-09-17 07:54:21,32.22,6.06
order_002397,1,prod_00232,seller_0083,2018-08-27 13:47:34,29.01,3.0
order_002398,1,prod_00484,seller_0030,2018-08-02 03:01:20,165.01,10.82
order_002398,2,prod_00005,seller_0123,2018-07-30 15:13:53,19.18,3.0
order_002399,1,prod_00077,seller_0106,2018-08-04 15:08:23,56.85,9.73
order_002399,2,prod_00551,seller_0057,2017-01-24 01:16:54,10.97,3.0
order_002400,1,prod_00250,seller_0102,2017-04-08 13:27:47,17.77,3.0
order_002400,2,prod_00210,seller_0042,2018-04-06 01:21:28,27.09,4.23
order_002401,1,prod_00120,seller_0132,2018-01-27 15:58:11,30.41,3.62
order_002402,1,prod_00186,seller_0107,2018-03-28 15:46:25,27.71,3.64
order_002402,2,prod_00164,seller_0117,2017-07-06 12:01:57,31.04,3.25
order_002403,1,prod_00558,seller_0111,2018-07-28 18:17:23,21.16,3.0
order_002404,1,prod_00657,seller_0151,2018-04-22 12:24:10,76.47,12.96
order_002404,2,prod_00024,seller_0146,2018-03-07 16:13:29,17.28,3.0
order_002404,3,prod_00095,seller_0049,2017-01-31 14:49:06,53.73,5.28
order_002405,1,prod_00439,seller_0074,2018-02-16 23:14:56,51.44,7.45
order_002406,1,prod_00615,seller_0098,2018-02-10 02:04:27,17.88,3.0
order_002407,1,prod_00221,seller_0137,2017-03-22 07:01:45,26.09,4.55
order_002408,1,prod_00589,seller_0007,2017-05-10 08:51:41,33.06,3.0
order_002408,2,prod_00003,seller_0165,2017-06-04 07:47:25,98.4,3.45
order_002409,1,prod_00520,seller_0056,2017-08-02 03:52:25,26.05,3.3
order_002410,1,prod_00660,seller_0076,2018-01-04 06:49:25,349.1,25.72
order_002411,1,prod_00347,seller_0047,2017-01-04 06:03:56,54.55,3.0
order_002411,2,prod_00409,seller_0097,2018-05-10 22:50:11,41.4,3.0
order_002412,1,prod_00180,seller_0048,2017-09-21 14:36:25,58.84,9.47
order_002413,1,prod_00549,seller_0163,2017-04-23 19:07:03,10.84,3.0
order_002414,1,prod_00581,seller_0057,2017-03-05 12:09:22,70.93,9.55
order_002415,1,prod_00583,seller_0054,2018-07-26 19:32:31,14.02,3.0
order_002415,2,prod_00583,seller_0003,2017-04-21 14:47:55,58.28,10.06
order_002416,1,prod_00054,seller_0130,2017-06-28 18:46:48,22.53,3.76
order_002417,1,prod_00367,seller_0164,2018-05-26 19:54:54,19.7,3.0
order_002417,2,prod_00356,seller_0103,2018-07-25 14:58:19,104.81,3.19
order_002418,1,prod_00033,seller_0163,2018-06-28 07:48:50,31.04,4.25
order_002418,2,prod_00560,seller_0074,2017-08-13 23:57:39,12.24,3.0
order_002419,1,prod_00135,seller_0124,2018-01-24 22:51:35,62.4,11.29
order_002419,2,prod_00297,seller_0155,2017-03-11 03:12:05,14.98,3.0
order_002420,1,prod_00039,seller_0133,2018-07-14 14:57:10,80.2,14.73
order_002421,1,prod_00552,seller_0028,2017-02-09 05:39:56,32.77,3.0
order_002422,1,prod_00125,seller_0174,2018-08-15 23:00:10,14.47,3.0
order_002423,1,prod_00361,seller_0006,2018-04-22 14:17:13,56.48,9.88
order_002424,1,prod_00355,seller_0021,2018-04-16 23:02:42,46.47,4.68
order_002425,1,prod_00067,seller_0037,2018-08-10 10:13:11,8.33,3.0
order_002425,2,prod_00597,seller_0129,2017-03-08 16:49:02,31.78,3.0
order_002426,1,prod_00004,seller_0157,2018-01-01 00:01:53,40.22,7.84
order_002427,1,prod_00457,seller_0097,2017-05-06 05:19:18,38.72,3.0
order_002428,1,prod_00120,seller_0061,2017-02-03 19:58:18,29.37,4.04
order_002429,1,prod_00420,seller_0082,2018-04-01 17:04:34,53.74,3.0
order_002429,2,prod_00158,seller_0123,2017-02-25 01:54:02,47.93,3.0
order_002430,1,prod_00523,seller_0039,2018-04-18 15:15:47,33.79,3.0
order_002431,1,prod_00394,seller_0041,2017-12-09 08:14:25,28.4,3.0
order_002432,1,prod_00447,seller_0052,2017-03-22 10:47:26,36.46,3.0
order_002433,1,prod_00690,seller_0088,2018-04-12 08:58:23,22.37,3.0
order_002433,2,prod_00310,seller_0132,2017-01-05 00:44:30,17.04,3.15
order_002433,3,prod_00531,seller_0094,2017-04-22 03:38:22,15.95,3.0
order_002434,1,prod_00570,seller_0017,2018-05-04 08:54:28,31.03,4.16
order_002435,1,prod_00227,seller_0044,2018-08-05 05:23:25,18.96,3.0
order_002436,1,prod_00217,seller_0008,2018-03-02 17:20:42,29.87,5.07
order_002436,2,prod_00494,seller_0069,2017-06-29 08:17:35,78.61,7.27
order_002436,3,prod_00649,seller_0091,2017-07-13 02:20:21,28.95,3.0
order_002437,1,prod_00010,seller_0047,2017-09-14 04:54:12,36.23,3.0
order_002438,1,prod_00081,seller_0008,2017-01-08 08:23:27,28.54,3.0
order_002439,1,prod_00118,seller_0018,2018-03-10 11:17:13,77.42,9.22
order_002440,1,prod_00446,seller_0124,2017-05-31 16:50:00,97.28,12.79
order_002441,1,prod_00294,seller_0077,2017-11-19 07:01:05,24.41,4.0
order_002442,1,prod_00350,seller_0174,2018-06-23 01:10:45,53.15,8.86
order_002443,1,prod_00221,seller_0101,2017-03-12 06:23:02,128.93,22.34
order_002444,1,prod_00298,seller_0054,2017-04-01 21:08:19,15.57,3.0
order_002444,2,prod_00542,seller_0016,2017-03-07 06:51:38,62.63,9.81
order_002444,3,prod_00300,seller_0132,2017-12-25 17:47:19,10.68,3.0
order_002445,1,prod_00274,seller_0064,2017-07-15 02:01:00,33.76,6.07
order_002445,2,prod_00029,seller_0107,2017-11-05 07:17:26,30.23,3.61
order_002446,1,prod_00264,seller_0083,2017-05-31 04:18:48,10.92,3.0
order_002447,1,prod_00526,seller_0014,2018-07-16 08:50:52,67.22,9.1
order_002448,1,prod_00096,seller_0167,2018-02-12 00:47:07,36.45,4.55
order_002449,1,prod_00246,seller_0021,2018-03-19 15:58:03,18.12,3.0
order_002449,2,prod_00199,seller_0109,2018-08-08 22:03:36,41.0,7.66
order_002449,3,prod_00333,seller_0025,2018-02-03 07:56:39,59.59,5.32
order_002450,1,prod_00574,seller_0169,2018-08-06 00:22:33,10.49,3.0
order_002451,1,prod_00593,seller_0051,2017-10-06 18:02:51,8.0,3.0
order_002452,1,prod_00268,seller_0094,2018-01-14 18:25:25,32.22,3.0
order_002452,2,prod_00403,seller_0014,2018-05-09 08:09:48,20.1,3.0
order_002453,1,prod_00572,seller_0144,2018-04-03 08:05:00,79.04,4.4
order_002454,1,prod_00596,seller_0040,2018-02-23 16:16:21,26.03,3.0
order_002455,1,prod_00421,seller_0017,2017-04-02 11:17:42,40.49,3.0
order_002456,1,prod_00095,seller_0050,2017-07-02 17:42:37,29.33,4.8
order_002456,2,prod_00263,seller_0101,2018-02-05 06:18:47,12.12,3.0
order_002457,1,prod_00197,seller_0058,2018-07-27 11:34:59,33.78,3.0
order_002457,2,prod_00476,seller_0063,2017-04-24 11:54:06,13.98,3.0
order_002458,1,prod_00159,seller_0013,2017-02-13 15:30:21,13.55,3.0
order_002459,1,prod_00024,seller_0131,2018-06-07 14:28:44,16.23,3.0
order_002460,1,prod_00620,seller_0061,2017-04-19 12:52:04,15.33,3.0
order_002460,2,prod_00077,seller_0157,2017-04-06 18:32:11,28.88,5.26
order_002461,1,prod_00547,seller_0072,2018-07-30 16:46:02,25.67,3.0
order_002462,1,prod_00668,seller_0128,2018-07-04 15:08:12,39.83,7.41
order_002463,1,prod_00583,seller_0056,2018-01-18 06:42:25,11.9,3.0
order_002463,2,prod_00342,seller_0015,2017-03-17 19:19:46,28.12,3.0
order_002464,1,prod_00398,seller_0115,2017-07-23 00:28:01,24.22,3.0
order_002464,2,prod_00502,seller_0111,2017-04-05 14:28:28,37.75,7.47
order_002465,1,prod_00154,seller_0176,2018-04-14 04:20:42,38.94,3.0
order_002466,1,prod_00296,seller_0133,2017-06-24 17:00:09,36.66,3.08
order_002467,1,prod_00263,seller_0113,2017-05-18 02:16:36,17.4,3.0
order_002467,2,prod_00191,seller_0005,2018-02-02 02:54:16,33.65,5.28
order_002468,1,prod_00385,seller_0148,2017-09-07 02:52:45,23.72,3.34
order_002469,1,prod_00294,seller_0030,2018-06-06 20:44:06,77.81,13.76
order_002470,1,prod_00013,seller_0131,2017-04-05 02:46:42,35.58,3.0
order_002470,2,prod_00063,seller_0122,2018-02-24 01:06:12,34.87,4.28
order_002471,1,prod_00447,seller_0144,2018-08-15 15:31:37,14.4,3.0
order_002472,1,prod_00386,seller_0056,2017-12-07 05:10:29,22.56,3.0
order_002473,1,prod_00598,seller_0089,2017-02-02 10:10:21,39.18,7.1
order_002473,2,prod_00051,seller_0011,2017-04-21 12:52:04,31.46,3.0
order_002474,1,prod_00227,seller_0064,2017-11-07 14:32:11,31.24,3.0
order_002474,2,prod_00271,seller_0160,2017-07-13 23:41:26,10.59,3.0
order_002475,1,prod_00475,seller_0036,2017-10-13 12:46:38,19.51,3.23
order_002475,2,prod_00305,seller_0171,2018-04-12 15:33:38,27.7,4.19
order_002476,1,prod_00338,seller_0009,2018-02-11 14:52:34,72.32,13.13
order_002477,1,prod_00644,seller_0067,2018-01-24 22:18:25,9.69,3.0
order_002477,2,prod_00002,seller_0068,2018-01-04 01:29:53,16.8,3.13
order_002477,3,prod_00625,seller_0178,2018-08-12 23:37:54,9.64,3.0
order_002478,1,prod_00198,seller_0097,2017-10-26 01:25:27,40.92,7.62
order_002479,1,prod_00028,seller_0154,2018-06-20 16:39:15,71.59,12.74
order_002480,1,prod_00369,seller_0152,2017-08-01 12:56:02,41.86,4.62
order_002481,1,prod_00148,seller_0100,2018-06-11 03:54:33,48.19,3.0
order_002482,1,prod_00507,seller_0130,2017-02-18 19:56:34,16.93,3.35
order_002483,1,prod_00531,seller_0134,2018-06-01 15:28:37,42.1,4.82
order_002483,2,prod_00281,seller_0090,2018-07-01 00:38:42,20.04,3.13
order_002484,1,prod_00546,seller_0168,2018-01-26 15:34:29,34.43,3.68
order_002485,1,prod_00130,seller_0077,2018-04-14 13:07:41,45.91,4.2
order_002486,1,prod_00235,seller_0130,2017-10-19 17:59:41,27.39,3.0
order_002486,2,prod_00042,seller_0063,2018-01-23 13:04:20,56.44,5.1
order_002487,1,prod_00449,seller_0060,2017-06-19 07:13:34,29.77,3.83
order_002488,1,prod_00500,seller_0064,2018-04-19 13:30:24,39.56,6.62
order_002489,1,prod_00533,seller_0034,2017-07-19 08:23:28,113.2,14.35
order_002489,2,prod_00255,seller_0145,2018-03-05 18:13:37,45.76,5.46
order_002489,3,prod_00586,seller_0077,2017-11-03 02:06:06,20.35,3.0
order_002490,1,prod_00452,seller_0120,2018-03-06 00:15:27,24.23,3.0
order_002491,1,prod_00402,seller_0033,2017-12-11 02:50:45,58.41,3.54
order_002492,1,prod_00155,seller_0123,2017-01-14 09:00:16,65.22,10.21
order_002493,1,prod_00589,seller_0003,2018-06-08 23:59:55,32.34,5.28
order_002493,2,prod_00528,seller_0116,2018-01-05 20:22:52,12.27,3.0
order_002494,1,prod_00612,seller_0082,2017-12-30 09:21:15,17.86,3.0
order_002495,1,prod_00241,seller_0021,2018-07-23 06:25:46,37.24,3.0
order_002495,2,prod_00385,seller_0059,2017-01-26 09:53:19,48.29,9.47
order_002495,3,prod_00036,seller_0007,2017-05-06 23:42:07,63.63,5.14
order_002496,1,prod_00419,seller_0017,2017-11-15 23:35:03,8.84,3.0
order_002496,2,prod_00357,seller_0146,2018-05-26 23:36:50,58.35,8.7
order_002497,1,prod_00573,seller_0156,2017-11-13 16:25:52,83.73,16.26
order_002498,1,prod_00512,seller_0148,2018-09-03 10:21:57,8.0,3.0
order_002498,2,prod_00693,seller_0022,2017-08-14 11:37:18,33.0,4.41
order_002499,1,prod_00652,seller_0105,2017-07-04 16:36:35,54.19,5.87
order_002500,1,prod_00117,seller_0113,2018-05-12 10:13:38,13.23,3.0
order_002500,2,prod_00679,seller_0062,2017-12-20 22:53:48,23.94,3.0
order_002501,1,prod_00021,seller_0102,2018-01-16 12:07:27,47.66,9.51
order_002501,2,prod_00319,seller_0048,2017-05-03 07:30:54,23.58,3.0
order_002502,1,prod_00652,seller_0176,2017-06-27 13:21:50,26.14,3.39
order_002503,1,prod_00428,seller_0044,2018-03-13 22:24:17,38.23,3.0
order_002504,1,prod_00694,seller_0045,2018-09-04 07:30:30,15.48,3.0
order_002505,1,prod_00390,seller_0138,2017-12-22 14:32:51,16.55,3.0
order_002505,2,prod_00477,seller_0042,2018-05-24 04:18:07,44.9,3.02
order_002506,1,prod_00373,seller_0162,2018-06-19 08:46:48,61.36,7.55
order_002507,1,prod_00648,seller_0112,2017-06-12 03:14:48,42.91,3.04
order_002507,2,prod_00080,seller_0162,2017-12-28 08:46:45,80.22,11.5
order_002508,1,prod_00272,seller_0100,2018-03-13 14:09:07,43.5,4.09
order_002508,2,prod_00469,seller_0173,2018-02-15 10:25:15,110.01,10.35
order_002509,1,prod_00345,seller_0146,2017-07-23 06:17:30,34.56,5.16
order_002510,1,prod_00675,seller_0145,2018-06-03 14:22:20,39.03,5.62
order_002510,2,prod_00407,seller_0031,2017-06-20 04:33:11,43.04,4.24
order_002510,3,prod_00088,seller_0144,2018-02-16 23:08:36,22.02,4.14
order_002511,1,prod_00429,seller_0054,2018-06-21 21:15:36,20.0,3.0
order_002512,1,prod_00218,seller_0149,2018-03-20 04:55:52,18.45,3.0
order_002513,1,prod_00328,seller_0000,2018-07-24 22:49:35,23.08,3.81
order_002514,1,prod_00053,seller_0010,2017-11-13 05:04:35,127.23,8.54
order_002515,1,prod_00608,seller_0129,2017-06-13 13:39:02,108.2,11.97
order_002516,1,prod_00281,seller_0011,2017-05-28 00:30:32,26.76,3.0
order_002517,1,prod_00564,seller_0058,2017-03-08 09:15:53,25.2,3.0
order_002517,2,prod_00337,seller_0083,2017-05-26 10:16:59,8.2,3.0
order_002518,1,prod_00663,seller_0042,2018-08-05 08:32:16,17.35,3.0
order_002518,2,prod_00250,seller_0132,2018-01-08 04:53:55,19.57,3.0
order_002518,3,prod_00074,seller_0108,2017-10-20 08:44:56,24.88,3.0
order_002519,1,prod_00333,seller_0117,2017-01-12 08:43:23,22.87,3.0
order_002519,2,prod_00023,seller_0045,2017-09-13 20:18:57,38.08,6.09
order_002520,1,prod_00562,seller_0003,2017-03-05 17:40:52,54.8,3.0
order_002521,1,prod_00643,seller_0010,2017-03-06 19:58:03,20.63,3.0
order_002521,2,prod_00149,seller_0045,2017-05-04 14:40:10,84.27,5.42
order_002521,3,prod_00037,seller_0042,2017-08-04 21:33:55,41.46,3.0
order_002522,1,prod_00530,seller_0110,2018-06-24 04:19:45,58.99,9.86
order_002522,2,prod_00482,seller_0152,2018-01-04 17:02:24,24.89,3.63
order_002523,1,prod_00555,seller_0050,2017-01-22 04:19:25,47.24,6.67
order_002523,2,prod_00398,seller_0107,2018-01-03 04:50:44,44.47,8.35
order_002524,1,prod_00406,seller_0165,2017-10-05 10:34:55,85.96,15.3
order_002525,1,prod_00189,seller_0084,2018-04-13 22:21:11,50.62,8.81
order_002525,2,prod_00220,seller_0036,2017-04-12 06:33:41,57.68,3.07
order_002526,1,prod_00441,seller_0088,2017-08-15 23:33:04,23.48,3.0
order_002527,1,prod_00655,seller_0011,2017-06-20 01:40:32,72.05,14.19
order_002528,1,prod_00216,seller_0179,2017-03-13 23:44:13,14.45,3.0
order_002529,1,prod_00254,seller_0164,2017-08-29 13:45:58,22.82,3.0
order_002529,2,prod_00412,seller_0005,2017-02-28 05:46:14,39.76,4.61
order_002530,1,prod_00034,seller_0047,2017-10-17 22:53:30,15.65,3.0
order_002531,1,prod_00457,seller_0029,2018-01-09 00:30:59,18.17,3.0
order_002532,1,prod_00095,seller_0157,2018-01-07 04:18:35,18.18,3.0
order_002533,1,prod_00478,seller_0155,2017-05-29 19:24:32,42.36,3.0
order_002534,1,prod_00624,seller_0061,2017-05-02 21:29:48,29.86,3.0
order_002535,1,prod_00641,seller_0096,2017-05-02 22:25:49,61.96,11.02
order_002535,2,prod_00104,seller_0116,2018-01-09 05:33:40,112.44,11.06
order_002536,1,prod_00418,seller_0179,2018-07-09 05:47:07,39.48,7.04
order_002536,2,prod_00313,seller_0147,2018-05-23 11:38:53,23.75,3.03
order_002537,1,prod_00343,seller_0123,2017-09-15 20:45:14,42.07,7.91
order_002537,2,prod_00484,seller_0081,2018-05-14 09:16:32,18.5,3.34
order_002538,1,prod_00693,seller_0130,2017-01-30 19:46:53,31.77,3.0
order_002538,2,prod_00401,seller_0115,2017-03-20 03:55:33,164.1,20.3
order_002539,1,prod_00388,seller_0104,2018-01-25 20:18:34,29.02,4.37
order_002540,1,prod_00457,seller_0038,2017-10-21 17:59:41,40.31,3.0
order_002541,1,prod_00353,seller_0003,2018-06-15 12:32:51,29.81,3.0
order_002542,1,prod_00244,seller_0093,2017-06-11 20:13:05,25.38,3.91
order_002542,2,prod_00576,seller_0163,2018-05-25 20:03:56,45.27,8.4
order_002543,1,prod_00463,seller_0178,2017-03-31 21:50:22,14.5,3.0
order_002544,1,prod_00395,seller_0094,2018-06-24 07:06:48,29.72,3.0
order_002545,1,prod_00006,seller_0174,2017-02-08 05:39:56,13.7,3.0
order_002545,2,prod_00192,seller_0001,2018-04-28 07:55:32,90.37,6.8
order_002546,1,prod_00184,seller_0147,2018-08-31 03:27:12,62.91,11.79
order_002547,1,prod_00454,seller_0037,2018-04-02 16:55:04,20.1,3.0
order_002548,1,prod_00086,seller_0064,2017-11-14 16:34:55,9.91,3.0
order_002548,2,prod_00267,seller_0063,2017-05-13 15:35:58,45.55,3.0
order_002549,1,prod_00318,seller_0040,2018-02-23 02:12:19,32.19,3.0
order_002550,1,prod_00518,seller_0051,2017-11-28 14:27:40,142.37,10.45
order_002550,2,prod_00102,seller_0098,2017-07-06 17:36:53,82.36,11.64
order_002551,1,prod_00424,seller_0004,2017-11-13 04:46:28,50.04,3.21
order_002552,1,prod_00383,seller_0038,2017-07-20 01:14:21,23.49,4.46
order_002553,1,prod_00517,seller_0050,2017-11-28 21:27:50,27.94,3.0
order_002554,1,prod_00126,seller_0015,2017-04-23 01:13:25,40.3,4.76
order_002555,1,prod_00419,seller_0161,2017-03-27 09:45:07,41.71,5.97
order_002556,1,prod_00289,seller_0078,2018-03-07 18:14:36,20.91,3.0
order_002557,1,prod_00181,seller_0105,2017-09-10 07:33:34,13.64,3.0
order_002558,1,prod_00051,seller_0104,2017-07-18 13:48:45,115.97,5.86
order_002559,1,prod_00266,seller_0058,2018-03-20 13:18:29,33.85,5.77
order_002560,1,prod_00307,seller_0048,2018-06-24 23:34:57,43.63,4.93
order_002561,1,prod_00035,seller_0015,2017-04-01 21:24:48,18.97,3.0
order_002562,1,prod_00565,seller_0147,2018-07-08 17:23:03,80.48,12.1
order_002563,1,prod_00483,seller_0135,2018-07-18 19:20:28,65.11,3.0
order_002564,1,prod_00221,seller_0117,2018-04-03 17:04:34,34.44,6.74
order_002564,2,prod_00032,seller_0129,2018-01-02 10:21:43,37.96,4.07
order_002564,3,prod_00494,seller_0145,2017-09-19 15:25:07,39.85,3.79
order_002565,1,prod_00016,seller_0000,2018-06-15 17:58:24,35.3,3.0
order_002566,1,prod_00298,seller_0120,2017-06-03 01:02:56,47.59,5.07
order_002566,2,prod_00144,seller_0178,2018-03-14 13:12:26,42.3,6.89
order_002567,1,prod_00163,seller_0149,2018-02-04 12:11:42,29.54,3.5
order_002568,1,prod_00528,seller_0047,2018-04-14 22:21:11,15.49,3.0
order_002569,1,prod_00212,seller_0106,2017-05-25 23:22:18,32.57,3.0
order_002570,1,prod_00171,seller_0047,2018-01-07 21:20:04,53.93,9.43
order_002571,1,prod_00211,seller_0023,2017-08-15 04:09:30,51.26,6.14
order_002571,2,prod_00104,seller_0054,2017-02-02 12:04:54,77.72,9.25
order_002572,1,prod_00519,seller_0062,2017-04-02 16:47:31,83.25,6.07
order_002572,2,prod_00346,seller_0173,2017-11-11 08:50:32,52.25,3.0
order_002573,1,prod_00140,seller_0084,2018-04-25 11:00:07,37.41,3.26
order_002574,1,prod_00215,seller_0151,2017-08-27 08:44:44,41.4,7.0
order_002575,1,prod_00684,seller_0171,2017-08-02 15:32:42,22.8,3.0
order_002575,2,prod_00404,seller_0114,2018-01-08 06:38:30,55.67,4.16
order_002576,1,prod_00481,seller_0088,2017-10-30 14:14:36,78.29,10.24
order_002577,1,prod_00599,seller_0088,2018-08-30 23:55:20,65.17,5.85
order_002578,1,prod_00280,seller_0141,2017-09-22 12:10:43,47.54,3.23
order_002579,1,prod_00243,seller_0058,2018-05-05 22:23:50,28.32,4.41
order_002580,1,prod_00698,seller_0081,2018-06-05 22:19:37,26.28,3.0
order_002581,1,prod_00396,seller_0060,2017-04-21 16:15:55,29.85,3.86
order_002582,1,prod_00151,seller_0046,2017-08-02 19:50:00,20.6,3.19
order_002583,1,prod_00600,seller_0058,2017-11-28 00:14:30,39.59,3.0
order_002584,1,prod_00534,seller_0017,2017-10-29 22:14:13,8.0,3.0
order_002585,1,prod_00280,seller_0155,2017-08-28 01:18:10,23.33,3.0
order_002586,1,prod_00189,seller_0156,2017-06-23 15:30:47,34.62,5.82
order_002587,1,prod_00459,seller_0122,2017-11-20 16:55:13,168.36,13.01
order_002588,1,prod_00380,seller_0135,2017-08-06 09:15:17,33.21,3.0
order_002589,1,prod_00165,seller_0073,2018-08-11 04:22:54,34.02,3.0
order_002590,1,prod_00038,seller_0094,2017-03-06 13:12:27,19.26,3.0
order_002591,1,prod_00573,seller_0178,2018-01-03 20:18:53,101.26,8.0
order_002592,1,prod_00592,seller_0010,2018-07-03 14:22:09,19.52,3.0
order_002593,1,prod_00634,seller_0031,2017-01-16 20:20:03,124.13,21.57
order_002594,1,prod_00256,seller_0148,2018-02-06 22:46:34,20.47,3.0
order_002595,1,prod_00492,seller_0013,2017-12-17 23:53:50,61.07,4.54
order_002596,1,prod_00409,seller_0139,2018-02-07 22:28:23,31.92,3.0
order_002597,1,prod_00186,seller_0066,2017-06-11 18:40:38,22.98,3.18
order_002598,1,prod_00649,seller_0127,2017-01-24 03:20:06,63.83,8.68
order_002599,1,prod_00235,seller_0176,2017-07-08 13:22:50,78.53,13.68
order_002599,2,prod_00021,seller_0103,2018-06-18 05:16:20,29.35,4.52
order_002599,3,prod_00115,seller_0004,2017-07-07 05:30:22,32.6,4.85
order_002600,1,prod_00677,seller_0094,2018-01-26 10:25:40,25.33,3.0
order_002601,1,prod_00048,seller_0014,2017-08-04 18:34:51,38.31,6.48
order_002602,1,prod_00367,seller_0169,2017-10-22 15:55:46,16.26,3.0
order_002603,1,prod_00339,seller_0061,2017-02-12 10:18:00,8.0,3.0
order_002603,2,prod_00546,seller_0172,2017-07-03 18:46:26,9.82,3.0
order_002604,1,prod_00574,seller_0177,2017-10-13 01:05:05,28.68,3.0
order_002605,1,prod_00331,seller_0057,2017-08-06 03:39:30,16.52,3.0
order_002606,1,prod_00442,seller_0061,2017-03-12 23:57:23,30.68,3.0
order_002606,2,prod_00571,seller_0156,2017-08-31 16:34:08,23.73,4.02
order_002607,1,prod_00566,seller_0122,2018-02-12 10:12:25,20.92,3.0
order_002608,1,prod_00616,seller_0090,2017-05-15 04:11:38,21.72,3.0
order_002608,2,prod_00495,seller_0155,2017-12-05 16:53:54,62.1,7.17
order_002608,3,prod_00267,seller_0046,2017-05-20 16:23:37,38.59,5.95
order_002609,1,prod_00391,seller_0120,2017-03-12 12:50:21,91.58,13.03
order_002610,1,prod_00505,seller_0062,2018-03-29 05:12:09,35.41,5.32
order_002610,2,prod_00207,seller_0016,2018-02-22 16:36:14,9.57,3.0
order_002611,1,prod_00699,seller_0063,2017-12-05 23:52:23,16.8,3.0
order_002611,2,prod_00310,seller_0026,2018-04-04 20:02:22,35.69,3.0
order_002611,3,prod_00529,seller_0178,2018-08-26 19:23:14,38.76,5.44
order_002612,1,prod_00354,seller_0046,2018-08-19 08:42:24,22.63,3.0
order_002613,1,prod_00669,seller_0167,2017-07-22 19:32:31,19.74,3.0
order_002613,2,prod_00467,seller_0143,2018-09-02 01:46:40,22.31,4.3
order_002614,1,prod_00515,seller_0066,2018-01-05 20:02:54,30.15,3.25
order_002615,1,prod_00542,seller_0144,2018-05-28 02:26:41,32.08,3.0
order_002616,1,prod_00230,seller_0009,2018-03-19 22:32:41,16.22,3.23
order_002617,1,prod_00244,seller_0030,2017-12-31 03:53:00,38.86,3.7
order_002618,1,prod_00579,seller_0144,2017-09-01 15:04:48,38.63,3.0
order_002619,1,prod_00323,seller_0068,2018-06-30 21:43:07,30.83,3.11
order_002620,1,prod_00466,seller_0027,2017-07-03 02:23:05,21.13,3.0
order_002621,1,prod_00362,seller_0025,2018-07-24 12:58:24,51.24,3.0
order_002622,1,prod_00023,seller_0144,2018-06-09 16:14:30,78.28,3.0
order_002623,1,prod_00329,seller_0085,2017-04-13 06:24:24,24.75,3.0
order_002624,1,prod_00120,seller_0079,2017-11-14 02:08:28,22.01,3.0
order_002625,1,prod_00060,seller_0065,2018-08-27 02:05:23,44.83,6.93
order_002626,1,prod_00182,seller_0017,2017-04-01 07:49:10,15.47,3.0
order_002627,1,prod_00204,seller_0178,2018-08-30 18:15:34,14.44,3.0
order_002627,2,prod_00520,seller_0039,2018-01-07 00:30:59,21.72,3.87
order_002627,3,prod_00176,seller_0069,2018-01-30 20:59:11,40.49,3.0
order_002628,1,prod_00557,seller_0148,2018-07-25 07:01:07,18.68,3.0
order_002628,2,prod_00147,seller_0009,2017-08-07 12:50:24,32.71,4.91
order_002628,3,prod_00578,seller_0105,2017-03-12 12:12:42,8.97,3.0
order_002629,1,prod_00368,seller_0093,2017-04-07 18:23:30,49.45,4.79
order_002630,1,prod_00047,seller_0129,2018-05-28 02:07:18,84.46,3.31
order_002631,1,prod_00077,seller_0163,2017-09-18 01:51:22,18.33,3.0
order_002632,1,prod_00050,seller_0017,2018-05-01 04:17:49,44.2,4.7
order_002633,1,prod_00287,seller_0066,2017-11-08 02:24:44,28.93,5.03
order_002634,1,prod_00209,seller_0065,2017-06-16 23:06:24,35.48,4.96
order_002634,2,prod_00032,seller_0147,2017-10-24 06:49:46,28.22,3.0
order_002634,3,prod_00476,seller_0081,2018-04-05 10:10:10,27.19,3.17
order_002635,1,prod_00597,seller_0075,2018-04-11 17:17:35,19.27,3.0
order_002636,1,prod_00589,seller_0048,2017-03-02 08:52:00,16.28,3.0
order_002637,1,prod_00105,seller_0102,2018-08-14 21:27:20,67.67,10.95
order_002638,1,prod_00608,seller_0111,2018-02-23 12:24:31,11.12,3.0
order_002638,2,prod_00297,seller_0090,2017-05-22 20:58:04,32.72,4.53
order_002639,1,prod_00145,seller_0110,2017-08-16 10:33:34,31.76,3.0
order_002639,2,prod_00093,seller_0157,2017-09-04 06:01:23,32.12,3.0
order_002640,1,prod_00537,seller_0155,2018-01-20 16:15:03,51.02,6.64
order_002641,1,prod_00179,seller_0102,2017-07-16 14:33:12,26.02,4.07
order_002641,2,prod_00448,seller_0170,2017-06-18 10:23:37,50.63,4.28
order_002642,1,prod_00387,seller_0068,2018-03-10 00:03:22,120.4,22.97
order_002642,2,prod_00648,seller_0003,2017-06-12 11:14:13,30.0,5.23
order_002643,1,prod_00501,seller_0138,2018-06-27 16:16:31,8.84,3.0
order_002643,2,prod_00541,seller_0138,2017-05-08 11:08:37,30.18,4.19
order_002644,1,prod_00344,seller_0009,2017-07-29 00:04:25,28.32,3.71
order_002645,1,prod_00370,seller_0059,2018-05-09 15:18:37,43.0,3.52
order_002646,1,prod_00104,seller_0049,2017-01-05 08:57:03,9.06,3.0
order_002646,2,prod_00548,seller_0094,2017-02-19 00:54:50,40.89,6.82
order_002647,1,prod_00526,seller_0051,2017-05-29 22:42:14,25.18,3.0
order_002648,1,prod_00215,seller_0133,2017-05-07 05:45:20,55.8,9.66
order_002649,1,prod_00097,seller_0102,2017-10-27 01:37:43,23.64,3.0
order_002650,1,prod_00550,seller_0156,2018-01-19 16:15:37,58.22,3.0
order_002651,1,prod_00539,seller_0150,2018-02-26 17:29:01,12.4,3.0
order_002652,1,prod_00546,seller_0053,2017-12-21 11:55:09,33.5,3.0
order_002653,1,prod_00020,seller_0099,2018-03-02 06:54:57,17.61,3.0
order_002654,1,prod_00598,seller_0111,2018-01-15 16:39:23,24.11,3.0
order_002655,1,prod_00251,seller_0082,2018-08-05 08:37:52,194.04,32.85
order_002656,1,prod_00169,seller_0173,2017-05-01 00:05:20,17.86,3.0
order_002657,1,prod_00368,seller_0011,2017-07-30 08:17:16,25.99,3.0
order_002658,1,prod_00594,seller_0164,2017-10-27 18:15:57,15.75,3.0
order_002659,1,prod_00570,seller_0174,2017-11-22 20:58:26,27.12,5.11
order_002659,2,prod_00118,seller_0065,2017-01-30 19:50:08,30.04,3.0
order_002659,3,prod_00683,seller_0053,2017-01-27 12:04:17,20.54,3.0
order_002660,1,prod_00540,seller_0007,2017-03-18 03:55:33,92.26,8.9
order_002661,1,prod_00653,seller_0023,2017-03-10 19:16:12,70.17,13.59
order_002662,1,prod_00650,seller_0042,2018-07-23 14:58:19,17.9,3.5
order_002663,1,prod_00367,seller_0149,2018-03-13 17:48:21,56.31,9.74
order_002664,1,prod_00025,seller_0139,2017-09-25 02:46:36,24.24,3.0
order_002665,1,prod_00050,seller_0160,2018-02-17 22:18:03,14.89,3.0
order_002665,2,prod_00438,seller_0057,2017-03-14 03:33:14,20.77,3.0
order_002666,1,prod_00063,seller_0053,2018-06-15 16:42:55,14.64,3.0
order_002667,1,prod_00461,seller_0147,2018-02-16 04:35:40,61.05,11.46
order_002668,1,prod_00072,seller_0098,2018-08-15 22:27:58,18.73,3.0
order_002669,1,prod_00570,seller_0010,2018-01-30 09:35:14,76.5,13.49
order_002670,1,prod_00187,seller_0141,2018-03-27 16:14:25,36.29,3.55
order_002671,1,prod_00071,seller_0017,2018-02-06 02:31:55,25.47,4.54
order_002672,1,prod_00238,seller_0003,2017-03-02 23:32:47,23.89,3.0
order_002673,1,prod_00636,seller_0166,2017-08-08 11:01:21,103.46,7.45
order_002674,1,prod_00386,seller_0177,2018-01-16 05:59:07,33.34,5.34
order_002675,1,prod_00695,seller_0127,2017-08-19 01:14:30,23.86,3.0
order_002675,2,prod_00180,seller_0058,2017-08-04 06:54:51,57.67,3.14
order_002676,1,prod_00470,seller_0029,2018-03-02 20:31:40,48.45,3.0
order_002677,1,prod_00130,seller_0086,2017-05-08 23:03:12,17.42,3.01
order_002677,2,prod_00300,seller_0093,2018-07-31 11:04:37,33.23,5.92
order_002678,1,prod_00263,seller_0009,2017-09-19 16:23:58,10.22,3.0
order_002679,1,prod_00444,seller_0119,2018-06-16 05:39:44,32.4,3.0
order_002679,2,prod_00471,seller_0008,2017-05-02 17:13:53,40.62,3.94
order_002680,1,prod_00038,seller_0088,2017-10-25 01:25:27,44.31,3.0
order_002681,1,prod_00486,seller_0020,2017-02-25 23:58:41,17.29,3.0
order_002681,2,prod_00527,seller_0008,2018-01-04 21:25:56,20.49,3.54
order_002682,1,prod_00267,seller_0057,2017-04-01 13:44:28,38.89,3.0
order_002683,1,prod_00048,seller_0105,2017-06-22 09:12:01,74.65,3.24
order_002684,1,prod_00295,seller_0165,2018-04-26 09:24:42,35.16,3.0
order_002685,1,prod_00225,seller_0010,2017-10-13 07:39:06,23.04,4.32
order_002685,2,prod_00554,seller_0092,2017-07-18 03:41:04,62.22,5.71
order_002685,3,prod_00097,seller_0137,2018-02-19 22:39:56,36.01,5.05
order_002686,1,prod_00207,seller_0058,2017-03-09 16:49:02,37.2,3.0
order_002687,1,prod_00508,seller_0145,2018-03-14 21:12:25,55.62,6.67
order_002687,2,prod_00658,seller_0081,2017-11-23 12:58:35,31.11,4.88
order_002688,1,prod_00416,seller_0001,2018-02-08 22:28:23,18.05,3.0
order_002688,2,prod_00001,seller_0047,2018-07-18 19:20:28,29.95,3.0
order_002689,1,prod_00489,seller_0075,2018-04-05 18:53:29,68.23,5.78
order_002690,1,prod_00021,seller_0112,2018-03-26 23:06:45,113.32,20.49
order_002690,2,prod_00045,seller_0027,2018-01-30 17:30:13,15.0,3.0
order_002691,1,prod_00467,seller_0091,2017-04-17 03:57:48,95.99,17.0
order_002692,1,prod_00259,seller_0141,2018-02-27 06:39:41,26.09,3.0
order_002693,1,prod_00018,seller_0068,2017-03-21 16:15:39,33.56,4.38
order_002693,2,prod_00284,seller_0035,2017-10-29 13:56:36,99.97,11.8
order_002694,1,prod_00265,seller_0123,2017-09-06 02:06:21,25.37,3.0
order_002694,2,prod_00421,seller_0114,2017-06-18 21:26:17,27.71,3.0
order_002695,1,prod_00660,seller_0070,2018-02-11 14:52:34,21.81,3.0
order_002696,1,prod_00071,seller_0148,2018-08-04 17:59:49,33.94,3.0
order_002697,1,prod_00466,seller_0145,2017-07-11 15:22:37,40.55,7.89
order_002698,1,prod_00453,seller_0018,2018-05-27 16:50:09,21.19,4.09
order_002698,2,prod_00683,seller_0107,2017-11-06 02:16:30,85.01,14.46
order_002699,1,prod_00276,seller_0113,2018-05-20 23:50:05,20.37,3.0
order_002700,1,prod_00113,seller_0036,2017-11-21 03:32:15,45.79,3.0
order_002701,1,prod_00634,seller_0032,2018-04-13 11:40:17,33.69,3.0
order_002702,1,prod_00035,seller_0029,2018-05-16 16:27:36,74.32,13.24
order_002703,1,prod_00314,seller_0059,2017-07-29 11:47:40,19.64,3.0
order_002704,1,prod_00457,seller_0046,2018-04-18 15:15:47,48.05,3.35
order_002704,2,prod_00071,seller_0126,2017-02-19 19:56:34,159.76,23.57
order_002705,1,prod_00207,seller_0165,2017-07-27 01:39:25,12.97,3.0
order_002706,1,prod_00072,seller_0082,2018-01-21 10:12:12,18.44,3.0
order_002707,1,prod_00591,seller_0148,2017-03-19 19:33:31,128.33,16.13
order_002707,2,prod_00178,seller_0091,2017-11-10 10:51:41,30.35,3.86
order_002708,1,prod_00422,seller_0174,2017-02-04 18:50:21,35.65,6.36
order_002709,1,prod_00167,seller_0069,2017-10-04 16:10:44,26.68,3.0
order_002709,2,prod_00485,seller_0133,2017-07-27 00:18:27,97.05,5.21
order_002710,1,prod_00557,seller_0151,2018-05-02 15:20:54,11.6,3.0
order_002711,1,prod_00028,seller_0164,2018-08-09 10:50:59,74.0,8.95
order_002712,1,prod_00505,seller_0071,2018-08-15 04:53:33,12.67,3.0
order_002712,2,prod_00462,seller_0063,2018-07-31 02:39:49,11.96,3.0
order_002713,1,prod_00053,seller_0002,2017-02-21 02:36:14,16.34,3.0
order_002713,2,prod_00185,seller_0111,2017-08-25 12:12:43,30.47,3.6
order_002714,1,prod_00596,seller_0100,2018-01-30 22:16:33,20.82,3.92
order_002715,1,prod_00310,seller_0070,2017-07-10 07:18:56,20.03,3.0
order_002716,1,prod_00067,seller_0039,2018-07-25 14:52:20,18.12,3.44
order_002717,1,prod_00449,seller_0155,2017-09-04 10:03:58,18.33,3.0
order_002717,2,prod_00549,seller_0179,2017-09-05 14:55:41,18.06,3.0
order_002718,1,prod_00303,seller_0179,2017-01-07 03:19:27,38.58,3.0
order_002719,1,prod_00078,seller_0081,2018-08-16 01:05:23,21.9,3.0
order_002720,1,prod_00091,seller_0134,2018-04-20 13:30:24,8.0,3.0
order_002721,1,prod_00263,seller_0149,2017-11-29 03:14:38,32.32,3.83
order_002722,1,prod_00338,seller_0140,2017-01-20 20:44:27,53.9,5.73
order_002723,1,prod_00525,seller_0063,2017-10-02 22:39:07,27.63,3.0
order_002723,2,prod_00476,seller_0158,2017-06-15 06:37:50,14.59,3.0
order_002724,1,prod_00177,seller_0118,2018-05-04 22:01:13,53.75,9.81
order_002725,1,prod_00482,seller_0017,2018-08-24 02:52:11,13.57,3.0
order_002726,1,prod_00079,seller_0029,2018-03-25 11:42:52,26.88,3.99
order_002726,2,prod_00128,seller_0086,2017-04-06 00:45:26,32.65,3.0
order_002727,1,prod_00551,seller_0169,2018-08-06 20:57:19,66.78,7.11
order_002727,2,prod_00630,seller_0131,2018-01-06 20:22:52,48.21,7.69
order_002727,3,prod_00483,seller_0116,2017-04-20 14:07:10,38.67,6.69
order_002728,1,prod_00319,seller_0108,2017-08-23 09:19:37,60.64,7.36
order_002728,2,prod_00623,seller_0165,2017-04-15 12:13:48,15.6,3.0
order_002729,1,prod_00247,seller_0097,2017-03-01 01:41:48,92.48,4.95
order_002729,2,prod_00449,seller_0073,2018-06-06 11:42:03,8.0,3.0
order_002730,1,prod_00479,seller_0069,2018-04-27 07:32:25,83.77,12.02
order_002730,2,prod_00051,seller_0094,2018-01-10 00:13:19,19.17,3.07
order_002730,3,prod_00671,seller_0039,2018-02-26 06:39:41,42.4,3.0
order_002731,1,prod_00447,seller_0172,2017-08-31 12:53:05,84.9,16.42
order_002732,1,prod_00168,seller_0166,2018-08-15 17:02:30,47.68,9.16
order_002732,2,prod_00575,seller_0068,2018-08-29 13:47:34,42.19,3.0
order_002733,1,prod_00266,seller_0132,2017-05-31 04:58:50,58.16,3.0
order_002734,1,prod_00058,seller_0139,2017-03-07 07:48:30,12.65,3.0
order_002735,1,prod_00472,seller_0110,2018-02-15 13:01:43,13.95,3.0
order_002736,1,prod_00094,seller_0020,2017-02-20 17:09:21,39.5,4.16
order_002737,1,prod_00417,seller_0015,2017-03-11 12:12:42,29.12,3.0
order_002737,2,prod_00474,seller_0128,2017-03-08 19:48:43,27.02,4.92
order_002738,1,prod_00109,seller_0020,2017-02-19 05:13:19,74.06,3.91
order_002738,2,prod_00553,seller_0147,2017-02-09 03:48:16,70.0,13.3
order_002739,1,prod_00320,seller_0077,2018-08-17 03:31:34,18.2,3.05
order_002740,1,prod_00247,seller_0144,2017-07-17 12:04:22,44.15,4.2
order_002740,2,prod_00071,seller_0022,2018-05-15 13:12:22,11.98,3.0
order_002741,1,prod_00514,seller_0070,2017-08-29 05:41:24,11.79,3.0
order_002741,2,prod_00115,seller_0026,2017-12-08 05:08:37,18.53,3.0
order_002742,1,prod_00117,seller_0087,2017-05-25 14:12:11,31.99,5.21
order_002743,1,prod_00185,seller_0014,2017-08-11 07:31:57,21.66,3.0
order_002743,2,prod_00310,seller_0049,2018-04-12 15:33:38,44.4,7.69
order_002744,1,prod_00615,seller_0052,2018-05-07 19:10:19,32.79,5.41
order_002745,1,prod_00523,seller_0091,2017-03-02 15:32:14,68.32,12.58
order_002746,1,prod_00516,seller_0002,2017-10-16 00:08:15,47.21,7.82
order_002747,1,prod_00139,seller_0056,2018-03-20 02:35:16,16.86,3.15
order_002747,2,prod_00453,seller_0131,2017-09-02 12:06:30,59.47,3.59
order_002748,1,prod_00244,seller_0073,2018-07-02 14:22:09,18.91,3.0
order_002749,1,prod_00331,seller_0107,2017-12-25 06:45:20,43.27,4.63
order_002750,1,prod_00440,seller_0154,2018-04-07 11:48:42,24.05,3.0
order_002751,1,prod_00116,seller_0091,2017-04-28 12:01:02,78.31,14.29
order_002751,2,prod_00242,seller_0158,2017-08-24 04:46:12,53.26,3.23
order_002752,1,prod_00276,seller_0177,2018-08-03 18:00:39,21.11,3.0
order_002752,2,prod_00611,seller_0095,2017-12-19 06:43:03,25.77,3.06
order_002753,1,prod_00676,seller_0086,2017-04-01 03:03:23,277.29,49.47
order_002754,1,prod_00669,seller_0056,2017-04-13 06:33:41,14.59,3.0
order_002754,2,prod_00369,seller_0156,2018-05-25 05:04:44,20.74,4.04
order_002755,1,prod_00449,seller_0140,2017-12-08 05:53:52,21.41,3.0
order_002756,1,prod_00501,seller_0034,2018-05-18 15:55:57,15.59,3.0
order_002757,1,prod_00547,seller_0117,2017-02-22 11:13:52,16.69,3.0
order_002758,1,prod_00473,seller_0047,2017-03-24 13:26:26,30.86,5.55
order_002759,1,prod_00634,seller_0178,2017-12-01 08:15:27,45.14,3.0
order_002759,2,prod_00268,seller_0059,2018-02-26 23:56:51,11.76,3.0
order_002760,1,prod_00491,seller_0015,2017-06-21 19:36:17,23.9,3.0
order_002761,1,prod_00427,seller_0178,2018-06-19 06:47:13,19.64,3.0
order_002762,1,prod_00541,seller_0109,2017-09-15 01:54:24,15.47,3.0
order_002762,2,prod_00650,seller_0163,2018-06-04 20:15:01,63.26,3.63
order_002762,3,prod_00056,seller_0160,2017-05-27 21:12:08,20.14,3.0
order_002763,1,prod_00596,seller_0080,2018-01-31 15:21:18,13.59,3.0
order_002763,2,prod_00576,seller_0079,2018-07-17 19:20:28,58.68,6.11
order_002764,1,prod_00609,seller_0152,2017-01-09 22:15:47,74.69,9.51
order_002765,1,prod_00192,seller_0068,2018-02-19 14:26:17,38.65,7.38
order_002765,2,prod_00405,seller_0041,2018-01-13 09:13:40,17.97,3.0
order_002766,1,prod_00049,seller_0101,2018-03-03 18:58:58,27.65,4.61
order_002766,2,prod_00042,seller_0106,2017-04-19 12:52:04,21.63,3.0
order_002766,3,prod_00412,seller_0147,2018-05-23 11:38:53,32.07,3.75
order_002767,1,prod_00679,seller_0029,2017-11-19 09:31:11,52.74,4.67
order_002768,1,prod_00158,seller_0087,2018-03-17 15:18:32,32.58,3.66
order_002769,1,prod_00553,seller_0103,2017-10-30 18:39:22,33.04,3.0
order_002770,1,prod_00055,seller_0172,2017-01-31 14:49:06,23.72,3.0
order_002770,2,prod_00045,seller_0040,2017-03-23 02:26:31,51.02,6.09
order_002771,1,prod_00426,seller_0111,2018-04-22 17:20:19,42.07,5.37
order_002772,1,prod_00195,seller_0105,2017-09-29 14:09:29,10.03,3.0
order_002772,2,prod_00068,seller_0171,2017-03-07 07:48:30,10.4,3.0
order_002773,1,prod_00640,seller_0077,2017-06-15 11:22:07,26.69,3.0
order_002774,1,prod_00621,seller_0032,2017-05-19 16:23:37,62.24,7.56
order_002775,1,prod_00010,seller_0100,2017-04-08 19:05:54,70.69,6.17
order_002775,2,prod_00678,seller_0153,2017-10-27 21:24:51,54.38,8.16
order_002776,1,prod_00012,seller_0029,2018-03-01 22:12:29,30.03,3.89
order_002777,1,prod_00516,seller_0128,2017-11-10 23:05:29,85.81,4.22
order_002777,2,prod_00548,seller_0091,2018-03-02 11:20:07,20.71,3.0
order_002778,1,prod_00201,seller_0143,2017-04-21 21:41:58,26.53,3.52
order_002779,1,prod_00095,seller_0056,2017-03-06 23:51:59,13.15,3.0
order_002780,1,prod_00393,seller_0153,2018-07-06 19:52:43,26.46,3.0
order_002780,2,prod_00620,seller_0025,2018-03-02 18:54:32,18.91,3.0
order_002781,1,prod_00021,seller_0095,2017-04-15 00:44:35,89.98,16.78
order_002782,1,prod_00595,seller_0090,2017-03-12 12:46:14,79.17,8.42
order_002783,1,prod_00434,seller_0050,2017-03-17 09:11:29,34.51,3.0
order_002784,1,prod_00690,seller_0024,2017-01-10 12:33:54,44.86,6.84
order_002785,1,prod_00184,seller_0169,2018-03-15 00:28:25,22.36,3.0
order_002786,1,prod_00451,seller_0076,2018-07-13 08:24:06,8.0,3.0
order_002787,1,prod_00318,seller_0167,2017-02-02 15:26:42,20.17,3.44
order_002788,1,prod_00444,seller_0058,2018-01-26 10:25:40,53.85,9.93
order_002789,1,prod_00125,seller_0115,2017-10-10 23:43:13,44.03,4.82
order_002789,2,prod_00348,seller_0097,2018-08-12 05:28:59,25.67,3.53
order_002789,3,prod_00690,seller_0072,2017-11-17 22:32:33,53.55,4.89
order_002790,1,prod_00590,seller_0087,2017-10-14 02:02:28,24.38,3.36
order_002791,1,prod_00145,seller_0045,2018-05-29 21:06:30,15.77,3.0
order_002792,1,prod_00041,seller_0024,2017-03-08 16:34:47,53.56,8.17
order_002793,1,prod_00291,seller_0120,2017-07-31 01:03:02,22.25,3.0
order_002793,2,prod_00160,seller_0050,2017-03-20 00:05:54,64.54,3.02
order_002794,1,prod_00178,seller_0095,2017-09-21 01:15:23,9.04,3.0
order_002795,1,prod_00127,seller_0100,2017-04-25 04:12:49,22.87,3.0
order_002796,1,prod_00379,seller_0179,2017-12-24 23:17:14,48.82,9.29
order_002796,2,prod_00065,seller_0150,2017-10-03 07:13:52,45.65,3.0
order_002797,1,prod_00633,seller_0033,2018-08-24 09:01:44,28.68,5.69
order_002797,2,prod_00021,seller_0010,2018-05-19 22:29:23,39.92,3.0
order_002797,3,prod_00114,seller_0174,2018-04-06 11:05:35,36.27,3.0
order_002798,1,prod_00393,seller_0016,2017-01-12 18:14:12,12.58,3.0
order_002798,2,prod_00098,seller_0128,2017-01-05 06:03:56,26.14,3.02
order_002799,1,prod_00352,seller_0143,2017-03-02 10:34:54,38.39,3.02
order_002800,1,prod_00051,seller_0155,2017-09-27 15:05:30,46.02,5.85
order_002801,1,prod_00608,seller_0061,2018-03-30 03:15:42,31.74,3.0
order_002802,1,prod_00412,seller_0062,2017-05-23 13:34:06,23.13,4.58
order_002803,1,prod_00212,seller_0046,2018-04-17 10:21:09,13.91,3.0
order_002804,1,prod_00421,seller_0030,2017-02-19 19:13:04,54.02,7.64
order_002805,1,prod_00378,seller_0041,2018-02-14 21:30:01,50.29,4.26
order_002806,1,prod_00574,seller_0036,2018-05-06 12:36:23,62.91,3.0
order_002807,1,prod_00508,seller_0174,2018-02-19 14:02:58,16.43,3.0
order_002807,2,prod_00585,seller_0087,2017-10-26 21:24:51,35.85,3.0
order_002808,1,prod_00604,seller_0091,2017-04-24 01:13:25,21.12,3.0
order_002809,1,prod_00071,seller_0112,2017-07-30 04:52:48,34.13,4.44
order_002809,2,prod_00538,seller_0028,2018-02-16 05:40:05,219.06,34.76
order_002810,1,prod_00637,seller_0177,2018-05-29 18:41:56,59.58,5.93
order_002811,1,prod_00138,seller_0073,2018-04-22 01:12:51,20.26,3.0
order_002812,1,prod_00580,seller_0091,2017-02-11 16:45:01,28.1,5.49
order_002812,2,prod_00427,seller_0046,2018-05-25 09:45:05,26.17,3.0
order_002812,3,prod_00453,seller_0053,2017-06-20 18:03:50,35.89,3.0
order_002813,1,prod_00499,seller_0030,2017-10-10 16:32:12,12.3,3.0
order_002814,1,prod_00242,seller_0090,2018-02-25 15:16:23,40.87,4.33
order_002814,2,prod_00628,seller_0176,2017-03-17 19:29:29,8.36,3.0
order_002815,1,prod_00521,seller_0003,2018-01-26 02:23:37,11.16,3.0
order_002815,2,prod_00307,seller_0080,2018-02-05 20:39:53,121.64,15.83
order_002816,1,prod_00434,seller_0070,2018-02-28 02:27:22,26.19,3.3
order_002816,2,prod_00667,seller_0124,2017-08-07 16:10:55,83.68,9.45
order_002816,3,prod_00247,seller_0133,2018-07-18 02:26:17,19.56,3.0
order_002817,1,prod_00625,seller_0161,2018-08-30 20:49:31,8.45,3.0
order_002818,1,prod_00009,seller_0046,2017-06-14 01:26:46,16.73,3.0
order_002819,1,prod_00555,seller_0037,2018-05-08 02:29:19,190.03,14.43
order_002820,1,prod_00414,seller_0086,2017-09-19 08:53:19,13.24,3.0
order_002820,2,prod_00497,seller_0023,2017-05-31 04:18:48,105.08,6.59
order_002821,1,prod_00403,seller_0086,2017-11-29 10:05:11,41.45,5.53
order_002822,1,prod_00335,seller_0046,2017-10-13 21:02:47,35.8,3.84
order_002823,1,prod_00108,seller_0056,2018-05-04 03:35:15,20.36,3.0
order_002823,2,prod_00170,seller_0128,2017-02-14 17:20:39,18.43,3.0
order_002823,3,prod_00634,seller_0026,2017-02-12 22:24:17,47.78,3.0
order_002824,1,prod_00284,seller_0068,2018-07-16 12:33:46,78.06,11.52
order_002825,1,prod_00111,seller_0121,2017-01-23 08:59:12,37.62,4.17
order_002826,1,prod_00090,seller_0088,2017-01-25 18:32:52,53.56,7.66
order_002826,2,prod_00200,seller_0154,2017-05-25 22:59:07,25.11,3.0
order_002827,1,prod_00512,seller_0003,2017-06-16 11:22:07,135.98,6.04
order_002828,1,prod_00260,seller_0073,2018-03-23 21:08:15,38.67,6.57
order_002829,1,prod_00301,seller_0000,2017-09-24 22:45:59,124.16,4.6
order_002830,1,prod_00478,seller_0011,2018-07-01 19:34:14,17.68,3.0
order_002831,1,prod_00423,seller_0073,2017-01-22 08:47:23,32.16,4.16
order_002832,1,prod_00057,seller_0045,2018-01-13 03:52:33,66.45,9.5
order_002832,2,prod_00273,seller_0027,2018-09-02 00:05:42,36.32,4.06
order_002833,1,prod_00491,seller_0172,2017-05-13 16:49:23,46.36,7.69
order_002834,1,prod_00496,seller_0142,2017-12-13 14:56:46,17.54,3.0
order_002835,1,prod_00290,seller_0078,2017-12-14 03:19:49,25.44,4.38
order_002835,2,prod_00150,seller_0171,2017-07-13 20:50:40,18.75,3.0
order_002835,3,prod_00128,seller_0015,2017-12-04 19:56:45,31.32,3.46
order_002836,1,prod_00063,seller_0166,2017-09-22 18:51:33,29.3,3.0
order_002836,2,prod_00078,seller_0157,2017-09-20 09:01:21,23.48,3.01
order_002837,1,prod_00678,seller_0083,2017-08-21 08:52:40,49.95,4.92
order_002838,1,prod_00288,seller_0128,2017-12-14 13:00:24,16.57,3.0
order_002838,2,prod_00224,seller_0051,2017-09-15 19:21:35,8.19,3.0
order_002838,3,prod_00312,seller_0173,2018-02-25 03:56:49,22.84,3.0
order_002839,1,prod_00362,seller_0087,2018-01-07 03:03:05,134.16,17.9
order_002840,1,prod_00096,seller_0039,2018-08-11 16:55:24,46.13,7.12
order_002841,1,prod_00633,seller_0018,2018-04-19 02:41:43,19.1,3.29
order_002841,2,prod_00337,seller_0125,2018-06-11 16:00:29,44.22,3.0
order_002842,1,prod_00393,seller_0169,2017-12-27 15:25:09,30.35,3.74
order_002843,1,prod_00351,seller_0124,2018-08-29 11:41:44,42.6,7.98
order_002844,1,prod_00656,seller_0120,2017-06-30 12:14:25,58.7,4.6
order_002844,2,prod_00686,seller_0141,2018-03-05 02:48:02,37.55,5.14
order_002845,1,prod_00088,seller_0051,2018-07-31 16:00:49,35.81,3.0
order_002846,1,prod_00499,seller_0060,2017-01-23 02:05:16,87.03,14.5
order_002847,1,prod_00114,seller_0136,2017-08-09 05:01:59,47.03,7.35
order_002847,2,prod_00008,seller_0116,2018-05-07 12:36:23,37.59,7.2
order_002848,1,prod_00386,seller_0044,2017-06-14 10:58:04,34.04,5.07
order_002849,1,prod_00333,seller_0010,2017-03-06 23:06:35,22.92,3.0
order_002850,1,prod_00344,seller_0135,2017-11-24 07:41:11,14.74,3.0
order_002851,1,prod_00015,seller_0154,2017-05-14 06:46:38,51.2,8.32
order_002852,1,prod_00450,seller_0072,2018-06-13 00:11:48,75.93,11.8
order_002853,1,prod_00357,seller_0149,2018-07-04 16:13:42,43.73,3.0
order_002853,2,prod_00040,seller_0155,2017-01-17 23:15:06,47.84,3.87
order_002854,1,prod_00236,seller_0126,2018-06-06 18:24:28,18.6,3.0
order_002855,1,prod_00094,seller_0178,2017-02-08 17:52:26,22.48,3.0
order_002855,2,prod_00632,seller_0175,2017-08-30 15:04:48,14.39,3.0
order_002856,1,prod_00519,seller_0057,2018-07-05 00:43:57,28.16,4.98
order_002857,1,prod_00345,seller_0161,2017-03-22 21:44:56,62.75,5.81
order_002858,1,prod_00060,seller_0099,2017-05-30 17:46:20,21.05,3.0
order_002858,2,prod_00594,seller_0068,2018-07-17 20:15:50,31.55,5.53
order_002858,3,prod_00248,seller_0042,2017-03-14 07:29:59,52.28,5.85
order_002859,1,prod_00408,seller_0124,2017-03-27 09:45:07,72.62,12.45
order_002860,1,prod_00504,seller_0144,2017-05-10 23:13:19,11.35,3.0
order_002861,1,prod_00277,seller_0036,2018-08-16 11:34:30,24.29,3.0
order_002861,2,prod_00680,seller_0088,2017-10-23 16:48:22,20.49,3.0
order_002861,3,prod_00160,seller_0160,2017-07-05 12:12:18,18.73,3.0
order_002862,1,prod_00240,seller_0177,2017-03-04 01:48:53,25.82,4.65
order_002863,1,prod_00128,seller_0079,2017-11-26 09:45:25,9.34,3.0
order_002864,1,prod_00240,seller_0159,2017-12-13 20:20:42,26.08,3.0
order_002865,1,prod_00556,seller_0153,2018-06-16 08:14:22,33.88,3.0
order_002866,1,prod_00330,seller_0049,2018-05-18 17:26:45,16.81,3.0
order_002867,1,prod_00618,seller_0081,2017-10-14 02:02:28,24.21,3.0
order_002868,1,prod_00623,seller_0021,2017-04-04 17:23:50,33.54,3.0
order_002868,2,prod_00226,seller_0001,2017-07-23 16:14:02,35.8,5.32
order_002869,1,prod_00556,seller_0111,2018-01-31 13:07:52,11.45,3.0
order_002870,1,prod_00346,seller_0000,2018-08-25 22:04:34,52.2,5.92
order_002871,1,prod_00296,seller_0057,2017-01-06 23:29:37,53.03,5.15
order_002872,1,prod_00201,seller_0031,2017-08-29 08:44:44,20.44,3.0
order_002872,2,prod_00046,seller_0045,2018-01-09 18:13:19,98.56,7.19
order_002873,1,prod_00318,seller_0043,2017-05-10 03:27:34,44.54,4.42
order_002873,2,prod_00467,seller_0098,2018-05-09 10:49:32,40.54,3.0
order_002874,1,prod_00608,seller_0139,2017-01-05 08:57:03,51.62,9.93
order_002875,1,prod_00288,seller_0096,2017-11-09 07:26:40,16.92,3.0
order_002876,1,prod_00096,seller_0136,2018-04-15 23:02:42,26.32,4.05
order_002877,1,prod_00328,seller_0096,2017-09-22 12:02:42,49.47,3.95
order_002877,2,prod_00204,seller_0123,2017-05-29 09:43:27,19.72,3.0
order_002878,1,prod_00643,seller_0052,2018-07-10 19:46:40,26.34,3.0
order_002878,2,prod_00486,seller_0059,2018-03-26 08:55:46,48.94,7.56
order_002879,1,prod_00633,seller_0027,2018-07-19 07:08:24,40.5,3.0
order_002879,2,prod_00217,seller_0093,2017-07-06 04:49:00,33.57,3.0
order_002880,1,prod_00311,seller_0033,2017-09-07 02:06:21,34.49,5.57
order_002881,1,prod_00056,seller_0112,2017-10-28 18:15:57,29.56,3.0
order_002881,2,prod_00094,seller_0129,2018-05-31 07:32:30,57.65,10.11
order_002882,1,prod_00262,seller_0159,2017-06-22 02:59:28,128.84,6.78
order_002882,2,prod_00277,seller_0084,2018-08-29 06:02:53,40.05,6.74
order_002883,1,prod_00473,seller_0178,2017-04-14 04:57:35,76.2,10.34
order_002884,1,prod_00150,seller_0084,2017-07-03 07:57:30,24.93,3.0
order_002885,1,prod_00688,seller_0128,2017-09-20 12:10:43,21.26,3.0
order_002886,1,prod_00546,seller_0175,2018-01-09 07:15:46,19.84,3.57
order_002887,1,prod_00624,seller_0095,2018-03-27 19:14:20,18.23,3.0
order_002887,2,prod_00214,seller_0165,2017-07-08 06:25:16,27.36,3.0
order_002888,1,prod_00393,seller_0103,2017-12-10 17:46:49,58.91,3.61
order_002889,1,prod_00362,seller_0011,2017-04-21 20:46:06,63.56,5.74
order_002889,2,prod_00544,seller_0088,2018-03-28 10:29:37,23.78,3.0
order_002890,1,prod_00593,seller_0143,2017-01-30 01:45:33,26.83,3.0
order_002891,1,prod_00399,seller_0116,2017-07-03 06:36:49,33.07,5.78
order_002892,1,prod_00682,seller_0044,2017-06-24 09:47:24,38.56,3.0
order_002893,1,prod_00345,seller_0051,2018-06-28 16:16:31,48.49,7.61
order_002894,1,prod_00192,seller_0130,2018-06-06 18:24:28,25.55,4.72
order_002895,1,prod_00119,seller_0143,2018-03-18 01:07:50,29.07,3.0
order_002896,1,prod_00264,seller_0031,2018-09-02 00:05:42,79.88,12.6
order_002896,2,prod_00204,seller_0081,2017-05-20 04:06:20,27.63,3.0
order_002897,1,prod_00140,seller_0026,2018-07-24 06:06:31,22.79,3.0
order_002897,2,prod_00316,seller_0052,2017-05-15 11:23:04,31.32,3.0
order_002897,3,prod_00183,seller_0169,2017-10-30 03:59:34,34.84,3.0
order_002898,1,prod_00689,seller_0005,2018-01-15 09:13:40,12.16,3.0
order_002899,1,prod_00213,seller_0100,2017-12-26 17:47:19,24.82,3.0
order_002900,1,prod_00425,seller_0081,2017-06-09 17:39:56,43.51,3.0
order_002900,2,prod_00526,seller_0062,2017-07-04 11:56:07,121.87,23.11
order_002901,1,prod_00661,seller_0161,2018-05-14 03:42:04,23.48,4.28
order_002902,1,prod_00480,seller_0160,2017-12-10 02:48:45,54.44,7.66
order_002903,1,prod_00181,seller_0003,2017-09-21 12:10:43,37.21,3.17
order_002903,2,prod_00389,seller_0052,2017-01-15 18:43:06,70.39,13.4
order_002904,1,prod_00048,seller_0042,2018-05-30 03:58:25,22.15,4.32
order_002905,1,prod_00189,seller_0011,2017-06-22 15:30:47,67.83,11.2
order_002906,1,prod_00684,seller_0090,2017-08-11 10:04:03,82.38,12.02
order_002907,1,prod_00003,seller_0071,2017-04-17 20:48:02,84.69,7.27
order_002907,2,prod_00230,seller_0071,2017-10-14 03:21:09,83.75,15.09
order_002908,1,prod_00037,seller_0127,2018-06-30 21:03:28,37.49,4.31
order_002909,1,prod_00374,seller_0174,2017-09-04 06:34:53,48.43,6.66
order_002910,1,prod_00525,seller_0119,2018-07-31 08:06:38,25.21,3.0
order_002911,1,prod_00049,seller_0111,2018-01-03 07:50:30,8.0,3.0
order_002912,1,prod_00090,seller_0085,2017-09-06 05:36:24,39.11,7.74
order_002913,1,prod_00602,seller_0072,2017-10-23 09:36:23,29.83,4.05
order_002913,2,prod_00195,seller_0091,2018-08-31 17:45:32,61.93,9.07
order_002914,1,prod_00000,seller_0047,2018-09-04 22:41:47,57.99,3.0
order_002914,2,prod_00068,seller_0095,2017-08-29 00:52:53,16.6,3.0
order_002915,1,prod_00634,seller_0068,2017-08-19 08:52:40,151.48,11.86
order_002915,2,prod_00646,seller_0067,2018-04-17 14:09:56,42.62,7.33
order_002916,1,prod_00115,seller_0156,2017-04-01 12:02:30,14.37,3.0
order_002916,2,prod_00196,seller_0014,2017-01-19 19:40:36,15.74,3.0
order_002917,1,prod_00128,seller_0147,2018-07-18 13:44:49,8.04,3.0
order_002918,1,prod_00344,seller_0028,2018-01-08 23:52:10,54.4,5.18
order_002919,1,prod_00578,seller_0068,2017-10-25 00:37:49,23.51,3.0
order_002919,2,prod_00531,seller_0130,2017-03-13 13:26:45,19.18,3.14
order_002920,1,prod_00270,seller_0164,2018-08-06 06:05:45,21.79,3.79
order_002921,1,prod_00486,seller_0145,2018-05-05 17:52:54,27.24,3.0
order_002922,1,prod_00179,seller_0130,2018-07-28 21:43:01,48.14,4.8
order_002923,1,prod_00636,seller_0071,2018-04-13 08:58:23,11.37,3.0
order_002924,1,prod_00417,seller_0065,2017-11-12 08:21:36,16.52,3.0
order_002924,2,prod_00642,seller_0059,2018-06-20 14:10:01,44.8,6.13
order_002925,1,prod_00178,seller_0150,2017-03-03 03:39:10,22.51,3.0
order_002926,1,prod_00665,seller_0109,2018-05-01 10:14:50,48.35,4.98
order_002926,2,prod_00200,seller_0011,2017-08-15 12:51:48,23.97,3.0
order_002927,1,prod_00479,seller_0003,2018-08-15 01:41:17,92.17,6.57
order_002927,2,prod_00031,seller_0021,2017-04-21 03:38:22,37.93,3.0
order_002927,3,prod_00161,seller_0102,2017-03-20 15:16:33,73.48,8.13
order_002928,1,prod_00377,seller_0176,2017-11-23 21:17:31,46.37,3.71
order_002928,2,prod_00353,seller_0084,2017-03-13 18:57:47,48.23,8.14
order_002929,1,prod_00090,seller_0044,2018-05-08 21:38:16,20.31,3.0
order_002929,2,prod_00006,seller_0079,2018-08-30 17:14:37,70.72,3.0
order_002930,1,prod_00585,seller_0127,2018-08-31 03:27:12,38.1,3.98
order_002930,2,prod_00171,seller_0000,2018-04-06 13:22:22,17.81,3.0
order_002931,1,prod_00525,seller_0118,2017-02-25 22:19:36,8.4,3.0
order_002932,1,prod_00121,seller_0169,2018-09-01 12:59:17,36.27,3.0
order_002932,2,prod_00199,seller_0168,2018-01-18 14:48:06,88.25,14.54
order_002933,1,prod_00011,seller_0031,2017-08-21 02:26:42,18.36,3.0
order_002934,1,prod_00373,seller_0176,2017-08-08 00:10:32,17.97,3.0
order_002934,2,prod_00361,seller_0020,2017-10-29 14:14:36,26.96,3.15
order_002934,3,prod_00404,seller_0084,2018-06-15 16:42:55,67.75,4.35
order_002935,1,prod_00524,seller_0069,2017-07-19 13:52:31,10.04,3.0
order_002936,1,prod_00466,seller_0120,2018-08-20 20:37:58,21.7,4.12
order_002937,1,prod_00141,seller_0140,2017-08-16 20:25:30,17.22,3.0
order_002937,2,prod_00293,seller_0109,2018-02-20 22:56:00,47.72,3.67
order_002938,1,prod_00053,seller_0137,2018-04-07 00:53:37,30.18,4.56
order_002938,2,prod_00456,seller_0176,2018-05-01 05:13:45,26.44,3.64
order_002939,1,prod_00277,seller_0092,2017-08-28 05:16:44,29.46,5.03
order_002940,1,prod_00118,seller_0103,2017-07-17 21:47:35,55.15,7.74
order_002941,1,prod_00614,seller_0098,2018-08-22 14:18:39,68.65,4.29
order_002942,1,prod_00329,seller_0048,2018-08-11 11:03:08,64.46,11.09
order_002943,1,prod_00036,seller_0081,2017-10-27 08:28:44,48.14,3.0
order_002943,2,prod_00065,seller_0100,2017-12-27 15:41:54,81.41,3.6
order_002943,3,prod_00204,seller_0004,2017-12-28 20:47:44,18.07,3.43
order_002944,1,prod_00658,seller_0070,2017-03-04 19:09:14,42.61,5.51
order_002945,1,prod_00068,seller_0050,2018-04-04 20:02:22,152.41,13.15
order_002945,2,prod_00280,seller_0119,2018-06-01 18:24:04,10.04,3.0
order_002946,1,prod_00278,seller_0070,2018-08-16 17:47:34,23.4,3.0
order_002947,1,prod_00432,seller_0024,2017-08-09 23:13:40,16.89,3.0
order_002948,1,prod_00419,seller_0099,2018-08-27 23:26:28,39.95,7.11
order_002949,1,prod_00342,seller_0083,2018-03-09 05:25:41,84.32,12.28
order_002950,1,prod_00564,seller_0118,2017-01-25 15:14:42,46.96,7.49
order_002950,2,prod_00018,seller_0133,2017-01-04 21:15:35,28.75,3.79
order_002951,1,prod_00275,seller_0177,2017-08-20 05:14:14,47.21,3.0
order_002952,1,prod_00043,seller_0111,2018-01-20 14:04:38,27.43,3.0
order_002953,1,prod_00210,seller_0091,2017-03-18 16:32:41,37.57,3.0
order_002954,1,prod_00185,seller_0050,2018-05-07 19:57:25,49.51,3.0
order_002954,2,prod_00618,seller_0120,2017-01-19 02:42:55,103.48,6.2
order_002954,3,prod_00472,seller_0074,2018-08-16 14:15:16,44.35,8.04
order_002955,1,prod_00167,seller_0172,2018-07-11 10:20:00,38.15,3.0
order_002956,1,prod_00449,seller_0123,2018-04-15 10:26:51,124.34,13.28
order_002957,1,prod_00582,seller_0050,2018-05-20 02:35:24,9.29,3.0
order_002958,1,prod_00131,seller_0168,2017-10-04 03:03:49,31.19,4.53
order_002958,2,prod_00395,seller_0081,2017-05-04 09:21:58,20.45,3.0
order_002959,1,prod_00342,seller_0111,2018-07-03 16:09:13,28.36,3.08
order_002960,1,prod_00639,seller_0129,2017-01-23 17:52:00,49.04,7.9
order_002961,1,prod_00256,seller_0117,2017-04-01 07:49:10,62.64,6.61
order_002962,1,prod_00475,seller_0101,2017-03-08 08:34:36,23.61,3.0
order_002963,1,prod_00397,seller_0131,2018-07-31 02:39:49,51.16,7.13
order_002964,1,prod_00226,seller_0160,2017-02-22 17:56:49,18.48,3.0
order_002965,1,prod_00234,seller_0029,2017-07-13 08:41:34,14.41,3.0
order_002966,1,prod_00603,seller_0101,2018-07-08 05:47:07,34.68,3.0
order_002967,1,prod_00627,seller_0109,2017-03-12 23:44:13,28.73,5.28
order_002967,2,prod_00182,seller_0166,2018-08-25 09:06:16,87.26,16.28
order_002968,1,prod_00330,seller_0103,2018-01-21 16:15:03,132.09,10.77
order_002969,1,prod_00099,seller_0026,2017-02-25 10:45:46,22.3,3.0
order_002970,1,prod_00298,seller_0137,2017-01-17 07:27:40,10.2,3.0
order_002971,1,prod_00607,seller_0144,2017-08-08 18:33:24,13.62,3.0
order_002972,1,prod_00492,seller_0151,2018-05-13 02:28:45,19.24,3.0
order_002972,2,prod_00340,seller_0038,2018-06-03 02:49:55,37.89,5.09
order_002973,1,prod_00546,seller_0027,2017-06-17 07:04:25,27.94,5.33
order_002974,1,prod_00386,seller_0008,2017-07-20 00:40:46,14.61,3.0
order_002974,2,prod_00306,seller_0077,2018-03-03 23:57:46,105.74,7.23
order_002974,3,prod_00011,seller_0020,2017-01-16 01:37:44,50.95,3.0
order_002975,1,prod_00076,seller_0137,2017-03-19 23:02:06,103.89,8.68
order_002976,1,prod_00377,seller_0104,2017-07-31 04:52:48,10.27,3.0
order_002977,1,prod_00059,seller_0056,2017-11-05 21:36:30,75.74,3.0
order_002977,2,prod_00008,seller_0052,2017-05-14 20:20:24,30.06,4.15
order_002978,1,prod_00228,seller_0080,2017-02-01 01:45:33,25.67,3.0
order_002979,1,prod_00389,seller_0025,2018-04-30 10:00:10,33.64,3.0
order_002980,1,prod_00512,seller_0074,2017-08-14 23:51:58,21.02,3.0
order_002981,1,prod_00675,seller_0113,2017-01-30 01:18:53,30.18,5.18
order_002982,1,prod_00457,seller_0083,2018-01-21 10:12:12,61.26,10.41
order_002982,2,prod_00682,seller_0087,2017-08-04 02:45:02,9.24,3.0
order_002983,1,prod_00201,seller_0149,2017-11-13 07:36:42,87.64,11.22
order_002984,1,prod_00460,seller_0068,2018-04-21 10:12:15,42.74,4.3
order_002984,2,prod_00003,seller_0022,2017-02-22 04:53:56,30.83,3.0
order_002985,1,prod_00095,seller_0096,2017-09-06 02:06:21,60.83,4.98
order_002985,2,prod_00449,seller_0031,2018-03-17 01:49:01,41.95,3.0
order_002985,3,prod_00221,seller_0155,2017-06-14 03:34:54,24.24,3.87
order_002986,1,prod_00395,seller_0028,2018-01-12 15:40:41,20.04,3.0
order_002987,1,prod_00659,seller_0130,2017-04-03 02:41:18,87.77,14.54
order_002987,2,prod_00540,seller_0081,2017-05-21 13:34:06,12.66,3.0
order_002988,1,prod_00246,seller_0089,2017-01-17 07:27:40,29.14,3.0
order_002989,1,prod_00480,seller_0159,2018-02-22 07:41:09,13.24,3.0
order_002989,2,prod_00646,seller_0148,2018-01-24 13:15:22,45.47,8.88
order_002989,3,prod_00172,seller_0030,2018-01-03 21:08:07,31.09,3.0
order_002990,1,prod_00388,seller_0155,2017-05-01 21:29:48,14.7,3.0
order_002991,1,prod_00513,seller_0057,2018-05-20 14:35:42,18.82,3.0
order_002992,1,prod_00461,seller_0067,2018-03-09 07:38:25,34.09,3.85
order_002993,1,prod_00340,seller_0149,2017-03-10 01:56:47,39.86,7.49
order_002994,1,prod_00303,seller_0026,2017-07-30 21:29:40,9.4,3.0
order_002994,2,prod_00402,seller_0074,2018-04-04 17:18:32,20.94,3.0
order_002995,1,prod_00347,seller_0020,2017-06-11 03:14:48,36.76,4.22
order_002996,1,prod_00249,seller_0101,2018-06-02 05:52:18,72.7,7.69
order_002997,1,prod_00612,seller_0114,2018-03-08 02:02:53,57.14,10.44
order_002997,2,prod_00553,seller_0104,2017-09-23 18:51:33,24.64,3.33
order_002998,1,prod_00448,seller_0168,2018-05-04 22:01:13,63.4,10.48
order_002999,1,prod_00137,seller_0127,2018-03-08 07:38:25,26.98,3.0
order_003000,1,prod_00359,seller_0006,2017-01-12 08:56:45,8.0,3.0
order_003000,2,prod_00143,seller_0037,2018-09-03 10:58:06,84.48,16.47
order_003000,3,prod_00113,seller_0089,2018-02-13 02:32:19,44.59,8.59
order_003001,1,prod_00166,seller_0082,2017-02-28 15:58:02,37.42,7.37
order_003002,1,prod_00110,seller_0034,2017-02-08 04:39:37,33.29,4.95
order_003003,1,prod_00552,seller_0095,2017-12-30 01:59:06,40.32,5.81
order_003004,1,prod_00359,seller_0095,2018-06-04 17:59:30,33.27,3.0
order_003005,1,prod_00509,seller_0081,2017-09-06 18:21:57,27.44,3.0
order_003006,1,prod_00683,seller_0154,2018-04-20 16:05:28,21.66,3.55
order_003007,1,prod_00188,seller_0068,2017-09-20 08:49:57,34.81,3.18
order_003008,1,prod_00136,seller_0141,2017-02-06 15:38:37,18.67,3.0
order_003009,1,prod_00100,seller_0125,2018-07-31 11:29:29,15.76,3.0
order_003009,2,prod_00013,seller_0174,2017-11-22 12:58:35,39.46,5.08
order_003010,1,prod_00019,seller_0114,2018-07-25 10:31:15,62.61,5.82
order_003011,1,prod_00416,seller_0087,2017-07-11 10:22:49,19.74,3.56
order_003012,1,prod_00478,seller_0000,2018-01-31 19:06:30,22.1,3.0
order_003013,1,prod_00204,seller_0119,2018-02-13 04:47:08,11.0,3.0
order_003013,2,prod_00377,seller_0095,2018-07-22 17:38:47,14.08,3.0
order_003014,1,prod_00144,seller_0161,2018-04-01 04:15:28,14.43,3.0
order_003015,1,prod_00491,seller_0107,2018-08-28 12:42:36,62.38,9.91
order_003015,2,prod_00497,seller_0125,2017-05-11 09:46:06,10.71,3.0
order_003016,1,prod_00495,seller_0164,2017-03-07 23:51:59,44.63,3.0
order_003017,1,prod_00358,seller_0173,2018-07-15 18:52:12,27.87,4.64
order_003017,2,prod_00591,seller_0039,2018-08-02 08:12:33,49.08,4.05
order_003018,1,prod_00058,seller_0044,2017-08-29 22:45:47,70.67,5.1
order_003019,1,prod_00291,seller_0141,2017-03-09 16:29:16,32.48,3.0
order_003020,1,prod_00044,seller_0024,2018-01-20 22:38:15,69.19,10.53
order_003021,1,prod_00579,seller_0147,2018-04-05 22:52:50,90.69,17.25
order_003022,1,prod_00051,seller_0026,2018-07-27 08:22:20,79.45,11.19
order_003023,1,prod_00305,seller_0065,2018-05-03 04:17:49,21.39,3.0
order_003023,2,prod_00130,seller_0153,2017-02-25 14:30:47,9.21,3.0
order_003024,1,prod_00495,seller_0024,2017-12-06 20:49:19,30.53,3.0
order_003025,1,prod_00281,seller_0009,2017-05-05 22:16:18,37.19,3.0
order_003025,2,prod_00385,seller_0136,2018-04-24 17:20:19,9.3,3.0
order_003026,1,prod_00673,seller_0145,2018-01-21 14:04:38,34.46,3.0
order_003026,2,prod_00644,seller_0135,2018-04-05 12:59:55,8.0,3.0
order_003027,1,prod_00299,seller_0083,2018-06-24 16:57:54,90.45,9.3
order_003028,1,prod_00259,seller_0137,2017-03-14 19:48:08,45.17,3.0
order_003029,1,prod_00209,seller_0124,2018-03-19 04:55:52,19.46,3.0
order_003030,1,prod_00482,seller_0068,2018-03-09 11:17:13,35.96,3.0
order_003031,1,prod_00696,seller_0134,2018-06-22 23:58:20,38.96,5.34
order_003032,1,prod_00418,seller_0034,2017-02-05 11:09:16,45.33,6.5
order_003033,1,prod_00395,seller_0076,2018-06-24 12:45:18,34.64,6.31
order_003034,1,prod_00699,seller_0148,2018-08-10 13:10:16,61.21,4.81
order_003035,1,prod_00133,seller_0026,2018-05-12 01:45:32,14.53,3.0
order_003035,2,prod_00054,seller_0075,2018-03-06 20:49:34,30.45,3.37
order_003035,3,prod_00066,seller_0111,2018-07-22 07:57:55,105.78,17.82
order_003036,1,prod_00418,seller_0107,2018-04-24 13:36:52,26.35,3.33
order_003037,1,prod_00627,seller_0172,2018-02-08 13:01:30,38.74,7.38
order_003038,1,prod_00162,seller_0118,2017-01-04 00:29:35,17.34,3.0
order_003039,1,prod_00506,seller_0004,2018-03-16 08:10:28,134.55,20.49
order_003039,2,prod_00618,seller_0179,2017-03-04 05:24:52,39.86,5.69
order_003040,1,prod_00641,seller_0040,2017-05-11 22:55:21,14.61,3.0
order_003040,2,prod_00556,seller_0107,2017-03-20 03:47:05,67.27,4.4
order_003041,1,prod_00257,seller_0157,2017-06-05 04:48:45,16.48,3.0
order_003042,1,prod_00463,seller_0109,2017-10-07 14:34:23,51.65,4.38
order_003042,2,prod_00388,seller_0012,2017-04-23 18:41:38,64.68,5.62
order_003043,1,prod_00336,seller_0063,2017-01-29 23:43:49,123.64,18.89
order_003044,1,prod_00495,seller_0001,2018-06-06 00:04:35,38.3,3.0
order_003045,1,prod_00476,seller_0075,2018-01-02 03:53:00,34.18,5.37
order_003046,1,prod_00565,seller_0158,2017-01-12 11:54:35,8.87,3.0
order_003046,2,prod_00388,seller_0046,2017-12-07 05:10:29,24.61,3.0
order_003047,1,prod_00460,seller_0138,2018-06-07 17:23:21,20.82,3.0
order_003048,1,prod_00201,seller_0007,2018-08-29 06:06:39,29.44,3.0
order_003049,1,prod_00331,seller_0045,2017-05-07 07:40:16,23.62,3.0
order_003050,1,prod_00573,seller_0103,2017-08-02 19:50:00,55.2,7.17
order_003050,2,prod_00540,seller_0173,2017-11-04 19:21:36,23.02,3.0
order_003051,1,prod_00358,seller_0111,2018-03-12 05:15:22,45.11,3.53
order_003051,2,prod_00396,seller_0128,2018-02-20 03:44:46,30.72,3.42
order_003051,3,prod_00179,seller_0139,2018-02-12 03:15:29,22.09,3.0
order_003052,1,prod_00268,seller_0021,2017-08-06 09:51:52,20.83,3.11
order_003053,1,prod_00465,seller_0172,2017-08-06 13:24:47,38.53,4.38
order_003054,1,prod_00080,seller_0082,2018-08-29 10:27:57,80.72,9.74
order_003055,1,prod_00013,seller_0055,2017-10-16 14:44:24,20.59,3.0
order_003055,2,prod_00419,seller_0155,2017-04-10 16:24:27,34.15,6.41
order_003055,3,prod_00504,seller_0088,2017-01-11 18:14:12,45.35,3.0
order_003056,1,prod_00686,seller_0120,2017-03-07 19:08:39,32.69,4.67
order_003057,1,prod_00329,seller_0066,2017-09-26 23:27:10,10.55,3.0
order_003058,1,prod_00086,seller_0105,2018-08-23 22:10:45,45.21,3.35
order_003059,1,prod_00444,seller_0027,2018-02-15 15:56:56,12.44,3.0
order_003060,1,prod_00215,seller_0075,2017-11-01 13:03:59,12.55,3.0
order_003061,1,prod_00110,seller_0081,2018-01-18 14:48:06,14.18,3.0
order_003062,1,prod_00434,seller_0044,2017-09-07 00:48:59,29.81,3.5
order_003062,2,prod_00502,seller_0164,2017-04-16 03:18:54,17.7,3.0
order_003063,1,prod_00038,seller_0110,2018-08-24 03:31:56,13.03,3.0
order_003063,2,prod_00506,seller_0156,2018-08-10 08:11:19,42.39,8.06
order_003064,1,prod_00401,seller_0027,2018-03-28 05:38:46,32.54,3.0
order_003065,1,prod_00519,seller_0076,2017-02-28 11:17:55,54.19,9.18
order_003066,1,prod_00440,seller_0145,2018-03-02 15:03:32,20.61,3.0
order_003067,1,prod_00327,seller_0029,2018-01-05 10:00:11,31.77,3.87
order_003068,1,prod_00233,seller_0037,2017-01-21 06:14:03,55.71,3.0
order_003069,1,prod_00448,seller_0166,2017-10-30 12:33:47,14.1,3.0
order_003070,1,prod_00139,seller_0021,2017-03-29 06:22:52,21.54,3.0
order_003071,1,prod_00384,seller_0082,2017-03-12 23:57:23,63.14,12.15
order_003071,2,prod_00527,seller_0012,2018-08-11 04:22:54,33.54,5.47
order_003071,3,prod_00163,seller_0061,2017-03-22 03:47:05,30.03,3.28
order_003072,1,prod_00059,seller_0146,2018-04-03 23:45:09,32.3,5.68
order_003073,1,prod_00016,seller_0065,2017-12-23 13:27:45,73.33,6.17
order_003074,1,prod_00388,seller_0084,2017-04-07 18:46:30,32.6,5.76
order_003075,1,prod_00289,seller_0164,2017-03-06 08:31:36,34.11,3.0
order_003075,2,prod_00457,seller_0071,2018-09-04 11:10:25,32.76,3.0
order_003076,1,prod_00570,seller_0108,2017-08-15 17:43:26,11.58,3.0
order_003077,1,prod_00685,seller_0093,2018-05-21 15:57:16,45.91,3.0
order_003078,1,prod_00225,seller_0129,2018-08-28 11:41:44,19.42,3.45
order_003079,1,prod_00078,seller_0105,2017-07-08 13:26:09,14.58,3.0
order_003080,1,prod_00524,seller_0149,2018-07-24 03:24:38,10.64,3.0
order_003081,1,prod_00013,seller_0158,2017-11-13 22:13:18,12.18,3.0
order_003081,2,prod_00447,seller_0177,2017-10-27 22:04:45,8.0,3.0
order_003082,1,prod_00192,seller_0061,2017-08-22 22:43:39,17.01,3.0
order_003083,1,prod_00247,seller_0031,2017-01-13 19:55:33,24.97,3.0
order_003084,1,prod_00086,seller_0033,2017-05-20 13:52:40,66.01,11.53
order_003085,1,prod_00000,seller_0141,2017-02-17 22:09:10,34.45,6.79
order_003086,1,prod_00135,seller_0156,2018-06-15 17:08:44,39.05,5.63
order_003086,2,prod_00301,seller_0043,2017-03-25 10:00:07,76.07,14.31
order_003086,3,prod_00205,seller_0086,2017-03-11 01:09:16,8.0,3.0
order_003087,1,prod_00274,seller_0003,2017-04-28 21:16:43,42.72,8.41
order_003088,1,prod_00078,seller_0104,2017-08-05 14:21:05,40.64,6.72
order_003088,2,prod_00097,seller_0126,2018-06-21 20:57:19,56.56,8.23
order_003089,1,prod_00523,seller_0028,2017-08-15 17:43:26,10.3,3.0
order_003090,1,prod_00573,seller_0166,2017-12-30 22:07:13,22.8,3.0
order_003090,2,prod_00517,seller_0155,2017-05-31 09:49:11,18.08,3.0
order_003091,1,prod_00668,seller_0172,2018-06-24 03:27:23,14.34,3.0
order_003092,1,prod_00512,seller_0168,2018-05-13 00:08:07,148.89,21.53
order_003092,2,prod_00084,seller_0014,2017-11-29 08:15:27,22.92,3.0
order_003092,3,prod_00515,seller_0080,2018-01-13 19:01:55,60.5,4.98
order_003093,1,prod_00161,seller_0076,2017-11-11 20:56:20,52.39,6.78
order_003094,1,prod_00544,seller_0003,2017-01-26 12:28:37,12.99,3.0
order_003095,1,prod_00442,seller_0168,2017-05-30 16:53:04,23.54,3.0
order_003096,1,prod_00592,seller_0004,2017-06-28 02:32:50,34.44,3.0
order_003097,1,prod_00665,seller_0125,2018-02-18 14:02:58,42.82,3.01
order_003098,1,prod_00482,seller_0054,2017-12-28 20:51:52,41.06,7.48
order_003099,1,prod_00653,seller_0107,2017-07-14 08:11:20,103.5,8.07
order_003100,1,prod_00378,seller_0088,2018-03-05 17:31:35,59.85,10.93
order_003101,1,prod_00651,seller_0039,2017-10-12 21:16:08,50.75,6.13
order_003102,1,prod_00062,seller_0077,2018-01-18 09:22:38,62.14,11.67
order_003102,2,prod_00308,seller_0127,2018-06-21 16:39:15,79.78,12.28
order_003103,1,prod_00533,seller_0102,2017-03-14 12:50:21,22.09,3.0
order_003104,1,prod_00690,seller_0040,2017-09-20 04:35:41,11.86,3.0
order_003105,1,prod_00608,seller_0046,2018-01-15 21:55:49,22.32,4.05
order_003106,1,prod_00255,seller_0125,2018-03-10 05:25:41,13.56,3.0
order_003107,1,prod_00439,seller_0037,2018-01-27 22:40:55,17.48,3.0
order_003107,2,prod_00060,seller_0107,2017-08-06 11:21:37,35.34,6.68
order_003108,1,prod_00081,seller_0175,2018-01-12 02:36:48,23.11,3.0
order_003108,2,prod_00493,seller_0103,2018-04-16 10:26:51,50.46,3.0
order_003108,3,prod_00219,seller_0050,2017-11-16 18:09:14,40.34,3.24
order_003109,1,prod_00389,seller_0120,2017-03-12 02:48:04,41.98,7.4
order_003110,1,prod_00144,seller_0170,2018-03-25 04:23:22,14.55,3.0
order_003111,1,prod_00559,seller_0116,2017-01-26 00:01:42,18.72,3.13
order_003112,1,prod_00060,seller_0102,2018-08-08 10:50:59,9.57,3.0
order_003113,1,prod_00434,seller_0110,2017-07-18 13:48:45,47.91,3.0
order_003114,1,prod_00474,seller_0012,2018-05-30 20:25:49,115.51,7.29
order_003114,2,prod_00574,seller_0004,2018-05-09 04:24:46,37.2,6.69
order_003115,1,prod_00178,seller_0107,2017-06-27 03:09:59,39.41,3.0
order_003116,1,prod_00240,seller_0086,2018-04-10 20:02:03,23.44,4.43
order_003117,1,prod_00389,seller_0177,2017-05-13 17:21:27,28.77,3.0
order_003117,2,prod_00201,seller_0085,2017-04-04 20:32:42,75.83,14.8
order_003117,3,prod_00515,seller_0151,2018-04-30 15:26:29,35.13,3.0
order_003118,1,prod_00530,seller_0118,2018-02-26 17:29:01,50.18,6.18
order_003119,1,prod_00528,seller_0054,2017-09-27 20:11:32,77.13,3.0
order_003119,2,prod_00348,seller_0155,2017-06-18 09:20:53,67.71,4.98
order_003120,1,prod_00439,seller_0017,2018-02-28 11:37:33,33.82,5.93
order_003121,1,prod_00125,seller_0125,2017-08-27 08:49:51,35.47,3.0
order_003122,1,prod_00138,seller_0082,2018-01-05 14:41:48,25.76,4.68
order_003123,1,prod_00262,seller_0130,2017-01-15 18:43:06,45.8,5.97
order_003124,1,prod_00144,seller_0017,2018-03-15 15:18:32,25.31,3.89
order_003125,1,prod_00560,seller_0036,2017-11-11 11:02:39,41.58,3.79
order_003125,2,prod_00180,seller_0053,2017-09-20 04:47:03,65.03,12.84
order_003126,1,prod_00646,seller_0101,2017-11-13 03:31:29,11.07,3.0
order_003127,1,prod_00287,seller_0165,2018-05-27 20:15:14,9.9,3.0
order_003128,1,prod_00532,seller_0163,2017-04-16 00:58:15,32.17,3.0
order_003129,1,prod_00053,seller_0117,2017-10-06 19:34:27,51.15,3.85
order_003130,1,prod_00502,seller_0020,2018-01-18 22:23:55,39.9,6.9
order_003131,1,prod_00319,seller_0141,2017-09-30 12:42:51,15.07,3.0
order_003132,1,prod_00568,seller_0152,2017-10-18 06:18:14,59.43,5.67
order_003133,1,prod_00126,seller_0097,2017-05-22 08:37:43,114.48,12.47
order_003134,1,prod_00140,seller_0011,2017-12-17 01:16:43,18.83,3.0
order_003135,1,prod_00603,seller_0030,2017-04-06 18:06:53,20.67,3.0
order_003136,1,prod_00405,seller_0145,2017-03-12 01:09:16,33.67,3.81
order_003136,2,prod_00393,seller_0027,2017-03-28 20:16:27,30.52,3.27
order_003137,1,prod_00415,seller_0060,2018-08-25 09:01:44,72.39,6.2
order_003138,1,prod_00250,seller_0137,2017-03-03 17:58:43,39.82,4.23
order_003138,2,prod_00662,seller_0027,2017-03-23 09:18:15,27.4,3.0
order_003139,1,prod_00388,seller_0077,2017-02-12 12:42:29,22.57,3.0
order_003140,1,prod_00010,seller_0123,2018-07-10 01:36:30,12.27,3.0
order_003141,1,prod_00200,seller_0089,2018-06-10 21:22:39,80.65,15.64
order_003142,1,prod_00679,seller_0157,2017-12-24 13:27:45,49.8,3.29
order_003143,1,prod_00340,seller_0032,2018-09-01 08:36:01,31.22,5.78
order_003144,1,prod_00508,seller_0103,2017-03-29 10:01:07,35.54,4.85
order_003145,1,prod_00013,seller_0065,2017-12-07 15:20:05,30.88,5.93
order_003146,1,prod_00015,seller_0100,2018-04-13 04:02:44,10.51,3.0
order_003147,1,prod_00143,seller_0023,2018-04-30 00:27:35,13.15,3.0
order_003148,1,prod_00363,seller_0123,2018-01-12 13:59:59,29.0,3.55
order_003149,1,prod_00426,seller_0036,2017-10-27 04:35:59,28.68,5.63
order_003150,1,prod_00048,seller_0145,2018-02-17 04:48:48,32.86,3.0
order_003151,1,prod_00641,seller_0159,2017-05-15 02:54:06,99.82,3.99
order_003152,1,prod_00422,seller_0061,2018-04-06 12:59:55,27.49,4.86
order_003153,1,prod_00246,seller_0129,2018-06-23 00:57:23,20.17,3.0
order_003154,1,prod_00316,seller_0098,2018-08-05 17:59:49,34.28,6.32
order_003155,1,prod_00354,seller_0153,2018-07-05 11:58:56,13.36,3.0
order_003156,1,prod_00540,seller_0166,2017-12-12 14:56:46,36.64,3.0
order_003156,2,prod_00064,seller_0157,2018-05-12 10:13:38,20.67,3.0
order_003157,1,prod_00405,seller_0046,2017-08-05 08:42:36,38.33,5.89
order_003158,1,prod_00366,seller_0106,2018-08-29 06:06:39,29.45,3.77
order_003159,1,prod_00550,seller_0016,2017-05-25 20:09:47,30.21,5.57
order_003160,1,prod_00252,seller_0054,2017-01-27 22:23:35,49.76,6.82
order_003160,2,prod_00258,seller_0065,2017-03-17 09:11:29,53.38,7.01
order_003161,1,prod_00565,seller_0088,2017-01-28 10:42:03,124.16,15.76
order_003161,2,prod_00599,seller_0149,2017-07-21 22:54:12,52.0,5.15
order_003162,1,prod_00576,seller_0003,2017-06-16 14:26:40,28.24,3.92
order_003163,1,prod_00606,seller_0088,2017-12-16 06:15:19,21.95,4.29
order_003163,2,prod_00071,seller_0147,2017-05-28 19:24:32,41.49,8.1
order_003163,3,prod_00458,seller_0041,2018-08-23 22:04:34,85.62,4.18
order_003164,1,prod_00481,seller_0144,2018-05-13 22:15:27,57.78,6.21
order_003165,1,prod_00184,seller_0013,2017-05-25 17:39:54,20.84,3.0
order_003165,2,prod_00317,seller_0091,2018-08-23 18:16:47,44.44,6.74
order_003165,3,prod_00694,seller_0177,2017-11-04 18:42:33,38.26,3.1
order_003166,1,prod_00097,seller_0067,2017-10-07 11:14:47,65.49,12.91
order_003167,1,prod_00572,seller_0115,2018-02-24 21:25:34,40.28,4.05
order_003168,1,prod_00222,seller_0031,2017-06-17 08:42:34,39.32,3.09
order_003169,1,prod_00596,seller_0075,2017-08-18 22:32:00,15.37,3.0
order_003170,1,prod_00374,seller_0013,2017-05-25 15:06:02,55.41,7.2
order_003170,2,prod_00008,seller_0020,2017-02-06 13:35:52,13.41,3.0
order_003171,1,prod_00076,seller_0058,2017-05-05 16:11:47,35.1,3.0
order_003172,1,prod_00578,seller_0176,2018-02-12 09:46:04,23.15,3.0
order_003173,1,prod_00554,seller_0168,2017-02-13 15:38:15,22.28,4.24
order_003174,1,prod_00152,seller_0010,2017-09-07 11:48:22,48.36,5.12
order_003174,2,prod_00449,seller_0012,2017-10-22 16:50:01,33.05,3.0
order_003174,3,prod_00355,seller_0123,2018-05-28 18:41:56,8.0,3.0
order_003175,1,prod_00037,seller_0170,2018-06-17 01:28:21,29.12,5.81
order_003175,2,prod_00492,seller_0091,2018-08-08 03:47:48,25.73,5.14
order_003175,3,prod_00111,seller_0095,2018-04-26 20:45:26,74.99,14.53
order_003176,1,prod_00287,seller_0108,2018-08-24 16:51:05,14.77,3.0
order_003177,1,prod_00005,seller_0079,2018-07-06 00:10:40,115.12,20.09
order_003178,1,prod_00170,seller_0134,2017-03-19 06:10:55,57.79,3.0
order_003179,1,prod_00655,seller_0022,2017-09-09 22:56:32,27.64,3.0
order_003180,1,prod_00350,seller_0010,2017-09-21 20:56:58,25.22,3.0
order_003180,2,prod_00506,seller_0012,2017-06-14 01:49:55,21.87,3.0
order_003180,3,prod_00209,seller_0040,2017-08-09 08:51:32,40.76,3.0
order_003181,1,prod_00030,seller_0098,2018-03-15 06:40:03,19.84,3.62
order_003181,2,prod_00430,seller_0047,2017-11-15 08:42:16,30.68,6.07
order_003182,1,prod_00168,seller_0107,2018-03-04 11:18:09,16.34,3.0
order_003182,2,prod_00076,seller_0003,2018-07-30 16:46:02,52.63,3.0
order_003183,1,prod_00346,seller_0078,2018-01-30 22:16:33,36.97,3.0
order_003184,1,prod_00285,seller_0026,2017-05-21 17:49:19,24.43,3.08
order_003184,2,prod_00081,seller_0051,2018-03-04 15:37:50,28.3,5.09
order_003185,1,prod_00414,seller_0116,2018-08-23 08:10:29,21.11,3.31
order_003185,2,prod_00312,seller_0002,2017-01-07 09:02:55,40.59,4.13
order_003185,3,prod_00693,seller_0138,2017-11-13 17:59:46,14.65,3.0
order_003186,1,prod_00062,seller_0048,2018-08-09 23:20:11,59.52,7.23
order_003186,2,prod_00346,seller_0155,2017-03-28 13:36:11,37.06,6.06
order_003186,3,prod_00555,seller_0128,2018-05-25 23:15:58,24.74,3.0
order_003187,1,prod_00298,seller_0162,2018-01-25 00:43:11,48.52,6.95
order_003188,1,prod_00146,seller_0109,2017-07-06 09:53:51,42.63,4.01
order_003189,1,prod_00692,seller_0073,2017-11-13 08:50:32,16.78,3.0
order_003189,2,prod_00227,seller_0028,2017-05-21 05:45:03,77.46,10.39
order_003189,3,prod_00647,seller_0013,2017-03-26 14:39:37,8.0,3.0
order_003190,1,prod_00588,seller_0142,2018-04-15 14:22:01,67.24,8.31
order_003191,1,prod_00471,seller_0116,2017-02-01 19:46:53,29.78,4.19
order_003192,1,prod_00541,seller_0026,2018-05-23 20:19:26,63.05,6.73
order_003193,1,prod_00381,seller_0017,2017-09-02 02:55:38,84.46,4.79
order_003194,1,prod_00468,seller_0143,2017-08-03 22:31:31,25.08,4.19
order_003194,2,prod_00189,seller_0010,2018-07-14 15:27:44,25.86,3.0
order_003195,1,prod_00039,seller_0092,2017-05-03 18:31:25,40.63,3.0
order_003195,2,prod_00436,seller_0058,2017-07-30 01:03:02,15.85,3.0
order_003195,3,prod_00562,seller_0129,2017-06-07 03:50:30,26.69,3.0
order_003196,1,prod_00583,seller_0010,2018-02-13 00:12:45,25.26,3.0
order_003196,2,prod_00533,seller_0014,2018-07-26 10:31:15,15.32,3.0
order_003196,3,prod_00687,seller_0025,2017-08-16 22:32:00,24.41,4.01
order_003197,1,prod_00416,seller_0133,2018-05-30 22:13:50,54.03,5.82
order_003198,1,prod_00119,seller_0128,2018-01-04 17:24:41,51.55,3.16
order_003198,2,prod_00143,seller_0129,2018-06-27 08:25:37,29.51,5.77
order_003198,3,prod_00191,seller_0103,2017-01-16 06:31:50,34.49,5.87
order_003199,1,prod_00682,seller_0031,2017-07-27 05:02:40,27.17,3.0
order_003200,1,prod_00619,seller_0040,2018-07-10 03:04:31,10.54,3.0
order_003201,1,prod_00507,seller_0024,2018-06-20 05:54:37,17.1,3.26
order_003202,1,prod_00602,seller_0022,2017-06-22 11:55:23,61.77,11.61
order_003202,2,prod_00239,seller_0134,2018-07-31 22:46:43,72.11,7.06
order_003203,1,prod_00501,seller_0082,2017-07-07 13:19:48,18.96,3.0
order_003203,2,prod_00116,seller_0074,2017-08-09 06:53:32,68.54,9.24
order_003204,1,prod_00072,seller_0026,2017-11-21 03:32:15,15.17,3.0
order_003204,2,prod_00449,seller_0116,2017-05-29 12:27:01,23.66,4.5
order_003205,1,prod_00494,seller_0149,2017-07-20 05:25:39,30.65,3.35
order_003205,2,prod_00416,seller_0001,2017-12-23 19:58:05,27.73,3.0
order_003205,3,prod_00328,seller_0167,2018-07-12 19:31:19,21.12,3.23
order_003206,1,prod_00424,seller_0033,2017-04-17 03:57:48,35.96,6.86
order_003207,1,prod_00259,seller_0164,2018-02-14 08:20:18,54.86,9.77
order_003207,2,prod_00205,seller_0134,2018-04-06 11:48:42,12.87,3.0
order_003208,1,prod_00175,seller_0160,2018-01-10 18:22:15,35.95,6.47
order_003209,1,prod_00255,seller_0035,2017-11-24 05:20:15,62.0,3.41
order_003209,2,prod_00222,seller_0101,2017-01-05 11:45:13,25.32,4.97
order_003210,1,prod_00110,seller_0014,2017-08-18 05:02:43,23.21,3.62
order_003210,2,prod_00375,seller_0080,2017-05-05 05:50:01,19.05,3.0
order_003211,1,prod_00287,seller_0031,2017-02-01 12:04:54,121.54,5.73
order_003212,1,prod_00113,seller_0012,2017-03-10 22:26:26,87.41,6.75
order_003213,1,prod_00634,seller_0149,2017-02-11 03:51:47,27.34,3.0
order_003214,1,prod_00356,seller_0136,2018-06-30 09:22:45,71.32,3.0
order_003214,2,prod_00099,seller_0062,2017-01-09 02:17:39,23.52,4.27
order_003215,1,prod_00033,seller_0074,2017-01-30 19:46:53,29.93,3.0
order_003216,1,prod_00059,seller_0095,2018-08-22 21:56:33,16.63,3.3
order_003217,1,prod_00287,seller_0109,2017-06-06 03:31:21,9.99,3.0
order_003217,2,prod_00169,seller_0103,2017-09-22 04:35:41,22.71,3.0
order_003217,3,prod_00672,seller_0054,2017-10-12 15:01:40,25.12,3.74
order_003218,1,prod_00328,seller_0067,2018-06-30 06:25:04,43.7,3.55
order_003219,1,prod_00517,seller_0178,2017-01-13 08:56:45,50.69,5.45
order_003220,1,prod_00171,seller_0016,2017-09-11 02:14:50,30.58,4.94
order_003220,2,prod_00048,seller_0072,2018-07-27 18:51:07,17.39,3.0
order_003221,1,prod_00234,seller_0046,2017-01-03 11:45:13,21.59,3.0
order_003222,1,prod_00481,seller_0043,2018-08-06 03:29:07,93.15,15.3
order_003223,1,prod_00534,seller_0028,2018-05-29 20:25:49,49.85,4.31
order_003223,2,prod_00137,seller_0017,2018-03-05 17:31:35,83.5,3.35
order_003224,1,prod_00207,seller_0163,2017-08-05 23:16:16,105.11,6.51
order_003225,1,prod_00331,seller_0156,2017-01-07 00:40:42,21.6,3.13
order_003226,1,prod_00242,seller_0133,2017-09-07 20:00:46,56.44,10.98
order_003227,1,prod_00205,seller_0166,2018-04-16 15:15:47,18.42,3.0
order_003227,2,prod_00688,seller_0148,2017-04-06 08:12:00,64.82,7.65
order_003228,1,prod_00653,seller_0023,2017-04-13 12:40:06,56.72,4.02
order_003229,1,prod_00249,seller_0146,2018-04-11 04:02:44,8.38,3.0
order_003229,2,prod_00038,seller_0145,2017-05-19 00:57:17,43.03,7.88
order_003230,1,prod_00251,seller_0000,2017-08-05 11:21:37,18.98,3.0
order_003231,1,prod_00616,seller_0158,2017-08-26 14:32:31,26.54,3.0
order_003232,1,prod_00629,seller_0134,2017-12-18 13:44:29,21.57,3.0
order_003233,1,prod_00490,seller_0178,2018-03-22 11:03:07,59.75,8.17
order_003234,1,prod_00472,seller_0086,2017-05-26 09:02:52,21.24,3.0
order_003234,2,prod_00253,seller_0133,2017-11-19 14:47:02,14.42,3.0
order_003235,1,prod_00308,seller_0139,2017-03-10 19:16:12,19.59,3.0
order_003236,1,prod_00615,seller_0119,2017-08-01 09:41:51,28.81,3.0
order_003237,1,prod_00151,seller_0172,2017-08-22 01:28:31,43.24,7.02
order_003237,2,prod_00284,seller_0025,2017-06-20 14:40:56,72.05,8.67
order_003238,1,prod_00614,seller_0064,2017-07-17 14:33:12,46.24,3.52
order_003239,1,prod_00488,seller_0017,2017-04-20 17:34:33,48.4,8.98
order_003239,2,prod_00076,seller_0108,2017-09-27 10:55:15,53.52,9.65
order_003240,1,prod_00551,seller_0004,2018-02-17 04:40:01,56.33,9.51
order_003241,1,prod_00047,seller_0054,2017-09-27 14:09:29,64.83,8.8
order_003242,1,prod_00200,seller_0133,2018-07-16 13:45:32,168.73,22.7
order_003243,1,prod_00643,seller_0160,2018-02-15 19:09:49,55.73,6.7
order_003244,1,prod_00050,seller_0040,2018-02-23 02:48:05,39.89,3.0
order_003244,2,prod_00131,seller_0045,2017-06-14 07:18:12,24.47,3.76
order_003245,1,prod_00607,seller_0004,2017-06-28 08:17:35,40.51,4.8
order_003246,1,prod_00468,seller_0063,2017-02-10 21:35:36,70.11,8.61
order_003246,2,prod_00161,seller_0126,2018-06-02 09:19:20,15.0,3.0
order_003247,1,prod_00240,seller_0159,2017-10-14 12:46:38,75.04,7.0
order_003248,1,prod_00652,seller_0075,2017-03-20 03:55:33,25.09,3.76
order_003249,1,prod_00423,seller_0018,2017-07-18 13:48:45,28.48,3.0
order_003250,1,prod_00220,seller_0057,2017-04-26 14:10:50,46.49,8.23
order_003250,2,prod_00101,seller_0088,2017-06-27 06:02:43,23.52,4.65
order_003251,1,prod_00290,seller_0109,2017-11-17 02:41:30,44.62,5.83
order_003251,2,prod_00221,seller_0104,2017-03-26 06:00:09,15.66,3.0
order_003251,3,prod_00301,seller_0144,2017-12-07 15:57:02,58.52,4.62
order_003252,1,prod_00034,seller_0104,2018-08-23 10:50:01,37.61,6.84
order_003253,1,prod_00327,seller_0072,2018-06-24 14:31:51,33.04,3.0
order_003254,1,prod_00172,seller_0021,2017-03-17 17:48:17,39.59,6.67
order_003254,2,prod_00673,seller_0168,2017-08-22 16:05:12,32.68,3.25
order_003255,1,prod_00193,seller_0007,2017-07-29 18:43:49,44.12,7.92
order_003256,1,prod_00171,seller_0059,2018-01-11 17:56:36,28.94,3.0
order_003257,1,prod_00211,seller_0074,2018-08-19 00:58:38,27.41,3.52
order_003257,2,prod_00425,seller_0160,2017-08-18 04:59:57,10.49,3.0
order_003257,3,prod_00511,seller_0081,2017-06-03 15:29:22,80.41,15.75
order_003258,1,prod_00205,seller_0074,2017-08-13 17:43:26,15.55,3.0
order_003259,1,prod_00485,seller_0169,2018-03-04 13:43:14,94.64,12.8
order_003259,2,prod_00091,seller_0065,2018-06-17 17:08:44,28.29,3.0
order_003259,3,prod_00134,seller_0136,2017-06-04 09:24:26,73.07,10.77
order_003260,1,prod_00202,seller_0005,2017-05-30 00:28:40,65.2,6.68
order_003261,1,prod_00489,seller_0107,2018-07-06 04:55:22,61.9,6.31
order_003262,1,prod_00386,seller_0131,2017-09-19 16:40:51,34.13,3.77
order_003263,1,prod_00322,seller_0037,2018-01-27 11:37:04,15.23,3.0
order_003264,1,prod_00424,seller_0136,2017-08-04 16:34:07,29.42,4.9
order_003264,2,prod_00137,seller_0162,2017-04-15 02:12:58,26.99,3.0
order_003265,1,prod_00184,seller_0009,2017-05-17 14:04:47,30.99,5.57
order_003265,2,prod_00494,seller_0034,2018-07-03 20:50:02,14.91,3.0
order_003266,1,prod_00691,seller_0025,2017-04-04 17:44:51,27.49,3.3
order_003266,2,prod_00000,seller_0170,2018-02-18 14:02:58,8.0,3.0
order_003266,3,prod_00253,seller_0052,2018-07-16 18:52:12,27.24,5.31
order_003267,1,prod_00618,seller_0170,2018-01-16 12:07:27,35.94,3.51
order_003268,1,prod_00582,seller_0068,2017-12-26 15:41:54,19.92,3.0
order_003268,2,prod_00183,seller_0176,2018-05-19 14:07:30,27.78,4.55
order_003268,3,prod_00024,seller_0101,2017-12-05 18:15:00,36.81,6.31
order_003269,1,prod_00397,seller_0050,2018-05-07 13:24:24,63.96,11.89
order_003269,2,prod_00486,seller_0091,2018-03-03 17:31:35,65.73,5.84
order_003270,1,prod_00178,seller_0024,2018-04-14 08:48:36,40.39,7.0
order_003271,1,prod_00212,seller_0035,2018-05-09 22:50:11,32.49,6.26
order_003272,1,prod_00471,seller_0113,2018-07-07 08:20:27,41.72,4.58
order_003273,1,prod_00375,seller_0135,2017-05-11 21:04:25,106.69,15.74
order_003274,1,prod_00197,seller_0076,2018-02-16 19:07:04,45.88,3.9
order_003274,2,prod_00585,seller_0153,2017-02-05 20:46:08,39.23,3.0
order_003275,1,prod_00632,seller_0069,2017-11-17 20:38:35,66.51,5.14
order_003275,2,prod_00507,seller_0067,2018-06-30 18:35:05,34.17,3.0
order_003275,3,prod_00662,seller_0100,2018-04-03 17:04:34,19.02,3.0
order_003276,1,prod_00251,seller_0070,2017-01-13 18:14:12,44.63,7.88
order_003277,1,prod_00077,seller_0124,2017-03-31 07:49:10,36.99,3.0
order_003278,1,prod_00512,seller_0162,2017-05-02 07:54:12,28.73,3.0
order_003279,1,prod_00392,seller_0059,2017-05-26 06:35:39,47.15,3.68
order_003279,2,prod_00289,seller_0087,2017-08-31 02:59:46,10.19,3.0
order_003280,1,prod_00182,seller_0060,2018-03-01 17:58:30,23.3,3.0
order_003281,1,prod_00044,seller_0106,2018-03-14 09:09:41,18.71,3.0
order_003282,1,prod_00120,seller_0109,2018-06-07 10:29:39,20.01,3.0
order_003283,1,prod_00465,seller_0081,2017-11-22 22:40:57,29.96,4.17
order_003283,2,prod_00159,seller_0012,2017-09-25 23:27:10,18.33,3.0
order_003283,3,prod_00655,seller_0166,2018-02-02 17:30:09,98.5,16.51
order_003284,1,prod_00331,seller_0125,2018-06-10 13:03:24,44.42,6.5
order_003285,1,prod_00058,seller_0129,2017-01-28 19:14:46,19.76,3.65
order_003286,1,prod_00457,seller_0143,2017-09-21 12:10:43,10.68,3.0
order_003287,1,prod_00481,seller_0004,2018-03-16 20:00:44,22.66,3.0
order_003287,2,prod_00125,seller_0158,2017-10-29 18:39:22,26.73,3.0
order_003287,3,prod_00587,seller_0015,2017-12-02 11:27:03,21.92,4.38
order_003288,1,prod_00516,seller_0135,2017-12-13 13:49:44,172.88,21.33
order_003288,2,prod_00417,seller_0171,2018-05-08 08:09:48,11.3,3.0
order_003289,1,prod_00084,seller_0091,2017-01-26 22:18:51,34.23,6.37
order_003289,2,prod_00339,seller_0128,2017-11-28 09:04:40,30.43,3.0
order_003290,1,prod_00679,seller_0157,2017-12-04 07:40:14,28.16,3.0
order_003290,2,prod_00166,seller_0101,2018-04-26 21:05:47,9.39,3.0
order_003291,1,prod_00655,seller_0088,2018-07-11 13:34:33,32.21,3.0
order_003292,1,prod_00135,seller_0145,2018-02-04 09:42:19,37.24,4.66
order_003292,2,prod_00424,seller_0141,2017-09-27 15:05:30,52.53,4.31
order_003293,1,prod_00277,seller_0014,2017-06-28 04:15:25,45.34,3.0
order_003293,2,prod_00047,seller_0011,2018-02-13 10:12:25,73.1,3.0
order_003294,1,prod_00448,seller_0128,2018-08-07 06:05:45,8.76,3.0
order_003295,1,prod_00331,seller_0127,2017-05-30 03:37:46,28.42,3.0
order_003296,1,prod_00220,seller_0146,2017-03-06 06:51:38,168.67,22.58
order_003297,1,prod_00162,seller_0015,2018-08-21 19:26:36,65.96,4.36
order_003297,2,prod_00341,seller_0028,2018-03-16 00:15:29,12.87,3.0
order_003298,1,prod_00074,seller_0004,2017-12-31 16:39:29,35.07,3.0
order_003299,1,prod_00419,seller_0050,2018-06-05 09:27:13,16.76,3.0
order_003300,1,prod_00065,seller_0090,2018-02-10 15:57:15,25.02,3.0
order_003301,1,prod_00146,seller_0064,2018-07-12 13:55:24,121.48,6.9
order_003302,1,prod_00356,seller_0021,2017-03-14 13:26:45,61.75,12.34
order_003303,1,prod_00518,seller_0099,2018-06-18 00:41:15,12.33,3.0
order_003304,1,prod_00278,seller_0058,2017-09-06 23:31:56,20.14,3.0
order_003304,2,prod_00440,seller_0051,2017-10-25 21:24:51,33.13,6.47
order_003305,1,prod_00652,seller_0139,2018-06-10 06:25:22,27.89,3.85
order_003305,2,prod_00414,seller_0057,2018-08-22 20:57:05,40.59,6.53
order_003305,3,prod_00525,seller_0099,2017-03-06 13:06:39,20.02,3.0
order_003306,1,prod_00334,seller_0012,2017-04-15 04:55:57,26.1,3.0
order_003306,2,prod_00181,seller_0132,2018-05-08 02:29:19,19.87,3.0
order_003307,1,prod_00255,seller_0097,2017-09-28 04:20:37,26.08,3.0
order_003308,1,prod_00246,seller_0141,2018-03-02 20:43:07,52.33,10.33
order_003308,2,prod_00384,seller_0054,2018-03-27 15:41:49,40.16,3.0
order_003309,1,prod_00105,seller_0086,2018-08-01 05:06:01,20.99,3.0
order_003310,1,prod_00536,seller_0077,2018-04-20 09:20:09,69.13,9.37
order_003311,1,prod_00106,seller_0177,2017-09-08 04:47:01,66.12,8.3
order_003312,1,prod_00494,seller_0018,2017-02-03 08:49:27,33.09,4.07
order_003313,1,prod_00330,seller_0036,2018-06-04 11:02:50,28.0,3.0
order_003314,1,prod_00516,seller_0174,2017-12-18 14:28:12,104.13,9.52
order_003315,1,prod_00122,seller_0015,2017-06-01 18:07:36,94.11,4.22
order_003316,1,prod_00146,seller_0050,2017-01-06 09:02:55,12.37,3.0
order_003317,1,prod_00176,seller_0057,2017-11-30 22:44:18,71.97,7.62
order_003318,1,prod_00545,seller_0141,2017-02-24 20:52:16,101.54,18.53
order_003319,1,prod_00185,seller_0137,2017-05-05 07:30:54,50.75,5.8
order_003320,1,prod_00234,seller_0156,2018-04-16 12:11:26,24.45,4.49
order_003321,1,prod_00097,seller_0017,2017-05-03 20:03:05,26.45,4.95
order_003322,1,prod_00163,seller_0038,2018-02-14 15:58:34,100.68,12.59
order_003323,1,prod_00599,seller_0084,2018-01-16 08:35:48,57.0,9.44
order_003324,1,prod_00085,seller_0131,2017-09-05 00:48:59,47.26,3.0
order_003325,1,prod_00638,seller_0102,2017-06-20 00:33:50,150.85,7.53
order_003326,1,prod_00581,seller_0093,2017-10-04 19:44:30,17.2,3.0
order_003327,1,prod_00663,seller_0145,2017-08-20 19:26:25,31.22,3.0
order_003328,1,prod_00436,seller_0035,2018-05-09 04:04:03,37.47,5.66
order_003329,1,prod_00478,seller_0152,2018-04-01 23:04:49,28.86,3.0
order_003330,1,prod_00588,seller_0118,2017-09-17 15:56:14,10.01,3.0
order_003331,1,prod_00496,seller_0043,2017-12-15 14:29:08,63.59,5.8
order_003332,1,prod_00392,seller_0078,2017-07-25 21:38:26,20.32,3.8
order_003333,1,prod_00294,seller_0049,2017-04-02 06:41:53,20.09,3.03
order_003333,2,prod_00602,seller_0055,2017-11-08 13:23:51,26.22,4.14
order_003334,1,prod_00221,seller_0123,2018-01-30 18:34:00,28.51,4.65
order_003335,1,prod_00389,seller_0054,2017-10-31 00:28:58,30.6,5.24
order_003336,1,prod_00042,seller_0154,2017-09-13 09:00:15,61.96,3.65
order_003337,1,prod_00452,seller_0017,2017-08-05 08:42:36,70.79,13.46
order_003338,1,prod_00092,seller_0030,2018-01-03 00:58:07,27.98,3.0
order_003338,2,prod_00039,seller_0164,2018-08-05 22:59:35,22.45,3.0
order_003339,1,prod_00207,seller_0130,2017-06-21 16:48:49,30.46,5.11
order_003340,1,prod_00468,seller_0079,2017-12-11 23:59:21,18.52,3.24
order_003341,1,prod_00576,seller_0042,2017-04-19 09:40:41,32.51,3.77
order_003342,1,prod_00418,seller_0045,2018-03-11 01:01:48,17.9,3.0
order_003342,2,prod_00457,seller_0032,2018-04-26 17:00:43,131.99,13.15
order_003342,3,prod_00169,seller_0161,2018-04-23 03:46:06,35.99,3.0
order_003343,1,prod_00074,seller_0060,2017-02-05 11:22:18,23.35,3.27
order_003343,2,prod_00078,seller_0168,2017-06-17 11:12:03,52.39,7.6
order_003344,1,prod_00052,seller_0143,2018-06-08 10:29:39,14.87,3.0
order_003344,2,prod_00243,seller_0064,2017-12-17 23:53:50,20.85,3.0
order_003345,1,prod_00523,seller_0133,2017-05-19 00:57:17,43.62,5.5
order_003346,1,prod_00042,seller_0085,2017-07-04 16:26:19,36.16,3.0
order_003347,1,prod_00242,seller_0086,2017-01-14 07:10:46,65.48,7.02
order_003347,2,prod_00420,seller_0138,2018-01-20 09:07:58,8.0,3.0
order_003348,1,prod_00041,seller_0128,2017-02-07 04:50:19,56.36,3.87
order_003349,1,prod_00382,seller_0039,2017-01-28 22:23:35,23.26,4.33
order_003350,1,prod_00278,seller_0073,2018-02-14 20:34:47,15.48,3.0
order_003350,2,prod_00642,seller_0168,2017-08-17 05:24:57,10.8,3.0
order_003351,1,prod_00347,seller_0037,2018-01-25 15:14:07,23.08,3.0
order_003352,1,prod_00362,seller_0128,2017-04-06 09:47:28,93.08,3.97
order_003352,2,prod_00595,seller_0151,2018-03-23 20:06:54,62.17,11.1
order_003353,1,prod_00510,seller_0108,2018-02-27 23:56:51,95.81,3.9
order_003353,2,prod_00383,seller_0009,2017-08-04 18:14:34,30.75,4.2
order_003354,1,prod_00464,seller_0153,2018-01-03 07:19:01,35.5,5.6
order_003354,2,prod_00282,seller_0162,2018-03-06 02:48:02,11.86,3.0
order_003355,1,prod_00489,seller_0115,2017-07-14 14:39:20,11.86,3.0
order_003356,1,prod_00216,seller_0141,2017-02-15 07:06:14,30.11,3.0
order_003357,1,prod_00219,seller_0008,2018-08-16 10:32:32,13.54,3.0
order_003358,1,prod_00579,seller_0130,2017-08-14 19:24:24,18.97,3.78
order_003358,2,prod_00290,seller_0144,2018-01-28 19:38:29,34.06,6.64
order_003359,1,prod_00371,seller_0102,2018-04-09 23:01:33,75.72,3.17
order_003359,2,prod_00083,seller_0094,2017-03-17 03:39:50,33.33,4.84
order_003360,1,prod_00240,seller_0145,2017-08-30 05:41:24,13.68,3.0
order_003360,2,prod_00455,seller_0119,2017-11-10 19:23:44,10.13,3.0
order_003361,1,prod_00371,seller_0005,2017-11-14 03:31:29,35.8,4.59
order_003361,2,prod_00211,seller_0033,2018-05-29 03:58:25,22.0,3.0
order_003361,3,prod_00020,seller_0106,2017-09-29 23:51:49,35.71,3.8
order_003362,1,prod_00384,seller_0108,2017-07-08 07:12:43,29.0,5.08
order_003362,2,prod_00244,seller_0046,2017-01-18 17:53:27,31.63,4.56
order_003363,1,prod_00645,seller_0025,2018-08-10 10:13:11,72.31,3.08
order_003363,2,prod_00030,seller_0115,2017-04-16 20:48:02,65.68,12.39
order_003364,1,prod_00478,seller_0055,2017-04-09 17:18:03,42.09,6.12
order_003365,1,prod_00268,seller_0121,2017-12-12 03:05:58,18.51,3.0
order_003365,2,prod_00187,seller_0118,2017-08-12 04:27:21,23.14,3.0
order_003365,3,prod_00499,seller_0038,2017-03-18 08:23:30,54.39,3.95
order_003366,1,prod_00360,seller_0138,2018-06-02 14:14:26,77.16,10.07
order_003366,2,prod_00052,seller_0027,2018-06-21 01:10:45,14.47,3.0
order_003367,1,prod_00421,seller_0071,2018-04-11 04:02:44,89.38,17.42
order_003368,1,prod_00125,seller_0105,2017-06-19 07:47:40,19.95,3.0
order_003369,1,prod_00595,seller_0159,2017-07-09 04:55:11,51.15,5.45
order_003370,1,prod_00168,seller_0169,2018-08-29 04:17:47,204.52,12.49
order_003370,2,prod_00555,seller_0124,2017-05-28 19:24:32,11.78,3.0
order_003371,1,prod_00230,seller_0119,2017-12-13 03:36:14,45.99,7.46
order_003372,1,prod_00220,seller_0090,2017-01-29 10:30:10,27.0,4.29
order_003373,1,prod_00001,seller_0087,2017-09-06 10:03:58,44.29,8.36
order_003374,1,prod_00643,seller_0100,2017-12-08 15:20:05,22.15,3.0
order_003375,1,prod_00386,seller_0168,2018-01-29 11:11:29,8.0,3.0
order_003375,2,prod_00103,seller_0117,2017-06-27 16:37:40,20.29,3.0
order_003375,3,prod_00024,seller_0147,2018-07-27 12:54:34,41.49,5.51
order_003376,1,prod_00193,seller_0099,2018-09-02 19:18:03,79.6,10.9
order_003377,1,prod_00344,seller_0131,2017-05-24 10:16:59,43.1,3.0
order_003378,1,prod_00023,seller_0153,2017-08-05 21:28:34,86.25,15.94
order_003378,2,prod_00252,seller_0078,2018-01-25 10:13:09,24.03,4.5
order_003379,1,prod_00217,seller_0116,2017-08-06 09:51:52,22.79,3.78
order_003380,1,prod_00611,seller_0088,2017-03-19 13:52:05,41.39,3.0
order_003381,1,prod_00289,seller_0091,2017-10-23 10:05:11,25.95,3.0
order_003382,1,prod_00073,seller_0047,2017-12-07 05:10:29,68.69,10.26
order_003382,2,prod_00168,seller_0150,2017-05-01 07:54:12,13.28,3.0
order_003382,3,prod_00578,seller_0147,2017-09-16 23:17:55,58.02,5.57
order_003383,1,prod_00008,seller_0165,2018-01-20 21:38:25,72.62,10.43
order_003383,2,prod_00093,seller_0051,2018-05-15 20:48:35,41.98,3.0
order_003384,1,prod_00007,seller_0179,2017-06-07 10:25:51,59.94,3.2
order_003385,1,prod_00034,seller_0126,2018-08-09 10:54:25,21.72,3.0
order_003386,1,prod_00646,seller_0061,2017-04-15 02:12:58,19.29,3.0
order_003387,1,prod_00693,seller_0157,2017-07-24 13:48:48,41.63,4.65
order_003388,1,prod_00514,seller_0100,2017-03-08 21:55:35,20.71,3.59
order_003389,1,prod_00064,seller_0099,2017-04-09 17:14:04,40.26,3.0
order_003390,1,prod_00488,seller_0136,2018-02-21 11:55:29,40.29,3.65
order_003391,1,prod_00540,seller_0028,2017-01-12 08:56:45,31.7,3.0
order_003391,2,prod_00550,seller_0083,2018-08-12 11:03:08,39.79,4.33
order_003392,1,prod_00522,seller_0004,2017-12-15 08:26:06,50.03,3.0
order_003393,1,prod_00485,seller_0076,2018-01-30 04:10:54,31.03,3.0
order_003394,1,prod_00309,seller_0121,2017-10-20 08:34:18,24.29,4.16
order_003394,2,prod_00043,seller_0177,2018-01-11 00:13:19,56.53,10.69
order_003394,3,prod_00576,seller_0040,2018-05-01 10:00:10,39.55,3.66
order_003395,1,prod_00648,seller_0157,2017-12-01 22:16:04,44.4,3.47
order_003396,1,prod_00350,seller_0007,2017-02-22 09:02:14,48.36,7.69
order_003396,2,prod_00300,seller_0002,2017-04-23 11:28:20,36.47,5.42
order_003397,1,prod_00642,seller_0061,2018-01-03 19:00:12,26.48,3.0
order_003398,1,prod_00317,seller_0052,2018-04-29 15:26:29,22.18,4.08
order_003398,2,prod_00259,seller_0104,2017-08-18 21:24:23,31.27,3.35
order_003398,3,prod_00620,seller_0034,2018-03-04 15:37:50,45.29,8.56
order_003399,1,prod_00648,seller_0099,2017-06-14 11:34:29,46.69,8.42
order_003400,1,prod_00143,seller_0177,2018-04-10 10:23:13,36.36,6.95
order_003400,2,prod_00192,seller_0030,2017-01-11 21:48:27,41.63,3.0
order_003400,3,prod_00218,seller_0077,2017-04-14 04:34:13,16.15,3.0
order_003401,1,prod_00111,seller_0108,2018-04-30 10:54:21,24.49,3.0
order_003401,2,prod_00598,seller_0077,2017-10-31 20:00:50,51.22,8.01
order_003402,1,prod_00681,seller_0073,2017-11-04 14:57:44,19.26,3.0
order_003403,1,prod_00363,seller_0006,2017-11-22 20:58:26,36.3,3.0
order_003404,1,prod_00497,seller_0085,2017-03-09 20:46:47,34.24,3.03
order_003404,2,prod_00294,seller_0166,2017-09-13 11:04:50,30.75,3.0
order_003405,1,prod_00696,seller_0157,2017-12-08 18:25:44,51.48,8.67
order_003406,1,prod_00668,seller_0143,2017-05-23 19:02:21,38.39,7.61
order_003407,1,prod_00524,seller_0014,2017-10-05 13:33:54,15.21,3.0
order_003408,1,prod_00622,seller_0022,2018-07-12 06:39:32,46.32,3.0
order_003409,1,prod_00094,seller_0095,2017-07-13 15:44:12,23.82,3.64
order_003410,1,prod_00621,seller_0053,2018-08-01 15:14:47,13.65,3.0
order_003411,1,prod_00298,seller_0031,2017-05-12 10:39:32,53.65,5.57
order_003412,1,prod_00148,seller_0033,2017-01-27 16:25:20,15.32,3.0
order_003413,1,prod_00651,seller_0032,2018-01-18 19:05:16,26.3,3.0
order_003414,1,prod_00590,seller_0016,2018-08-19 20:37:58,40.08,3.0
order_003414,2,prod_00094,seller_0109,2018-05-30 22:12:37,31.57,4.23
order_003414,3,prod_00459,seller_0074,2017-12-07 16:55:41,22.07,4.15
order_003415,1,prod_00617,seller_0120,2017-10-05 23:51:17,17.36,3.23
order_003416,1,prod_00484,seller_0038,2018-01-06 20:06:16,20.21,3.14
order_003416,2,prod_00337,seller_0109,2017-12-13 04:07:14,16.44,3.0
order_003417,1,prod_00033,seller_0033,2018-02-01 12:13:25,30.5,5.69
order_003418,1,prod_00347,seller_0166,2017-06-09 11:28:09,23.23,3.3
order_003418,2,prod_00389,seller_0030,2017-07-16 17:49:16,13.52,3.0
order_003419,1,prod_00589,seller_0143,2018-07-14 06:52:07,27.44,3.0
order_003420,1,prod_00152,seller_0123,2017-06-19 07:13:34,21.8,3.45
order_003421,1,prod_00144,seller_0035,2017-01-19 08:24:24,39.42,6.53
order_003422,1,prod_00648,seller_0016,2017-11-30 21:06:34,41.9,5.24
order_003422,2,prod_00586,seller_0114,2017-03-31 21:08:19,79.22,6.23
order_003423,1,prod_00393,seller_0007,2017-02-19 08:53:34,50.45,4.85
order_003423,2,prod_00312,seller_0111,2017-09-14 13:25:10,16.32,3.0
order_003424,1,prod_00432,seller_0122,2018-05-06 05:47:23,8.06,3.0
order_003425,1,prod_00106,seller_0116,2017-01-30 16:23:54,12.34,3.0
order_003425,2,prod_00170,seller_0175,2017-05-07 10:57:59,23.89,3.0
order_003426,1,prod_00379,seller_0077,2017-08-04 09:45:04,11.64,3.0
order_003427,1,prod_00294,seller_0090,2017-10-31 20:00:50,22.19,3.0
order_003428,1,prod_00124,seller_0170,2017-08-05 00:48:10,33.82,3.57
order_003429,1,prod_00370,seller_0154,2018-01-20 05:02:55,22.96,4.14
order_003430,1,prod_00457,seller_0083,2018-05-05 01:58:21,39.69,3.86
order_003430,2,prod_00568,seller_0076,2017-12-08 15:20:05,22.3,3.0
order_003430,3,prod_00440,seller_0142,2017-07-19 08:24:35,20.18,3.0
order_003431,1,prod_00428,seller_0101,2017-06-06 10:25:51,100.5,16.8
order_003432,1,prod_00389,seller_0086,2017-09-12 09:10:47,32.41,3.38
order_003433,1,prod_00079,seller_0146,2017-02-04 11:09:16,35.62,3.99
order_003434,1,prod_00269,seller_0141,2018-03-03 17:20:42,57.33,6.52
order_003434,2,prod_00315,seller_0074,2017-06-19 05:34:50,58.56,8.49
order_003435,1,prod_00366,seller_0071,2018-04-26 12:09:43,26.1,3.19
order_003435,2,prod_00206,seller_0120,2018-02-27 10:24:55,65.36,6.79
order_003436,1,prod_00520,seller_0000,2017-08-03 07:26:04,24.74,3.5
order_003437,1,prod_00377,seller_0140,2018-06-03 09:54:05,64.11,8.87
order_003438,1,prod_00213,seller_0089,2017-11-11 03:21:26,14.85,3.0
order_003439,1,prod_00328,seller_0157,2018-07-22 12:00:55,27.13,3.0
order_003440,1,prod_00496,seller_0098,2017-04-03 01:22:44,38.27,7.53
order_003441,1,prod_00015,seller_0069,2018-08-18 21:17:03,41.87,5.35
order_003442,1,prod_00238,seller_0020,2017-04-10 19:18:08,19.14,3.17
order_003443,1,prod_00145,seller_0000,2017-06-25 19:38:53,11.34,3.0
order_003444,1,prod_00225,seller_0119,2017-08-14 11:25:02,44.67,3.9
order_003445,1,prod_00462,seller_0035,2018-01-06 10:00:11,28.95,3.45
order_003446,1,prod_00149,seller_0153,2018-01-27 00:28:32,25.69,3.29
order_003447,1,prod_00381,seller_0089,2018-06-13 16:23:06,97.06,8.01
order_003447,2,prod_00264,seller_0156,2017-11-16 09:14:03,27.37,4.33
order_003447,3,prod_00037,seller_0083,2017-09-04 02:55:38,23.66,3.0
order_003448,1,prod_00619,seller_0067,2017-02-05 06:17:19,10.28,3.0
order_003449,1,prod_00418,seller_0025,2018-07-20 06:10:56,16.38,3.0
order_003450,1,prod_00208,seller_0073,2017-02-05 21:40:55,58.51,6.57
order_003450,2,prod_00352,seller_0147,2017-11-06 05:39:11,20.67,3.0
order_003451,1,prod_00690,seller_0154,2018-04-06 23:11:00,49.83,5.04
order_003451,2,prod_00105,seller_0086,2017-05-30 00:28:40,14.29,3.0
order_003451,3,prod_00596,seller_0179,2017-08-28 23:27:53,18.82,3.0
order_003452,1,prod_00001,seller_0006,2018-04-24 13:36:52,18.51,3.0
order_003452,2,prod_00604,seller_0009,2018-09-03 22:24:29,45.15,4.12
order_003453,1,prod_00234,seller_0010,2018-01-05 12:58:42,28.85,3.0
order_003454,1,prod_00207,seller_0011,2018-01-26 13:15:22,16.09,3.0
order_003455,1,prod_00545,seller_0000,2017-07-13 16:56:57,52.69,8.9
order_003455,2,prod_00114,seller_0009,2018-04-24 15:58:16,45.66,3.0
order_003456,1,prod_00093,seller_0143,2018-02-21 02:07:38,41.32,5.75
order_003456,2,prod_00326,seller_0083,2017-02-06 04:50:19,40.12,4.28
order_003457,1,prod_00661,seller_0140,2017-04-15 04:55:57,19.01,3.0
order_003458,1,prod_00231,seller_0141,2018-04-22 19:09:43,75.04,6.03
order_003459,1,prod_00379,seller_0124,2017-03-20 03:55:33,31.01,3.0
order_003460,1,prod_00278,seller_0016,2018-05-13 08:21:08,39.42,3.0
order_003461,1,prod_00530,seller_0021,2017-11-15 17:59:46,42.47,3.87
order_003462,1,prod_00629,seller_0124,2017-04-21 00:19:46,17.92,3.0
order_003463,1,prod_00683,seller_0171,2017-02-22 09:02:14,113.6,11.09
order_003464,1,prod_00188,seller_0030,2017-05-11 23:13:19,32.54,4.12
order_003464,2,prod_00183,seller_0114,2017-09-19 22:04:55,33.84,3.0
order_003465,1,prod_00647,seller_0005,2017-02-21 02:25:07,25.33,4.56
order_003465,2,prod_00408,seller_0035,2017-07-31 06:02:58,69.93,6.03
order_003466,1,prod_00229,seller_0107,2017-12-23 16:13:45,71.87,4.47
order_003466,2,prod_00238,seller_0117,2017-07-03 18:30:36,36.7,3.31
order_003467,1,prod_00123,seller_0106,2017-08-08 11:01:21,12.77,3.0
order_003468,1,prod_00059,seller_0081,2017-06-01 00:48:29,29.76,4.08
order_003468,2,prod_00242,seller_0050,2017-03-10 22:10:49,31.75,3.0
order_003469,1,prod_00555,seller_0143,2018-07-17 13:44:49,24.69,3.0
order_003470,1,prod_00461,seller_0058,2018-08-21 23:48:26,17.48,3.0
order_003471,1,prod_00008,seller_0128,2018-05-23 09:27:26,12.06,3.0
order_003472,1,prod_00031,seller_0063,2017-04-08 17:18:03,86.16,3.79
order_003472,2,prod_00608,seller_0093,2018-01-04 23:45:56,53.63,4.29
order_003473,1,prod_00555,seller_0167,2018-05-14 00:49:23,33.87,3.0
order_003474,1,prod_00556,seller_0071,2018-07-18 04:12:20,21.71,3.0
order_003475,1,prod_00603,seller_0155,2018-02-20 12:05:07,41.85,3.0
order_003476,1,prod_00446,seller_0010,2017-04-11 06:12:54,37.81,3.94
order_003477,1,prod_00236,seller_0094,2017-11-07 11:01:59,25.51,3.0
order_003477,2,prod_00413,seller_0092,2017-01-25 15:11:24,42.66,6.45
order_003478,1,prod_00449,seller_0173,2017-08-07 21:28:34,46.2,4.55
order_003479,1,prod_00591,seller_0047,2018-01-03 21:25:56,51.77,5.08
order_003480,1,prod_00372,seller_0104,2018-06-03 05:52:18,18.59,3.6
order_003480,2,prod_00038,seller_0105,2017-12-10 23:59:21,43.83,3.78
order_003481,1,prod_00435,seller_0018,2017-02-05 17:02:19,71.19,3.0
order_003482,1,prod_00515,seller_0179,2017-02-05 18:52:17,40.15,3.97
order_003483,1,prod_00661,seller_0087,2018-01-05 17:52:26,139.12,15.22
order_003484,1,prod_00126,seller_0078,2018-07-26 07:01:07,29.45,3.24
order_003484,2,prod_00602,seller_0161,2017-01-30 01:45:33,10.84,3.0
order_003485,1,prod_00014,seller_0012,2017-08-15 22:06:50,19.07,3.0
order_003485,2,prod_00511,seller_0119,2017-03-13 13:26:45,21.43,3.0
order_003486,1,prod_00218,seller_0003,2018-04-22 19:29:10,47.61,8.48
order_003487,1,prod_00082,seller_0171,2018-01-20 16:15:03,56.87,5.17
order_003487,2,prod_00229,seller_0145,2018-04-15 22:21:11,36.18,4.38
order_003488,1,prod_00386,seller_0095,2017-10-31 14:36:52,40.05,6.97
order_003489,1,prod_00134,seller_0070,2018-07-31 13:31:13,114.98,11.24
order_003489,2,prod_00385,seller_0164,2018-06-26 12:05:49,19.29,3.0
order_003490,1,prod_00497,seller_0044,2017-05-25 06:35:39,31.58,3.27
order_003491,1,prod_00613,seller_0137,2018-08-31 08:38:57,24.68,3.0
order_003492,1,prod_00391,seller_0074,2017-08-04 17:21:56,15.44,3.0
order_003493,1,prod_00421,seller_0148,2017-01-30 14:34:07,8.88,3.0
order_003494,1,prod_00644,seller_0134,2017-08-04 21:33:55,76.92,12.36
order_003495,1,prod_00024,seller_0178,2017-01-12 16:07:42,20.15,3.0
order_003495,2,prod_00533,seller_0108,2017-11-03 02:06:06,28.14,3.0
order_003496,1,prod_00684,seller_0054,2017-09-27 12:40:39,43.81,4.6
order_003496,2,prod_00578,seller_0159,2017-11-06 12:01:13,15.28,3.0
order_003497,1,prod_00645,seller_0113,2017-08-24 00:06:13,19.25,3.78
order_003498,1,prod_00631,seller_0126,2017-10-11 07:55:06,32.65,3.0
order_003498,2,prod_00412,seller_0046,2017-06-05 14:02:05,24.91,3.0
order_003499,1,prod_00564,seller_0095,2018-02-18 02:56:16,14.45,3.0
order_003499,2,prod_00254,seller_0153,2018-04-14 08:22:04,49.14,7.93
order_003500,1,prod_00082,seller_0066,2017-01-06 01:59:48,24.49,3.22
order_003500,2,prod_00059,seller_0105,2017-03-22 19:00:58,36.19,3.0
order_003500,3,prod_00129,seller_0037,2018-06-30 03:16:26,34.36,4.96
order_003501,1,prod_00506,seller_0031,2017-07-21 04:38:29,62.19,7.07
order_003502,1,prod_00281,seller_0138,2018-02-16 00:21:08,41.66,5.61
order_003503,1,prod_00567,seller_0075,2018-07-06 14:43:15,18.9,3.0
order_003503,2,prod_00232,seller_0036,2017-05-30 19:24:32,70.49,8.22
order_003503,3,prod_00553,seller_0032,2018-05-03 00:51:02,24.35,3.0
order_003504,1,prod_00619,seller_0022,2017-05-08 03:17:03,19.51,3.0
order_003505,1,prod_00228,seller_0082,2017-01-06 03:19:27,17.72,3.0
order_003506,1,prod_00366,seller_0055,2017-05-24 06:44:41,8.0,3.0
order_003507,1,prod_00375,seller_0013,2018-03-29 00:51:45,22.3,3.0
order_003508,1,prod_00613,seller_0086,2017-06-28 08:17:35,42.86,3.13
order_003509,1,prod_00262,seller_0173,2018-06-04 05:02:31,13.66,3.0
order_003510,1,prod_00271,seller_0176,2017-12-29 14:53:12,100.54,12.32
order_003511,1,prod_00542,seller_0107,2018-05-26 13:40:56,8.0,3.0
order_003512,1,prod_00634,seller_0104,2018-01-29 19:38:29,19.9,3.0
order_003513,1,prod_00019,seller_0178,2017-07-26 14:00:36,12.59,3.0
order_003514,1,prod_00050,seller_0136,2017-07-21 16:50:23,60.14,11.62
order_003515,1,prod_00653,seller_0031,2018-01-03 10:20:24,50.61,4.46
order_003516,1,prod_00311,seller_0094,2017-06-22 15:30:47,27.86,4.55
order_003517,1,prod_00391,seller_0069,2018-04-15 14:22:01,13.14,3.0
order_003517,2,prod_00630,seller_0026,2018-02-02 11:06:13,15.2,3.0
order_003518,1,prod_00277,seller_0167,2017-04-26 22:43:32,38.96,3.0
order_003519,1,prod_00314,seller_0106,2017-03-14 03:59:13,21.34,4.22
order_003520,1,prod_00593,seller_0124,2018-03-06 12:15:47,22.98,3.0
order_003521,1,prod_00512,seller_0142,2018-03-09 02:01:52,31.57,4.53
order_003522,1,prod_00485,seller_0012,2017-08-22 15:31:38,25.33,3.0
order_003523,1,prod_00252,seller_0056,2017-02-15 22:09:10,10.62,3.0
order_003523,2,prod_00491,seller_0158,2018-02-22 13:10:55,13.94,3.0
order_003524,1,prod_00580,seller_0036,2017-06-01 06:08:03,14.16,3.0
order_003525,1,prod_00639,seller_0033,2017-03-15 03:39:50,20.64,3.0
order_003526,1,prod_00441,seller_0110,2017-11-25 01:47:48,35.11,3.0
order_003527,1,prod_00610,seller_0047,2017-07-03 04:23:31,34.19,5.81
order_003528,1,prod_00568,seller_0149,2017-05-26 15:46:31,71.61,8.89
order_003528,2,prod_00512,seller_0131,2018-08-02 06:23:16,13.27,3.0
order_003529,1,prod_00375,seller_0138,2017-03-24 08:10:23,40.41,3.0
order_003529,2,prod_00304,seller_0127,2017-01-24 19:46:36,19.86,3.0
order_003530,1,prod_00446,seller_0026,2018-03-06 03:40:44,119.59,20.89
order_003531,1,prod_00619,seller_0118,2018-03-28 10:29:37,30.91,4.01
order_003532,1,prod_00370,seller_0030,2017-05-15 13:58:37,22.99,3.3
order_003532,2,prod_00489,seller_0000,2018-09-04 22:41:47,39.58,3.0
order_003533,1,prod_00397,seller_0175,2017-04-23 20:37:59,37.64,4.69
order_003534,1,prod_00454,seller_0044,2017-03-22 02:46:31,25.87,4.0
order_003535,1,prod_00482,seller_0125,2017-12-31 15:02:13,48.72,3.0
order_003536,1,prod_00036,seller_0062,2017-03-19 19:33:31,88.39,7.15
order_003537,1,prod_00084,seller_0126,2018-04-06 12:59:55,60.15,3.0
order_003537,2,prod_00027,seller_0072,2017-09-15 04:54:12,30.06,5.82
order_003538,1,prod_00538,seller_0079,2017-03-24 10:29:52,105.09,19.16
order_003539,1,prod_00626,seller_0013,2018-06-25 07:06:48,45.3,3.0
order_003539,2,prod_00248,seller_0083,2017-10-21 16:43:00,16.22,3.0
order_003540,1,prod_00053,seller_0121,2017-03-17 09:34:00,34.32,4.22
order_003540,2,prod_00008,seller_0128,2018-07-18 09:50:45,28.76,5.58
order_003541,1,prod_00311,seller_0160,2018-07-01 21:46:41,23.29,3.0
order_003542,1,prod_00450,seller_0106,2018-02-22 16:48:35,40.62,3.0
order_003543,1,prod_00233,seller_0178,2018-08-24 11:09:03,9.76,3.0
order_003544,1,prod_00429,seller_0112,2017-01-26 23:02:23,93.88,17.79
order_003545,1,prod_00107,seller_0143,2018-05-04 08:54:28,49.29,5.93
order_003546,1,prod_00508,seller_0026,2017-11-16 13:02:20,10.01,3.0
order_003547,1,prod_00231,seller_0036,2017-04-06 05:04:17,48.91,7.91
order_003548,1,prod_00698,seller_0105,2017-10-24 10:17:56,44.17,3.0
order_003549,1,prod_00538,seller_0092,2017-04-10 05:00:25,85.84,14.87
order_003550,1,prod_00323,seller_0088,2018-08-10 05:28:59,101.56,17.91
order_003551,1,prod_00662,seller_0164,2018-03-23 16:47:07,113.31,9.1
order_003551,2,prod_00681,seller_0085,2018-06-28 11:02:52,27.64,3.0
order_003552,1,prod_00138,seller_0011,2018-07-25 22:49:35,47.07,3.0
order_003553,1,prod_00404,seller_0094,2018-08-14 01:41:17,24.23,4.76
order_003553,2,prod_00458,seller_0041,2018-08-22 20:57:05,62.55,10.18
order_003554,1,prod_00250,seller_0006,2018-02-03 00:27:51,8.13,3.0
order_003554,2,prod_00699,seller_0047,2018-05-17 17:08:29,14.45,3.0
order_003555,1,prod_00474,seller_0000,2017-02-08 14:52:32,24.98,4.54
order_003555,2,prod_00533,seller_0109,2018-01-28 00:09:39,31.84,5.87
order_003556,1,prod_00137,seller_0083,2017-11-21 09:31:11,36.83,4.25
order_003557,1,prod_00631,seller_0171,2017-04-25 17:04:33,75.82,12.85
order_003557,2,prod_00676,seller_0011,2017-11-11 05:17:22,21.7,3.0
order_003558,1,prod_00633,seller_0086,2017-11-07 19:18:53,14.3,3.0
order_003559,1,prod_00308,seller_0164,2018-08-15 09:24:35,25.74,3.54
order_003559,2,prod_00653,seller_0101,2017-10-20 13:03:35,22.33,3.0
order_003560,1,prod_00007,seller_0064,2017-07-20 23:28:53,47.45,3.0
order_003561,1,prod_00142,seller_0115,2017-05-06 05:13:09,89.23,4.32
order_003562,1,prod_00458,seller_0048,2017-01-29 23:41:44,84.16,9.03
order_003562,2,prod_00540,seller_0153,2017-01-09 02:04:29,67.23,7.6
order_003562,3,prod_00084,seller_0119,2017-03-05 08:31:36,22.87,4.29
order_003563,1,prod_00205,seller_0051,2017-06-21 18:32:29,29.81,3.03
order_003564,1,prod_00062,seller_0013,2017-10-08 01:55:17,43.64,5.13
order_003565,1,prod_00072,seller_0112,2017-10-31 14:36:52,20.07,3.39
order_003566,1,prod_00016,seller_0161,2017-11-18 15:48:07,21.32,3.59
order_003567,1,prod_00693,seller_0166,2018-07-31 08:06:38,42.24,3.61
order_003567,2,prod_00618,seller_0119,2017-12-22 00:57:34,13.64,3.0
order_003568,1,prod_00426,seller_0169,2018-04-16 21:41:57,67.37,12.17
order_003568,2,prod_00023,seller_0146,2018-04-21 10:14:26,25.51,4.34
order_003569,1,prod_00511,seller_0068,2017-01-26 15:04:43,47.06,4.04
order_003570,1,prod_00376,seller_0152,2017-01-21 08:46:27,37.88,5.9
order_003571,1,prod_00543,seller_0020,2017-10-17 08:01:57,74.83,11.63
order_003572,1,prod_00342,seller_0160,2018-02-25 12:49:44,8.3,3.0
order_003573,1,prod_00005,seller_0166,2017-09-19 15:56:14,75.14,10.81
order_003574,1,prod_00637,seller_0101,2018-03-02 20:31:40,74.05,3.33
order_003574,2,prod_00615,seller_0165,2018-03-29 15:48:17,39.76,3.05
order_003575,1,prod_00637,seller_0023,2018-05-16 09:04:37,46.47,3.0
order_003576,1,prod_00463,seller_0017,2017-10-30 03:59:34,48.8,3.0
order_003577,1,prod_00644,seller_0061,2017-08-02 07:26:04,18.44,3.0
order_003578,1,prod_00049,seller_0014,2018-05-24 14:16:40,34.3,6.55
order_003579,1,prod_00280,seller_0042,2017-10-24 00:37:49,59.06,3.42
order_003579,2,prod_00224,seller_0033,2018-04-17 19:41:05,10.36,3.0
order_003580,1,prod_00331,seller_0082,2017-10-08 15:12:18,44.98,7.09
order_003581,1,prod_00028,seller_0116,2017-12-01 20:43:27,35.04,4.91
order_003581,2,prod_00577,seller_0035,2017-11-16 05:40:00,49.79,6.88
order_003581,3,prod_00209,seller_0054,2017-11-07 06:31:37,14.49,3.0
order_003582,1,prod_00084,seller_0132,2018-02-26 21:25:34,20.42,3.0
order_003583,1,prod_00138,seller_0043,2017-03-10 03:12:05,13.36,3.0
order_003583,2,prod_00080,seller_0060,2017-01-10 22:18:34,13.27,3.0
order_003583,3,prod_00480,seller_0143,2018-03-19 05:46:17,56.83,7.17
order_003584,1,prod_00645,seller_0071,2018-02-12 12:15:26,22.58,3.62
order_003585,1,prod_00058,seller_0043,2017-10-04 20:20:41,21.53,3.0
order_003586,1,prod_00020,seller_0144,2017-07-11 04:55:11,67.28,3.0
order_003587,1,prod_00616,seller_0172,2017-02-10 07:07:38,26.49,3.0
order_003588,1,prod_00268,seller_0162,2018-07-05 11:58:56,61.96,5.83
order_003589,1,prod_00084,seller_0078,2017-04-08 18:46:30,16.74,3.0
order_003590,1,prod_00136,seller_0004,2017-11-25 05:24:38,26.44,3.98
order_003591,1,prod_00473,seller_0076,2017-06-14 01:49:55,18.38,3.07
order_003591,2,prod_00058,seller_0137,2017-07-24 14:14:50,47.28,3.0
order_003592,1,prod_00281,seller_0169,2017-10-18 14:04:46,28.95,3.24
order_003592,2,prod_00681,seller_0012,2018-07-22 16:40:32,53.26,4.55
order_003593,1,prod_00301,seller_0021,2017-10-28 17:35:27,36.57,4.63
order_003593,2,prod_00116,seller_0051,2018-04-16 14:22:01,9.35,3.0
order_003594,1,prod_00531,seller_0020,2018-03-12 01:13:09,27.89,5.27
order_003594,2,prod_00302,seller_0031,2017-03-03 01:07:08,12.21,3.0
order_003595,1,prod_00278,seller_0078,2017-06-24 09:47:24,41.48,7.04
order_003595,2,prod_00179,seller_0045,2017-01-21 08:47:23,47.51,3.0
order_003595,3,prod_00527,seller_0105,2017-06-05 10:29:56,50.82,8.18
order_003596,1,prod_00343,seller_0170,2017-08-12 23:53:49,30.57,3.0
order_003597,1,prod_00338,seller_0091,2017-05-14 03:24:53,11.46,3.0
order_003597,2,prod_00536,seller_0091,2018-05-26 02:07:03,37.95,7.05
order_003597,3,prod_00254,seller_0171,2018-03-07 21:52:41,43.15,8.16
order_003598,1,prod_00461,seller_0109,2018-02-02 20:03:04,29.41,5.2
order_003599,1,prod_00120,seller_0178,2017-09-01 20:13:18,35.01,3.58
order_003600,1,prod_00400,seller_0166,2018-02-20 08:21:34,9.71,3.0
order_003601,1,prod_00300,seller_0007,2018-07-28 15:50:15,34.57,6.63
order_003602,1,prod_00357,seller_0168,2017-11-23 12:58:31,30.86,5.6
order_003603,1,prod_00255,seller_0029,2017-02-06 21:44:13,15.06,3.0
order_003604,1,prod_00092,seller_0048,2017-10-04 09:19:24,46.68,4.56
order_003604,2,prod_00644,seller_0099,2018-07-01 07:37:12,24.02,3.0
order_003605,1,prod_00281,seller_0138,2018-04-10 07:52:27,38.43,3.51
order_003605,2,prod_00523,seller_0171,2018-05-05 17:38:18,45.48,5.01
order_003606,1,prod_00633,seller_0082,2017-01-09 18:15:23,41.01,7.02
order_003607,1,prod_00310,seller_0050,2018-07-17 09:30:57,13.85,3.0
order_003608,1,prod_00574,seller_0069,2017-08-04 18:14:34,25.8,3.0
order_003609,1,prod_00307,seller_0066,2017-10-12 20:12:30,132.18,4.56
order_003610,1,prod_00045,seller_0052,2018-02-02 06:10:05,82.03,3.01
order_003611,1,prod_00617,seller_0041,2017-07-15 04:03:22,56.97,9.53
order_003612,1,prod_00588,seller_0127,2018-08-05 19:18:02,39.58,3.0
order_003612,2,prod_00396,seller_0174,2017-05-30 16:53:04,17.42,3.38
order_003613,1,prod_00579,seller_0107,2017-09-15 20:45:14,29.8,3.0
order_003614,1,prod_00468,seller_0027,2017-06-05 23:03:47,25.16,4.2
order_003615,1,prod_00561,seller_0120,2018-05-15 06:47:45,31.34,3.0
order_003616,1,prod_00039,seller_0101,2018-08-20 21:56:33,12.93,3.0
order_003617,1,prod_00570,seller_0072,2017-11-23 17:11:01,61.59,9.77
order_003618,1,prod_00150,seller_0004,2017-12-10 02:48:45,8.0,3.0
order_003619,1,prod_00688,seller_0139,2017-11-03 01:57:50,57.81,7.25
order_003619,2,prod_00676,seller_0108,2018-05-28 14:38:14,58.53,9.52
order_003620,1,prod_00038,seller_0042,2018-06-11 06:50:28,150.27,8.87
order_003621,1,prod_00456,seller_0070,2017-03-15 07:56:50,28.15,3.34
order_003622,1,prod_00268,seller_0094,2017-10-31 08:11:27,23.62,3.0
order_003623,1,prod_00178,seller_0101,2018-08-16 02:08:51,35.81,5.75
order_003623,2,prod_00677,seller_0118,2017-03-02 04:38:32,47.65,4.36
order_003623,3,prod_00280,seller_0014,2017-07-18 17:49:16,31.23,4.36
order_003624,1,prod_00386,seller_0096,2017-04-18 06:20:57,15.35,3.0
order_003625,1,prod_00219,seller_0016,2018-05-27 22:40:21,47.61,7.17
order_003625,2,prod_00477,seller_0029,2017-04-05 17:44:51,33.1,3.0
order_003626,1,prod_00176,seller_0016,2018-08-22 02:06:52,17.2,3.0
order_003626,2,prod_00253,seller_0111,2017-10-06 16:08:00,11.52,3.0
order_003627,1,prod_00493,seller_0150,2017-02-04 16:18:50,164.81,16.27
order_003627,2,prod_00148,seller_0174,2017-10-09 16:32:12,56.87,4.9
order_003627,3,prod_00549,seller_0130,2017-02-24 14:30:47,47.64,5.02
order_003628,1,prod_00684,seller_0140,2018-08-13 23:56:10,30.73,5.85
order_003628,2,prod_00492,seller_0023,2017-12-16 05:35:22,51.86,8.65
order_003629,1,prod_00253,seller_0001,2017-01-27 10:48:34,16.71,3.0
order_003630,1,prod_00127,seller_0056,2018-05-19 22:47:53,37.7,3.98
order_003631,1,prod_00392,seller_0065,2018-02-02 02:54:16,38.78,5.66
order_003631,2,prod_00306,seller_0078,2017-03-07 19:58:03,16.98,3.0
order_003631,3,prod_00170,seller_0119,2018-08-20 14:31:03,30.94,3.0
order_003632,1,prod_00256,seller_0017,2017-08-22 02:37:42,25.32,4.88
order_003633,1,prod_00676,seller_0018,2018-07-18 09:49:56,20.15,3.29
order_003633,2,prod_00118,seller_0151,2017-11-02 07:26:39,23.33,4.21
order_003634,1,prod_00180,seller_0104,2017-12-07 09:55:39,10.92,3.0
order_003634,2,prod_00244,seller_0065,2018-03-28 09:23:52,66.08,9.61
order_003635,1,prod_00639,seller_0149,2017-12-17 23:53:50,91.42,14.63
order_003636,1,prod_00250,seller_0120,2017-07-02 04:23:31,18.14,3.0
order_003636,2,prod_00204,seller_0150,2017-09-19 16:40:51,68.14,5.02
order_003637,1,prod_00208,seller_0115,2017-03-20 10:55:51,32.43,3.0
order_003638,1,prod_00662,seller_0090,2018-06-06 18:24:28,32.9,4.33
order_003639,1,prod_00247,seller_0164,2017-10-19 07:57:58,14.27,3.0
order_003640,1,prod_00257,seller_0178,2017-08-20 02:26:42,23.05,3.92
order_003641,1,prod_00255,seller_0133,2017-09-01 00:49:13,46.82,5.66
order_003641,2,prod_00610,seller_0113,2017-08-20 14:02:03,17.57,3.5
order_003641,3,prod_00497,seller_0006,2017-07-15 14:56:16,20.45,3.0
order_003642,1,prod_00419,seller_0156,2018-04-19 13:15:42,23.8,3.0
order_003642,2,prod_00149,seller_0027,2018-03-17 01:49:01,8.0,3.0
order_003643,1,prod_00079,seller_0005,2017-03-15 00:38:55,40.99,3.22
order_003644,1,prod_00061,seller_0080,2018-04-25 02:30:41,50.1,5.57
order_003644,2,prod_00206,seller_0013,2018-08-01 08:12:33,41.97,3.0
order_003645,1,prod_00554,seller_0016,2017-09-10 01:04:28,61.12,10.49
order_003646,1,prod_00532,seller_0083,2017-07-29 05:17:34,24.81,3.0
order_003647,1,prod_00547,seller_0070,2018-03-19 13:35:56,107.48,19.79
order_003647,2,prod_00467,seller_0022,2017-11-27 09:45:25,19.12,3.0
order_003647,3,prod_00360,seller_0175,2017-01-29 00:05:15,28.62,3.1
order_003648,1,prod_00249,seller_0037,2018-08-16 17:02:30,26.84,5.2
order_003648,2,prod_00508,seller_0036,2018-02-11 16:57:56,37.38,5.82
order_003648,3,prod_00136,seller_0145,2018-05-05 17:21:52,28.34,3.0
order_003649,1,prod_00047,seller_0126,2017-07-02 07:37:48,30.97,3.0
order_003650,1,prod_00580,seller_0064,2017-06-07 05:34:21,21.31,3.0
order_003651,1,prod_00332,seller_0046,2017-08-08 11:01:21,24.9,3.45
order_003652,1,prod_00435,seller_0164,2017-09-17 15:48:57,8.0,3.0
order_003652,2,prod_00669,seller_0006,2017-10-11 22:08:17,55.79,10.11
order_003653,1,prod_00477,seller_0115,2018-05-05 09:40:34,17.04,3.0
order_003654,1,prod_00535,seller_0017,2017-03-31 09:33:47,24.07,3.0
order_003655,1,prod_00335,seller_0000,2017-02-11 01:28:59,16.63,3.0
order_003655,2,prod_00222,seller_0018,2018-06-05 05:44:24,47.96,9.29
order_003656,1,prod_00245,seller_0101,2018-07-09 06:43:12,23.26,4.61
order_003657,1,prod_00630,seller_0053,2017-06-27 10:31:56,8.0,3.0
order_003658,1,prod_00267,seller_0124,2017-06-12 18:40:38,39.75,4.5
order_003659,1,prod_00653,seller_0172,2017-11-26 09:45:25,20.37,3.54
order_003660,1,prod_00021,seller_0007,2017-11-04 00:03:04,32.62,3.63
order_003661,1,prod_00204,seller_0111,2018-02-21 07:41:09,56.88,10.98
order_003662,1,prod_00660,seller_0163,2018-03-03 15:10:08,17.43,3.0
order_003663,1,prod_00405,seller_0022,2018-04-01 23:14:06,32.04,5.0
order_003664,1,prod_00256,seller_0075,2017-06-28 07:22:42,20.05,3.0
order_003665,1,prod_00122,seller_0012,2017-08-17 08:27:39,62.89,4.09
order_003666,1,prod_00338,seller_0019,2017-04-30 04:14:19,34.86,3.0
order_003666,2,prod_00670,seller_0174,2017-11-11 16:19:01,32.62,5.78
order_003667,1,prod_00250,seller_0045,2018-05-16 05:59:58,14.78,3.0
order_003667,2,prod_00337,seller_0030,2017-11-20 03:32:15,53.93,3.85
order_003668,1,prod_00248,seller_0161,2017-10-20 04:22:11,58.56,10.18
order_003668,2,prod_00602,seller_0048,2017-03-08 08:34:36,20.13,3.0
order_003669,1,prod_00479,seller_0050,2017-09-15 12:04:48,36.6,5.56
order_003670,1,prod_00431,seller_0151,2017-10-03 18:49:57,48.53,6.54
order_003670,2,prod_00469,seller_0136,2017-11-18 02:16:46,140.01,5.1
order_003671,1,prod_00288,seller_0099,2017-01-04 02:29:58,42.7,3.0
order_003672,1,prod_00567,seller_0152,2017-10-05 00:59:12,33.11,3.0
order_003673,1,prod_00429,seller_0040,2018-06-05 10:06:27,29.93,3.0
order_003674,1,prod_00050,seller_0143,2017-10-01 11:49:05,31.11,3.0
order_003674,2,prod_00261,seller_0119,2017-09-09 11:54:40,54.53,9.55
order_003675,1,prod_00611,seller_0102,2017-06-05 10:18:07,18.67,3.5
order_003676,1,prod_00178,seller_0066,2018-06-21 15:51:34,60.72,3.63
order_003676,2,prod_00669,seller_0021,2017-09-26 12:12:24,12.16,3.0
order_003676,3,prod_00570,seller_0104,2017-04-04 01:22:44,51.07,5.29
order_003677,1,prod_00692,seller_0144,2017-10-02 20:43:02,61.2,5.75
order_003678,1,prod_00558,seller_0017,2017-12-30 15:02:13,55.93,10.74
order_003679,1,prod_00090,seller_0028,2017-11-20 15:00:30,39.48,3.0
order_003680,1,prod_00133,seller_0158,2017-11-09 17:50:08,42.81,8.38
order_003680,2,prod_00340,seller_0155,2017-06-09 12:55:05,25.53,3.0
order_003681,1,prod_00250,seller_0107,2018-05-26 00:57:52,15.94,3.0
order_003682,1,prod_00657,seller_0082,2018-07-20 02:13:26,38.95,7.34
order_003683,1,prod_00594,seller_0000,2018-08-19 23:48:26,34.63,4.84
order_003684,1,prod_00531,seller_0164,2018-04-29 00:45:52,60.36,9.68
order_003685,1,prod_00658,seller_0100,2018-02-07 22:28:23,30.21,3.0
order_003685,2,prod_00042,seller_0014,2018-07-08 08:20:27,36.72,4.66
order_003686,1,prod_00491,seller_0065,2017-05-11 09:35:28,39.92,3.31
order_003686,2,prod_00609,seller_0150,2018-06-14 16:56:47,48.04,4.87
order_003687,1,prod_00682,seller_0162,2017-02-24 11:03:16,61.35,4.32
order_003688,1,prod_00586,seller_0114,2018-01-06 22:04:57,17.82,3.0
order_003689,1,prod_00566,seller_0024,2017-03-14 17:34:15,52.25,6.33
order_003689,2,prod_00546,seller_0028,2017-10-14 06:42:24,29.45,3.0
order_003690,1,prod_00089,seller_0060,2017-04-15 21:06:01,50.28,7.74
order_003690,2,prod_00288,seller_0137,2017-10-24 02:59:23,86.57,6.78
order_003691,1,prod_00613,seller_0137,2017-12-17 08:32:29,8.41,3.0
order_003691,2,prod_00442,seller_0134,2017-09-05 23:37:17,72.92,12.95
order_003692,1,prod_00182,seller_0040,2017-04-17 01:43:42,30.66,3.0
order_003693,1,prod_00501,seller_0056,2018-04-20 18:07:24,18.99,3.0
order_003693,2,prod_00018,seller_0056,2017-07-06 21:10:34,24.92,4.4
order_003694,1,prod_00277,seller_0131,2017-04-03 05:05:10,16.94,3.0
order_003694,2,prod_00527,seller_0138,2017-07-03 16:36:35,46.06,9.08
order_003695,1,prod_00548,seller_0005,2017-03-02 01:07:08,16.9,3.0
order_003696,1,prod_00356,seller_0128,2018-05-26 05:52:33,72.44,6.64
order_003696,2,prod_00191,seller_0069,2018-08-10 05:06:07,51.92,7.76
order_003697,1,prod_00347,seller_0064,2017-01-17 03:29:19,38.38,4.34
order_003698,1,prod_00128,seller_0091,2017-07-09 07:12:43,8.82,3.0
order_003699,1,prod_00655,seller_0084,2018-03-18 22:32:41,14.02,3.0
order_003700,1,prod_00601,seller_0176,2017-02-03 15:08:36,31.43,4.81
order_003701,1,prod_00505,seller_0099,2018-06-27 19:14:24,32.57,5.33
order_003702,1,prod_00237,seller_0148,2018-04-18 12:46:27,61.0,8.41
order_003703,1,prod_00100,seller_0159,2017-03-16 19:48:08,8.0,3.0
order_003703,2,prod_00039,seller_0176,2018-02-04 06:04:54,20.22,3.0
order_003703,3,prod_00268,seller_0119,2017-10-20 19:38:02,57.06,9.7
order_003704,1,prod_00582,seller_0170,2017-05-03 05:21:20,26.6,3.0
order_003705,1,prod_00258,seller_0106,2017-07-04 06:11:38,24.44,4.83
order_003706,1,prod_00559,seller_0066,2018-05-10 05:26:52,11.61,3.0
order_003707,1,prod_00123,seller_0145,2018-01-11 04:42:39,65.89,11.98
order_003708,1,prod_00561,seller_0158,2017-08-10 08:51:32,24.16,4.34
order_003708,2,prod_00053,seller_0054,2017-08-05 07:28:27,67.42,11.68
order_003709,1,prod_00238,seller_0173,2018-03-23 13:05:16,85.86,3.82
order_003710,1,prod_00105,seller_0079,2018-06-09 15:08:05,77.96,14.4
order_003710,2,prod_00422,seller_0041,2017-04-23 18:49:20,32.42,3.0
order_003711,1,prod_00131,seller_0123,2018-04-10 10:23:13,24.17,4.29
order_003712,1,prod_00009,seller_0043,2017-10-10 03:17:20,23.13,3.0
order_003712,2,prod_00225,seller_0072,2017-06-20 03:08:44,119.04,9.3
order_003712,3,prod_00001,seller_0096,2018-04-22 12:25:04,28.85,3.0
order_003713,1,prod_00265,seller_0086,2018-07-12 08:24:06,65.66,4.98
order_003714,1,prod_00181,seller_0020,2017-06-22 09:52:14,45.31,6.95
order_003714,2,prod_00653,seller_0028,2018-05-03 03:35:15,25.34,3.93
order_003714,3,prod_00367,seller_0014,2017-03-28 09:11:16,28.09,3.0
order_003715,1,prod_00307,seller_0109,2018-07-15 02:16:13,71.47,7.34
order_003716,1,prod_00420,seller_0178,2017-11-13 03:02:33,33.8,3.0
order_003716,2,prod_00095,seller_0115,2018-07-11 10:20:00,24.66,3.0
order_003716,3,prod_00093,seller_0100,2017-04-26 16:50:52,19.6,3.0
order_003717,1,prod_00107,seller_0154,2018-07-22 19:18:44,40.77,5.56
order_003718,1,prod_00607,seller_0004,2017-04-15 04:35:41,23.67,3.0
order_003718,2,prod_00521,seller_0015,2017-02-09 18:20:40,48.72,7.52
order_003719,1,prod_00671,seller_0178,2017-09-06 02:25:21,173.07,34.31
order_003720,1,prod_00568,seller_0161,2018-03-29 15:02:22,46.38,7.79
order_003721,1,prod_00083,seller_0099,2018-01-19 06:12:47,106.98,3.35
order_003722,1,prod_00115,seller_0015,2017-07-16 17:10:43,20.81,3.53
order_003723,1,prod_00576,seller_0034,2017-10-13 07:58:11,51.65,3.0
order_003724,1,prod_00382,seller_0134,2017-12-30 10:59:59,74.9,3.96
order_003725,1,prod_00429,seller_0041,2018-06-20 12:43:33,81.2,5.78
order_003725,2,prod_00163,seller_0106,2018-02-14 21:30:01,76.06,8.64
order_003726,1,prod_00351,seller_0136,2017-01-19 20:44:27,33.47,5.81
order_003727,1,prod_00631,seller_0073,2018-07-27 19:32:31,59.05,9.94
order_003728,1,prod_00342,seller_0084,2017-07-13 16:56:57,17.09,3.0
order_003728,2,prod_00481,seller_0166,2018-09-01 15:32:38,94.13,10.41
order_003729,1,prod_00524,seller_0176,2017-07-06 21:07:01,17.83,3.0
order_003729,2,prod_00647,seller_0082,2017-11-18 18:35:20,74.83,14.35
order_003730,1,prod_00146,seller_0036,2017-08-11 04:58:48,65.26,4.99
order_003731,1,prod_00637,seller_0004,2017-07-20 13:05:25,64.99,4.21
order_003732,1,prod_00426,seller_0032,2018-01-06 14:59:00,126.8,25.09
order_003733,1,prod_00583,seller_0093,2017-01-04 22:00:58,65.63,4.33
order_003733,2,prod_00182,seller_0176,2018-08-15 03:31:34,13.98,3.0
order_003734,1,prod_00082,seller_0095,2017-05-25 06:10:14,48.59,9.58
order_003735,1,prod_00059,seller_0176,2017-10-24 21:17:24,9.7,3.0
order_003736,1,prod_00268,seller_0133,2017-10-05 17:51:52,31.21,3.0
order_003736,2,prod_00387,seller_0014,2018-01-07 06:30:23,25.16,3.0
order_003737,1,prod_00201,seller_0064,2018-01-06 15:50:07,50.13,4.03
order_003738,1,prod_00188,seller_0104,2017-08-04 18:14:34,19.4,3.45
order_003738,2,prod_00571,seller_0013,2017-01-20 04:19:25,19.78,3.06
order_003739,1,prod_00519,seller_0003,2018-06-24 16:57:54,45.87,5.59
order_003739,2,prod_00444,seller_0062,2017-12-25 20:01:23,71.07,3.0
order_003740,1,prod_00455,seller_0160,2017-07-22 00:28:01,33.17,3.0
order_003740,2,prod_00592,seller_0108,2018-05-11 04:57:33,149.9,27.19
order_003741,1,prod_00157,seller_0094,2017-09-09 05:21:14,26.49,3.0
order_003742,1,prod_00657,seller_0098,2018-06-04 09:54:10,51.51,3.0
order_003743,1,prod_00603,seller_0098,2017-08-21 14:00:07,41.34,3.0
order_003744,1,prod_00240,seller_0152,2018-06-06 15:35:28,26.5,4.2
order_003745,1,prod_00242,seller_0057,2018-03-29 22:45:26,77.67,13.68
order_003746,1,prod_00129,seller_0048,2017-04-19 15:30:43,18.57,3.0
order_003747,1,prod_00496,seller_0050,2018-05-13 04:57:33,8.59,3.0
order_003748,1,prod_00212,seller_0102,2018-07-18 07:08:24,30.51,5.26
order_003749,1,prod_00187,seller_0048,2018-05-18 15:55:57,28.02,3.0
order_003750,1,prod_00470,seller_0175,2017-10-20 17:59:41,66.08,6.06
order_003751,1,prod_00137,seller_0124,2017-06-27 08:17:35,14.7,3.0
order_003751,2,prod_00079,seller_0056,2017-08-31 00:49:13,46.54,4.53
order_003752,1,prod_00602,seller_0046,2017-10-12 07:55:06,43.02,3.0
order_003753,1,prod_00027,seller_0078,2018-05-24 20:03:56,40.85,7.09
order_003753,2,prod_00643,seller_0154,2018-03-23 01:47:52,65.28,4.34
order_003754,1,prod_00478,seller_0178,2017-11-27 00:14:30,32.61,3.01
order_003754,2,prod_00246,seller_0095,2018-04-05 16:53:44,34.26,4.74
order_003755,1,prod_00394,seller_0025,2017-05-15 19:42:53,44.38,7.39
order_003755,2,prod_00220,seller_0007,2018-06-14 11:34:32,30.99,4.02
order_003756,1,prod_00286,seller_0103,2018-06-30 03:16:26,13.74,3.0
order_003756,2,prod_00491,seller_0112,2017-08-08 03:36:45,25.36,3.0
order_003757,1,prod_00636,seller_0066,2017-12-17 23:47:17,27.99,3.2
order_003757,2,prod_00159,seller_0160,2017-06-18 08:42:34,22.98,3.0
order_003757,3,prod_00373,seller_0008,2018-01-07 21:20:04,26.96,3.0
order_003758,1,prod_00604,seller_0055,2018-08-30 11:41:44,37.22,5.1
order_003759,1,prod_00009,seller_0136,2018-07-05 16:26:46,27.71,4.54
order_003760,1,prod_00005,seller_0043,2018-07-24 10:31:15,57.69,3.0
order_003760,2,prod_00430,seller_0035,2017-05-24 02:00:24,58.28,9.79
order_003761,1,prod_00099,seller_0131,2017-04-28 22:02:56,8.0,3.0
order_003761,2,prod_00695,seller_0160,2018-02-24 03:46:26,13.05,3.0
order_003762,1,prod_00084,seller_0033,2017-04-28 12:17:44,8.0,3.0
order_003763,1,prod_00516,seller_0075,2018-06-02 11:35:46,27.72,4.15
order_003763,2,prod_00222,seller_0175,2018-03-26 05:25:28,26.62,4.23
order_003763,3,prod_00646,seller_0026,2017-09-27 17:36:28,36.53,3.66
order_003764,1,prod_00606,seller_0024,2017-09-11 07:17:51,57.26,7.33
order_003764,2,prod_00558,seller_0044,2017-05-19 23:24:35,32.21,3.57
order_003765,1,prod_00448,seller_0086,2017-02-06 06:41:33,22.38,3.0
order_003765,2,prod_00151,seller_0149,2018-03-12 04:07:49,33.02,3.0
order_003766,1,prod_00075,seller_0078,2018-05-20 02:35:24,24.02,4.47
order_003767,1,prod_00183,seller_0067,2017-12-24 13:27:45,12.68,3.0
order_003768,1,prod_00055,seller_0152,2018-06-21 13:16:47,61.72,8.66
order_003769,1,prod_00549,seller_0046,2017-02-01 12:47:28,43.64,4.28
order_003770,1,prod_00201,seller_0065,2017-02-09 06:20:58,84.93,14.41
order_003771,1,prod_00308,seller_0044,2017-12-03 16:08:11,14.82,3.0
order_003772,1,prod_00433,seller_0019,2018-08-22 02:52:11,11.59,3.0
order_003772,2,prod_00491,seller_0104,2018-08-02 05:30:18,18.02,3.0
order_003773,1,prod_00415,seller_0174,2018-01-27 12:24:02,42.92,4.14
order_003774,1,prod_00515,seller_0046,2018-05-26 14:19:08,57.88,7.0
order_003775,1,prod_00079,seller_0012,2018-01-18 12:42:42,39.89,5.46
order_003776,1,prod_00195,seller_0168,2017-08-31 23:05:05,36.36,6.34
order_003776,2,prod_00532,seller_0019,2018-03-10 02:39:39,57.71,5.4
order_003776,3,prod_00502,seller_0008,2018-03-24 02:09:07,24.57,4.0
order_003777,1,prod_00442,seller_0132,2017-01-31 00:28:11,65.8,4.49
order_003777,2,prod_00657,seller_0028,2017-03-21 20:40:55,120.33,21.58
order_003777,3,prod_00688,seller_0179,2018-06-18 19:13:56,16.6,3.0
order_003778,1,prod_00058,seller_0077,2017-09-22 16:01:52,28.07,4.68
order_003779,1,prod_00386,seller_0120,2018-04-20 11:24:22,13.42,3.0
order_003780,1,prod_00630,seller_0037,2018-04-17 21:11:05,17.68,3.0
order_003781,1,prod_00229,seller_0038,2018-08-11 13:10:16,42.74,5.23
order_003782,1,prod_00041,seller_0140,2017-03-14 03:23:58,11.07,3.0
order_003782,2,prod_00083,seller_0091,2017-06-05 04:48:45,19.95,3.92
order_003783,1,prod_00505,seller_0164,2017-09-12 07:34:56,65.68,8.65
order_003783,2,prod_00643,seller_0165,2017-07-21 23:28:53,38.29,3.0
order_003783,3,prod_00495,seller_0108,2018-06-24 04:46:28,54.55,5.44
order_003784,1,prod_00026,seller_0140,2018-01-24 13:04:20,14.28,3.0
order_003785,1,prod_00288,seller_0153,2017-04-09 17:14:04,34.61,3.01
order_003786,1,prod_00244,seller_0104,2018-08-06 22:18:38,112.88,9.01
order_003787,1,prod_00638,seller_0144,2017-09-10 07:33:34,21.54,3.0
order_003788,1,prod_00371,seller_0004,2017-09-11 22:46:59,24.11,4.47
order_003789,1,prod_00164,seller_0028,2018-03-17 13:59:28,48.33,3.76
order_003790,1,prod_00398,seller_0085,2018-08-11 20:32:52,18.45,3.21
order_003790,2,prod_00524,seller_0014,2017-04-24 04:06:56,52.78,9.44
order_003791,1,prod_00407,seller_0083,2017-07-25 01:39:25,10.3,3.0
order_003792,1,prod_00292,seller_0113,2017-09-11 06:48:26,8.0,3.0
order_003793,1,prod_00501,seller_0066,2018-01-18 06:42:25,40.63,6.73
order_003794,1,prod_00212,seller_0176,2018-08-16 07:39:01,17.52,3.0
order_003794,2,prod_00089,seller_0157,2017-06-30 14:22:50,22.93,4.53
order_003795,1,prod_00603,seller_0149,2017-06-16 11:12:03,58.55,5.56
order_003795,2,prod_00503,seller_0128,2017-05-18 00:57:17,49.69,3.0
order_003796,1,prod_00511,seller_0110,2018-04-17 17:06:37,14.91,3.0
order_003796,2,prod_00622,seller_0119,2018-07-31 21:45:50,46.42,4.04
order_003797,1,prod_00499,seller_0019,2018-02-18 23:14:56,27.24,3.0
order_003798,1,prod_00021,seller_0168,2018-02-21 22:39:56,43.43,3.0
order_003799,1,prod_00590,seller_0140,2017-05-29 17:46:20,32.68,3.03
order_003799,2,prod_00025,seller_0052,2017-06-08 13:41:46,12.46,3.0
order_003800,1,prod_00484,seller_0122,2017-08-15 04:09:30,20.83,3.0
order_003800,2,prod_00693,seller_0074,2017-03-20 23:03:40,8.0,3.0
order_003800,3,prod_00282,seller_0168,2017-12-11 14:22:29,37.35,5.1
order_003801,1,prod_00218,seller_0096,2018-05-15 00:08:07,42.86,3.0
order_003802,1,prod_00649,seller_0127,2017-03-27 14:39:37,20.95,3.42
order_003803,1,prod_00318,seller_0034,2018-06-05 03:23:55,30.72,5.32
order_003804,1,prod_00645,seller_0018,2017-07-06 09:40:06,17.58,3.0
order_003805,1,prod_00217,seller_0162,2018-08-08 18:49:32,74.94,5.37
order_003806,1,prod_00129,seller_0109,2017-10-06 13:33:54,14.36,3.0
order_003807,1,prod_00389,seller_0119,2017-07-21 12:19:38,27.05,3.0
order_003808,1,prod_00260,seller_0072,2018-07-01 19:31:20,14.24,3.0
order_003809,1,prod_00498,seller_0113,2017-03-27 05:01:06,38.58,3.0
order_003810,1,prod_00208,seller_0075,2017-03-06 08:31:36,65.03,4.4
order_003811,1,prod_00531,seller_0114,2018-08-22 12:21:02,8.59,3.0
order_003812,1,prod_00247,seller_0113,2017-12-07 07:25:52,50.66,10.09
order_003813,1,prod_00248,seller_0039,2018-02-23 13:10:55,95.63,3.53
order_003814,1,prod_00496,seller_0161,2018-02-01 01:38:44,36.01,3.0
order_003815,1,prod_00182,seller_0170,2017-03-20 10:52:47,21.36,3.0
order_003816,1,prod_00199,seller_0136,2018-08-14 01:41:17,32.31,5.81
order_003817,1,prod_00382,seller_0003,2018-05-18 22:47:53,23.23,3.0
order_003818,1,prod_00231,seller_0004,2017-10-28 17:35:27,118.72,22.63
order_003819,1,prod_00268,seller_0144,2018-08-10 16:55:24,56.98,11.0
order_003819,2,prod_00237,seller_0026,2018-08-30 18:15:34,59.46,9.12
order_003820,1,prod_00435,seller_0175,2018-01-05 19:00:12,134.39,7.89
order_003820,2,prod_00234,seller_0065,2017-06-06 10:29:56,79.36,15.48
order_003821,1,prod_00428,seller_0031,2017-03-31 06:41:53,30.6,3.2
order_003822,1,prod_00163,seller_0123,2017-09-25 19:33:07,33.67,3.67
order_003823,1,prod_00626,seller_0123,2017-07-03 06:26:03,153.52,21.23
order_003824,1,prod_00665,seller_0114,2017-07-25 19:08:51,20.48,3.11
order_003824,2,prod_00002,seller_0138,2017-03-03 01:07:08,29.62,5.74
order_003825,1,prod_00073,seller_0090,2018-01-30 12:32:04,17.14,3.34
order_003826,1,prod_00071,seller_0056,2017-05-30 15:43:20,10.16,3.0
order_003827,1,prod_00127,seller_0077,2018-01-03 02:29:33,18.69,3.0
order_003828,1,prod_00550,seller_0113,2017-08-24 22:11:53,18.93,3.51
order_003829,1,prod_00172,seller_0142,2017-01-18 18:13:39,22.06,3.0
order_003830,1,prod_00408,seller_0077,2017-06-19 07:04:25,49.3,6.11
order_003831,1,prod_00176,seller_0017,2017-02-28 04:48:14,32.86,3.0
order_003832,1,prod_00043,seller_0072,2018-06-15 08:14:22,63.89,5.81
order_003833,1,prod_00058,seller_0107,2018-06-12 09:45:54,36.53,4.39
order_003834,1,prod_00659,seller_0139,2017-03-12 18:57:47,37.2,5.57
order_003834,2,prod_00390,seller_0145,2018-04-12 04:02:44,27.4,5.36
order_003835,1,prod_00455,seller_0142,2017-12-24 23:17:14,117.39,21.85
order_003836,1,prod_00131,seller_0049,2017-02-05 11:22:18,25.15,3.0
order_003837,1,prod_00340,seller_0004,2017-05-10 20:48:40,60.09,4.99
order_003838,1,prod_00460,seller_0036,2018-08-03 21:52:20,15.36,3.0
order_003839,1,prod_00545,seller_0021,2017-03-22 18:14:53,28.27,3.0
order_003839,2,prod_00459,seller_0121,2018-04-16 23:02:42,122.11,13.2
order_003840,1,prod_00417,seller_0048,2017-06-25 19:56:44,51.69,9.59
order_003841,1,prod_00437,seller_0031,2017-02-25 10:45:46,13.33,3.0
order_003842,1,prod_00261,seller_0097,2018-01-03 22:04:46,16.93,3.0
order_003842,2,prod_00489,seller_0087,2018-04-21 23:13:29,93.82,13.72
order_003843,1,prod_00207,seller_0126,2018-02-28 04:36:50,35.07,3.0
order_003843,2,prod_00503,seller_0166,2017-08-04 00:48:10,27.69,3.0
order_003844,1,prod_00317,seller_0015,2017-03-28 01:08:10,19.96,3.2
order_003844,2,prod_00403,seller_0010,2017-08-31 23:05:05,26.94,3.0
order_003845,1,prod_00332,seller_0147,2017-07-05 00:18:10,83.02,11.09
order_003846,1,prod_00397,seller_0163,2017-09-27 06:29:14,21.01,3.55
order_003847,1,prod_00498,seller_0060,2017-10-27 18:20:53,22.39,3.0
order_003847,2,prod_00196,seller_0034,2017-04-01 22:59:34,48.9,5.39
order_003847,3,prod_00331,seller_0053,2017-10-08 01:55:17,16.85,3.0
order_003848,1,prod_00282,seller_0086,2017-07-14 12:40:51,18.03,3.0
order_003849,1,prod_00012,seller_0002,2018-03-31 06:52:58,33.25,6.49
order_003849,2,prod_00596,seller_0023,2017-04-27 21:25:06,33.8,6.12
order_003849,3,prod_00479,seller_0006,2018-06-22 00:57:23,19.57,3.0
order_003850,1,prod_00031,seller_0127,2017-12-09 01:22:27,45.04,5.53
order_003851,1,prod_00048,seller_0080,2018-04-12 07:38:37,38.18,3.0
order_003851,2,prod_00648,seller_0179,2018-07-17 16:45:35,9.18,3.0
order_003852,1,prod_00592,seller_0080,2018-06-30 05:41:08,55.0,5.09
order_003853,1,prod_00510,seller_0054,2017-03-04 17:40:52,22.87,3.0
order_003853,2,prod_00495,seller_0055,2017-11-29 14:27:40,55.92,7.1
order_003854,1,prod_00588,seller_0166,2017-07-01 12:11:14,127.97,17.79
order_003854,2,prod_00418,seller_0033,2018-06-11 03:54:33,31.7,3.03
order_003855,1,prod_00004,seller_0131,2017-04-24 11:28:20,21.78,3.86
order_003855,2,prod_00317,seller_0158,2017-02-09 05:21:25,81.14,14.05
order_003856,1,prod_00231,seller_0173,2017-05-01 05:21:20,19.19,3.0
order_003856,2,prod_00120,seller_0015,2018-07-23 03:01:25,113.31,10.16
order_003856,3,prod_00601,seller_0120,2017-08-27 03:56:38,24.5,3.0
order_003857,1,prod_00458,seller_0145,2017-04-29 15:13:21,22.03,3.0
order_003857,2,prod_00631,seller_0122,2017-12-12 20:20:03,154.13,11.19
order_003858,1,prod_00076,seller_0151,2018-05-30 22:12:37,41.93,8.09
order_003859,1,prod_00682,seller_0169,2018-01-13 16:39:23,95.04,9.6
order_003860,1,prod_00423,seller_0158,2018-06-23 00:03:42,32.56,3.28
order_003860,2,prod_00397,seller_0130,2018-07-23 03:11:27,31.08,3.42
order_003861,1,prod_00128,seller_0034,2018-04-05 17:18:32,8.0,3.0
order_003861,2,prod_00437,seller_0152,2017-10-25 21:24:51,63.92,11.91
order_003862,1,prod_00417,seller_0123,2017-02-01 14:43:22,42.54,3.0
order_003863,1,prod_00491,seller_0051,2017-03-29 16:32:18,30.79,5.22
order_003864,1,prod_00105,seller_0116,2017-10-26 22:23:36,48.65,5.17
order_003864,2,prod_00445,seller_0030,2017-11-23 07:02:12,33.95,3.0
order_003865,1,prod_00066,seller_0150,2018-08-13 11:03:58,17.94,3.0
order_003866,1,prod_00049,seller_0115,2017-12-17 05:35:22,41.92,5.11
order_003866,2,prod_00329,seller_0115,2017-03-02 17:58:43,29.25,3.0
order_003867,1,prod_00083,seller_0045,2018-08-03 01:16:27,53.61,3.0
order_003868,1,prod_00496,seller_0027,2017-11-01 17:16:08,27.6,3.77
order_003868,2,prod_00337,seller_0077,2017-11-19 12:22:10,24.42,3.79
order_003869,1,prod_00166,seller_0062,2017-01-14 07:54:50,23.25,3.13
order_003870,1,prod_00190,seller_0154,2018-04-22 19:09:43,18.64,3.0
order_003871,1,prod_00348,seller_0177,2017-06-13 20:29:45,23.58,3.0
order_003872,1,prod_00418,seller_0113,2017-06-13 21:07:50,43.85,8.07
order_003873,1,prod_00559,seller_0143,2018-04-18 21:13:48,20.34,3.8
order_003873,2,prod_00400,seller_0169,2017-08-10 08:20:58,15.42,3.0
order_003874,1,prod_00384,seller_0132,2017-03-08 22:46:54,55.32,3.0
order_003875,1,prod_00424,seller_0063,2017-08-10 18:33:24,30.27,4.27
order_003876,1,prod_00417,seller_0041,2018-07-07 11:08:31,54.55,3.25
order_003877,1,prod_00244,seller_0050,2018-09-04 23:08:05,28.7,4.77
order_003878,1,prod_00154,seller_0056,2018-08-12 13:00:23,22.84,3.0
order_003878,2,prod_00368,seller_0038,2018-08-03 18:00:39,10.66,3.0
order_003879,1,prod_00087,seller_0121,2017-05-16 19:28:24,15.89,3.0
order_003879,2,prod_00169,seller_0175,2017-04-06 21:18:41,18.78,3.0
order_003880,1,prod_00104,seller_0046,2018-05-11 10:13:38,39.75,3.0
order_003881,1,prod_00343,seller_0077,2017-12-29 11:27:01,30.85,5.24
order_003882,1,prod_00680,seller_0169,2017-08-25 08:35:40,17.0,3.0
order_003882,2,prod_00612,seller_0165,2017-04-26 14:10:50,8.0,3.0
order_003883,1,prod_00060,seller_0004,2018-05-11 15:14:03,44.73,4.35
order_003884,1,prod_00574,seller_0062,2017-01-08 08:50:57,58.57,3.18
order_003885,1,prod_00106,seller_0062,2018-05-21 23:56:46,61.99,3.0
order_003885,2,prod_00637,seller_0051,2017-04-09 00:00:04,17.69,3.0
order_003886,1,prod_00143,seller_0169,2017-03-18 09:11:29,64.55,6.63
order_003886,2,prod_00088,seller_0138,2017-07-12 20:17:32,47.84,9.22
order_003887,1,prod_00551,seller_0011,2017-08-02 07:27:25,47.69,7.31
order_003888,1,prod_00583,seller_0111,2017-12-14 04:37:29,22.28,3.38
order_003889,1,prod_00278,seller_0103,2017-09-04 18:19:30,30.38,4.37
order_003890,1,prod_00382,seller_0094,2018-01-23 02:46:02,108.91,17.51
order_003890,2,prod_00553,seller_0129,2017-02-06 16:18:50,98.52,11.82
order_003891,1,prod_00597,seller_0079,2017-06-21 11:50:36,32.09,6.34
order_003892,1,prod_00293,seller_0128,2018-03-16 08:10:28,37.51,5.0
order_003893,1,prod_00549,seller_0083,2017-07-27 19:37:08,8.0,3.0
order_003894,1,prod_00556,seller_0170,2018-02-02 11:06:13,72.43,3.0
order_003895,1,prod_00555,seller_0150,2017-12-17 08:26:06,53.77,8.51
order_003896,1,prod_00626,seller_0009,2018-01-27 18:45:52,41.44,3.75
order_003896,2,prod_00585,seller_0027,2017-07-20 12:53:27,22.39,3.62
order_003896,3,prod_00313,seller_0071,2017-01-15 05:48:53,34.58,6.02
order_003897,1,prod_00220,seller_0009,2017-12-18 06:15:19,85.86,3.0
order_003898,1,prod_00690,seller_0012,2017-03-06 16:33:58,41.9,4.0
order_003899,1,prod_00312,seller_0001,2017-02-07 09:08:08,183.2,33.68
order_003900,1,prod_00653,seller_0161,2017-08-07 21:28:34,56.12,3.0
order_003901,1,prod_00698,seller_0089,2017-10-02 20:20:41,18.23,3.0
order_003902,1,prod_00010,seller_0140,2018-02-18 09:26:21,25.36,3.0
order_003903,1,prod_00098,seller_0147,2017-11-15 22:45:29,20.88,3.0
order_003904,1,prod_00394,seller_0029,2017-11-15 21:12:08,57.83,10.62
order_003905,1,prod_00061,seller_0120,2018-03-18 01:07:50,70.09,9.64
order_003906,1,prod_00459,seller_0111,2017-10-18 06:18:14,101.05,10.48
order_003907,1,prod_00007,seller_0178,2018-04-28 19:47:57,26.68,3.96
order_003907,2,prod_00590,seller_0157,2018-01-29 18:34:00,44.89,3.05
order_003907,3,prod_00299,seller_0109,2017-03-25 23:46:28,76.12,3.0
order_003908,1,prod_00471,seller_0121,2017-04-16 16:31:27,90.68,12.26
order_003908,2,prod_00325,seller_0091,2017-09-05 18:21:57,14.88,3.0
order_003908,3,prod_00481,seller_0105,2017-05-29 02:41:48,49.55,7.38
order_003909,1,prod_00476,seller_0104,2018-07-14 06:52:07,15.25,3.0
order_003910,1,prod_00202,seller_0159,2017-11-25 21:56:19,22.4,3.0
order_003911,1,prod_00560,seller_0158,2017-10-28 16:28:37,14.16,3.0
order_003911,2,prod_00574,seller_0039,2017-04-20 22:59:42,22.12,3.0
order_003912,1,prod_00224,seller_0002,2017-02-25 09:14:49,12.91,3.0
order_003913,1,prod_00044,seller_0046,2018-02-23 10:22:28,15.36,3.0
order_003913,2,prod_00313,seller_0083,2017-06-15 02:48:09,18.39,3.07
order_003914,1,prod_00460,seller_0039,2017-06-22 17:00:09,40.33,3.0
order_003915,1,prod_00544,seller_0074,2017-05-19 21:25:45,33.85,3.73
order_003916,1,prod_00141,seller_0078,2017-05-21 13:08:48,11.37,3.0
order_003917,1,prod_00336,seller_0171,2017-04-03 18:18:20,196.74,37.77
order_003917,2,prod_00535,seller_0079,2017-10-25 04:51:48,24.11,3.0
order_003918,1,prod_00367,seller_0033,2017-06-25 02:19:45,13.96,3.0
order_003919,1,prod_00553,seller_0073,2017-02-06 01:26:44,48.36,3.0
order_003919,2,prod_00471,seller_0004,2018-05-10 01:48:17,33.02,3.0
order_003920,1,prod_00122,seller_0005,2017-10-14 07:58:11,19.53,3.0
order_003920,2,prod_00147,seller_0113,2017-01-26 22:12:06,42.69,8.51
order_003921,1,prod_00555,seller_0045,2018-08-26 12:00:43,21.39,4.03
order_003922,1,prod_00492,seller_0112,2018-02-10 09:46:04,27.32,3.48
order_003923,1,prod_00586,seller_0006,2018-08-16 10:32:32,85.85,14.7
order_003924,1,prod_00205,seller_0057,2018-01-01 22:13:21,35.88,3.52
order_003925,1,prod_00037,seller_0103,2017-07-07 09:40:06,49.36,8.96
order_003926,1,prod_00166,seller_0097,2018-06-11 12:50:12,23.59,3.0
order_003927,1,prod_00301,seller_0106,2017-03-16 02:27:43,36.58,3.6
order_003927,2,prod_00085,seller_0107,2018-02-23 14:56:29,20.06,3.0
order_003928,1,prod_00134,seller_0057,2017-11-22 12:04:28,19.5,3.69
order_003928,2,prod_00101,seller_0063,2018-04-26 09:24:42,25.33,3.0
order_003929,1,prod_00088,seller_0073,2018-07-27 20:40:54,21.09,3.0
order_003930,1,prod_00267,seller_0075,2018-08-12 15:14:12,65.02,4.4
order_003930,2,prod_00562,seller_0141,2018-05-08 01:48:17,48.25,5.34
order_003931,1,prod_00265,seller_0025,2017-10-19 18:07:38,8.0,3.0
order_003931,2,prod_00205,seller_0101,2017-07-07 21:10:34,101.57,14.66
order_003932,1,prod_00383,seller_0138,2017-01-08 23:01:45,50.24,8.42
order_003932,2,prod_00450,seller_0061,2018-07-08 19:18:10,69.69,10.42
order_003933,1,prod_00244,seller_0070,2017-09-06 05:36:24,29.63,3.37
order_003934,1,prod_00002,seller_0121,2018-08-30 17:14:37,12.54,3.0
order_003935,1,prod_00208,seller_0116,2017-10-18 01:28:10,14.0,3.0
order_003936,1,prod_00055,seller_0099,2017-10-01 12:42:51,100.46,10.65
order_003937,1,prod_00101,seller_0076,2017-09-22 07:11:52,11.5,3.0
order_003938,1,prod_00427,seller_0008,2017-08-26 00:29:22,12.94,3.0
order_003939,1,prod_00125,seller_0029,2018-09-04 22:41:47,24.99,3.61
order_003939,2,prod_00259,seller_0087,2018-08-11 11:03:08,13.46,3.0
order_003940,1,prod_00274,seller_0126,2017-11-02 13:55:17,46.83,4.21
order_003940,2,prod_00615,seller_0036,2017-10-31 06:46:32,49.26,5.75
order_003940,3,prod_00107,seller_0075,2018-02-03 05:54:40,43.33,5.9
order_003941,1,prod_00057,seller_0044,2017-10-19 16:54:32,22.22,3.34
order_003942,1,prod_00374,seller_0033,2018-04-01 14:55:06,39.95,3.0
order_003943,1,prod_00436,seller_0161,2017-07-28 00:04:25,105.56,19.32
order_003944,1,prod_00351,seller_0168,2018-01-21 17:06:33,13.04,3.0
order_003944,2,prod_00492,seller_0177,2017-12-06 01:38:30,68.43,4.67
order_003945,1,prod_00604,seller_0160,2017-08-19 08:18:37,55.99,8.29
order_003946,1,prod_00427,seller_0072,2017-10-10 21:46:28,30.93,3.0
order_003946,2,prod_00376,seller_0130,2018-01-09 08:20:50,36.9,3.0
order_003947,1,prod_00476,seller_0051,2018-04-22 12:24:10,41.76,7.99
order_003947,2,prod_00149,seller_0103,2018-07-30 16:00:49,17.55,3.0
order_003948,1,prod_00174,seller_0045,2018-06-03 00:28:38,11.46,3.0
order_003949,1,prod_00259,seller_0112,2017-08-12 09:26:13,59.69,3.0
order_003949,2,prod_00537,seller_0075,2017-10-31 07:36:07,14.74,3.0
order_003950,1,prod_00596,seller_0064,2017-01-17 03:29:19,16.27,3.0
order_003951,1,prod_00388,seller_0015,2018-01-17 15:42:57,23.69,3.0
order_003952,1,prod_00433,seller_0047,2017-10-31 13:56:36,39.84,4.17
order_003952,2,prod_00551,seller_0079,2017-11-06 10:42:59,23.94,4.63
order_003953,1,prod_00169,seller_0106,2017-06-18 07:13:34,20.69,3.0
order_003954,1,prod_00085,seller_0150,2017-04-06 13:22:22,61.52,9.5
order_003955,1,prod_00522,seller_0133,2017-09-19 20:56:58,26.67,3.73
order_003956,1,prod_00088,seller_0098,2018-04-06 06:13:57,19.71,3.0
order_003957,1,prod_00110,seller_0089,2017-01-19 06:35:16,42.8,3.0
order_003958,1,prod_00276,seller_0084,2017-03-09 19:48:43,34.4,4.72
order_003959,1,prod_00549,seller_0161,2018-01-14 15:53:01,33.74,3.0
order_003960,1,prod_00272,seller_0150,2018-08-24 08:10:29,44.18,4.76
order_003961,1,prod_00083,seller_0069,2018-02-08 04:48:31,30.29,4.4
order_003962,1,prod_00089,seller_0101,2017-05-29 05:42:14,57.34,5.03
order_003963,1,prod_00177,seller_0067,2017-04-14 04:55:57,13.09,3.0
order_003964,1,prod_00056,seller_0101,2018-04-24 01:55:07,74.21,11.35
order_003964,2,prod_00229,seller_0076,2017-05-28 09:05:55,18.29,3.0
order_003965,1,prod_00056,seller_0153,2017-06-27 19:56:44,11.43,3.0
order_003966,1,prod_00591,seller_0126,2017-03-27 06:10:57,19.84,3.0
order_003967,1,prod_00036,seller_0031,2018-05-07 11:11:47,26.39,4.33
order_003967,2,prod_00138,seller_0004,2017-03-10 23:04:10,20.54,3.0
order_003968,1,prod_00023,seller_0172,2017-09-13 09:27:31,17.68,3.45
order_003969,1,prod_00204,seller_0063,2017-02-09 12:00:00,63.87,10.12
order_003970,1,prod_00565,seller_0027,2017-04-28 12:17:44,18.8,3.0
order_003971,1,prod_00403,seller_0133,2017-08-04 02:57:54,8.0,3.0
order_003972,1,prod_00654,seller_0085,2017-04-08 06:33:01,26.37,3.0
order_003973,1,prod_00431,seller_0099,2018-04-27 07:55:32,125.15,13.23
order_003973,2,prod_00297,seller_0114,2018-08-12 23:37:54,16.58,3.0
order_003974,1,prod_00670,seller_0055,2018-04-29 10:54:21,18.45,3.0
order_003975,1,prod_00130,seller_0102,2017-11-11 16:19:01,25.47,4.9
order_003975,2,prod_00078,seller_0118,2017-10-27 02:09:24,90.35,11.21
order_003976,1,prod_00229,seller_0110,2018-06-08 02:26:49,26.21,3.0
order_003976,2,prod_00650,seller_0162,2017-04-04 17:23:21,17.03,3.0
order_003977,1,prod_00572,seller_0070,2018-01-16 12:07:27,41.93,3.0
order_003978,1,prod_00375,seller_0090,2017-07-15 08:10:42,39.95,7.33
order_003978,2,prod_00650,seller_0135,2017-11-18 18:09:14,45.44,3.8
order_003979,1,prod_00452,seller_0133,2018-07-14 20:05:24,16.6,3.0
order_003980,1,prod_00167,seller_0179,2018-07-31 15:14:47,22.94,3.0
order_003980,2,prod_00003,seller_0035,2017-05-23 12:24:09,68.83,12.84
order_003980,3,prod_00021,seller_0165,2018-08-24 14:08:06,43.2,4.84
order_003981,1,prod_00594,seller_0085,2018-01-23 22:25:03,56.02,9.87
order_003981,2,prod_00216,seller_0038,2017-03-02 10:34:54,31.97,4.61
order_003982,1,prod_00295,seller_0052,2017-01-30 03:56:03,65.8,4.95
order_003983,1,prod_00269,seller_0063,2018-09-03 23:08:05,40.07,5.13
order_003984,1,prod_00061,seller_0178,2018-01-31 16:10:25,23.56,3.0
order_003985,1,prod_00002,seller_0019,2017-07-24 15:43:59,53.76,3.44
order_003985,2,prod_00508,seller_0039,2018-02-21 12:21:00,18.75,3.0
order_003986,1,prod_00476,seller_0128,2017-08-11 18:05:20,90.32,7.27
order_003987,1,prod_00157,seller_0170,2017-03-08 19:08:39,63.77,7.3
order_003987,2,prod_00087,seller_0014,2017-02-25 22:19:36,27.38,3.79
order_003988,1,prod_00361,seller_0073,2017-10-28 06:30:31,29.36,5.71
order_003989,1,prod_00057,seller_0073,2018-06-25 05:55:18,36.09,3.96
order_003989,2,prod_00203,seller_0089,2018-02-23 22:04:17,29.6,4.72
order_003989,3,prod_00503,seller_0137,2018-04-22 23:13:29,78.05,8.86
order_003990,1,prod_00121,seller_0094,2017-06-14 02:48:09,23.33,3.0
order_003991,1,prod_00539,seller_0024,2017-10-08 18:19:27,12.47,3.0
order_003992,1,prod_00618,seller_0043,2018-07-30 11:55:54,27.99,5.01
order_003993,1,prod_00128,seller_0132,2017-11-08 20:51:07,54.01,3.0
order_003993,2,prod_00465,seller_0043,2018-05-18 19:19:38,64.04,5.08
order_003994,1,prod_00537,seller_0089,2017-07-10 09:00:09,35.66,5.44
order_003994,2,prod_00363,seller_0067,2018-05-26 00:52:00,21.93,3.0
order_003995,1,prod_00208,seller_0079,2017-03-05 06:51:38,32.18,3.0
order_003996,1,prod_00688,seller_0134,2017-06-14 17:34:00,21.63,3.0
order_003996,2,prod_00215,seller_0043,2018-03-09 09:09:16,8.0,3.0
order_003997,1,prod_00173,seller_0126,2017-12-20 04:27:22,19.03,3.0
order_003998,1,prod_00085,seller_0137,2017-12-03 21:57:52,46.14,3.95
order_003999,1,prod_00634,seller_0179,2018-01-18 07:45:26,27.77,5.33
order_004000,1,prod_00158,seller_0081,2017-04-03 13:53:39,27.1,4.54
order_004001,1,prod_00093,seller_0015,2017-05-24 17:39:54,68.0,3.45
order_004002,1,prod_00027,seller_0120,2018-01-03 17:02:24,17.7,3.0
order_004003,1,prod_00203,seller_0136,2017-11-27 01:05:27,18.86,3.76
order_004004,1,prod_00470,seller_0005,2017-04-12 15:07:44,41.06,5.92
order_004005,1,prod_00478,seller_0035,2018-04-26 20:20:43,20.85,3.0
order_004006,1,prod_00595,seller_0061,2018-02-13 01:09:41,20.78,3.0
order_004007,1,prod_00467,seller_0091,2018-02-27 07:39:25,90.65,5.03
order_004008,1,prod_00033,seller_0092,2017-02-05 06:41:33,16.5,3.0
order_004009,1,prod_00589,seller_0035,2018-08-31 07:21:40,20.57,3.0
order_004010,1,prod_00178,seller_0035,2017-05-15 09:12:17,44.05,4.66
order_004011,1,prod_00669,seller_0168,2017-06-18 14:54:50,32.08,6.26
order_004011,2,prod_00242,seller_0129,2018-04-24 20:05:38,13.56,3.0
order_004012,1,prod_00011,seller_0091,2017-02-10 07:07:38,105.6,3.43
order_004013,1,prod_00274,seller_0059,2017-04-27 12:07:42,19.76,3.67
order_004014,1,prod_00315,seller_0084,2017-04-14 04:59:39,28.23,5.06
order_004014,2,prod_00576,seller_0173,2018-01-01 03:53:00,43.99,3.49
order_004014,3,prod_00386,seller_0055,2018-08-16 22:15:28,135.04,11.43
order_004015,1,prod_00030,seller_0059,2018-07-08 02:26:17,25.37,3.31
order_004015,2,prod_00033,seller_0080,2018-03-27 20:51:18,18.22,3.0
order_004016,1,prod_00429,seller_0033,2017-05-25 21:12:08,45.76,8.18
order_004017,1,prod_00058,seller_0019,2017-12-27 18:54:28,128.68,9.76
order_004017,2,prod_00372,seller_0160,2017-09-07 02:25:21,36.18,3.0
order_004018,1,prod_00627,seller_0123,2017-01-14 23:07:48,27.51,3.32
order_004019,1,prod_00586,seller_0060,2017-08-16 08:30:01,42.71,6.61
order_004020,1,prod_00442,seller_0102,2017-11-07 05:06:01,8.59,3.0
order_004020,2,prod_00214,seller_0089,2017-09-28 11:05:06,22.2,3.02
order_004021,1,prod_00360,seller_0017,2017-10-12 21:46:28,10.11,3.0
order_004022,1,prod_00071,seller_0135,2017-01-07 21:49:17,26.21,3.74
order_004022,2,prod_00517,seller_0018,2017-07-14 05:09:31,23.73,3.0
order_004023,1,prod_00091,seller_0102,2018-05-02 15:20:54,8.0,3.0
order_004024,1,prod_00036,seller_0052,2017-01-13 15:25:34,37.21,3.0
order_004025,1,prod_00441,seller_0078,2017-03-14 23:57:23,49.49,3.0
order_004026,1,prod_00400,seller_0085,2018-08-11 11:16:14,29.2,3.0
order_004026,2,prod_00382,seller_0078,2018-07-29 20:43:59,12.26,3.0
order_004027,1,prod_00332,seller_0040,2018-03-13 11:38:42,75.37,3.0
order_004028,1,prod_00414,seller_0014,2018-04-27 07:40:52,113.65,12.99
order_004029,1,prod_00308,seller_0023,2017-03-12 22:09:11,42.95,3.0
order_004029,2,prod_00095,seller_0130,2018-02-07 13:00:33,26.31,3.32
order_004030,1,prod_00398,seller_0017,2017-10-17 11:27:55,26.53,3.02
order_004031,1,prod_00029,seller_0091,2017-08-22 14:00:07,43.89,3.0
order_004032,1,prod_00044,seller_0054,2018-03-17 04:15:37,35.11,6.14
order_004033,1,prod_00396,seller_0125,2018-02-23 03:46:26,43.95,5.06
order_004034,1,prod_00492,seller_0113,2018-04-14 21:41:57,44.37,8.77
order_004035,1,prod_00056,seller_0033,2018-07-24 22:49:35,20.5,4.05
order_004036,1,prod_00263,seller_0122,2018-06-16 22:42:30,19.4,3.0
order_004037,1,prod_00650,seller_0118,2018-01-26 20:18:34,27.6,4.97
order_004038,1,prod_00546,seller_0050,2017-11-25 08:22:58,44.88,6.84
order_004038,2,prod_00562,seller_0151,2018-07-04 12:45:23,12.02,3.0
order_004039,1,prod_00459,seller_0079,2018-07-05 01:04:49,28.54,4.81
order_004040,1,prod_00125,seller_0006,2017-03-20 13:54:28,32.35,3.28
order_004041,1,prod_00271,seller_0113,2017-06-14 03:57:22,24.13,3.0
order_004042,1,prod_00418,seller_0081,2018-07-13 14:57:10,82.41,7.68
order_004042,2,prod_00466,seller_0064,2017-12-18 11:44:33,73.76,12.79
order_004042,3,prod_00092,seller_0081,2018-06-04 05:44:24,43.38,7.99
order_004043,1,prod_00679,seller_0176,2018-08-01 11:44:17,104.66,5.83
order_004043,2,prod_00655,seller_0069,2018-05-08 23:08:41,58.61,7.64
order_004044,1,prod_00025,seller_0124,2017-02-04 18:52:17,36.13,3.0
order_004045,1,prod_00412,seller_0153,2017-11-25 12:12:24,24.29,4.38
order_004045,2,prod_00100,seller_0104,2018-02-03 12:42:52,25.61,3.0
order_004046,1,prod_00222,seller_0160,2017-02-13 01:28:59,42.41,3.0
order_004047,1,prod_00620,seller_0089,2018-08-08 22:03:36,26.01,4.08
order_004048,1,prod_00476,seller_0040,2017-12-14 21:19:01,12.35,3.0
order_004049,1,prod_00246,seller_0088,2018-05-09 08:04:24,25.86,3.0
order_004050,1,prod_00001,seller_0022,2017-03-02 17:58:13,64.58,8.73
order_004051,1,prod_00585,seller_0052,2018-03-13 05:32:22,8.0,3.0
order_004052,1,prod_00201,seller_0036,2017-09-04 06:01:23,82.43,4.86
order_004052,2,prod_00423,seller_0013,2018-04-20 10:48:50,48.09,3.93
order_004053,1,prod_00163,seller_0027,2018-03-11 04:36:35,28.44,3.2
order_004053,2,prod_00552,seller_0150,2017-02-16 03:45:48,39.92,5.49
order_004054,1,prod_00242,seller_0154,2018-06-11 09:45:54,61.85,8.31
order_004054,2,prod_00517,seller_0162,2017-07-02 16:26:19,33.84,3.86
order_004055,1,prod_00059,seller_0004,2017-07-30 04:59:02,61.35,8.74
order_004056,1,prod_00430,seller_0175,2017-06-08 05:34:21,57.57,3.0
order_004057,1,prod_00677,seller_0061,2017-12-30 14:13:00,37.11,3.15
order_004058,1,prod_00331,seller_0072,2017-02-11 20:47:21,16.09,3.0
order_004059,1,prod_00327,seller_0032,2017-10-05 17:51:52,31.08,3.0
order_004059,2,prod_00480,seller_0170,2017-12-18 21:51:22,8.79,3.0
order_004060,1,prod_00599,seller_0179,2017-04-02 22:13:23,44.24,8.57
order_004061,1,prod_00567,seller_0126,2017-04-07 13:22:22,25.21,3.0
order_004061,2,prod_00041,seller_0013,2018-01-31 14:53:25,22.2,3.0
order_004062,1,prod_00207,seller_0075,2018-01-17 21:42:01,50.71,3.45
order_004063,1,prod_00591,seller_0050,2017-10-18 16:54:32,14.5,3.0
order_004064,1,prod_00682,seller_0165,2018-05-29 07:32:30,35.62,6.87
order_004065,1,prod_00457,seller_0117,2017-03-21 21:25:27,26.55,3.0
order_004065,2,prod_00003,seller_0174,2018-05-28 15:22:01,29.45,3.0
order_004066,1,prod_00475,seller_0150,2018-04-08 13:22:22,39.84,4.98
order_004067,1,prod_00662,seller_0096,2018-04-06 12:59:55,108.34,13.75
order_004068,1,prod_00564,seller_0050,2017-06-30 12:11:14,42.91,6.12
order_004069,1,prod_00506,seller_0140,2017-11-22 12:58:35,80.07,12.31
order_004070,1,prod_00368,seller_0125,2018-05-16 18:47:43,82.03,13.5
order_004071,1,prod_00631,seller_0139,2017-02-19 03:25:19,54.61,6.2
order_004071,2,prod_00443,seller_0167,2017-09-19 04:24:30,9.99,3.0
order_004071,3,prod_00357,seller_0109,2017-06-06 11:34:52,28.34,4.11
order_004072,1,prod_00629,seller_0120,2017-07-14 16:38:37,16.3,3.0
order_004073,1,prod_00002,seller_0076,2018-01-25 10:13:09,213.02,14.14
order_004074,1,prod_00087,seller_0088,2017-08-29 23:05:05,17.25,3.02
order_004075,1,prod_00589,seller_0024,2017-09-28 05:23:08,12.51,3.0
order_004076,1,prod_00038,seller_0034,2017-11-02 15:20:48,8.0,3.0
order_004076,2,prod_00628,seller_0179,2017-11-30 08:15:27,16.89,3.29
order_004077,1,prod_00687,seller_0032,2018-02-09 15:57:15,35.87,5.2
order_004078,1,prod_00182,seller_0012,2018-06-23 04:51:41,67.14,12.63
order_004078,2,prod_00617,seller_0143,2017-05-18 04:03:35,16.52,3.0
order_004078,3,prod_00382,seller_0024,2018-05-26 23:15:16,70.91,10.69
order_004079,1,prod_00359,seller_0083,2018-05-04 07:06:09,31.77,3.0
order_004080,1,prod_00645,seller_0067,2017-05-25 06:44:41,24.15,3.0
order_004080,2,prod_00546,seller_0074,2017-07-12 08:09:04,37.05,5.12
order_004081,1,prod_00622,seller_0071,2017-09-01 08:16:11,83.21,14.21
order_004081,2,prod_00617,seller_0006,2017-05-20 03:58:02,34.23,6.33
order_004082,1,prod_00508,seller_0048,2018-04-16 08:48:36,16.11,3.0
order_004082,2,prod_00326,seller_0115,2017-12-21 00:57:34,43.63,6.61
order_004083,1,prod_00129,seller_0014,2017-06-07 20:31:02,43.18,3.25
order_004084,1,prod_00068,seller_0047,2018-07-05 11:49:29,29.26,4.41
order_004084,2,prod_00176,seller_0161,2017-02-21 23:32:33,64.33,5.4
order_004085,1,prod_00336,seller_0117,2018-05-05 23:01:06,8.0,3.0
order_004086,1,prod_00096,seller_0092,2018-05-08 13:37:52,41.77,4.99
order_004087,1,prod_00245,seller_0098,2017-04-27 05:59:50,55.14,9.83
order_004087,2,prod_00556,seller_0174,2018-05-17 05:52:51,12.91,3.0
order_004088,1,prod_00016,seller_0008,2017-01-30 04:22:02,12.63,3.0
order_004089,1,prod_00215,seller_0158,2017-04-06 08:12:00,63.36,8.68
order_004089,2,prod_00671,seller_0086,2018-06-17 19:50:35,71.05,9.87
order_004090,1,prod_00226,seller_0088,2017-11-25 12:58:31,80.15,7.37
order_004091,1,prod_00501,seller_0041,2017-02-06 23:11:51,21.11,3.0
order_004092,1,prod_00426,seller_0069,2018-03-25 04:23:22,37.74,6.97
order_004093,1,prod_00550,seller_0097,2017-11-19 14:05:40,41.13,3.0
order_004094,1,prod_00510,seller_0045,2017-03-21 02:26:31,10.92,3.0
order_004095,1,prod_00417,seller_0062,2018-05-14 08:21:08,36.68,4.77
order_004095,2,prod_00679,seller_0178,2017-12-03 19:35:51,36.24,3.0
order_004096,1,prod_00188,seller_0146,2018-07-24 03:11:27,53.76,6.22
order_004097,1,prod_00195,seller_0108,2017-07-23 13:54:02,22.84,3.0
order_004098,1,prod_00409,seller_0052,2017-07-17 21:47:35,74.65,6.91
order_004099,1,prod_00500,seller_0151,2018-06-25 03:05:20,34.89,3.47
order_004100,1,prod_00476,seller_0154,2018-07-20 22:39:50,100.62,12.63
order_004100,2,prod_00669,seller_0177,2017-08-08 03:36:45,53.8,3.0
order_004101,1,prod_00418,seller_0120,2018-08-08 22:18:38,39.67,4.1
order_004101,2,prod_00533,seller_0040,2017-09-26 21:13:06,15.36,3.0
order_004102,1,prod_00089,seller_0067,2017-11-10 05:27:32,14.04,3.0
order_004103,1,prod_00026,seller_0166,2018-01-24 22:51:35,93.74,7.13
order_004104,1,prod_00569,seller_0018,2018-07-22 00:18:32,58.59,7.17
order_004105,1,prod_00313,seller_0143,2017-08-11 11:25:02,27.51,3.0
order_004106,1,prod_00208,seller_0090,2018-01-23 15:11:32,25.26,3.0
order_004107,1,prod_00525,seller_0081,2018-02-16 13:53:44,38.25,3.96
order_004107,2,prod_00277,seller_0028,2017-09-13 09:27:31,13.81,3.0
order_004108,1,prod_00020,seller_0170,2017-11-30 06:31:26,24.43,4.66
order_004109,1,prod_00385,seller_0037,2018-06-20 13:16:47,49.31,3.0
order_004109,2,prod_00087,seller_0106,2018-02-21 02:50:41,53.79,5.52
order_004110,1,prod_00684,seller_0099,2018-08-10 11:03:08,26.07,4.95
order_004111,1,prod_00229,seller_0070,2017-05-25 15:46:31,93.71,10.29
order_004111,2,prod_00218,seller_0026,2017-12-17 11:44:33,65.32,11.88
order_004112,1,prod_00590,seller_0028,2018-04-20 13:15:42,20.09,3.0
order_004112,2,prod_00029,seller_0114,2018-04-15 14:22:01,14.45,3.0
order_004113,1,prod_00474,seller_0131,2017-06-13 03:34:54,48.74,7.75
order_004113,2,prod_00680,seller_0043,2018-08-05 22:59:35,24.72,3.0
order_004114,1,prod_00020,seller_0139,2018-03-11 00:03:22,21.85,3.49
order_004115,1,prod_00670,seller_0123,2017-09-08 07:33:34,38.28,3.0
order_004116,1,prod_00431,seller_0037,2017-09-10 01:46:43,52.86,8.31
order_004117,1,prod_00138,seller_0069,2017-04-13 23:08:00,55.41,5.61
order_004118,1,prod_00597,seller_0066,2017-04-28 01:16:51,34.32,5.02
order_004119,1,prod_00580,seller_0099,2017-06-13 03:34:54,8.0,3.0
order_004119,2,prod_00687,seller_0009,2017-11-10 14:08:49,61.58,3.04
order_004119,3,prod_00643,seller_0171,2018-03-27 14:54:38,19.61,3.0
order_004120,1,prod_00427,seller_0100,2017-07-15 03:17:24,40.47,3.8
order_004121,1,prod_00009,seller_0123,2018-02-27 17:29:01,30.59,3.0
order_004122,1,prod_00523,seller_0108,2017-06-11 23:06:55,142.4,4.46
order_004123,1,prod_00528,seller_0071,2017-05-29 17:49:13,126.17,22.64
order_004124,1,prod_00541,seller_0152,2018-01-25 14:59:32,24.57,3.88
order_004125,1,prod_00125,seller_0058,2017-04-13 17:07:34,13.82,3.0
order_004126,1,prod_00513,seller_0004,2017-01-08 13:11:55,14.54,3.0
order_004127,1,prod_00579,seller_0100,2018-03-19 05:46:17,39.51,3.22
order_004127,2,prod_00052,seller_0021,2018-04-26 18:38:42,23.32,3.5
order_004128,1,prod_00014,seller_0147,2017-07-20 08:24:35,16.08,3.0
order_004129,1,prod_00058,seller_0005,2017-06-18 09:20:53,23.56,3.0
order_004129,2,prod_00483,seller_0037,2017-12-09 18:25:44,44.4,6.35
order_004129,3,prod_00210,seller_0170,2018-02-28 07:02:43,31.47,6.26
order_004130,1,prod_00571,seller_0047,2017-04-19 03:57:48,24.2,3.0
order_004131,1,prod_00670,seller_0092,2018-04-07 14:55:04,26.26,3.0
order_004131,2,prod_00024,seller_0157,2018-04-01 23:04:49,29.81,4.7
order_004132,1,prod_00516,seller_0044,2017-06-22 13:55:49,38.27,3.0
order_004132,2,prod_00529,seller_0054,2017-11-05 13:58:02,39.76,3.93
order_004133,1,prod_00052,seller_0003,2018-01-16 11:33:51,11.34,3.0
order_004133,2,prod_00083,seller_0144,2018-05-22 11:59:31,36.91,3.0
order_004134,1,prod_00563,seller_0017,2017-10-30 22:07:14,26.17,3.94
order_004135,1,prod_00055,seller_0176,2018-02-11 09:46:04,17.13,3.32
order_004136,1,prod_00139,seller_0129,2018-08-11 05:28:59,25.99,3.39
order_004137,1,prod_00644,seller_0056,2018-06-07 14:28:44,70.21,12.16
order_004138,1,prod_00509,seller_0086,2017-12-13 08:07:33,56.01,3.64
order_004139,1,prod_00646,seller_0093,2017-05-07 05:58:59,35.28,3.0
order_004140,1,prod_00191,seller_0132,2018-07-23 12:00:55,18.48,3.0
order_004141,1,prod_00518,seller_0066,2018-03-24 23:30:35,13.68,3.0
order_004141,2,prod_00426,seller_0047,2017-07-14 01:02:35,17.95,3.0
order_004141,3,prod_00623,seller_0023,2018-07-15 16:45:35,33.38,6.43
order_004142,1,prod_00158,seller_0079,2018-06-12 01:37:03,33.84,3.0
order_004142,2,prod_00011,seller_0086,2017-11-08 07:09:45,21.68,3.97
order_004143,1,prod_00279,seller_0112,2017-01-08 13:11:55,58.59,7.11
order_004143,2,prod_00358,seller_0150,2017-12-03 12:14:31,42.52,3.0
order_004144,1,prod_00401,seller_0038,2018-01-30 22:16:33,8.0,3.0
order_004144,2,prod_00610,seller_0040,2018-03-11 19:32:20,35.55,3.89
order_004145,1,prod_00480,seller_0051,2017-11-27 06:31:00,54.11,8.51
order_004146,1,prod_00624,seller_0029,2018-03-20 05:43:04,37.77,5.94
order_004147,1,prod_00510,seller_0025,2017-09-19 16:38:30,48.33,6.72
order_004148,1,prod_00256,seller_0143,2017-11-06 03:54:19,27.9,4.0
order_004148,2,prod_00571,seller_0128,2017-11-06 14:25:10,31.74,4.23
order_004149,1,prod_00227,seller_0149,2017-07-29 05:09:52,32.17,3.0
order_004150,1,prod_00568,seller_0104,2017-12-07 05:53:52,37.32,6.99
order_004151,1,prod_00489,seller_0147,2017-02-02 10:10:21,22.73,3.0
order_004151,2,prod_00154,seller_0080,2018-03-12 19:32:20,67.36,8.84
order_004152,1,prod_00042,seller_0158,2017-11-23 00:50:16,83.5,13.49
order_004153,1,prod_00620,seller_0102,2018-01-13 18:55:54,23.45,3.0
order_004153,2,prod_00546,seller_0006,2018-04-17 01:40:45,15.49,3.0
order_004154,1,prod_00035,seller_0030,2017-01-18 17:53:27,13.81,3.0
order_004154,2,prod_00174,seller_0092,2018-06-22 18:33:48,43.09,3.0
order_004154,3,prod_00337,seller_0146,2018-07-11 10:20:00,48.53,6.7
order_004155,1,prod_00365,seller_0026,2018-01-27 05:09:50,43.21,8.01
order_004156,1,prod_00264,seller_0135,2017-05-19 06:41:57,45.69,3.73
order_004157,1,prod_00134,seller_0160,2018-02-06 22:46:34,22.89,3.94
order_004158,1,prod_00467,seller_0032,2018-08-20 19:26:36,9.08,3.0
order_004159,1,prod_00514,seller_0099,2017-07-06 21:10:34,23.97,3.82
order_004159,2,prod_00448,seller_0159,2017-05-05 05:03:40,97.03,16.27
order_004160,1,prod_00669,seller_0055,2017-02-17 03:25:19,39.34,5.43
order_004161,1,prod_00275,seller_0070,2017-01-18 21:07:04,43.64,4.45
order_004161,2,prod_00378,seller_0080,2018-02-10 02:23:55,59.63,7.71
order_004161,3,prod_00222,seller_0083,2018-03-17 21:38:03,19.18,3.0
order_004162,1,prod_00665,seller_0059,2018-01-17 23:10:41,38.29,6.75
order_004162,2,prod_00293,seller_0095,2018-05-10 22:07:22,46.2,5.69
order_004162,3,prod_00281,seller_0048,2018-04-14 02:33:58,18.06,3.22
order_004163,1,prod_00520,seller_0142,2018-06-04 18:08:29,41.95,4.03
order_004164,1,prod_00200,seller_0122,2017-03-01 15:41:35,76.86,12.23
order_004165,1,prod_00254,seller_0029,2018-08-26 07:30:49,25.52,3.41
order_004166,1,prod_00587,seller_0153,2017-03-26 23:46:34,10.81,3.0
order_004167,1,prod_00015,seller_0047,2017-12-31 01:46:16,37.05,4.27
order_004168,1,prod_00026,seller_0095,2018-03-11 19:32:20,21.61,3.45
order_004169,1,prod_00606,seller_0168,2017-03-31 22:39:02,37.25,5.37
order_004170,1,prod_00196,seller_0122,2017-07-16 02:36:41,19.16,3.0
order_004171,1,prod_00546,seller_0168,2018-03-06 05:56:24,34.45,5.68
order_004172,1,prod_00483,seller_0108,2017-12-13 01:25:03,73.53,13.5
order_004173,1,prod_00139,seller_0145,2017-10-22 14:35:55,32.52,3.0
order_004174,1,prod_00132,seller_0083,2018-01-17 11:55:06,11.34,3.0
order_004175,1,prod_00688,seller_0030,2017-05-27 19:04:48,42.28,8.38
order_004176,1,prod_00623,seller_0031,2017-06-28 18:46:48,33.55,3.0
order_004177,1,prod_00180,seller_0107,2018-05-31 20:25:49,38.04,6.49
order_004178,1,prod_00337,seller_0025,2017-10-20 17:59:41,62.34,7.51
order_004179,1,prod_00603,seller_0080,2017-07-10 04:55:11,23.54,3.0
order_004180,1,prod_00172,seller_0083,2018-03-20 15:58:03,27.46,4.22
order_004181,1,prod_00463,seller_0014,2018-04-27 21:52:42,16.96,3.0
order_004182,1,prod_00259,seller_0152,2018-02-14 10:24:37,37.55,3.0
order_004183,1,prod_00617,seller_0013,2018-08-22 15:40:28,36.92,3.0
order_004183,2,prod_00198,seller_0056,2017-09-13 05:52:46,27.97,4.54
order_004184,1,prod_00303,seller_0154,2018-04-24 05:52:44,53.82,7.92
order_004185,1,prod_00490,seller_0006,2017-04-18 22:04:07,16.88,3.0
order_004186,1,prod_00470,seller_0016,2018-07-18 22:13:09,35.96,3.0
order_004186,2,prod_00076,seller_0151,2018-06-22 10:28:35,48.95,6.97
order_004186,3,prod_00061,seller_0048,2017-06-02 08:53:14,23.28,3.08
order_004187,1,prod_00597,seller_0163,2018-01-05 21:25:56,13.56,3.0
order_004187,2,prod_00533,seller_0027,2018-04-09 14:55:04,11.0,3.0
order_004188,1,prod_00104,seller_0029,2018-02-02 00:09:11,36.63,5.23
order_004189,1,prod_00453,seller_0103,2017-07-24 13:31:46,99.6,13.75
order_004190,1,prod_00197,seller_0171,2018-05-28 18:41:56,22.28,3.0
order_004191,1,prod_00284,seller_0136,2018-08-29 04:50:16,44.41,5.61
order_004192,1,prod_00438,seller_0109,2017-08-03 15:37:46,8.0,3.0
order_004193,1,prod_00446,seller_0047,2017-06-01 06:08:03,42.21,3.0
order_004193,2,prod_00247,seller_0012,2017-05-06 05:58:59,16.32,3.0
order_004193,3,prod_00581,seller_0140,2017-03-28 14:39:37,25.64,3.0
order_004194,1,prod_00357,seller_0021,2017-04-17 00:45:08,34.86,5.34
order_004194,2,prod_00569,seller_0031,2017-08-19 03:09:05,11.25,3.0
order_004194,3,prod_00398,seller_0079,2017-06-26 12:59:15,255.87,19.22
order_004195,1,prod_00249,seller_0064,2018-07-18 22:29:18,22.34,3.55
order_004196,1,prod_00181,seller_0155,2017-11-25 21:56:19,49.13,6.85
order_004196,2,prod_00009,seller_0043,2017-01-31 19:50:08,87.38,16.68
order_004196,3,prod_00374,seller_0117,2017-12-22 06:57:09,40.07,6.76
order_004197,1,prod_00389,seller_0081,2017-06-12 18:40:38,14.91,3.0
order_004197,2,prod_00657,seller_0042,2017-08-16 05:02:43,35.4,3.0
order_004198,1,prod_00181,seller_0176,2018-05-08 01:48:17,10.03,3.0
order_004198,2,prod_00001,seller_0143,2017-01-06 19:29:31,26.71,4.42
order_004199,1,prod_00626,seller_0132,2018-01-31 18:45:19,98.49,17.06
order_004199,2,prod_00417,seller_0082,2017-02-28 16:54:52,13.23,3.0
order_004200,1,prod_00034,seller_0037,2017-12-27 21:42:56,19.38,3.4
order_004201,1,prod_00224,seller_0116,2017-06-19 04:33:11,110.48,14.75
order_004202,1,prod_00679,seller_0173,2017-05-15 16:49:23,29.57,3.0
order_004202,2,prod_00603,seller_0047,2017-03-03 03:23:16,18.52,3.0
order_004203,1,prod_00387,seller_0122,2017-04-19 14:07:10,42.65,3.08
order_004204,1,prod_00067,seller_0154,2018-05-09 21:26:31,24.42,3.0
order_004204,2,prod_00455,seller_0081,2018-02-13 20:11:43,8.0,3.0
order_004205,1,prod_00042,seller_0014,2017-06-12 00:01:36,13.68,3.0
order_004205,2,prod_00274,seller_0164,2017-11-14 07:36:42,126.1,20.67
order_004206,1,prod_00283,seller_0019,2017-03-17 09:11:29,40.99,7.29
order_004206,2,prod_00543,seller_0137,2017-02-24 11:05:21,85.75,15.31
order_004207,1,prod_00471,seller_0086,2017-10-02 22:39:07,16.96,3.0
order_004208,1,prod_00335,seller_0131,2018-08-01 11:06:28,31.95,5.05
order_004209,1,prod_00004,seller_0126,2017-11-19 09:31:11,29.67,5.58
order_004210,1,prod_00012,seller_0036,2018-08-28 21:36:34,23.2,3.75
order_004210,2,prod_00567,seller_0017,2018-08-06 14:42:47,37.96,3.0
order_004211,1,prod_00455,seller_0023,2017-11-16 17:29:40,16.05,3.09
order_004212,1,prod_00235,seller_0036,2017-05-28 00:33:59,72.69,8.39
order_004213,1,prod_00525,seller_0155,2017-10-23 13:37:42,44.87,5.73
order_004213,2,prod_00644,seller_0015,2017-10-25 18:24:48,29.57,3.0
order_004214,1,prod_00009,seller_0122,2017-04-15 12:40:06,36.11,6.28
order_004215,1,prod_00634,seller_0068,2018-05-06 05:47:23,27.21,4.87
order_004216,1,prod_00173,seller_0147,2017-10-05 09:19:24,10.8,3.0
order_004217,1,prod_00534,seller_0107,2017-12-09 22:02:18,17.39,3.0
order_004218,1,prod_00413,seller_0137,2017-06-29 13:24:16,29.46,3.0
order_004218,2,prod_00515,seller_0148,2018-02-21 02:07:38,26.33,5.16
order_004219,1,prod_00082,seller_0162,2017-03-14 17:34:15,50.45,9.0
order_004219,2,prod_00420,seller_0144,2018-07-22 05:45:29,47.67,8.37
order_004220,1,prod_00676,seller_0067,2017-07-21 12:53:27,23.01,3.74
order_004221,1,prod_00556,seller_0165,2017-05-22 08:41:32,17.78,3.0
order_004222,1,prod_00558,seller_0063,2018-07-27 18:17:23,54.09,6.36
order_004223,1,prod_00124,seller_0105,2017-04-26 19:54:03,37.45,3.0
order_004224,1,prod_00192,seller_0042,2017-06-19 14:40:56,22.11,3.0
order_004224,2,prod_00571,seller_0146,2018-08-28 05:46:11,15.76,3.0
order_004225,1,prod_00282,seller_0018,2017-09-29 09:50:49,21.34,3.0
order_004226,1,prod_00395,seller_0173,2018-02-26 10:24:55,42.72,6.16
order_004227,1,prod_00117,seller_0086,2017-10-05 04:48:13,99.13,17.15
order_004228,1,prod_00547,seller_0152,2018-01-09 09:05:54,28.85,3.0
order_004229,1,prod_00312,seller_0089,2017-02-12 01:28:59,19.27,3.5
order_004229,2,prod_00345,seller_0025,2017-03-06 05:36:25,134.58,8.38
order_004230,1,prod_00666,seller_0020,2018-04-22 03:58:40,26.0,4.95
order_004231,1,prod_00441,seller_0159,2018-01-10 03:02:34,19.76,3.0
order_004232,1,prod_00308,seller_0108,2018-05-17 17:39:29,25.41,3.0
order_004233,1,prod_00239,seller_0025,2017-04-16 20:48:02,24.6,4.05
order_004234,1,prod_00420,seller_0065,2017-08-12 04:58:48,75.63,3.0
order_004234,2,prod_00297,seller_0102,2017-12-03 13:28:35,11.16,3.0
order_004235,1,prod_00158,seller_0082,2018-08-12 11:16:14,48.74,8.07
order_004236,1,prod_00255,seller_0013,2017-10-22 13:03:35,32.88,3.57
order_004237,1,prod_00200,seller_0091,2017-04-30 20:31:55,23.06,3.36
order_004238,1,prod_00518,seller_0031,2017-11-13 11:01:55,26.62,3.39
order_004239,1,prod_00351,seller_0055,2017-05-15 21:11:38,28.14,3.0
order_004239,2,prod_00140,seller_0120,2017-11-25 03:08:14,35.07,5.19
order_004240,1,prod_00104,seller_0123,2017-08-18 21:19:50,24.7,4.74
order_004241,1,prod_00651,seller_0014,2017-04-06 06:33:01,31.73,3.0
order_004241,2,prod_00622,seller_0091,2017-01-06 00:29:35,19.98,3.0
order_004242,1,prod_00580,seller_0046,2017-04-13 00:38:50,136.76,10.06
order_004243,1,prod_00514,seller_0079,2017-01-26 11:16:29,63.82,8.81
order_004244,1,prod_00603,seller_0144,2018-06-12 14:53:53,45.49,8.97
order_004245,1,prod_00452,seller_0073,2017-09-26 17:36:28,24.82,4.17
order_004246,1,prod_00639,seller_0105,2017-02-07 12:00:00,56.48,9.19
order_004247,1,prod_00643,seller_0004,2017-03-24 17:37:51,40.23,3.67
order_004247,2,prod_00305,seller_0088,2017-08-07 09:22:28,35.78,4.78
order_004248,1,prod_00174,seller_0138,2017-12-20 13:44:29,23.42,3.0
order_004249,1,prod_00624,seller_0116,2017-05-15 16:28:34,39.59,3.0
order_004250,1,prod_00578,seller_0173,2017-07-23 13:54:02,98.92,11.23
order_004251,1,prod_00310,seller_0141,2018-06-01 06:58:32,34.9,4.3
order_004252,1,prod_00636,seller_0023,2017-01-08 13:11:55,27.9,4.86
order_004253,1,prod_00071,seller_0010,2018-06-18 19:47:07,35.32,5.64
order_004254,1,prod_00575,seller_0052,2018-06-20 12:07:55,34.07,3.65
order_004255,1,prod_00034,seller_0146,2017-04-07 21:35:43,23.2,3.0
order_004255,2,prod_00071,seller_0152,2017-08-25 14:32:31,20.45,3.37
order_004256,1,prod_00044,seller_0130,2017-12-21 19:33:04,55.46,4.39
order_004257,1,prod_00055,seller_0127,2018-04-04 16:55:04,72.49,6.61
order_004258,1,prod_00131,seller_0120,2018-03-20 19:56:11,144.43,26.52
order_004259,1,prod_00253,seller_0056,2017-04-14 23:08:00,44.61,7.1
order_004259,2,prod_00251,seller_0122,2018-07-01 16:09:13,35.73,6.8
order_004260,1,prod_00294,seller_0116,2018-01-23 14:57:58,59.51,10.68
order_004260,2,prod_00685,seller_0014,2017-12-20 23:24:43,18.35,3.0
order_004261,1,prod_00357,seller_0165,2018-01-01 11:55:45,50.28,3.74
order_004262,1,prod_00168,seller_0136,2017-02-24 18:19:00,65.05,7.71
order_004263,1,prod_00096,seller_0039,2018-05-01 14:17:22,64.44,6.5
order_004263,2,prod_00639,seller_0051,2017-01-26 19:23:41,97.88,9.43
order_004263,3,prod_00193,seller_0122,2018-01-20 05:26:51,22.44,3.65
order_004264,1,prod_00567,seller_0043,2017-05-20 19:25:20,24.05,3.0
order_004265,1,prod_00552,seller_0146,2018-06-23 12:36:13,28.79,3.0
order_004266,1,prod_00602,seller_0084,2017-06-11 04:16:12,16.04,3.0
order_004266,2,prod_00102,seller_0017,2017-11-30 21:06:34,46.99,7.86
order_004267,1,prod_00549,seller_0124,2018-08-22 14:31:03,51.36,5.97
order_004268,1,prod_00547,seller_0168,2018-07-27 19:32:31,47.7,3.0
order_004269,1,prod_00681,seller_0059,2017-12-20 03:04:45,36.49,4.96
order_004269,2,prod_00495,seller_0172,2017-09-21 22:16:14,63.67,3.8
order_004270,1,prod_00083,seller_0129,2017-08-06 09:15:17,48.13,3.0
order_004270,2,prod_00320,seller_0131,2017-07-08 05:05:13,22.38,3.0
order_004270,3,prod_00335,seller_0064,2017-03-10 01:56:47,8.0,3.0
order_004271,1,prod_00331,seller_0092,2018-06-30 22:48:33,26.71,3.0
order_004272,1,prod_00239,seller_0039,2017-12-09 09:26:44,33.97,3.0
order_004273,1,prod_00561,seller_0108,2018-02-25 00:59:05,34.15,3.0
order_004274,1,prod_00198,seller_0154,2018-06-17 19:19:48,29.47,5.01
order_004274,2,prod_00311,seller_0116,2017-05-09 21:31:05,23.36,3.0
order_004275,1,prod_00312,seller_0157,2017-03-26 04:45:45,19.1,3.0
order_004275,2,prod_00450,seller_0027,2017-09-30 16:40:11,16.92,3.0
order_004276,1,prod_00336,seller_0109,2018-02-15 00:12:45,43.94,7.23
order_004276,2,prod_00679,seller_0053,2018-07-31 23:21:07,67.18,4.99
order_004277,1,prod_00690,seller_0101,2017-10-07 10:29:44,14.68,3.0
order_004278,1,prod_00325,seller_0018,2018-06-20 05:54:37,31.82,3.0
order_004279,1,prod_00185,seller_0068,2018-07-19 07:08:24,55.29,7.84
order_004280,1,prod_00532,seller_0066,2017-02-09 01:22:29,29.29,3.0
order_004281,1,prod_00638,seller_0094,2018-06-28 07:48:50,52.74,3.0
order_004282,1,prod_00620,seller_0134,2018-02-22 22:56:00,66.75,7.97
order_004283,1,prod_00116,seller_0103,2017-11-01 02:50:48,42.79,8.38
order_004283,2,prod_00037,seller_0159,2018-04-30 00:45:52,23.99,4.11
order_004284,1,prod_00465,seller_0051,2018-06-14 19:05:40,77.85,15.48
order_004285,1,prod_00210,seller_0066,2017-04-10 05:00:25,27.83,3.0
order_004285,2,prod_00213,seller_0085,2017-01-28 10:42:03,27.83,3.52
order_004286,1,prod_00020,seller_0110,2018-01-21 21:38:25,46.28,7.66
order_004287,1,prod_00672,seller_0152,2017-03-18 03:55:33,27.22,3.0
order_004287,2,prod_00000,seller_0107,2017-06-14 01:01:18,28.63,3.0
order_004288,1,prod_00444,seller_0172,2017-01-13 07:27:31,25.97,3.0
order_004289,1,prod_00647,seller_0085,2018-06-15 23:25:37,29.45,5.7
order_004290,1,prod_00044,seller_0095,2017-09-10 07:33:34,37.64,6.19
order_004291,1,prod_00431,seller_0124,2017-07-08 21:45:04,9.19,3.0
order_004291,2,prod_00646,seller_0026,2017-10-22 04:22:11,31.07,5.06
order_004292,1,prod_00287,seller_0027,2018-08-22 06:36:06,10.51,3.0
order_004293,1,prod_00205,seller_0060,2017-05-15 17:03:12,25.42,3.0
order_004293,2,prod_00493,seller_0013,2017-05-23 19:02:21,41.26,3.0
order_004294,1,prod_00649,seller_0074,2017-02-25 16:46:38,26.77,4.12
order_004295,1,prod_00391,seller_0062,2017-10-24 00:31:24,52.3,4.15
order_004296,1,prod_00009,seller_0111,2018-08-09 20:32:09,41.51,3.16
order_004296,2,prod_00479,seller_0174,2018-02-14 13:39:39,8.15,3.0
order_004297,1,prod_00153,seller_0101,2018-06-14 19:05:40,72.14,5.43
order_004297,2,prod_00692,seller_0171,2017-11-07 11:01:28,38.95,5.91
order_004298,1,prod_00194,seller_0108,2017-04-25 15:53:25,22.87,3.0
order_004299,1,prod_00445,seller_0113,2017-05-31 04:26:57,24.4,4.08
order_004300,1,prod_00481,seller_0150,2017-10-09 10:29:44,8.54,3.0
order_004301,1,prod_00311,seller_0104,2017-09-08 07:14:19,38.15,4.49
order_004301,2,prod_00558,seller_0174,2018-05-03 15:20:54,50.57,3.0
order_004302,1,prod_00627,seller_0113,2018-07-08 07:22:24,21.28,3.0
order_004302,2,prod_00441,seller_0060,2017-09-01 19:54:15,18.39,3.0
order_004302,3,prod_00528,seller_0077,2017-05-21 00:46:19,36.28,3.23
order_004303,1,prod_00043,seller_0116,2017-11-24 17:11:01,71.99,4.32
order_004303,2,prod_00169,seller_0051,2018-01-20 21:38:25,67.29,7.77
order_004304,1,prod_00303,seller_0131,2017-02-11 00:06:14,56.76,7.5
order_004304,2,prod_00091,seller_0000,2017-09-10 03:22:53,123.11,20.5
order_004305,1,prod_00345,seller_0131,2018-01-08 12:09:24,60.39,7.09
order_004305,2,prod_00051,seller_0003,2018-08-06 23:29:35,70.23,6.49
order_004306,1,prod_00251,seller_0029,2017-07-04 06:26:03,35.04,6.55
order_004306,2,prod_00043,seller_0174,2018-07-18 07:40:20,26.43,3.0
order_004307,1,prod_00293,seller_0149,2017-07-25 13:31:46,69.24,5.38
order_004308,1,prod_00284,seller_0134,2018-01-31 12:22:13,17.5,3.0
order_004309,1,prod_00337,seller_0167,2017-01-14 02:19:15,43.62,3.0
order_004310,1,prod_00693,seller_0124,2018-07-06 06:44:05,22.31,3.29
order_004311,1,prod_00387,seller_0019,2018-08-05 06:32:23,41.29,3.0
order_004312,1,prod_00103,seller_0151,2017-08-18 20:25:30,39.41,3.63
order_004312,2,prod_00441,seller_0042,2018-06-06 18:24:28,36.82,3.0
order_004312,3,prod_00685,seller_0109,2018-04-21 10:14:26,32.74,3.09
order_004313,1,prod_00147,seller_0160,2017-11-25 22:33:23,46.81,6.56
order_004313,2,prod_00056,seller_0120,2018-08-20 23:17:07,51.95,3.5
order_004314,1,prod_00631,seller_0006,2017-05-22 13:34:06,13.34,3.0
order_004314,2,prod_00120,seller_0142,2018-04-07 14:55:04,32.15,5.52
order_004315,1,prod_00579,seller_0144,2017-07-23 02:16:01,25.24,3.85
order_004315,2,prod_00299,seller_0022,2017-12-02 15:23:31,37.57,7.47
order_004316,1,prod_00550,seller_0169,2018-04-21 05:15:23,25.27,3.0
order_004316,2,prod_00498,seller_0033,2018-08-17 21:17:03,75.85,11.01
order_004317,1,prod_00564,seller_0009,2017-07-19 09:41:29,31.68,3.0
order_004318,1,prod_00532,seller_0100,2017-08-25 00:02:10,62.88,7.26
order_004319,1,prod_00367,seller_0121,2018-01-24 22:51:35,17.83,3.0
order_004319,2,prod_00170,seller_0017,2017-08-16 01:01:53,27.59,3.0
order_004320,1,prod_00667,seller_0027,2018-05-08 18:15:55,22.21,3.0
order_004321,1,prod_00131,seller_0118,2017-06-20 17:29:51,42.77,3.24
order_004321,2,prod_00256,seller_0014,2017-07-02 09:40:25,15.33,3.0
order_004322,1,prod_00196,seller_0149,2018-03-07 02:02:53,10.91,3.0
order_004323,1,prod_00293,seller_0049,2018-02-18 04:55:03,22.05,3.0
order_004324,1,prod_00174,seller_0150,2017-04-03 23:53:09,47.69,5.72
order_004325,1,prod_00571,seller_0133,2018-03-17 07:40:39,19.56,3.0
order_004325,2,prod_00306,seller_0058,2018-07-17 04:12:20,39.36,4.15
order_004326,1,prod_00608,seller_0143,2017-12-18 23:53:50,21.74,3.0
order_004326,2,prod_00021,seller_0036,2017-05-11 21:04:25,10.6,3.0
order_004327,1,prod_00314,seller_0086,2018-03-29 06:52:58,57.61,5.47
order_004328,1,prod_00409,seller_0172,2018-07-08 18:23:58,50.51,10.02
order_004329,1,prod_00593,seller_0160,2018-01-21 10:49:42,32.27,6.3
order_004329,2,prod_00511,seller_0164,2018-02-05 17:50:54,34.05,3.62
order_004330,1,prod_00443,seller_0026,2017-12-31 07:04:23,28.94,3.0
order_004331,1,prod_00591,seller_0056,2017-10-31 11:58:23,16.93,3.0
order_004331,2,prod_00271,seller_0013,2017-09-12 11:01:24,77.39,13.28
order_004332,1,prod_00669,seller_0160,2018-01-31 21:03:24,31.02,3.98
order_004332,2,prod_00633,seller_0141,2017-12-17 13:17:10,41.89,6.41
order_004333,1,prod_00635,seller_0158,2018-05-25 03:02:54,23.95,3.0
order_004333,2,prod_00352,seller_0020,2018-01-15 17:38:59,44.16,7.92
order_004334,1,prod_00065,seller_0060,2018-07-23 12:00:55,69.71,8.48
order_004335,1,prod_00594,seller_0128,2017-06-27 00:40:01,36.9,4.2
order_004335,2,prod_00291,seller_0065,2017-08-16 22:06:50,41.86,3.0
order_004336,1,prod_00568,seller_0052,2017-10-13 13:28:09,58.6,3.11
order_004336,2,prod_00038,seller_0167,2018-03-06 00:15:27,52.45,4.86
order_004336,3,prod_00067,seller_0096,2018-05-04 10:03:41,65.28,12.17
order_004337,1,prod_00244,seller_0133,2017-05-12 18:22:48,40.8,5.1
order_004338,1,prod_00609,seller_0138,2017-02-11 16:45:01,40.78,4.08
order_004338,2,prod_00021,seller_0111,2017-03-21 15:16:33,38.69,3.0
order_004339,1,prod_00113,seller_0133,2018-02-18 12:15:33,58.1,3.0
order_004340,1,prod_00346,seller_0171,2018-03-13 19:32:20,25.01,3.33
order_004340,2,prod_00569,seller_0089,2017-10-15 04:10:37,46.75,9.02
order_004340,3,prod_00108,seller_0155,2017-02-24 18:06:20,147.43,15.65
order_004341,1,prod_00528,seller_0012,2017-10-18 07:57:58,41.82,3.0
order_004342,1,prod_00342,seller_0013,2017-06-03 08:55:19,15.21,3.0
order_004343,1,prod_00516,seller_0070,2018-01-09 08:20:50,27.42,3.2
order_004344,1,prod_00502,seller_0089,2018-06-30 01:02:05,49.58,7.84
order_004344,2,prod_00644,seller_0059,2017-05-23 06:12:32,21.42,3.0
order_004344,3,prod_00040,seller_0161,2017-07-31 01:34:21,17.54,3.29
order_004345,1,prod_00420,seller_0004,2017-06-25 13:00:11,13.51,3.0
order_004346,1,prod_00319,seller_0020,2018-04-04 03:16:27,28.92,3.0
order_004347,1,prod_00237,seller_0113,2017-09-23 08:22:02,94.41,4.67
order_004348,1,prod_00518,seller_0013,2018-01-09 20:40:43,23.45,3.0
order_004348,2,prod_00415,seller_0035,2017-03-01 17:21:03,58.52,9.74
order_004349,1,prod_00311,seller_0154,2018-02-11 15:57:15,27.62,3.33
order_004350,1,prod_00487,seller_0146,2018-01-02 00:01:53,25.75,4.29
order_004351,1,prod_00402,seller_0139,2017-01-08 22:15:47,46.34,3.0
order_004352,1,prod_00255,seller_0061,2017-02-17 05:13:19,12.22,3.0
order_004352,2,prod_00235,seller_0030,2017-01-20 20:04:27,98.01,3.74
order_004353,1,prod_00178,seller_0057,2017-02-07 04:42:04,46.96,4.25
order_004353,2,prod_00207,seller_0032,2017-02-06 04:42:04,65.59,8.31
order_004354,1,prod_00342,seller_0042,2017-02-16 05:05:30,28.0,5.25
order_004354,2,prod_00126,seller_0149,2017-11-27 15:00:31,45.73,4.95
order_004355,1,prod_00628,seller_0044,2018-06-09 16:28:42,60.72,5.7
order_004356,1,prod_00407,seller_0037,2017-08-22 15:31:38,31.22,4.54
order_004357,1,prod_00441,seller_0045,2018-03-29 22:52:28,18.77,3.0
order_004358,1,prod_00401,seller_0025,2018-08-19 00:58:38,17.94,3.0
order_004359,1,prod_00628,seller_0155,2018-07-05 19:15:32,25.16,3.75
order_004360,1,prod_00573,seller_0163,2018-05-11 12:50:36,38.38,4.67
order_004361,1,prod_00332,seller_0036,2018-01-02 20:40:12,29.79,3.47
order_004361,2,prod_00240,seller_0144,2017-03-03 10:34:54,24.09,4.74
order_004362,1,prod_00662,seller_0048,2018-06-07 15:35:28,51.46,8.29
order_004362,2,prod_00419,seller_0072,2018-03-12 01:01:48,24.54,4.14
order_004363,1,prod_00554,seller_0179,2017-09-29 16:00:46,22.46,3.81
order_004364,1,prod_00097,seller_0112,2017-02-07 09:27:00,60.98,8.54
order_004364,2,prod_00248,seller_0145,2018-06-17 03:52:34,47.36,3.0
order_004365,1,prod_00185,seller_0077,2017-06-15 04:45:30,14.94,3.0
order_004365,2,prod_00313,seller_0111,2018-01-15 00:28:47,13.94,3.0
order_004366,1,prod_00352,seller_0049,2018-08-27 12:42:36,16.12,3.0
order_004366,2,prod_00698,seller_0132,2017-06-07 09:37:31,32.46,6.26
order_004366,3,prod_00073,seller_0177,2017-07-07 10:46:23,71.24,3.0
order_004367,1,prod_00667,seller_0028,2017-06-14 01:49:55,84.84,10.6
order_004368,1,prod_00568,seller_0098,2017-09-26 19:33:07,53.94,3.0
order_004369,1,prod_00287,seller_0048,2017-04-02 08:33:06,114.82,18.29
order_004370,1,prod_00196,seller_0114,2017-09-22 05:00:18,37.75,5.09
order_004371,1,prod_00583,seller_0082,2017-12-11 11:06:50,68.09,6.73
order_004372,1,prod_00095,seller_0073,2017-03-06 10:33:27,22.84,3.0
order_004373,1,prod_00636,seller_0070,2018-08-26 12:33:19,12.04,3.0
order_004374,1,prod_00660,seller_0090,2017-09-05 10:03:58,27.1,3.0
order_004374,2,prod_00176,seller_0037,2018-08-03 10:29:11,30.53,3.0
order_004375,1,prod_00392,seller_0051,2017-05-12 10:39:32,177.71,10.88
order_004376,1,prod_00362,seller_0012,2017-11-04 07:17:26,33.11,5.76
order_004377,1,prod_00536,seller_0077,2017-08-23 10:50:24,17.09,3.0
order_004378,1,prod_00529,seller_0110,2018-04-22 19:29:10,61.99,3.0
order_004379,1,prod_00696,seller_0113,2017-11-26 08:07:07,20.21,3.0
order_004380,1,prod_00053,seller_0037,2018-05-03 04:13:18,36.35,5.18
order_004380,2,prod_00572,seller_0146,2017-05-22 13:34:06,58.57,5.44
order_004380,3,prod_00563,seller_0074,2017-05-07 13:44:26,18.07,3.0
order_004381,1,prod_00518,seller_0144,2017-03-10 23:04:10,88.8,3.49
order_004382,1,prod_00147,seller_0147,2018-06-15 01:53:12,68.88,3.0
order_004383,1,prod_00520,seller_0002,2018-08-20 02:19:39,41.66,6.47
order_004384,1,prod_00335,seller_0008,2018-06-19 03:30:15,103.4,18.04
order_004385,1,prod_00195,seller_0096,2018-05-03 22:01:13,25.83,4.49
order_004386,1,prod_00262,seller_0150,2017-03-31 13:44:28,55.49,6.81
order_004386,2,prod_00290,seller_0067,2017-09-20 04:47:03,39.7,3.84
order_004387,1,prod_00518,seller_0109,2018-04-25 15:29:15,21.88,3.0
order_004388,1,prod_00140,seller_0109,2018-05-30 20:25:49,22.31,3.5
order_004389,1,prod_00163,seller_0137,2018-03-30 01:31:02,123.99,20.75
order_004389,2,prod_00259,seller_0158,2018-05-05 17:52:54,65.93,12.5
order_004390,1,prod_00326,seller_0102,2018-05-02 13:22:08,59.04,11.66
order_004390,2,prod_00662,seller_0139,2018-02-08 01:39:30,22.06,3.31
order_004391,1,prod_00185,seller_0108,2018-05-09 15:18:37,52.47,3.29
order_004391,2,prod_00634,seller_0059,2017-09-17 00:54:59,26.07,5.05
order_004392,1,prod_00038,seller_0102,2017-07-12 13:36:56,99.86,5.08
order_004393,1,prod_00357,seller_0133,2018-08-28 02:17:14,72.85,5.64
order_004394,1,prod_00590,seller_0161,2018-02-07 13:04:27,60.19,10.32
order_004395,1,prod_00217,seller_0018,2017-08-12 10:27:57,56.35,6.63
order_004396,1,prod_00157,seller_0060,2017-07-28 08:22:26,31.28,3.0
order_004397,1,prod_00423,seller_0023,2017-11-22 08:48:22,45.45,5.41
order_004397,2,prod_00162,seller_0030,2017-07-23 13:31:46,90.19,14.52
order_004398,1,prod_00010,seller_0040,2017-10-18 18:07:38,44.85,3.43
order_004399,1,prod_00032,seller_0162,2017-03-29 22:39:02,19.17,3.0
order_004400,1,prod_00335,seller_0071,2018-04-23 03:58:40,74.87,5.9
order_004401,1,prod_00351,seller_0165,2018-08-03 18:21:45,21.29,3.0
order_004401,2,prod_00018,seller_0091,2018-07-26 20:40:54,32.49,3.0
order_004402,1,prod_00188,seller_0003,2017-11-02 14:57:44,24.34,3.66
order_004403,1,prod_00529,seller_0071,2017-07-17 04:56:55,8.0,3.0
order_004404,1,prod_00395,seller_0130,2017-07-19 12:53:27,37.11,4.31
order_004404,2,prod_00428,seller_0113,2018-01-11 06:31:09,135.95,22.67
order_004405,1,prod_00506,seller_0066,2017-04-16 00:45:08,40.77,3.0
order_004406,1,prod_00632,seller_0022,2018-07-30 19:16:57,227.27,32.38
order_004406,2,prod_00032,seller_0136,2017-08-20 22:43:39,29.98,3.0
order_004407,1,prod_00337,seller_0093,2017-06-27 13:26:23,38.24,4.32
order_004408,1,prod_00140,seller_0142,2018-05-31 16:25:40,30.95,4.7
order_004408,2,prod_00467,seller_0049,2017-03-19 03:35:39,34.44,6.44
order_004409,1,prod_00273,seller_0028,2017-10-10 19:06:17,42.12,7.43
order_004410,1,prod_00107,seller_0065,2017-12-27 09:12:29,88.38,16.17
order_004411,1,prod_00615,seller_0043,2018-02-04 07:08:34,19.2,3.0
order_004412,1,prod_00361,seller_0091,2017-09-20 04:24:30,33.3,3.38
order_004412,2,prod_00076,seller_0090,2017-11-13 01:58:28,49.41,8.21
order_004413,1,prod_00157,seller_0023,2017-09-21 05:17:51,76.1,12.78
order_004414,1,prod_00520,seller_0084,2017-09-18 10:47:22,8.15,3.0
order_004414,2,prod_00329,seller_0069,2018-01-02 17:02:24,13.34,3.0
order_004415,1,prod_00667,seller_0093,2018-01-23 23:01:31,34.0,4.19
order_004416,1,prod_00035,seller_0136,2017-08-03 03:52:25,68.55,10.76
order_004416,2,prod_00054,seller_0082,2017-07-16 04:33:53,24.23,3.58
order_004417,1,prod_00482,seller_0049,2018-05-02 10:47:39,51.15,3.71
order_004418,1,prod_00233,seller_0162,2017-05-18 12:59:14,119.77,3.6
order_004419,1,prod_00612,seller_0137,2018-01-17 06:46:15,33.34,6.02
order_004420,1,prod_00538,seller_0172,2017-10-22 22:16:37,28.55,3.02
order_004421,1,prod_00015,seller_0041,2017-08-11 00:09:02,45.0,7.72
order_004421,2,prod_00654,seller_0110,2018-04-18 13:30:24,37.23,6.63
order_004422,1,prod_00667,seller_0135,2018-08-11 16:55:24,39.09,7.41
order_004422,2,prod_00172,seller_0160,2018-03-19 08:13:00,29.44,3.0
order_004423,1,prod_00428,seller_0034,2017-11-10 18:09:37,28.02,3.98
order_004424,1,prod_00449,seller_0045,2017-08-08 11:43:41,17.24,3.0
order_004424,2,prod_00026,seller_0171,2017-02-09 01:26:31,49.34,3.0
order_004425,1,prod_00512,seller_0101,2018-06-05 14:27:00,16.85,3.0
order_004426,1,prod_00677,seller_0027,2018-06-09 05:50:16,19.47,3.0
order_004426,2,prod_00282,seller_0034,2017-11-13 07:36:42,15.2,3.0
order_004427,1,prod_00690,seller_0179,2018-01-10 15:20:35,26.79,3.0
order_004427,2,prod_00468,seller_0161,2018-01-04 02:32:47,33.68,3.51
order_004428,1,prod_00514,seller_0041,2017-09-21 22:21:37,16.2,3.0
order_004429,1,prod_00384,seller_0099,2017-01-15 07:54:50,27.85,4.9
order_004430,1,prod_00484,seller_0127,2017-10-27 18:24:48,36.79,5.59
order_004430,2,prod_00656,seller_0080,2017-12-18 16:59:25,11.94,3.0
order_004431,1,prod_00413,seller_0054,2018-01-05 12:30:27,20.21,3.0
order_004432,1,prod_00377,seller_0126,2018-08-15 09:24:35,107.02,13.34
order_004433,1,prod_00118,seller_0014,2017-11-30 22:44:18,20.89,3.0
order_004433,2,prod_00361,seller_0037,2017-03-14 15:23:20,52.48,5.31
order_004434,1,prod_00604,seller_0004,2017-10-12 19:53:57,23.81,3.56
order_004435,1,prod_00468,seller_0160,2017-12-03 16:33:43,37.72,7.2
order_004436,1,prod_00501,seller_0026,2017-06-13 21:07:50,19.72,3.0
order_004436,2,prod_00106,seller_0156,2017-12-11 22:17:29,9.62,3.0
order_004436,3,prod_00592,seller_0073,2017-09-14 16:58:27,24.86,3.0
order_004437,1,prod_00371,seller_0018,2018-04-25 04:24:08,44.13,6.44
order_004437,2,prod_00319,seller_0104,2017-12-06 02:20:22,51.46,3.63
order_004438,1,prod_00035,seller_0057,2017-01-09 23:54:53,36.34,3.99
order_004439,1,prod_00625,seller_0086,2018-03-04 00:15:27,19.98,3.0
order_004440,1,prod_00438,seller_0176,2018-06-26 05:58:13,60.23,3.0
order_004440,2,prod_00218,seller_0113,2018-01-16 13:44:57,20.71,3.23
order_004440,3,prod_00374,seller_0003,2018-02-16 10:25:15,21.55,3.0
order_004441,1,prod_00636,seller_0017,2017-01-25 11:52:54,17.51,3.0
order_004442,1,prod_00587,seller_0138,2017-11-23 17:11:01,25.15,4.8
order_004443,1,prod_00208,seller_0121,2017-04-16 03:15:14,27.33,3.0
order_004444,1,prod_00558,seller_0087,2018-03-20 02:35:16,40.07,6.35
order_004444,2,prod_00005,seller_0141,2018-01-13 04:42:39,13.74,3.0
order_004445,1,prod_00302,seller_0040,2018-02-18 20:01:36,24.55,3.0
order_004446,1,prod_00383,seller_0041,2017-02-13 22:24:17,19.68,3.39
order_004447,1,prod_00461,seller_0073,2017-04-30 15:13:21,43.72,7.99
order_004448,1,prod_00000,seller_0142,2017-07-25 07:23:12,40.31,3.79
order_004449,1,prod_00212,seller_0176,2017-07-10 11:55:36,16.96,3.0
order_004450,1,prod_00179,seller_0045,2018-08-03 19:09:24,45.6,7.31
order_004451,1,prod_00271,seller_0111,2018-07-07 21:50:49,32.01,3.0
order_004452,1,prod_00484,seller_0079,2017-02-25 16:31:18,55.45,7.56
order_004453,1,prod_00054,seller_0158,2017-09-24 16:01:52,21.76,3.0
order_004454,1,prod_00524,seller_0145,2017-03-30 06:50:30,48.61,3.0
order_004454,2,prod_00070,seller_0031,2018-08-01 23:21:07,58.1,7.15
order_004454,3,prod_00354,seller_0123,2017-08-21 02:26:42,34.63,6.81
order_004455,1,prod_00573,seller_0003,2018-01-26 11:37:04,129.49,21.05
order_004455,2,prod_00615,seller_0090,2017-11-13 07:36:42,45.58,3.0
order_004456,1,prod_00680,seller_0048,2018-06-21 20:49:51,104.15,7.04
order_004457,1,prod_00302,seller_0066,2017-09-02 23:49:14,170.58,14.37
order_004458,1,prod_00342,seller_0059,2017-03-27 05:01:06,11.16,3.0
order_004459,1,prod_00630,seller_0101,2017-08-05 01:41:31,70.01,3.0
order_004460,1,prod_00089,seller_0152,2018-08-13 19:41:53,46.32,7.05
order_004460,2,prod_00636,seller_0093,2018-07-07 00:10:40,38.79,4.77
order_004461,1,prod_00061,seller_0155,2017-12-31 21:00:08,21.55,3.2
order_004462,1,prod_00063,seller_0174,2018-01-11 11:33:38,18.55,3.0
order_004462,2,prod_00031,seller_0040,2017-06-29 13:26:23,16.7,3.0
order_004463,1,prod_00161,seller_0148,2017-06-27 13:26:23,140.49,26.81
order_004464,1,prod_00615,seller_0039,2018-08-27 17:14:42,45.46,8.86
order_004465,1,prod_00145,seller_0020,2017-11-01 22:35:23,13.69,3.0
order_004466,1,prod_00309,seller_0037,2017-08-22 02:37:42,16.71,3.0
order_004467,1,prod_00563,seller_0074,2017-07-23 07:23:12,8.88,3.0
order_004467,2,prod_00616,seller_0030,2017-12-24 16:13:45,71.82,9.58
order_004468,1,prod_00307,seller_0105,2017-09-09 22:43:43,34.1,6.77
order_004469,1,prod_00253,seller_0107,2018-04-14 09:56:26,46.11,3.32
order_004469,2,prod_00325,seller_0126,2018-01-28 09:35:14,33.17,5.48
order_004470,1,prod_00411,seller_0164,2017-04-19 09:40:41,61.32,7.31
order_004471,1,prod_00225,seller_0031,2017-01-04 23:01:37,25.59,3.18
order_004472,1,prod_00471,seller_0176,2017-05-28 09:05:55,40.13,3.0
order_004473,1,prod_00565,seller_0149,2017-04-24 19:07:03,39.57,5.27
order_004474,1,prod_00035,seller_0009,2018-09-02 17:49:38,15.58,3.0
order_004475,1,prod_00575,seller_0113,2017-02-03 12:47:28,20.7,3.0
order_004476,1,prod_00477,seller_0046,2018-06-04 11:02:50,27.2,4.69
order_004476,2,prod_00040,seller_0012,2017-07-22 13:08:43,40.8,3.0
order_004476,3,prod_00559,seller_0122,2017-08-29 12:53:05,81.65,6.62
order_004477,1,prod_00346,seller_0010,2017-05-27 12:17:50,35.7,3.0
order_004478,1,prod_00015,seller_0032,2018-01-26 16:20:41,31.28,4.53
order_004479,1,prod_00057,seller_0123,2017-08-14 02:15:32,40.51,3.17
order_004479,2,prod_00041,seller_0015,2017-12-13 20:20:42,29.9,5.77
order_004480,1,prod_00284,seller_0135,2018-07-05 00:21:07,32.63,5.09
order_004481,1,prod_00365,seller_0004,2018-01-19 12:42:42,88.71,16.25
order_004481,2,prod_00168,seller_0055,2018-05-23 08:15:29,28.65,3.0
order_004482,1,prod_00679,seller_0046,2018-07-09 01:36:30,39.26,5.45
order_004482,2,prod_00021,seller_0029,2018-06-18 01:36:44,21.78,3.91
order_004482,3,prod_00681,seller_0095,2017-10-21 12:59:50,75.15,14.54
order_004483,1,prod_00105,seller_0039,2018-06-24 07:01:57,18.31,3.0
order_004484,1,prod_00076,seller_0027,2017-12-04 16:33:43,31.6,6.04
order_004484,2,prod_00344,seller_0070,2017-03-19 06:27:08,62.72,3.46
order_004484,3,prod_00532,seller_0089,2018-04-14 23:17:45,18.86,3.0
order_004485,1,prod_00462,seller_0113,2017-02-26 14:28:54,58.21,6.35
order_004486,1,prod_00555,seller_0015,2017-05-05 07:14:24,8.74,3.0
order_004487,1,prod_00317,seller_0033,2017-08-08 16:10:55,16.28,3.05
order_004488,1,prod_00613,seller_0009,2017-01-04 23:46:20,31.15,3.0
order_004488,2,prod_00534,seller_0142,2017-06-24 11:06:07,158.58,13.3
order_004489,1,prod_00030,seller_0100,2017-05-13 18:54:00,36.4,3.26
order_004490,1,prod_00351,seller_0044,2017-03-27 14:39:37,36.91,5.58
order_004491,1,prod_00680,seller_0095,2017-04-15 10:53:54,69.83,3.0
order_004492,1,prod_00508,seller_0145,2018-02-05 06:06:24,16.34,3.0
order_004493,1,prod_00575,seller_0137,2017-11-24 08:22:58,8.0,3.0
order_004494,1,prod_00503,seller_0166,2017-09-09 22:56:32,102.21,11.48
order_004495,1,prod_00425,seller_0041,2018-09-01 18:15:34,49.06,3.0
order_004495,2,prod_00234,seller_0029,2018-08-30 11:32:30,24.79,3.0
order_004495,3,prod_00046,seller_0137,2017-05-17 14:04:47,34.37,3.0
order_004496,1,prod_00211,seller_0165,2017-04-08 18:23:30,65.62,3.47
order_004496,2,prod_00168,seller_0031,2018-07-02 06:25:04,30.45,3.52
order_004497,1,prod_00507,seller_0126,2017-06-03 10:31:02,36.39,3.63
order_004497,2,prod_00242,seller_0103,2017-11-09 05:27:32,124.33,7.78
order_004497,3,prod_00247,seller_0159,2018-02-26 07:39:25,14.76,3.0
order_004498,1,prod_00600,seller_0034,2017-10-08 11:35:39,46.35,6.12
order_004499,1,prod_00136,seller_0062,2017-04-30 05:12:32,14.96,3.0
order_004500,1,prod_00532,seller_0111,2018-01-26 22:40:55,91.48,13.37
order_004501,1,prod_00246,seller_0155,2017-08-08 23:13:40,40.07,7.09
order_004502,1,prod_00658,seller_0148,2017-09-12 06:48:26,21.19,3.07
order_004503,1,prod_00668,seller_0085,2017-11-15 13:02:20,12.49,3.0
order_004504,1,prod_00295,seller_0066,2017-02-27 08:37:14,26.37,3.0
order_004504,2,prod_00547,seller_0034,2017-12-10 15:12:52,37.36,4.43
order_004505,1,prod_00641,seller_0072,2017-04-03 05:05:10,70.31,4.32
order_004506,1,prod_00422,seller_0179,2017-08-29 01:18:10,16.27,3.09
order_004507,1,prod_00626,seller_0040,2018-01-22 05:34:52,19.38,3.0
order_004508,1,prod_00478,seller_0170,2018-05-03 05:30:41,23.97,3.87
order_004509,1,prod_00012,seller_0050,2018-04-20 09:36:49,20.01,3.84
order_004510,1,prod_00425,seller_0022,2017-11-16 02:16:46,23.7,3.0
order_004510,2,prod_00167,seller_0129,2018-02-03 17:30:09,17.91,3.0
order_004510,3,prod_00413,seller_0082,2017-03-23 09:15:02,43.43,3.14
order_004511,1,prod_00559,seller_0131,2017-07-15 08:11:20,24.19,4.11
order_004512,1,prod_00138,seller_0177,2017-06-10 14:30:01,33.35,5.51
order_004513,1,prod_00465,seller_0026,2018-03-16 16:24:49,40.36,7.34
order_004514,1,prod_00379,seller_0098,2017-06-30 17:42:37,13.51,3.0
order_004515,1,prod_00156,seller_0047,2018-07-12 01:58:09,48.71,7.59
order_004515,2,prod_00531,seller_0089,2017-11-09 11:02:39,37.95,4.88
order_004516,1,prod_00547,seller_0046,2017-11-12 04:46:28,37.97,3.87
order_004516,2,prod_00004,seller_0035,2017-11-19 15:30:28,30.37,5.5
order_004517,1,prod_00221,seller_0093,2018-01-11 15:40:41,27.79,4.93
order_004518,1,prod_00051,seller_0075,2018-05-17 04:17:04,34.29,5.11
order_004518,2,prod_00421,seller_0138,2017-05-08 23:42:07,35.24,3.0
order_004518,3,prod_00617,seller_0089,2018-06-14 14:44:17,15.38,3.0
order_004519,1,prod_00654,seller_0108,2017-04-07 18:06:53,92.2,5.21
order_004520,1,prod_00277,seller_0128,2018-03-12 19:32:20,21.07,3.0
order_004520,2,prod_00167,seller_0009,2018-01-11 09:59:20,34.58,5.58
order_004521,1,prod_00219,seller_0081,2017-04-11 06:24:24,70.62,6.12
order_004522,1,prod_00038,seller_0094,2017-02-25 23:43:56,26.52,3.0
order_004522,2,prod_00244,seller_0114,2017-01-30 06:25:48,38.63,3.0
order_004523,1,prod_00462,seller_0007,2018-06-12 06:50:28,8.0,3.0
order_004523,2,prod_00012,seller_0018,2018-06-13 12:32:51,9.13,3.0
order_004524,1,prod_00509,seller_0152,2017-01-27 11:16:29,32.57,3.0
order_004525,1,prod_00590,seller_0137,2018-07-20 07:08:24,37.46,4.7
order_004526,1,prod_00218,seller_0075,2017-03-23 16:03:04,67.96,4.18
order_004527,1,prod_00537,seller_0000,2017-06-17 01:41:48,55.74,4.25
order_004528,1,prod_00327,seller_0046,2018-06-26 16:57:54,11.77,3.0
order_004529,1,prod_00691,seller_0115,2018-05-07 06:52:22,75.52,7.16
order_004530,1,prod_00350,seller_0122,2017-03-29 05:00:58,15.27,3.0
order_004531,1,prod_00419,seller_0148,2017-12-19 02:20:41,58.02,11.18
order_004532,1,prod_00571,seller_0099,2017-01-11 12:48:04,24.69,3.0
order_004532,2,prod_00191,seller_0138,2017-09-30 12:42:51,193.5,34.76
order_004533,1,prod_00485,seller_0042,2017-02-23 09:02:14,22.56,4.24
order_004534,1,prod_00595,seller_0026,2018-06-29 01:02:05,31.56,6.14
order_004535,1,prod_00191,seller_0060,2017-12-02 18:51:05,36.7,6.48
order_004536,1,prod_00564,seller_0151,2017-04-20 06:38:36,28.29,4.74
order_004536,2,prod_00191,seller_0159,2018-04-24 20:05:38,17.32,3.0
order_004536,3,prod_00426,seller_0014,2018-01-11 18:22:15,138.75,8.41
order_004537,1,prod_00227,seller_0035,2017-10-10 15:01:40,22.27,3.0
order_004538,1,prod_00440,seller_0011,2018-04-13 11:42:19,21.75,3.0
order_004539,1,prod_00102,seller_0137,2017-06-05 19:48:31,30.84,4.7
order_004540,1,prod_00566,seller_0148,2018-02-02 00:09:11,37.55,3.0
order_004541,1,prod_00093,seller_0166,2018-05-24 09:27:26,21.22,3.0
order_004541,2,prod_00234,seller_0032,2018-03-28 10:17:29,61.54,8.88
order_004541,3,prod_00572,seller_0093,2017-01-30 03:19:18,36.57,4.9
order_004542,1,prod_00067,seller_0080,2017-01-24 01:16:54,33.55,3.0
order_004543,1,prod_00582,seller_0175,2017-05-08 10:57:59,47.6,3.0
order_004544,1,prod_00280,seller_0168,2018-07-01 00:38:42,19.08,3.35
order_004545,1,prod_00182,seller_0150,2017-06-22 23:36:53,22.64,3.88
order_004546,1,prod_00581,seller_0037,2018-03-09 05:27:36,32.64,3.0
order_004547,1,prod_00595,seller_0060,2018-08-16 01:41:17,60.61,9.54
order_004548,1,prod_00603,seller_0140,2017-05-12 18:54:00,28.26,3.0
order_004548,2,prod_00399,seller_0109,2018-01-16 20:07:14,26.95,3.0
order_004549,1,prod_00138,seller_0105,2017-03-31 21:08:19,8.41,3.0
order_004550,1,prod_00498,seller_0013,2018-01-14 13:59:59,21.1,3.0
order_004551,1,prod_00492,seller_0073,2018-03-18 13:18:29,11.33,3.0
order_004552,1,prod_00616,seller_0175,2017-04-15 17:54:50,13.32,3.0
order_004552,2,prod_00515,seller_0082,2017-10-18 15:14:03,42.0,6.34
order_004553,1,prod_00215,seller_0159,2018-04-21 21:01:56,286.36,24.71
order_004554,1,prod_00313,seller_0073,2017-09-23 18:51:33,37.57,4.83
order_004554,2,prod_00463,seller_0152,2017-06-02 01:02:56,41.11,3.74
order_004555,1,prod_00544,seller_0148,2017-10-12 16:48:53,20.2,3.94
order_004555,2,prod_00215,seller_0111,2017-05-12 21:01:16,16.75,3.0
order_004556,1,prod_00181,seller_0146,2018-06-14 13:23:09,126.03,22.04
order_004556,2,prod_00632,seller_0008,2017-08-24 00:37:09,19.62,3.0
order_004557,1,prod_00694,seller_0067,2018-08-07 03:46:57,9.03,3.0
order_004558,1,prod_00209,seller_0016,2018-01-12 20:46:37,38.85,3.0
order_004558,2,prod_00045,seller_0125,2017-11-10 14:45:01,25.04,4.23
order_004559,1,prod_00437,seller_0052,2017-03-30 06:50:30,48.78,7.25
order_004559,2,prod_00011,seller_0095,2017-12-02 11:27:03,91.74,15.56
order_004560,1,prod_00133,seller_0151,2017-10-12 16:48:53,42.09,6.12
order_004561,1,prod_00368,seller_0134,2018-03-14 20:25:52,38.38,3.0
order_004562,1,prod_00258,seller_0119,2017-01-20 09:08:16,50.84,5.2
order_004563,1,prod_00034,seller_0009,2017-04-22 16:51:19,192.11,16.59
order_004564,1,prod_00245,seller_0110,2017-04-06 02:06:31,145.62,15.1
order_004564,2,prod_00472,seller_0060,2018-01-26 12:24:02,26.97,3.87
order_004565,1,prod_00525,seller_0178,2018-02-26 10:30:54,61.4,7.75
order_004565,2,prod_00526,seller_0060,2017-05-19 06:22:18,105.74,14.6
order_004565,3,prod_00200,seller_0134,2017-02-03 11:46:41,51.97,3.42
order_004566,1,prod_00464,seller_0107,2017-04-06 02:46:42,31.72,3.63
order_004567,1,prod_00229,seller_0060,2017-01-13 08:43:23,23.96,3.0
order_004567,2,prod_00455,seller_0037,2018-08-30 07:06:22,35.31,4.13
order_004567,3,prod_00006,seller_0046,2017-02-22 20:52:16,15.79,3.0
order_004568,1,prod_00286,seller_0095,2017-03-03 12:10:08,59.26,3.97
order_004569,1,prod_00221,seller_0159,2018-01-16 06:06:38,81.79,15.53
order_004569,2,prod_00467,seller_0176,2017-08-07 01:59:50,25.58,3.0
order_004569,3,prod_00190,seller_0056,2017-10-22 20:38:04,24.71,3.37
order_004570,1,prod_00209,seller_0007,2018-04-21 17:38:01,16.67,3.0
order_004571,1,prod_00381,seller_0039,2018-04-21 21:01:56,44.86,5.74
order_004572,1,prod_00457,seller_0090,2017-01-25 11:52:54,32.88,5.0
order_004573,1,prod_00281,seller_0072,2017-02-16 01:14:03,12.96,3.0
order_004573,2,prod_00624,seller_0024,2018-09-01 22:24:29,220.23,38.42
order_004573,3,prod_00686,seller_0031,2017-10-05 10:34:55,10.42,3.0
order_004574,1,prod_00424,seller_0104,2017-02-18 19:13:04,12.99,3.0
order_004575,1,prod_00382,seller_0047,2018-08-13 07:58:52,60.99,7.57
order_004576,1,prod_00364,seller_0043,2017-10-21 06:31:40,50.76,4.97
order_004576,2,prod_00050,seller_0067,2017-02-23 19:39:58,20.82,3.0
order_004577,1,prod_00288,seller_0162,2017-10-06 01:37:06,19.96,3.0
order_004578,1,prod_00566,seller_0151,2018-08-01 15:14:47,44.6,6.26
order_004579,1,prod_00485,seller_0057,2017-08-06 21:33:55,42.34,7.41
order_004580,1,prod_00037,seller_0138,2017-08-23 23:29:26,20.96,3.0
order_004580,2,prod_00096,seller_0172,2018-04-23 14:17:13,63.18,5.04
order_004581,1,prod_00586,seller_0050,2018-03-29 00:13:03,48.02,3.0
order_004581,2,prod_00514,seller_0000,2018-04-30 10:19:02,78.94,15.74
order_004582,1,prod_00283,seller_0041,2017-04-19 13:33:33,32.06,3.0
order_004583,1,prod_00659,seller_0149,2018-02-08 16:17:20,56.07,3.19
order_004583,2,prod_00043,seller_0019,2017-09-01 13:13:41,28.55,3.0
order_004584,1,prod_00533,seller_0047,2017-09-05 01:43:38,47.07,3.0
order_004585,1,prod_00684,seller_0171,2017-01-28 10:42:03,41.79,6.09
order_004586,1,prod_00306,seller_0036,2017-07-27 21:44:31,57.47,3.0
order_004587,1,prod_00346,seller_0086,2017-03-12 12:50:21,46.42,5.46
order_004588,1,prod_00148,seller_0159,2018-03-19 05:46:17,9.7,3.0
order_004589,1,prod_00598,seller_0152,2017-08-30 12:28:44,22.04,3.03
order_004590,1,prod_00507,seller_0054,2017-06-06 19:16:39,34.96,3.0
order_004590,2,prod_00294,seller_0044,2017-03-06 19:08:39,44.84,3.0
order_004591,1,prod_00164,seller_0105,2017-04-17 09:20:06,56.61,9.69
order_004592,1,prod_00323,seller_0058,2017-06-26 19:35:47,47.31,8.66
order_004592,2,prod_00316,seller_0132,2017-06-30 12:14:25,20.95,3.0
order_004592,3,prod_00253,seller_0121,2018-08-05 18:00:39,60.15,7.81
order_004593,1,prod_00587,seller_0075,2018-03-20 08:13:00,19.57,3.0
order_004593,2,prod_00258,seller_0073,2017-09-30 23:51:49,75.27,11.99
order_004594,1,prod_00079,seller_0018,2017-05-07 10:57:59,78.61,9.52
order_004595,1,prod_00555,seller_0124,2017-05-30 05:27:59,32.9,4.22
order_004595,2,prod_00511,seller_0166,2018-04-04 03:16:27,21.73,3.55
order_004596,1,prod_00021,seller_0157,2018-06-01 14:38:16,21.06,3.0
order_004596,2,prod_00486,seller_0116,2017-09-23 05:15:45,16.26,3.0
order_004596,3,prod_00342,seller_0131,2017-08-10 18:33:24,18.18,3.0
order_004597,1,prod_00471,seller_0160,2018-09-01 03:27:12,29.45,5.08
order_004597,2,prod_00185,seller_0039,2018-02-02 02:13:05,23.02,3.0
order_004598,1,prod_00124,seller_0138,2018-07-27 02:33:33,11.63,3.0
order_004599,1,prod_00389,seller_0018,2018-06-01 01:16:39,24.18,3.33
order_004600,1,prod_00037,seller_0139,2018-05-09 22:07:22,35.18,4.29
order_004600,2,prod_00150,seller_0039,2017-03-05 19:58:03,26.56,3.0
order_004601,1,prod_00031,seller_0106,2017-09-03 04:10:03,18.51,3.0
order_004601,2,prod_00244,seller_0000,2017-05-07 21:31:05,8.0,3.0
order_004602,1,prod_00634,seller_0001,2017-07-23 01:48:24,69.72,11.84
order_004603,1,prod_00373,seller_0116,2017-08-06 12:21:45,32.27,3.0
order_004604,1,prod_00516,seller_0158,2018-01-29 17:30:13,40.79,8.07
order_004605,1,prod_00519,seller_0019,2018-06-22 14:31:51,37.25,7.26
order_004605,2,prod_00088,seller_0149,2017-08-12 07:31:57,45.75,8.23
order_004606,1,prod_00662,seller_0135,2018-04-23 01:55:07,38.72,3.0
order_004606,2,prod_00107,seller_0130,2018-01-30 20:58:29,35.31,3.0
order_004607,1,prod_00170,seller_0049,2017-03-22 02:26:31,54.39,7.34
order_004608,1,prod_00458,seller_0158,2018-01-06 20:06:16,62.53,3.63
order_004609,1,prod_00338,seller_0109,2018-05-02 01:20:24,81.38,15.45
order_004609,2,prod_00150,seller_0033,2017-04-25 11:54:06,19.28,3.0
order_004609,3,prod_00244,seller_0158,2018-01-24 14:59:32,38.94,6.86
order_004610,1,prod_00285,seller_0050,2018-08-20 17:11:08,11.66,3.0
order_004611,1,prod_00424,seller_0089,2017-10-31 20:00:50,24.22,4.59
order_004611,2,prod_00553,seller_0028,2017-04-02 19:37:51,29.14,3.0
order_004612,1,prod_00256,seller_0070,2017-07-05 05:07:11,53.6,10.56
order_004613,1,prod_00274,seller_0116,2018-03-01 23:14:09,30.67,3.0
order_004614,1,prod_00067,seller_0161,2018-01-29 09:35:14,51.28,8.32
order_004615,1,prod_00668,seller_0078,2017-03-10 03:12:05,26.46,4.16
order_004616,1,prod_00430,seller_0111,2018-05-24 02:59:58,22.75,3.0
order_004617,1,prod_00181,seller_0018,2018-05-29 15:22:01,19.66,3.0
order_004618,1,prod_00024,seller_0042,2017-10-15 04:10:37,51.88,7.12
order_004618,2,prod_00664,seller_0103,2018-02-24 16:16:21,25.89,3.0
order_004619,1,prod_00030,seller_0007,2018-07-30 11:55:54,8.0,3.0
order_004619,2,prod_00127,seller_0061,2018-03-07 23:33:06,50.06,3.0
order_004619,3,prod_00618,seller_0010,2018-01-10 04:20:36,18.1,3.0
order_004620,1,prod_00236,seller_0088,2017-02-27 13:42:43,37.55,5.71
order_004620,2,prod_00609,seller_0047,2017-03-12 13:59:42,15.9,3.0
order_004621,1,prod_00385,seller_0047,2018-04-08 06:37:55,33.43,4.7
order_004622,1,prod_00393,seller_0083,2017-08-04 17:21:56,8.0,3.0
order_004623,1,prod_00652,seller_0029,2018-02-19 08:35:24,32.4,6.07
order_004624,1,prod_00012,seller_0136,2017-05-29 09:43:27,18.75,3.63
order_004624,2,prod_00243,seller_0081,2018-06-08 23:06:48,14.53,3.0
order_004625,1,prod_00240,seller_0162,2017-11-01 14:36:52,54.42,6.62
order_004626,1,prod_00512,seller_0040,2018-06-23 01:17:19,30.66,3.69
order_004626,2,prod_00242,seller_0011,2018-01-24 13:04:20,28.26,3.0
order_004627,1,prod_00616,seller_0072,2018-02-26 10:30:54,20.68,3.36
order_004628,1,prod_00504,seller_0018,2017-11-21 20:58:26,59.23,5.14
order_004629,1,prod_00635,seller_0068,2018-04-27 07:55:32,24.96,3.0
order_004630,1,prod_00568,seller_0138,2017-05-19 19:16:45,87.1,9.15
order_004631,1,prod_00522,seller_0169,2017-09-24 02:46:36,73.64,6.37
order_004631,2,prod_00247,seller_0082,2017-09-17 22:20:24,83.63,14.08
order_004632,1,prod_00509,seller_0033,2018-03-18 13:59:28,62.13,4.77
order_004633,1,prod_00295,seller_0069,2017-06-03 15:29:22,22.33,3.0
order_004634,1,prod_00240,seller_0051,2017-06-18 21:26:17,34.26,3.0
order_004635,1,prod_00157,seller_0021,2017-09-09 00:46:01,29.02,3.53
order_004635,2,prod_00627,seller_0142,2018-07-06 08:56:24,57.1,4.68
order_004636,1,prod_00509,seller_0131,2017-12-06 19:56:45,32.89,4.49
order_004637,1,prod_00034,seller_0053,2017-08-26 08:35:40,28.27,4.72
order_004637,2,prod_00244,seller_0087,2018-05-12 00:29:43,97.29,15.32
order_004638,1,prod_00406,seller_0086,2017-03-10 11:22:02,26.77,3.0
order_004639,1,prod_00493,seller_0077,2017-05-30 04:18:48,22.07,3.0
order_004639,2,prod_00214,seller_0137,2018-02-19 14:26:17,25.5,3.0
order_004639,3,prod_00494,seller_0125,2017-05-22 17:49:19,66.44,9.34
order_004640,1,prod_00190,seller_0000,2018-05-21 05:31:17,37.41,6.67
order_004640,2,prod_00109,seller_0040,2018-01-24 15:11:32,44.61,7.71
order_004641,1,prod_00061,seller_0172,2017-08-20 01:14:30,38.61,6.98
order_004642,1,prod_00619,seller_0074,2018-08-28 12:00:43,8.0,3.0
order_004643,1,prod_00460,seller_0083,2018-01-09 06:44:43,16.53,3.0
order_004644,1,prod_00577,seller_0137,2018-06-29 22:48:33,27.63,3.0
order_004644,2,prod_00375,seller_0136,2017-06-18 01:24:54,40.63,3.0
order_004645,1,prod_00408,seller_0101,2018-02-14 11:50:09,17.47,3.0
order_004645,2,prod_00203,seller_0165,2017-03-10 16:49:02,17.12,3.0
order_004646,1,prod_00060,seller_0106,2017-12-13 20:20:42,27.03,4.31
order_004647,1,prod_00500,seller_0157,2017-07-18 03:41:04,78.42,13.56
order_004648,1,prod_00117,seller_0081,2018-03-24 11:42:52,8.17,3.0
order_004648,2,prod_00612,seller_0039,2018-05-06 21:09:30,8.0,3.0
order_004649,1,prod_00064,seller_0019,2018-07-12 19:50:20,102.31,13.97
order_004649,2,prod_00683,seller_0099,2017-12-07 08:51:00,12.25,3.0
order_004650,1,prod_00324,seller_0160,2017-07-14 02:20:21,25.45,3.0
order_004651,1,prod_00197,seller_0073,2017-06-07 10:25:51,12.48,3.0
order_004651,2,prod_00185,seller_0130,2018-03-08 02:02:53,27.2,3.0
order_004652,1,prod_00474,seller_0095,2017-03-05 05:24:39,30.31,5.51
order_004653,1,prod_00581,seller_0145,2018-01-31 06:10:05,94.34,14.47
order_004654,1,prod_00332,seller_0140,2018-03-03 20:43:07,52.9,7.28
order_004654,2,prod_00305,seller_0125,2017-12-24 13:00:13,14.38,3.0
order_004654,3,prod_00615,seller_0063,2017-06-16 11:34:29,9.58,3.0
order_004655,1,prod_00316,seller_0074,2017-08-11 14:53:32,45.82,7.06
order_004655,2,prod_00231,seller_0085,2018-01-18 09:22:38,23.62,3.0
order_004656,1,prod_00645,seller_0147,2017-03-24 13:26:26,20.7,3.0
order_004657,1,prod_00561,seller_0109,2017-03-06 04:46:57,71.53,10.49
order_004658,1,prod_00404,seller_0030,2017-08-16 12:53:12,10.57,3.0
order_004659,1,prod_00007,seller_0048,2018-05-23 22:27:17,26.1,3.36
order_004660,1,prod_00271,seller_0056,2017-01-18 07:27:40,49.9,9.77
order_004660,2,prod_00684,seller_0109,2018-06-06 14:16:48,15.38,3.0
order_004660,3,prod_00688,seller_0137,2017-07-27 08:22:26,77.0,4.7
order_004661,1,prod_00471,seller_0026,2018-08-04 11:59:00,17.16,3.0
order_004662,1,prod_00323,seller_0130,2018-08-31 15:32:38,31.63,3.0
order_004663,1,prod_00601,seller_0111,2018-08-26 10:01:18,21.1,3.17
order_004663,2,prod_00405,seller_0037,2018-03-25 15:05:48,8.0,3.0
order_004664,1,prod_00041,seller_0025,2018-05-12 04:13:27,25.19,3.0
order_004665,1,prod_00267,seller_0026,2018-05-01 05:13:45,55.42,6.82
order_004666,1,prod_00226,seller_0139,2017-02-19 00:05:15,16.9,3.0
order_004667,1,prod_00468,seller_0042,2018-04-22 09:42:37,22.01,3.0
order_004668,1,prod_00153,seller_0034,2017-03-17 09:39:51,23.67,3.0
order_004669,1,prod_00543,seller_0075,2017-08-07 13:24:47,46.92,4.18
order_004670,1,prod_00170,seller_0116,2018-02-06 22:28:23,26.21,3.0
order_004670,2,prod_00440,seller_0079,2018-04-09 23:47:36,33.62,3.0
order_004670,3,prod_00210,seller_0104,2017-04-16 04:33:35,33.9,3.72
order_004671,1,prod_00173,seller_0065,2017-10-10 15:01:40,23.57,4.24
order_004671,2,prod_00493,seller_0076,2018-01-28 17:30:13,99.31,18.07
order_004672,1,prod_00659,seller_0105,2017-02-05 06:41:33,17.01,3.0
order_004673,1,prod_00559,seller_0116,2017-07-02 04:23:31,52.3,9.06
order_004674,1,prod_00358,seller_0132,2018-03-17 07:03:49,75.89,9.18
order_004675,1,prod_00640,seller_0152,2017-03-12 12:46:14,30.27,5.83
order_004676,1,prod_00578,seller_0059,2017-10-30 00:28:58,34.45,5.92
order_004677,1,prod_00642,seller_0021,2017-01-20 19:40:36,46.75,6.62
order_004678,1,prod_00006,seller_0016,2017-08-01 18:38:28,26.02,3.0
order_004679,1,prod_00569,seller_0121,2018-06-17 00:33:38,9.66,3.0
order_004679,2,prod_00362,seller_0077,2018-09-04 00:05:42,28.16,5.03
order_004680,1,prod_00488,seller_0073,2017-05-01 15:38:05,96.52,10.75
order_004681,1,prod_00654,seller_0132,2017-12-25 14:59:58,47.93,4.4
order_004682,1,prod_00363,seller_0121,2017-12-14 17:02:09,34.82,3.2
order_004682,2,prod_00481,seller_0164,2018-03-26 12:23:11,54.14,8.55
order_004683,1,prod_00687,seller_0157,2017-09-19 15:30:58,30.15,5.77
order_004683,2,prod_00079,seller_0134,2017-02-27 08:37:14,33.76,3.31
order_004684,1,prod_00519,seller_0117,2018-04-28 18:18:01,25.02,3.0
order_004685,1,prod_00496,seller_0161,2017-06-16 01:14:30,45.17,3.0
order_004685,2,prod_00133,seller_0028,2017-01-05 15:07:40,23.37,4.0
order_004686,1,prod_00010,seller_0171,2018-05-21 05:59:14,26.98,3.0
order_004686,2,prod_00442,seller_0074,2017-03-15 17:34:15,58.63,9.96
order_004687,1,prod_00258,seller_0044,2018-01-27 18:45:52,29.19,3.0
order_004688,1,prod_00219,seller_0098,2018-01-09 23:58:27,47.82,3.0
order_004689,1,prod_00165,seller_0160,2017-03-22 06:45:56,50.46,4.17
order_004689,2,prod_00381,seller_0022,2018-07-20 14:23:10,31.5,3.0
order_004690,1,prod_00176,seller_0031,2017-03-20 23:03:40,26.39,5.27
order_004691,1,prod_00052,seller_0115,2018-07-14 23:36:34,14.04,3.0
order_004691,2,prod_00029,seller_0120,2018-08-17 16:42:34,16.24,3.0
order_004691,3,prod_00181,seller_0128,2018-01-07 07:15:46,49.2,9.18
order_004692,1,prod_00431,seller_0161,2018-04-13 07:55:45,48.61,7.93
order_004692,2,prod_00369,seller_0137,2018-08-25 15:14:20,17.4,3.4
order_004692,3,prod_00519,seller_0146,2018-03-28 04:44:51,42.85,3.0
order_004693,1,prod_00419,seller_0021,2018-06-25 05:58:13,38.12,5.57
order_004694,1,prod_00204,seller_0064,2018-07-05 00:21:07,60.83,7.22
order_004695,1,prod_00642,seller_0126,2017-02-24 09:14:49,135.31,24.07
order_004695,2,prod_00410,seller_0147,2017-02-27 00:23:07,48.12,7.52
order_004696,1,prod_00433,seller_0065,2018-06-22 04:19:45,21.14,3.43
order_004697,1,prod_00348,seller_0104,2018-02-03 11:06:13,53.69,5.14
order_004698,1,prod_00296,seller_0038,2017-06-26 04:15:25,16.82,3.0
order_004698,2,prod_00695,seller_0155,2017-10-25 10:05:11,140.32,25.23
order_004699,1,prod_00272,seller_0094,2017-09-19 16:40:51,14.92,3.0
order_004699,2,prod_00568,seller_0017,2017-09-24 06:39:31,44.04,3.0
order_004700,1,prod_00058,seller_0103,2018-01-29 12:32:04,33.16,3.0
order_004701,1,prod_00662,seller_0047,2018-01-10 23:58:27,25.31,4.47
order_004702,1,prod_00529,seller_0082,2017-06-20 00:33:50,24.29,3.0
order_004702,2,prod_00577,seller_0062,2018-02-09 18:04:14,80.25,5.91
order_004703,1,prod_00223,seller_0151,2017-02-08 20:03:15,47.86,8.85
order_004703,2,prod_00460,seller_0152,2017-04-22 22:27:56,29.99,3.0
order_004703,3,prod_00528,seller_0028,2017-09-21 15:30:58,102.1,17.06
order_004704,1,prod_00049,seller_0058,2018-08-22 07:30:00,30.66,5.08
order_004705,1,prod_00454,seller_0073,2018-07-03 05:40:07,53.39,6.31
order_004706,1,prod_00600,seller_0153,2018-01-11 22:33:13,13.86,3.0
order_004707,1,prod_00593,seller_0048,2018-03-26 11:11:01,14.35,3.0
order_004708,1,prod_00532,seller_0126,2017-01-25 08:23:01,52.53,4.74
order_004709,1,prod_00625,seller_0008,2017-12-06 10:36:13,40.46,3.0
order_004710,1,prod_00197,seller_0172,2017-12-11 13:47:02,133.67,17.53
order_004711,1,prod_00482,seller_0061,2017-06-26 12:29:16,20.94,3.0
order_004711,2,prod_00188,seller_0048,2017-05-25 09:02:52,51.38,10.24
order_004712,1,prod_00604,seller_0129,2017-06-01 18:07:36,28.23,3.6
order_004712,2,prod_00366,seller_0110,2017-07-25 13:48:48,57.47,3.0
order_004713,1,prod_00579,seller_0094,2018-06-11 16:07:27,54.58,7.34
order_004713,2,prod_00198,seller_0167,2018-05-06 11:11:47,32.53,3.08
order_004714,1,prod_00214,seller_0075,2018-06-16 00:33:38,20.46,3.0
order_004715,1,prod_00679,seller_0097,2018-07-13 23:57:15,26.56,3.0
order_004716,1,prod_00632,seller_0085,2017-06-28 17:04:01,16.07,3.0
order_004717,1,prod_00135,seller_0031,2018-02-20 10:24:11,41.98,5.42
order_004718,1,prod_00270,seller_0056,2017-03-19 13:54:28,8.0,3.0
order_004718,2,prod_00107,seller_0108,2018-06-25 16:14:20,22.7,3.0
order_004719,1,prod_00445,seller_0021,2018-04-19 08:25:35,59.6,10.08
order_004719,2,prod_00030,seller_0131,2018-08-27 17:14:24,58.68,4.61
order_004720,1,prod_00018,seller_0106,2018-04-06 06:13:57,11.61,3.0
order_004720,2,prod_00386,seller_0116,2018-05-20 14:35:42,48.37,5.01
order_004721,1,prod_00626,seller_0146,2017-03-08 04:23:14,15.77,3.0
order_004722,1,prod_00518,seller_0087,2017-04-12 15:07:44,25.9,3.49
order_004723,1,prod_00486,seller_0142,2017-05-03 08:47:18,54.48,3.0
order_004724,1,prod_00410,seller_0134,2017-02-22 11:05:21,17.57,3.0
order_004725,1,prod_00126,seller_0042,2018-03-02 23:03:12,83.72,13.28
order_004726,1,prod_00145,seller_0048,2017-07-08 21:09:27,39.13,3.0
order_004726,2,prod_00431,seller_0078,2018-02-26 19:37:54,44.74,3.0
order_004727,1,prod_00646,seller_0017,2017-12-16 05:35:22,66.7,9.96
order_004727,2,prod_00033,seller_0099,2017-07-08 11:55:36,59.08,6.81
order_004727,3,prod_00265,seller_0164,2017-08-19 23:56:59,55.82,3.23
order_004728,1,prod_00131,seller_0144,2017-03-05 23:08:48,21.6,3.11
order_004729,1,prod_00098,seller_0131,2017-10-18 08:01:57,16.09,3.0
order_004729,2,prod_00247,seller_0035,2017-09-18 16:13:50,27.56,3.0
order_004730,1,prod_00133,seller_0144,2017-09-17 03:57:17,45.08,7.64
order_004730,2,prod_00171,seller_0023,2017-03-21 02:26:31,14.36,3.0
order_004731,1,prod_00306,seller_0074,2018-03-14 09:09:41,48.37,6.3
order_004732,1,prod_00520,seller_0167,2018-08-16 22:15:28,42.24,3.93
order_004733,1,prod_00381,seller_0136,2017-12-31 11:55:45,29.42,5.35
order_004734,1,prod_00380,seller_0026,2017-01-14 23:17:08,34.47,4.82
order_004735,1,prod_00421,seller_0093,2017-02-08 01:22:29,34.55,3.15
order_004736,1,prod_00157,seller_0178,2018-07-05 00:43:57,44.13,4.99
order_004736,2,prod_00051,seller_0080,2018-08-04 22:34:41,53.79,6.42
order_004737,1,prod_00019,seller_0107,2018-02-25 12:49:44,214.1,42.25
order_004738,1,prod_00607,seller_0068,2017-08-23 12:27:56,36.96,5.79
order_004739,1,prod_00613,seller_0089,2017-06-25 06:52:35,21.79,3.3
order_004739,2,prod_00235,seller_0093,2017-06-28 15:51:02,9.59,3.0
order_004740,1,prod_00548,seller_0034,2017-09-10 12:26:46,13.26,3.0
order_004741,1,prod_00181,seller_0169,2017-05-15 04:11:38,20.24,3.0
order_004742,1,prod_00213,seller_0154,2017-04-17 15:30:43,51.84,10.03
order_004742,2,prod_00481,seller_0018,2018-01-28 05:02:07,25.62,4.48
order_004743,1,prod_00649,seller_0030,2017-10-11 23:37:32,43.14,3.0
order_004744,1,prod_00429,seller_0116,2017-04-29 12:01:02,20.58,3.0
order_004744,2,prod_00671,seller_0072,2018-01-22 22:25:03,44.52,3.0
order_004745,1,prod_00694,seller_0122,2018-04-29 01:11:16,58.39,8.71
order_004746,1,prod_00020,seller_0008,2018-05-20 00:37:03,25.5,3.44
order_004747,1,prod_00287,seller_0135,2018-01-21 06:25:15,43.94,5.66
order_004747,2,prod_00330,seller_0004,2018-08-21 07:40:18,24.87,4.56
order_004747,3,prod_00128,seller_0035,2018-03-04 01:38:03,14.87,3.0
order_004748,1,prod_00149,seller_0131,2017-11-29 13:10:53,47.46,9.01
order_004749,1,prod_00680,seller_0062,2018-01-30 11:53:38,43.31,4.87
order_004750,1,prod_00125,seller_0037,2018-01-03 20:58:01,48.7,3.0
order_004751,1,prod_00337,seller_0158,2018-04-23 02:03:17,61.63,11.43
order_004752,1,prod_00337,seller_0108,2017-12-03 16:18:56,28.17,5.3
order_004752,2,prod_00463,seller_0051,2017-06-20 17:29:51,29.55,5.63
order_004753,1,prod_00383,seller_0130,2017-06-13 17:34:00,27.52,4.73
order_004754,1,prod_00029,seller_0024,2018-04-26 05:23:26,41.45,3.21
order_004755,1,prod_00315,seller_0088,2017-01-04 00:29:35,30.26,3.0
order_004755,2,prod_00235,seller_0034,2017-07-21 18:15:32,35.94,3.08
order_004756,1,prod_00089,seller_0118,2018-05-29 08:12:15,20.73,3.0
order_004757,1,prod_00691,seller_0049,2017-03-06 22:46:54,16.98,3.13
order_004758,1,prod_00378,seller_0043,2017-05-03 01:37:56,18.34,3.0
order_004759,1,prod_00675,seller_0046,2018-08-13 11:16:14,43.41,3.27
order_004759,2,prod_00641,seller_0147,2017-11-20 09:31:11,32.21,5.19
order_004760,1,prod_00688,seller_0155,2017-10-09 22:45:34,24.03,3.29
order_004761,1,prod_00165,seller_0037,2018-08-06 15:07:57,50.97,4.82
order_004762,1,prod_00576,seller_0028,2017-11-22 16:24:49,85.42,15.84
order_004763,1,prod_00028,seller_0106,2017-10-14 07:20:38,24.01,3.0
order_004764,1,prod_00350,seller_0115,2018-01-08 06:44:43,16.37,3.0
order_004764,2,prod_00608,seller_0150,2018-02-03 06:04:54,61.21,3.0
order_004765,1,prod_00400,seller_0147,2017-10-04 21:22:16,33.45,4.59
order_004765,2,prod_00141,seller_0142,2017-08-21 01:14:30,29.39,3.0
order_004766,1,prod_00052,seller_0007,2017-11-04 02:16:30,64.17,10.09
order_004767,1,prod_00320,seller_0009,2017-09-04 07:27:01,27.92,3.0
order_004767,2,prod_00555,seller_0033,2017-11-16 14:18:14,42.87,4.1
order_004768,1,prod_00643,seller_0066,2017-06-15 05:05:55,36.75,3.0
order_004769,1,prod_00524,seller_0132,2017-01-08 18:37:15,272.85,51.39
order_004770,1,prod_00309,seller_0153,2018-07-28 20:43:59,30.35,3.08
order_004771,1,prod_00495,seller_0129,2017-07-14 12:40:51,60.88,3.27
order_004772,1,prod_00548,seller_0153,2017-08-29 03:08:15,28.14,4.4
order_004773,1,prod_00267,seller_0067,2017-03-16 17:48:17,44.37,7.98
order_004774,1,prod_00184,seller_0114,2017-12-12 20:20:03,29.15,4.72
order_004775,1,prod_00186,seller_0024,2017-09-22 05:15:45,55.53,9.69
order_004775,2,prod_00522,seller_0019,2017-02-11 09:06:50,31.12,5.41
order_004776,1,prod_00566,seller_0148,2017-09-19 16:13:50,45.94,9.1
order_004777,1,prod_00136,seller_0072,2017-11-11 11:02:39,20.26,3.0
order_004778,1,prod_00682,seller_0130,2017-07-23 07:23:12,19.73,3.0
order_004779,1,prod_00013,seller_0173,2017-03-08 22:10:49,9.74,3.0
order_004780,1,prod_00296,seller_0103,2017-01-26 14:05:53,42.0,7.38
order_004781,1,prod_00337,seller_0019,2018-07-05 15:08:12,21.72,4.09
order_004782,1,prod_00038,seller_0118,2017-10-19 03:55:41,137.98,10.76
order_004783,1,prod_00507,seller_0144,2017-07-18 01:14:21,24.36,3.28
order_004784,1,prod_00630,seller_0049,2017-09-06 18:55:56,74.45,5.33
order_004785,1,prod_00166,seller_0075,2018-05-10 02:29:19,69.67,12.3
order_004786,1,prod_00482,seller_0113,2017-10-30 00:40:33,28.22,3.0
order_004786,2,prod_00665,seller_0134,2017-03-07 13:06:39,20.51,3.04
order_004786,3,prod_00469,seller_0032,2018-01-25 18:45:52,30.34,3.71
order_004787,1,prod_00316,seller_0009,2018-02-18 14:26:17,69.25,5.44
order_004788,1,prod_00660,seller_0114,2018-07-27 20:43:59,146.29,27.34
order_004789,1,prod_00281,seller_0001,2018-02-07 15:15:23,14.84,3.0
order_004790,1,prod_00469,seller_0081,2018-03-18 06:44:45,33.42,3.98
order_004791,1,prod_00539,seller_0054,2017-03-24 13:26:26,22.36,3.0
order_004792,1,prod_00432,seller_0078,2018-07-22 06:06:31,26.18,3.0
order_004793,1,prod_00219,seller_0156,2017-01-21 15:44:06,100.43,5.73
order_004794,1,prod_00497,seller_0168,2017-08-07 14:27:33,20.08,3.0
order_004794,2,prod_00216,seller_0122,2018-05-04 16:39:23,11.65,3.0
order_004795,1,prod_00338,seller_0066,2018-03-11 04:36:35,37.76,3.0
order_004796,1,prod_00381,seller_0110,2017-10-30 21:14:08,42.38,8.07
order_004797,1,prod_00200,seller_0025,2017-02-20 23:32:33,25.19,3.0
order_004798,1,prod_00536,seller_0179,2017-10-27 22:14:26,21.27,3.0
order_004798,2,prod_00176,seller_0157,2018-01-23 11:40:06,36.75,7.22
order_004799,1,prod_00112,seller_0062,2018-07-28 08:26:25,13.77,3.0
order_004799,2,prod_00508,seller_0004,2017-07-29 05:09:52,43.56,6.83
order_004800,1,prod_00616,seller_0153,2017-10-27 18:15:57,26.42,3.0
order_004801,1,prod_00169,seller_0005,2017-02-24 03:06:21,81.58,9.72
order_004802,1,prod_00362,seller_0019,2017-06-04 11:34:52,40.73,6.44
order_004802,2,prod_00651,seller_0001,2017-02-05 01:26:44,29.97,4.26
order_004802,3,prod_00258,seller_0030,2018-03-30 00:51:45,28.52,3.61
order_004803,1,prod_00282,seller_0165,2018-03-23 15:42:26,9.42,3.0
order_004804,1,prod_00488,seller_0086,2017-01-19 20:44:27,30.55,3.82
order_004805,1,prod_00443,seller_0030,2017-11-17 16:10:52,29.02,5.0
order_004806,1,prod_00088,seller_0172,2017-05-21 07:58:49,34.24,6.18
order_004806,2,prod_00029,seller_0074,2017-04-27 05:48:43,29.26,4.79
order_004807,1,prod_00254,seller_0126,2017-08-03 15:32:42,83.8,4.65
order_004808,1,prod_00314,seller_0098,2017-12-07 05:10:29,27.8,4.5
order_004808,2,prod_00429,seller_0020,2017-06-21 17:23:45,19.13,3.13
order_004809,1,prod_00279,seller_0127,2017-03-09 07:50:46,11.22,3.0
order_004810,1,prod_00092,seller_0171,2018-05-28 17:58:27,24.78,3.0
order_004811,1,prod_00528,seller_0175,2017-01-22 08:59:12,16.77,3.0
order_004812,1,prod_00302,seller_0137,2018-08-27 02:52:12,14.24,3.0
order_004813,1,prod_00038,seller_0120,2017-04-30 11:32:13,27.04,4.17
order_004813,2,prod_00417,seller_0132,2018-05-22 08:15:29,69.4,12.94
order_004814,1,prod_00281,seller_0174,2017-04-18 22:04:07,60.81,5.35
order_004815,1,prod_00374,seller_0099,2018-01-18 23:19:59,14.39,3.0
order_004816,1,prod_00600,seller_0163,2018-02-21 22:56:00,33.91,5.29
order_004816,2,prod_00133,seller_0070,2017-11-09 23:14:04,43.6,8.56
order_004817,1,prod_00467,seller_0057,2017-04-21 22:08:47,48.43,3.84
order_004818,1,prod_00082,seller_0019,2017-06-11 18:40:38,93.91,7.2
order_004819,1,prod_00544,seller_0083,2017-09-14 09:47:19,15.48,3.0
order_004820,1,prod_00255,seller_0111,2018-01-03 19:27:44,18.62,3.0
order_004820,2,prod_00534,seller_0073,2018-05-12 18:40:16,21.53,3.0
order_004821,1,prod_00028,seller_0022,2018-06-08 05:50:16,42.02,8.35
order_004822,1,prod_00463,seller_0079,2018-02-12 09:46:04,8.0,3.0
order_004823,1,prod_00175,seller_0106,2017-11-04 05:39:11,28.54,3.0
order_004824,1,prod_00273,seller_0021,2018-08-13 06:36:32,10.4,3.0
order_004825,1,prod_00163,seller_0097,2018-05-08 13:37:52,33.07,5.73
order_004826,1,prod_00279,seller_0068,2017-03-05 13:05:58,127.17,24.87
order_004827,1,prod_00553,seller_0107,2017-05-21 13:52:40,59.48,5.86
order_004828,1,prod_00035,seller_0001,2017-05-19 21:25:45,14.92,3.0
order_004829,1,prod_00421,seller_0148,2017-07-19 08:24:35,25.23,3.0
order_004830,1,prod_00136,seller_0071,2018-07-07 08:20:27,18.57,3.0
order_004830,2,prod_00277,seller_0074,2018-08-07 00:47:22,76.82,11.07
order_004831,1,prod_00390,seller_0019,2017-11-07 14:32:11,8.0,3.0
order_004832,1,prod_00067,seller_0078,2018-04-18 13:15:42,24.89,3.0
order_004832,2,prod_00626,seller_0071,2018-04-24 21:38:46,21.06,3.0
order_004833,1,prod_00476,seller_0010,2017-02-26 09:14:49,15.45,3.0
order_004834,1,prod_00428,seller_0104,2017-01-18 08:24:24,97.32,19.23
order_004835,1,prod_00651,seller_0051,2017-05-28 05:25:26,11.96,3.0
order_004836,1,prod_00270,seller_0064,2018-02-13 04:47:08,15.24,3.0
order_004837,1,prod_00098,seller_0014,2018-05-25 05:52:33,93.42,14.81
order_004837,2,prod_00582,seller_0115,2018-02-14 10:25:15,31.04,6.19
order_004838,1,prod_00444,seller_0025,2018-07-20 07:08:24,29.55,3.48
order_004839,1,prod_00314,seller_0107,2017-06-02 01:02:56,22.05,3.37
order_004839,2,prod_00059,seller_0076,2017-01-27 20:44:38,33.07,3.0
order_004840,1,prod_00181,seller_0133,2017-11-30 08:15:27,25.05,4.82
order_004840,2,prod_00408,seller_0073,2017-09-24 18:51:33,20.54,3.0
order_004840,3,prod_00056,seller_0117,2017-12-25 18:13:24,13.32,3.0
order_004841,1,prod_00383,seller_0168,2018-06-20 05:54:37,33.99,3.84
order_004841,2,prod_00579,seller_0046,2018-03-24 10:25:46,22.46,3.13
order_004841,3,prod_00314,seller_0021,2018-03-02 20:31:40,24.41,3.21
order_004842,1,prod_00431,seller_0109,2017-11-21 15:52:41,50.84,5.12
order_004843,1,prod_00151,seller_0026,2017-12-10 11:33:16,23.84,4.57
order_004844,1,prod_00406,seller_0039,2017-04-02 18:52:25,30.83,3.0
order_004844,2,prod_00127,seller_0135,2017-09-18 20:36:18,98.29,6.81
order_004845,1,prod_00504,seller_0123,2017-09-13 09:00:15,42.49,7.73
order_004846,1,prod_00372,seller_0004,2017-08-13 01:28:47,23.32,3.0
order_004846,2,prod_00423,seller_0105,2017-05-20 08:37:43,16.23,3.0
order_004847,1,prod_00224,seller_0117,2017-09-07 19:37:47,30.38,3.0
order_004848,1,prod_00245,seller_0058,2017-10-30 01:50:10,55.26,5.01
order_004848,2,prod_00461,seller_0134,2018-05-24 00:57:52,22.57,4.05
order_004849,1,prod_00432,seller_0129,2017-10-19 11:27:55,32.2,4.6
order_004850,1,prod_00484,seller_0113,2018-06-30 00:08:10,22.2,3.0
order_004850,2,prod_00098,seller_0045,2018-07-07 00:10:40,25.41,3.07
order_004851,1,prod_00131,seller_0051,2017-03-07 14:16:43,14.44,3.0
order_004852,1,prod_00207,seller_0098,2017-07-01 11:48:47,37.97,6.35
order_004853,1,prod_00270,seller_0018,2017-08-24 02:37:42,34.97,4.4
order_004854,1,prod_00376,seller_0073,2017-11-21 15:00:30,83.02,7.34
order_004855,1,prod_00364,seller_0178,2018-08-30 16:55:25,34.06,6.79
order_004855,2,prod_00048,seller_0115,2018-05-26 02:07:03,19.97,3.0
order_004856,1,prod_00024,seller_0154,2017-02-06 09:08:08,81.57,15.82
order_004857,1,prod_00575,seller_0058,2018-02-04 00:27:51,40.21,3.0
order_004858,1,prod_00405,seller_0131,2017-07-07 20:59:55,35.88,4.24
order_004859,1,prod_00031,seller_0132,2018-08-04 08:37:52,31.44,3.0
order_004859,2,prod_00597,seller_0033,2018-08-15 08:36:26,35.0,6.36
order_004860,1,prod_00260,seller_0039,2017-02-16 18:40:38,18.07,3.0
order_004861,1,prod_00463,seller_0077,2017-01-29 10:48:34,29.98,5.4
order_004861,2,prod_00318,seller_0114,2018-07-03 19:34:14,27.42,4.67
order_004861,3,prod_00134,seller_0127,2018-03-25 18:18:19,39.87,3.0
order_004862,1,prod_00476,seller_0175,2018-04-20 10:14:37,65.33,3.0
order_004863,1,prod_00254,seller_0018,2017-02-01 14:48:17,59.24,11.01
order_004863,2,prod_00108,seller_0115,2018-04-28 07:32:25,44.08,5.53
order_004864,1,prod_00155,seller_0172,2017-09-29 08:13:52,10.31,3.0
order_004864,2,prod_00574,seller_0030,2018-01-25 10:13:09,23.83,3.51
order_004865,1,prod_00364,seller_0171,2017-12-06 05:27:19,9.67,3.0
order_004866,1,prod_00298,seller_0151,2018-03-02 17:42:15,63.89,7.17
order_004867,1,prod_00546,seller_0027,2017-04-02 19:55:09,29.24,4.52
order_004868,1,prod_00175,seller_0038,2018-08-04 15:08:23,28.73,5.35
order_004869,1,prod_00105,seller_0035,2017-07-15 14:23:43,20.25,3.05
order_004870,1,prod_00068,seller_0016,2018-07-28 20:43:59,71.91,13.55
order_004870,2,prod_00071,seller_0065,2018-06-17 17:58:24,33.78,3.0
order_004871,1,prod_00647,seller_0079,2017-12-01 05:57:38,29.36,4.89
order_004872,1,prod_00630,seller_0081,2018-05-03 05:13:45,34.3,4.12
order_004873,1,prod_00282,seller_0149,2017-12-16 15:22:52,36.06,3.0
order_004874,1,prod_00330,seller_0079,2018-02-15 20:32:39,28.97,4.05
order_004875,1,prod_00266,seller_0034,2017-05-26 21:44:52,71.85,9.82
order_004876,1,prod_00383,seller_0123,2018-04-06 22:52:50,71.37,14.16
order_004877,1,prod_00126,seller_0115,2017-12-23 14:49:22,33.61,4.72
order_004877,2,prod_00461,seller_0084,2018-06-10 21:03:27,19.07,3.0
order_004878,1,prod_00354,seller_0115,2017-07-26 11:27:29,39.11,7.76
order_004878,2,prod_00639,seller_0033,2017-11-19 00:01:55,21.48,3.0
order_004879,1,prod_00223,seller_0140,2017-09-06 02:52:45,79.96,11.88
order_004880,1,prod_00532,seller_0046,2017-03-05 12:10:08,87.8,11.56
order_004880,2,prod_00116,seller_0008,2018-02-12 21:54:47,50.52,4.57
order_004881,1,prod_00064,seller_0074,2018-06-16 17:58:24,14.88,3.0
order_004882,1,prod_00527,seller_0043,2018-08-08 01:50:46,23.37,3.3
order_004883,1,prod_00621,seller_0093,2017-08-24 23:29:26,27.77,4.95
order_004884,1,prod_00628,seller_0083,2017-06-20 05:34:50,18.32,3.5
order_004885,1,prod_00041,seller_0166,2017-06-27 19:56:44,25.99,5.16
order_004885,2,prod_00246,seller_0074,2017-08-25 11:40:07,36.81,3.0
order_004886,1,prod_00331,seller_0017,2018-06-29 16:16:31,44.59,3.0
order_004886,2,prod_00200,seller_0092,2017-06-21 08:39:18,73.11,4.75
order_004887,1,prod_00208,seller_0144,2017-12-14 03:19:49,31.21,6.1
order_004888,1,prod_00261,seller_0047,2017-04-28 15:03:22,26.05,3.0
order_004889,1,prod_00017,seller_0055,2018-01-20 09:07:58,13.71,3.0
order_004890,1,prod_00647,seller_0032,2018-05-07 13:37:12,39.68,7.65
order_004891,1,prod_00210,seller_0130,2018-04-25 20:45:26,23.59,3.01
order_004892,1,prod_00408,seller_0030,2017-04-23 11:28:20,27.66,3.0
order_004893,1,prod_00552,seller_0046,2018-02-27 22:12:29,21.93,3.0
order_004894,1,prod_00116,seller_0015,2018-03-18 07:40:39,22.34,3.37
order_004895,1,prod_00144,seller_0069,2018-05-17 18:39:49,50.52,4.94
order_004896,1,prod_00442,seller_0156,2017-09-03 20:13:18,30.54,3.54
order_004897,1,prod_00695,seller_0079,2018-05-28 18:41:56,87.47,3.3
order_004897,2,prod_00280,seller_0021,2018-05-30 01:26:23,15.32,3.0
order_004898,1,prod_00638,seller_0135,2017-11-27 10:15:01,71.44,13.14
order_004898,2,prod_00012,seller_0063,2018-08-09 10:54:25,23.0,3.04
order_004899,1,prod_00515,seller_0029,2017-04-18 01:43:42,30.58,3.39
order_004900,1,prod_00678,seller_0003,2018-04-19 14:17:51,43.71,4.24
order_004900,2,prod_00522,seller_0062,2017-07-21 09:41:29,61.77,3.93
order_004900,3,prod_00080,seller_0028,2018-05-19 04:59:51,63.38,12.03
order_004901,1,prod_00007,seller_0095,2017-01-27 11:16:29,62.58,7.08
order_004902,1,prod_00289,seller_0077,2017-09-20 04:24:30,27.69,3.0
order_004902,2,prod_00391,seller_0118,2017-06-13 21:51:41,103.0,16.97
order_004903,1,prod_00460,seller_0049,2018-01-10 18:13:19,47.29,9.23
order_004904,1,prod_00649,seller_0013,2017-09-30 12:42:51,8.0,3.0
order_004904,2,prod_00410,seller_0020,2017-08-02 13:59:05,32.95,4.84
order_004905,1,prod_00187,seller_0017,2017-11-22 17:11:01,25.18,5.02
order_004906,1,prod_00002,seller_0048,2018-01-28 05:05:54,26.32,3.0
order_004907,1,prod_00652,seller_0129,2018-05-25 09:45:05,48.79,8.2
order_004908,1,prod_00425,seller_0098,2018-04-22 05:15:23,39.39,4.52
order_004909,1,prod_00475,seller_0065,2017-01-31 01:18:53,20.79,3.0
order_004910,1,prod_00509,seller_0042,2017-02-19 04:17:21,85.71,5.2
order_004910,2,prod_00560,seller_0029,2018-05-21 02:10:49,13.99,3.0
order_004910,3,prod_00594,seller_0026,2018-09-03 00:09:09,13.39,3.0
order_004911,1,prod_00608,seller_0047,2017-08-23 10:50:24,15.93,3.0
order_004912,1,prod_00128,seller_0089,2018-04-27 00:42:07,43.07,5.66
order_004913,1,prod_00207,seller_0107,2018-01-12 02:36:48,40.97,3.0
order_004914,1,prod_00025,seller_0170,2018-06-15 16:56:47,19.03,3.1
order_004914,2,prod_00085,seller_0171,2017-07-06 14:16:35,21.91,3.0
order_004915,1,prod_00661,seller_0047,2017-10-23 00:31:24,32.18,5.0
order_004915,2,prod_00296,seller_0131,2018-01-31 22:06:07,16.11,3.0
order_004916,1,prod_00476,seller_0023,2017-03-22 07:01:45,54.22,9.0
order_004917,1,prod_00395,seller_0143,2017-12-05 05:10:29,89.31,3.0
order_004918,1,prod_00318,seller_0167,2017-07-19 02:59:34,28.75,3.0
order_004918,2,prod_00113,seller_0109,2017-03-14 07:29:59,40.42,3.53
order_004919,1,prod_00507,seller_0096,2017-07-10 14:06:15,34.63,5.63
order_004919,2,prod_00526,seller_0066,2018-06-12 22:22:53,78.49,3.0
order_004920,1,prod_00109,seller_0159,2018-04-13 15:33:38,113.94,17.76
order_004920,2,prod_00224,seller_0173,2018-08-23 22:10:45,25.58,3.0
order_004921,1,prod_00670,seller_0127,2017-03-24 23:46:34,32.96,6.57
order_004922,1,prod_00598,seller_0014,2017-04-16 09:06:05,56.37,4.44
order_004923,1,prod_00457,seller_0158,2017-01-17 02:30:38,40.38,3.0
order_004923,2,prod_00671,seller_0145,2017-03-03 19:04:47,17.84,3.0
order_004923,3,prod_00613,seller_0064,2017-08-19 17:39:05,9.96,3.0
order_004924,1,prod_00430,seller_0046,2018-02-23 05:58:34,21.89,3.0
order_004925,1,prod_00389,seller_0138,2018-06-06 05:38:16,39.94,6.44
order_004926,1,prod_00454,seller_0109,2017-10-05 14:40:35,24.98,4.15
order_004927,1,prod_00560,seller_0135,2017-06-10 11:28:09,16.26,3.0
order_004928,1,prod_00672,seller_0176,2018-05-17 16:27:36,22.13,3.0
order_004928,2,prod_00229,seller_0066,2017-07-29 17:50:47,106.09,8.08
order_004929,1,prod_00210,seller_0151,2018-01-31 16:10:25,15.5,3.0
order_004930,1,prod_00093,seller_0084,2017-06-14 16:59:57,26.3,4.13
order_004931,1,prod_00007,seller_0153,2017-08-29 23:27:53,23.08,3.0
order_004932,1,prod_00247,seller_0043,2018-06-30 03:16:26,115.1,20.67
order_004932,2,prod_00174,seller_0148,2017-01-12 01:27:22,12.39,3.0
order_004933,1,prod_00627,seller_0127,2017-05-07 00:15:01,19.37,3.0
order_004933,2,prod_00341,seller_0081,2017-08-22 10:50:24,33.66,3.99
order_004934,1,prod_00488,seller_0165,2017-08-05 21:28:34,36.03,3.61
order_004935,1,prod_00145,seller_0070,2018-08-02 03:39:10,66.96,5.95
order_004936,1,prod_00319,seller_0133,2018-04-22 05:45:13,62.61,3.74
order_004937,1,prod_00566,seller_0093,2017-08-09 10:44:55,20.44,3.0
order_004937,2,prod_00164,seller_0025,2018-02-10 12:15:26,39.6,7.25
order_004938,1,prod_00275,seller_0051,2017-06-03 23:03:47,28.87,4.94
order_004939,1,prod_00418,seller_0144,2017-05-20 10:31:06,23.99,3.0
order_004940,1,prod_00140,seller_0086,2017-06-19 23:01:11,62.53,4.26
order_004941,1,prod_00415,seller_0153,2018-01-02 23:32:16,38.11,6.37
order_004941,2,prod_00430,seller_0022,2017-04-10 07:37:45,91.07,11.8
order_004942,1,prod_00371,seller_0138,2018-07-16 12:33:46,44.02,3.0
order_004942,2,prod_00116,seller_0160,2017-04-25 21:25:06,59.02,9.87
order_004943,1,prod_00516,seller_0178,2018-01-10 08:20:50,8.0,3.0
order_004944,1,prod_00586,seller_0132,2017-11-17 15:47:28,34.26,3.0
order_004945,1,prod_00169,seller_0084,2018-06-26 02:29:54,42.84,6.7
order_004946,1,prod_00076,seller_0011,2018-01-15 21:42:01,45.49,8.22
order_004946,2,prod_00357,seller_0036,2018-01-02 13:07:45,88.4,12.38
order_004947,1,prod_00121,seller_0118,2017-04-23 19:07:03,48.4,7.57
order_004948,1,prod_00215,seller_0158,2018-08-06 14:42:47,14.73,3.0
order_004948,2,prod_00459,seller_0136,2017-05-04 18:31:25,45.99,5.8
order_004949,1,prod_00143,seller_0109,2018-05-23 03:56:10,55.86,8.83
order_004950,1,prod_00256,seller_0155,2017-10-10 12:37:04,21.81,3.0
order_004951,1,prod_00232,seller_0055,2017-06-27 21:14:39,24.82,3.0
order_004952,1,prod_00500,seller_0059,2017-07-24 19:02:16,54.11,6.8
order_004953,1,prod_00562,seller_0015,2018-03-22 22:08:17,32.53,4.71
order_004954,1,prod_00610,seller_0113,2017-09-20 18:02:27,66.13,11.16
order_004955,1,prod_00079,seller_0032,2017-03-19 11:39:05,36.66,6.19
order_004956,1,prod_00538,seller_0049,2017-08-02 15:52:49,8.0,3.0
order_004956,2,prod_00192,seller_0016,2017-11-07 06:31:37,33.78,6.66
order_004957,1,prod_00626,seller_0152,2018-08-10 10:13:11,25.12,3.05
order_004958,1,prod_00373,seller_0037,2017-12-17 20:21:28,48.57,5.12
order_004959,1,prod_00645,seller_0157,2017-09-16 03:57:17,42.86,3.7
order_004960,1,prod_00280,seller_0041,2018-03-29 17:53:07,17.64,3.0
order_004961,1,prod_00224,seller_0013,2017-06-12 01:49:55,37.04,3.0
order_004961,2,prod_00579,seller_0176,2017-05-03 01:37:56,46.14,3.78
order_004962,1,prod_00249,seller_0051,2017-01-15 02:19:15,43.47,5.05
order_004963,1,prod_00545,seller_0129,2017-12-01 11:51:00,61.46,12.27
order_004964,1,prod_00035,seller_0018,2018-05-26 00:57:52,16.76,3.0
order_004964,2,prod_00474,seller_0033,2017-03-12 12:50:21,29.43,5.32
order_004965,1,prod_00635,seller_0071,2018-07-21 20:17:12,8.0,3.0
order_004966,1,prod_00197,seller_0135,2017-11-09 07:26:40,70.14,3.0
order_004967,1,prod_00690,seller_0000,2018-04-22 00:25:12,35.26,3.0
order_004968,1,prod_00014,seller_0113,2018-01-20 05:26:51,30.79,3.55
order_004969,1,prod_00087,seller_0140,2018-08-03 08:41:37,30.47,3.0
order_004970,1,prod_00219,seller_0018,2017-05-28 09:43:27,45.25,3.0
order_004970,2,prod_00219,seller_0077,2017-08-13 11:26:29,65.13,3.92
order_004971,1,prod_00420,seller_0170,2017-06-21 07:47:40,27.41,4.15
order_004971,2,prod_00607,seller_0096,2017-05-14 15:36:44,43.21,8.3
order_004972,1,prod_00071,seller_0135,2017-10-07 22:45:34,42.89,3.0
order_004973,1,prod_00524,seller_0133,2017-09-03 14:07:28,8.0,3.0
order_004974,1,prod_00576,seller_0074,2017-07-04 03:24:03,20.9,3.0
order_004974,2,prod_00407,seller_0128,2017-12-07 09:02:55,43.95,6.08
order_004975,1,prod_00690,seller_0170,2017-12-19 06:43:03,73.85,6.85
order_004975,2,prod_00067,seller_0056,2017-01-11 07:27:31,80.11,6.2
order_004976,1,prod_00516,seller_0008,2017-10-05 01:37:06,14.94,3.0
order_004976,2,prod_00291,seller_0140,2017-11-30 03:04:34,63.41,6.84
order_004977,1,prod_00290,seller_0056,2018-05-02 14:17:22,64.82,3.0
order_004978,1,prod_00420,seller_0115,2018-06-14 13:28:21,43.31,5.92
order_004979,1,prod_00558,seller_0028,2018-05-22 15:57:16,8.91,3.0
order_004979,2,prod_00337,seller_0039,2017-03-18 00:57:44,23.36,4.55
order_004980,1,prod_00190,seller_0136,2018-01-03 03:23:09,35.53,3.01
order_004981,1,prod_00186,seller_0005,2018-07-21 20:17:12,28.41,4.84
order_004982,1,prod_00667,seller_0089,2017-11-07 19:18:53,8.09,3.0
order_004983,1,prod_00290,seller_0136,2018-01-03 20:18:53,27.94,3.0
order_004984,1,prod_00256,seller_0084,2018-07-27 15:50:15,18.08,3.0
order_004985,1,prod_00396,seller_0029,2017-11-22 08:48:22,48.62,5.15
order_004986,1,prod_00482,seller_0114,2017-04-28 12:07:42,45.24,8.03
order_004987,1,prod_00026,seller_0020,2018-03-17 07:40:39,46.53,8.89
order_004988,1,prod_00013,seller_0104,2017-11-13 01:58:28,26.05,3.0
order_004988,2,prod_00401,seller_0075,2018-05-09 21:26:31,33.55,5.42
order_004989,1,prod_00441,seller_0097,2018-09-04 22:41:47,31.36,3.0
order_004989,2,prod_00343,seller_0165,2017-04-11 02:24:40,59.97,9.38
order_004990,1,prod_00207,seller_0159,2018-08-03 11:59:00,23.41,3.0
order_004991,1,prod_00548,seller_0129,2017-04-25 15:53:25,20.24,3.0
order_004992,1,prod_00071,seller_0088,2017-09-12 03:22:53,61.87,9.95
order_004992,2,prod_00447,seller_0143,2017-07-11 07:18:56,56.46,5.21
order_004993,1,prod_00303,seller_0018,2018-03-27 15:48:17,44.83,3.0
order_004993,2,prod_00256,seller_0048,2017-12-21 20:44:01,92.44,18.03
order_004994,1,prod_00074,seller_0083,2017-07-30 01:03:02,128.7,10.4
order_004994,2,prod_00468,seller_0150,2017-10-23 10:16:30,73.69,3.0
order_004995,1,prod_00129,seller_0069,2017-07-22 17:38:35,20.37,3.0
order_004996,1,prod_00378,seller_0074,2017-08-29 03:56:38,56.84,8.44
order_004997,1,prod_00626,seller_0171,2017-03-09 00:00:47,35.58,3.39
order_004997,2,prod_00519,seller_0176,2017-01-13 07:10:46,22.98,4.21
order_004997,3,prod_00044,seller_0006,2017-10-22 23:45:08,20.46,3.0
order_004998,1,prod_00687,seller_0102,2017-01-14 16:07:42,39.45,5.06
order_004999,1,prod_00437,seller_0124,2017-12-05 03:57:19,56.31,3.0
