order_id,payment_sequential,payment_type,payment_installments,payment_value
order_000000,1,credit_card,1,71.28
order_000001,1,credit_card,3,95.35
order_000002,1,boleto,6,261.87
order_000003,1,credit_card,6,38.23
order_000004,1,voucher,2,17.04
order_000005,1,boleto,5,75.68
order_000006,1,debit_card,1,14.24
order_000007,1,boleto,4,91.75
order_000008,1,voucher,7,118.11999999999999
order_000009,1,debit_card,4,58.46
order_000010,1,credit_card,2,503.61
order_000011,1,debit_card,4,37.55
order_000012,1,voucher,5,14.11
order_000013,1,debit_card,2,19.86
order_000014,1,debit_card,6,19.93
order_000015,1,voucher,1,16.79
order_000016,1,voucher,7,63.58
order_000017,1,debit_card,2,71.83
order_000018,1,debit_card,7,59.23
order_000019,1,voucher,1,28.16
order_000020,1,credit_card,5,64.00999999999999
order_000021,1,boleto,4,19.28
order_000022,1,debit_card,5,22.15
order_000023,1,credit_card,3,54.03
order_000024,1,debit_card,6,31.9
order_000025,1,voucher,4,62.019999999999996
order_000026,1,credit_card,1,86.66
order_000026,2,voucher,1,76.71
order_000027,1,debit_card,7,46.68
order_000028,1,voucher,5,29.28
order_000029,1,voucher,5,50.23
order_000030,1,voucher,7,21.9
order_000031,1,debit_card,4,139.78
order_000032,1,boleto,1,126.58
order_000033,1,voucher,2,23.37
order_000034,1,credit_card,5,71.53
order_000035,1,voucher,6,106.13
order_000036,1,boleto,4,85.98
order_000037,1,boleto,5,117.11
order_000038,1,boleto,5,37.4
order_000039,1,credit_card,1,61.809999999999995
order_000040,1,boleto,4,26.66
order_000041,1,voucher,7,43.83
order_000042,1,boleto,1,37.53
order_000043,1,boleto,5,33.9
order_000044,1,debit_card,4,129.8
order_000045,1,boleto,6,53.66
order_000046,1,boleto,7,40.32
order_000047,1,credit_card,7,105.25
order_000048,1,voucher,6,25.48
order_000049,1,voucher,4,110.55
order_000050,1,voucher,2,14.68
order_000051,1,boleto,6,70.18
order_000052,1,credit_card,6,30.36
order_000053,1,credit_card,2,30.24
order_000054,1,credit_card,6,31.419999999999998
order_000055,1,credit_card,6,74.11
order_000056,1,debit_card,4,26.13
order_000057,1,credit_card,6,55.87
order_000058,1,credit_card,7,18.77
order_000059,1,voucher,2,45.79
order_000060,1,credit_card,2,69.00999999999999
order_000061,1,voucher,1,96.66000000000001
order_000062,1,boleto,7,15.1
order_000063,1,debit_card,2,135.81
order_000064,1,voucher,4,95.51
order_000065,1,boleto,1,38.82
order_000066,1,boleto,5,43.17
order_000067,1,voucher,3,28.99
order_000068,1,debit_card,2,51.989999999999995
order_000069,1,voucher,5,73.57
order_000070,1,credit_card,4,56.14999999999999
order_000071,1,credit_card,4,31.05
order_000072,1,voucher,7,43.08
order_000073,1,credit_card,1,20.64
order_000073,2,debit_card,1,19.6
order_000074,1,debit_card,7,106.3
order_000075,1,credit_card,2,130.5
order_000076,1,boleto,5,109.69
order_000077,1,boleto,6,27.08
order_000078,1,voucher,5,28.25
order_000079,1,boleto,4,48.620000000000005
order_000080,1,boleto,5,57.22
order_000081,1,voucher,4,42.1
order_000082,1,debit_card,3,26.7
order_000083,1,voucher,2,103.83
order_000084,1,boleto,1,16.71
order_000084,2,debit_card,1,11.19
order_000085,1,voucher,7,60.11
order_000086,1,boleto,5,38.03
order_000087,1,debit_card,5,36.68
order_000088,1,voucher,1,31.84
order_000088,2,boleto,1,23.65
order_000089,1,voucher,5,139.41
order_000090,1,debit_card,1,27.1
order_000091,1,debit_card,7,94.33
order_000092,1,debit_card,1,27.51
order_000092,2,credit_card,1,24.52
order_000093,1,credit_card,6,44.08
order_000094,1,debit_card,1,69.2
order_000094,2,boleto,1,53.93
order_000095,1,credit_card,6,231.49
order_000096,1,voucher,4,73.21
order_000097,1,boleto,4,48.86
order_000098,1,voucher,7,50.31
order_000099,1,debit_card,7,61.760000000000005
order_000100,1,debit_card,2,51.12
order_000101,1,credit_card,4,21.83
order_000102,1,debit_card,3,25.78
order_000103,1,debit_card,2,37.900000000000006
order_000104,1,debit_card,1,162.35999999999999
order_000105,1,credit_card,7,19.64
order_000106,1,boleto,7,258.05
order_000107,1,credit_card,7,15.88
order_000108,1,debit_card,7,48.589999999999996
order_000109,1,boleto,4,78.68
order_000110,1,debit_card,1,45.15
order_000111,1,debit_card,1,73.18
order_000112,1,boleto,6,19.85
order_000113,1,boleto,1,24.84
order_000114,1,boleto,5,47.980000000000004
order_000115,1,boleto,5,100.03
order_000116,1,voucher,5,36.879999999999995
order_000117,1,credit_card,2,85.01
order_000118,1,voucher,3,94.35
order_000119,1,debit_card,2,47.47
order_000120,1,credit_card,1,126.94999999999999
order_000121,1,boleto,1,45.25
order_000122,1,debit_card,4,95.04999999999998
order_000123,1,voucher,5,89.44
order_000124,1,credit_card,5,37.35
order_000125,1,boleto,6,282.33000000000004
order_000126,1,credit_card,4,95.91
order_000127,1,credit_card,3,29.78
order_000128,1,debit_card,1,76.47
order_000129,1,credit_card,6,27.31
order_000130,1,boleto,1,137.07
order_000131,1,credit_card,1,109.92
order_000132,1,debit_card,6,28.01
order_000133,1,boleto,4,26.22
order_000134,1,boleto,3,48.9
order_000135,1,credit_card,1,71.89
order_000136,1,debit_card,2,59.459999999999994
order_000137,1,debit_card,6,160.68
order_000138,1,debit_card,2,70.13000000000001
order_000139,1,debit_card,4,66.69
order_000140,1,debit_card,7,22.16
order_000141,1,voucher,4,135.27
order_000142,1,debit_card,4,27.79
order_000143,1,debit_card,6,19.25
order_000144,1,boleto,7,38.12
order_000145,1,credit_card,3,23.1
order_000146,1,boleto,1,12.99
order_000146,2,credit_card,1,8.41
order_000147,1,credit_card,6,46.76
order_000148,1,debit_card,2,39.42
order_000149,1,boleto,1,86.74000000000001
order_000150,1,credit_card,3,75.38
order_000151,1,credit_card,1,22.23
order_000151,2,debit_card,1,17.58
order_000152,1,credit_card,5,65.08
order_000153,1,debit_card,7,55.38
order_000154,1,debit_card,7,119.53
order_000155,1,boleto,7,30.16
order_000156,1,credit_card,3,31.189999999999998
order_000157,1,credit_card,5,125.00999999999999
order_000158,1,boleto,6,46.709999999999994
order_000159,1,credit_card,2,15.52
order_000160,1,credit_card,2,55.760000000000005
order_000161,1,debit_card,2,102.58
order_000162,1,boleto,1,141.48
order_000163,1,debit_card,4,71.78
order_000164,1,debit_card,2,67.88
order_000165,1,boleto,5,73.46000000000001
order_000166,1,boleto,6,91.03
order_000167,1,voucher,6,102.47
order_000168,1,debit_card,6,11.0
order_000169,1,debit_card,4,35.79
order_000170,1,credit_card,2,109.37
order_000171,1,debit_card,1,34.760000000000005
order_000172,1,voucher,6,123.10000000000001
order_000173,1,boleto,5,34.81
order_000174,1,credit_card,6,104.71
order_000175,1,voucher,2,30.45
order_000176,1,voucher,6,118.4
order_000177,1,boleto,6,38.0
order_000178,1,debit_card,6,27.75
order_000179,1,credit_card,3,88.24000000000001
order_000180,1,credit_card,6,30.81
order_000181,1,voucher,2,62.68
order_000182,1,credit_card,1,17.189999999999998
order_000183,1,voucher,3,49.440000000000005
order_000184,1,boleto,2,26.21
order_000185,1,boleto,3,62.29
order_000186,1,boleto,3,52.6
order_000187,1,credit_card,7,107.63
order_000188,1,boleto,1,183.01999999999998
order_000189,1,boleto,3,17.119999999999997
order_000190,1,debit_card,3,25.34
order_000191,1,debit_card,3,27.19
order_000192,1,boleto,1,55.26
order_000193,1,credit_card,3,52.56999999999999
order_000194,1,boleto,2,23.55
order_000195,1,boleto,1,25.94
order_000195,2,credit_card,1,22.03
order_000196,1,credit_card,3,72.61999999999999
order_000197,1,boleto,2,26.71
order_000198,1,credit_card,1,12.66
order_000199,1,debit_card,6,11.0
order_000200,1,credit_card,6,93.96000000000001
order_000201,1,boleto,6,136.27
order_000202,1,boleto,2,14.14
order_000203,1,debit_card,6,11.57
order_000204,1,boleto,1,11.96
order_000204,2,debit_card,1,7.0
order_000205,1,credit_card,7,11.35
order_000206,1,boleto,1,25.59
order_000207,1,debit_card,3,51.489999999999995
order_000208,1,voucher,4,114.27
order_000209,1,debit_card,3,45.96
order_000210,1,boleto,7,28.47
order_000211,1,boleto,2,79.35999999999999
order_000212,1,boleto,3,15.25
order_000213,1,debit_card,1,11.0
order_000214,1,credit_card,5,91.75000000000001
order_000215,1,boleto,1,152.94
order_000216,1,debit_card,1,48.050000000000004
order_000217,1,debit_card,5,83.26
order_000218,1,debit_card,7,70.44
order_000219,1,credit_card,5,47.76
order_000220,1,voucher,4,71.87
order_000221,1,boleto,5,38.49
order_000222,1,voucher,1,12.13
order_000222,2,boleto,1,9.32
order_000223,1,credit_card,2,81.89999999999999
order_000224,1,credit_card,6,115.94
order_000225,1,credit_card,3,52.480000000000004
order_000226,1,credit_card,4,80.43
order_000227,1,boleto,6,32.0
order_000228,1,credit_card,2,21.33
order_000229,1,voucher,2,30.9
order_000230,1,boleto,1,72.2
order_000231,1,voucher,4,118.71
order_000232,1,voucher,5,67.25
order_000233,1,boleto,7,47.57
order_000234,1,debit_card,6,70.52
order_000235,1,debit_card,5,60.010000000000005
order_000236,1,debit_card,4,53.62
order_000237,1,debit_card,4,88.29
order_000238,1,voucher,4,22.71
order_000239,1,credit_card,1,140.26
order_000239,2,boleto,1,89.24
order_000240,1,boleto,4,20.54
order_000241,1,debit_card,7,24.119999999999997
order_000242,1,voucher,1,30.79
order_000242,2,debit_card,1,20.76
order_000243,1,debit_card,3,21.59
order_000244,1,debit_card,6,113.19999999999999
order_000245,1,debit_card,6,38.79
order_000246,1,voucher,4,54.09
order_000247,1,voucher,1,10.48
order_000247,2,credit_card,1,9.38
order_000248,1,voucher,2,73.0
order_000249,1,voucher,1,97.25999999999999
order_000250,1,voucher,7,14.74
order_000251,1,credit_card,1,38.77
order_000251,2,voucher,1,28.66
order_000252,1,voucher,5,74.3
order_000253,1,debit_card,4,93.67999999999999
order_000254,1,credit_card,7,64.14
order_000255,1,voucher,5,64.28
order_000256,1,boleto,6,35.24
order_000257,1,credit_card,2,13.03
order_000258,1,debit_card,2,31.63
order_000259,1,credit_card,7,28.05
order_000260,1,boleto,7,13.57
order_000261,1,debit_card,1,13.59
order_000261,2,boleto,1,14.98
order_000262,1,voucher,1,26.41
order_000263,1,boleto,4,87.18
order_000264,1,credit_card,2,105.58
order_000265,1,voucher,2,50.31
order_000266,1,credit_card,2,76.60999999999999
order_000267,1,voucher,1,83.84
order_000267,2,credit_card,1,52.61
order_000268,1,debit_card,6,16.15
order_000269,1,voucher,5,76.54
order_000270,1,credit_card,5,95.10000000000001
order_000271,1,credit_card,3,62.15
order_000272,1,boleto,5,49.54
order_000273,1,debit_card,7,40.01
order_000274,1,credit_card,1,23.29
order_000274,2,debit_card,1,25.89
order_000275,1,voucher,5,48.260000000000005
order_000276,1,debit_card,1,48.47
order_000276,2,voucher,1,39.67
order_000277,1,credit_card,7,83.91000000000001
order_000278,1,debit_card,2,28.39
order_000279,1,credit_card,3,38.65
order_000280,1,boleto,3,31.03
order_000281,1,debit_card,4,87.33
order_000282,1,boleto,1,81.33
order_000282,2,credit_card,1,95.17
order_000283,1,credit_card,1,45.81
order_000283,2,boleto,1,50.68
order_000284,1,boleto,3,75.58
order_000285,1,boleto,1,26.17
order_000286,1,credit_card,7,54.459999999999994
order_000287,1,credit_card,3,49.21
order_000288,1,credit_card,4,103.02
order_000289,1,voucher,4,18.18
order_000290,1,debit_card,2,76.57
order_000291,1,credit_card,1,13.4
order_000291,2,debit_card,1,10.38
order_000292,1,voucher,2,50.75999999999999
order_000293,1,credit_card,1,13.66
order_000294,1,debit_card,1,84.28
order_000295,1,debit_card,2,112.45
order_000296,1,debit_card,5,80.11999999999999
order_000297,1,debit_card,4,74.44
order_000298,1,voucher,1,44.47
order_000298,2,boleto,1,48.39
order_000299,1,boleto,1,31.41
order_000300,1,voucher,6,114.39
order_000301,1,credit_card,6,25.36
order_000302,1,voucher,1,16.44
order_000302,2,credit_card,1,16.8
order_000303,1,credit_card,2,60.849999999999994
order_000304,1,debit_card,4,25.55
order_000305,1,boleto,7,241.94
order_000306,1,debit_card,2,14.19
order_000307,1,debit_card,2,14.29
order_000308,1,debit_card,3,56.68
order_000309,1,voucher,7,41.75
order_000310,1,credit_card,2,46.59
order_000311,1,credit_card,4,76.47
order_000312,1,voucher,1,56.65
order_000312,2,boleto,1,44.38
order_000313,1,debit_card,4,32.76
order_000314,1,voucher,3,21.51
order_000315,1,debit_card,5,41.94
order_000316,1,boleto,1,56.97
order_000316,2,credit_card,1,34.63
order_000317,1,credit_card,1,13.25
order_000317,2,debit_card,1,15.35
order_000318,1,credit_card,5,56.14
order_000319,1,debit_card,5,58.02
order_000320,1,credit_card,1,131.65
order_000321,1,voucher,1,48.84
order_000321,2,credit_card,1,43.35
order_000322,1,voucher,3,72.17
order_000323,1,boleto,5,43.449999999999996
order_000324,1,debit_card,3,23.23
order_000325,1,voucher,5,36.230000000000004
order_000326,1,credit_card,6,61.66
order_000327,1,credit_card,1,236.9
order_000328,1,credit_card,3,41.1
order_000329,1,credit_card,1,28.7
order_000329,2,debit_card,1,15.85
order_000330,1,boleto,3,116.13000000000001
order_000331,1,credit_card,2,176.25
order_000332,1,debit_card,2,120.94999999999999
order_000333,1,debit_card,4,27.51
order_000334,1,credit_card,4,20.63
order_000335,1,credit_card,4,35.26
order_000336,1,boleto,1,67.55
order_000337,1,voucher,1,66.46
order_000337,2,boleto,1,66.02
order_000338,1,credit_card,5,238.88000000000002
order_000339,1,voucher,1,21.96
order_000340,1,credit_card,3,71.44
order_000341,1,boleto,7,22.35
order_000342,1,debit_card,2,20.21
order_000343,1,voucher,1,104.96000000000001
order_000344,1,debit_card,5,116.88999999999999
order_000345,1,boleto,5,48.21
order_000346,1,credit_card,2,18.380000000000003
order_000347,1,voucher,5,41.91
order_000348,1,credit_card,5,49.24
order_000349,1,credit_card,1,105.94999999999999
order_000350,1,credit_card,6,50.059999999999995
order_000351,1,voucher,2,99.72
order_000352,1,boleto,6,20.27
order_000353,1,boleto,2,17.83
order_000354,1,boleto,2,15.7
order_000355,1,debit_card,7,76.36
order_000356,1,credit_card,7,52.57
order_000357,1,voucher,5,32.16
order_000358,1,debit_card,7,196.76
order_000359,1,credit_card,1,17.57
order_000359,2,voucher,1,12.64
order_000360,1,credit_card,3,60.339999999999996
order_000361,1,boleto,6,100.65
order_000362,1,voucher,5,31.14
order_000363,1,debit_card,1,72.47
order_000363,2,credit_card,1,49.85
order_000364,1,voucher,3,24.18
order_000365,1,credit_card,4,152.45
order_000366,1,credit_card,2,259.41
order_000367,1,boleto,4,39.55
order_000368,1,credit_card,6,22.05
order_000369,1,credit_card,4,14.82
order_000370,1,debit_card,7,76.8
order_000371,1,debit_card,5,32.2
order_000372,1,credit_card,5,59.53
order_000373,1,debit_card,1,87.26
order_000373,2,credit_card,1,80.99
order_000374,1,credit_card,3,54.15
order_000375,1,credit_card,5,44.23
order_000376,1,voucher,2,76.49
order_000377,1,credit_card,6,80.13
order_000378,1,credit_card,7,210.54999999999998
order_000379,1,boleto,1,53.879999999999995
order_000380,1,credit_card,1,70.61
order_000380,2,voucher,1,55.9
order_000381,1,credit_card,1,56.87
order_000381,2,boleto,1,67.46
order_000382,1,voucher,3,58.08
order_000383,1,voucher,7,11.0
order_000384,1,credit_card,2,32.94
order_000385,1,voucher,1,69.07
order_000386,1,boleto,1,44.17
order_000387,1,credit_card,1,120.85
order_000388,1,boleto,1,48.07
order_000388,2,debit_card,1,36.68
order_000389,1,voucher,7,47.76
order_000390,1,voucher,7,25.67
order_000391,1,voucher,6,71.28
order_000392,1,credit_card,7,73.22
order_000393,1,debit_card,1,103.31
order_000394,1,debit_card,1,8.1
order_000394,2,voucher,1,8.74
order_000395,1,voucher,4,19.8
order_000396,1,voucher,7,161.99
order_000397,1,voucher,5,50.400000000000006
order_000398,1,boleto,3,11.0
order_000399,1,credit_card,3,20.81
order_000400,1,credit_card,3,95.01
order_000401,1,credit_card,7,20.8
order_000402,1,boleto,6,31.84
order_000403,1,credit_card,6,47.290000000000006
order_000404,1,credit_card,1,45.1
order_000405,1,boleto,3,26.43
order_000406,1,debit_card,6,172.42
order_000407,1,voucher,1,27.17
order_000408,1,debit_card,2,35.28
order_000409,1,voucher,6,55.19
order_000410,1,debit_card,1,22.24
order_000410,2,voucher,1,17.36
order_000411,1,boleto,5,33.489999999999995
order_000412,1,credit_card,4,15.1
order_000413,1,debit_card,2,18.86
order_000414,1,credit_card,1,22.51
order_000414,2,debit_card,1,18.02
order_000415,1,credit_card,4,26.71
order_000416,1,credit_card,6,229.80999999999997
order_000417,1,debit_card,1,27.27
order_000418,1,voucher,3,97.86999999999999
order_000419,1,credit_card,5,88.05000000000001
order_000420,1,debit_card,1,80.94000000000001
order_000421,1,credit_card,7,40.580000000000005
order_000422,1,credit_card,3,28.69
order_000423,1,debit_card,5,137.1
order_000424,1,credit_card,1,48.54
order_000425,1,voucher,4,33.3
order_000426,1,voucher,2,120.02
order_000427,1,debit_card,3,30.24
order_000428,1,debit_card,7,50.58
order_000429,1,credit_card,6,141.96
order_000430,1,boleto,5,60.559999999999995
order_000431,1,boleto,1,16.19
order_000431,2,credit_card,1,8.8
order_000432,1,credit_card,6,77.92999999999999
order_000433,1,debit_card,4,117.47
order_000434,1,credit_card,3,120.19
order_000435,1,debit_card,6,34.230000000000004
order_000436,1,voucher,4,70.81
order_000437,1,credit_card,4,52.7
order_000438,1,voucher,7,11.0
order_000439,1,boleto,1,22.990000000000002
order_000440,1,credit_card,4,39.95
order_000441,1,debit_card,5,98.21
order_000442,1,boleto,7,107.36
order_000443,1,debit_card,1,30.33
order_000443,2,credit_card,1,21.16
order_000444,1,credit_card,3,11.54
order_000445,1,boleto,4,42.9
order_000446,1,debit_card,5,84.94
order_000447,1,credit_card,1,38.61
order_000448,1,boleto,7,42.839999999999996
order_000449,1,boleto,3,27.02
order_000450,1,boleto,2,70.08
order_000451,1,boleto,1,136.62
order_000452,1,boleto,7,91.49
order_000453,1,credit_card,1,42.42
order_000454,1,credit_card,5,79.22
order_000455,1,credit_card,1,54.41
order_000456,1,credit_card,1,43.15
order_000456,2,debit_card,1,25.81
order_000457,1,boleto,7,23.16
order_000458,1,credit_card,2,59.84
order_000459,1,credit_card,3,111.78
order_000460,1,debit_card,4,88.63999999999999
order_000461,1,voucher,2,79.34
order_000462,1,debit_card,7,46.82
order_000463,1,boleto,4,99.05000000000001
order_000464,1,debit_card,4,41.230000000000004
order_000465,1,debit_card,3,155.69
order_000466,1,boleto,2,60.94
order_000467,1,credit_card,7,44.47
order_000468,1,boleto,4,27.919999999999998
order_000469,1,boleto,1,22.98
order_000469,2,credit_card,1,16.03
order_000470,1,boleto,1,20.27
order_000470,2,credit_card,1,13.13
order_000471,1,boleto,1,26.45
order_000471,2,voucher,1,16.28
order_000472,1,voucher,7,97.74
order_000473,1,boleto,2,13.03
order_000474,1,credit_card,4,66.42
order_000475,1,voucher,6,51.01
order_000476,1,credit_card,1,39.5
order_000477,1,voucher,5,18.439999999999998
order_000478,1,boleto,4,23.020000000000003
order_000479,1,credit_card,4,49.46
order_000480,1,boleto,5,27.639999999999997
order_000481,1,credit_card,1,78.02
order_000481,2,voucher,1,89.72
order_000482,1,credit_card,1,97.85
order_000483,1,credit_card,6,80.37
order_000484,1,boleto,4,219.2
order_000485,1,voucher,2,23.47
order_000486,1,credit_card,3,44.32
order_000487,1,voucher,2,65.57
order_000488,1,debit_card,1,34.9
order_000489,1,credit_card,3,35.56
order_000490,1,credit_card,4,42.68
order_000491,1,credit_card,1,24.97
order_000491,2,boleto,1,17.97
order_000492,1,credit_card,3,92.51
order_000493,1,debit_card,7,22.6
order_000494,1,debit_card,4,69.5
order_000495,1,voucher,1,9.44
order_000495,2,credit_card,1,10.03
order_000496,1,boleto,5,114.07
order_000497,1,debit_card,6,57.349999999999994
order_000498,1,debit_card,5,75.13
order_000499,1,credit_card,2,116.30000000000001
order_000500,1,debit_card,5,25.54
order_000501,1,debit_card,4,51.14
order_000502,1,credit_card,5,100.19999999999999
order_000503,1,debit_card,2,117.34
order_000504,1,credit_card,4,149.34
order_000505,1,credit_card,1,160.64000000000001
order_000506,1,debit_card,7,17.03
order_000507,1,boleto,1,35.35
order_000508,1,debit_card,7,83.75999999999999
order_000509,1,boleto,7,11.0
order_000510,1,voucher,5,55.02
order_000511,1,voucher,2,179.49
order_000512,1,debit_card,2,44.69
order_000513,1,credit_card,1,24.87
order_000513,2,debit_card,1,25.81
order_000514,1,credit_card,3,45.45
order_000515,1,credit_card,5,209.66
order_000516,1,debit_card,1,44.160000000000004
order_000517,1,boleto,5,71.89
order_000518,1,debit_card,2,135.73
order_000519,1,voucher,6,50.72
order_000520,1,debit_card,6,62.85
order_000521,1,debit_card,5,105.82
order_000522,1,credit_card,2,25.18
order_000523,1,debit_card,2,67.71000000000001
order_000524,1,voucher,1,27.24
order_000525,1,voucher,3,23.95
order_000526,1,voucher,3,51.46
order_000527,1,debit_card,4,27.87
order_000528,1,debit_card,7,16.57
order_000529,1,boleto,6,83.26
order_000530,1,boleto,3,39.06
order_000531,1,voucher,6,87.64999999999999
order_000532,1,boleto,3,94.99
order_000533,1,boleto,3,66.45
order_000534,1,credit_card,1,11.0
order_000535,1,boleto,6,45.57
order_000536,1,debit_card,2,34.089999999999996
order_000537,1,boleto,2,11.82
order_000538,1,debit_card,3,17.310000000000002
order_000539,1,credit_card,6,100.97
order_000540,1,credit_card,7,64.55
order_000541,1,voucher,4,87.84
order_000542,1,boleto,7,52.93
order_000543,1,credit_card,3,15.28
order_000544,1,credit_card,5,95.45
order_000545,1,voucher,7,80.78
order_000546,1,voucher,4,53.38
order_000547,1,voucher,4,32.68
order_000548,1,debit_card,1,53.68
order_000549,1,boleto,7,37.88
order_000550,1,voucher,2,108.13
order_000551,1,voucher,4,33.32
order_000552,1,voucher,6,50.86000000000001
order_000553,1,voucher,4,27.73
order_000554,1,debit_card,6,59.26
order_000555,1,voucher,6,44.58
order_000556,1,boleto,6,38.28
order_000557,1,credit_card,1,25.03
order_000557,2,boleto,1,28.69
order_000558,1,voucher,1,18.16
order_000558,2,debit_card,1,17.97
order_000559,1,credit_card,4,36.0
order_000560,1,voucher,7,51.96
order_000561,1,boleto,2,16.560000000000002
order_000562,1,boleto,6,63.44
order_000563,1,credit_card,3,34.120000000000005
order_000564,1,credit_card,1,15.76
order_000564,2,boleto,1,15.88
order_000565,1,voucher,1,54.92
order_000566,1,credit_card,4,51.06
order_000567,1,credit_card,2,39.94
order_000568,1,debit_card,3,81.88
order_000569,1,voucher,4,52.75
order_000570,1,voucher,3,25.12
order_000571,1,debit_card,1,42.31
order_000571,2,boleto,1,33.52
order_000572,1,boleto,2,39.71
order_000573,1,credit_card,7,45.35
order_000574,1,debit_card,2,19.82
order_000575,1,boleto,4,15.36
order_000576,1,boleto,7,14.93
order_000577,1,boleto,5,138.39
order_000578,1,voucher,2,22.34
order_000579,1,voucher,4,39.41
order_000580,1,voucher,4,47.65
order_000581,1,debit_card,1,20.72
order_000581,2,voucher,1,17.29
order_000582,1,voucher,5,116.43
order_000583,1,voucher,1,10.38
order_000583,2,debit_card,1,9.47
order_000584,1,credit_card,3,28.720000000000002
order_000585,1,credit_card,6,11.0
order_000586,1,boleto,6,12.87
order_000587,1,debit_card,3,79.64
order_000588,1,debit_card,3,30.74
order_000589,1,boleto,6,57.99
order_000590,1,credit_card,5,45.53
order_000591,1,credit_card,5,44.41
order_000592,1,credit_card,1,13.74
order_000592,2,debit_card,1,7.67
order_000593,1,debit_card,1,20.41
order_000593,2,boleto,1,21.31
order_000594,1,debit_card,5,202.59
order_000595,1,boleto,1,31.56
order_000596,1,voucher,2,59.64
order_000597,1,debit_card,2,33.55
order_000598,1,boleto,4,23.98
order_000599,1,credit_card,7,61.77
order_000600,1,voucher,5,133.07999999999998
order_000601,1,credit_card,5,118.41
order_000602,1,voucher,1,24.39
order_000602,2,credit_card,1,22.16
order_000603,1,debit_card,5,149.02
order_000604,1,credit_card,4,61.54
order_000605,1,voucher,1,21.05
order_000606,1,boleto,6,81.67
order_000607,1,boleto,4,132.0
order_000608,1,voucher,4,47.22
order_000609,1,credit_card,1,66.78
order_000610,1,voucher,6,85.77000000000001
order_000611,1,boleto,3,40.46
order_000612,1,credit_card,2,33.71
order_000613,1,boleto,6,44.34
order_000614,1,debit_card,7,37.87
order_000615,1,boleto,2,29.99
order_000616,1,debit_card,1,69.77
order_000617,1,credit_card,6,87.61
order_000618,1,credit_card,4,44.580000000000005
order_000619,1,debit_card,7,80.16
order_000620,1,credit_card,2,26.8
order_000621,1,credit_card,4,72.31
order_000622,1,debit_card,2,89.76
order_000623,1,credit_card,3,43.95
order_000624,1,voucher,3,23.0
order_000625,1,credit_card,1,18.35
order_000625,2,boleto,1,11.0
order_000626,1,boleto,4,118.92
order_000627,1,debit_card,3,68.68
order_000628,1,debit_card,3,249.46
order_000629,1,credit_card,2,16.75
order_000630,1,boleto,7,171.10999999999999
order_000631,1,voucher,3,66.1
order_000632,1,credit_card,2,196.2
order_000633,1,boleto,4,20.48
order_000634,1,credit_card,2,45.46
order_000635,1,credit_card,2,105.13999999999999
order_000636,1,debit_card,2,52.129999999999995
order_000637,1,credit_card,1,45.99
order_000638,1,credit_card,7,57.94
order_000639,1,debit_card,2,36.16
order_000640,1,boleto,1,77.37
order_000641,1,credit_card,6,26.65
order_000642,1,boleto,4,34.67
order_000643,1,debit_card,3,15.98
order_000644,1,debit_card,4,41.190000000000005
order_000645,1,credit_card,4,21.11
order_000646,1,boleto,3,35.76
order_000647,1,voucher,6,55.050000000000004
order_000648,1,voucher,6,65.45
order_000649,1,boleto,3,25.95
order_000650,1,debit_card,2,21.05
order_000651,1,credit_card,4,58.04
order_000652,1,credit_card,2,109.58
order_000653,1,voucher,2,53.99999999999999
order_000654,1,credit_card,3,30.97
order_000655,1,debit_card,3,37.75
order_000656,1,boleto,2,34.269999999999996
order_000657,1,boleto,4,125.63999999999999
order_000658,1,boleto,5,161.2
order_000659,1,boleto,5,31.32
order_000660,1,debit_card,6,30.3
order_000661,1,debit_card,1,71.32
order_000662,1,boleto,2,57.22
order_000663,1,voucher,4,106.48
order_000664,1,credit_card,1,22.12
order_000664,2,boleto,1,18.36
order_000665,1,boleto,4,32.67
order_000666,1,credit_card,4,34.980000000000004
order_000667,1,voucher,4,24.21
order_000668,1,boleto,6,67.38
order_000669,1,credit_card,1,15.89
order_000669,2,voucher,1,11.69
order_000670,1,credit_card,6,63.61
order_000671,1,boleto,2,62.43000000000001
order_000672,1,voucher,5,21.19
order_000673,1,debit_card,5,22.08
order_000674,1,debit_card,2,24.04
order_000675,1,boleto,2,49.25
order_000676,1,boleto,1,11.0
order_000677,1,boleto,5,41.160000000000004
order_000678,1,boleto,3,37.11
order_000679,1,voucher,7,20.63
order_000680,1,credit_card,5,60.83
order_000681,1,debit_card,1,36.459999999999994
order_000682,1,boleto,3,17.689999999999998
order_000683,1,debit_card,1,135.85
order_000684,1,debit_card,5,65.13
order_000685,1,credit_card,7,41.87
order_000686,1,debit_card,6,20.8
order_000687,1,boleto,2,30.990000000000002
order_000688,1,debit_card,2,32.47
order_000689,1,boleto,7,45.42
order_000690,1,debit_card,1,92.92999999999999
order_000691,1,debit_card,5,44.37
order_000692,1,debit_card,2,77.02
order_000693,1,debit_card,3,24.87
order_000694,1,boleto,1,19.59
order_000695,1,voucher,2,126.75
order_000696,1,boleto,1,48.73
order_000697,1,voucher,4,142.42
order_000698,1,voucher,4,185.41
order_000699,1,debit_card,4,37.87
order_000700,1,credit_card,1,73.35
order_000701,1,credit_card,1,22.95
order_000701,2,boleto,1,14.6
order_000702,1,debit_card,6,73.59
order_000703,1,boleto,2,27.14
order_000704,1,boleto,3,70.49
order_000705,1,voucher,5,38.43
order_000706,1,voucher,6,59.81
order_000707,1,voucher,5,70.47
order_000708,1,boleto,2,86.04
order_000709,1,boleto,5,47.08
order_000710,1,credit_card,4,45.29
order_000711,1,credit_card,2,38.07
order_000712,1,voucher,3,119.42
order_000713,1,voucher,4,111.73
order_000714,1,boleto,4,181.98
order_000715,1,debit_card,4,62.04
order_000716,1,debit_card,3,19.28
order_000717,1,voucher,3,15.02
order_000718,1,debit_card,7,156.99
order_000719,1,boleto,2,21.65
order_000720,1,boleto,1,104.08
order_000721,1,credit_card,1,59.05
order_000721,2,voucher,1,63.98
order_000722,1,credit_card,5,140.92000000000002
order_000723,1,boleto,1,41.77
order_000723,2,voucher,1,43.82
order_000724,1,credit_card,1,11.78
order_000725,1,boleto,5,33.17
order_000726,1,debit_card,5,88.78
order_000727,1,boleto,2,96.25
order_000728,1,voucher,5,100.33
order_000729,1,credit_card,7,59.51
order_000730,1,boleto,4,98.61000000000001
order_000731,1,boleto,3,48.629999999999995
order_000732,1,debit_card,4,98.39999999999999
order_000733,1,credit_card,3,77.38
order_000734,1,boleto,6,42.69
order_000735,1,credit_card,3,42.03
order_000736,1,voucher,1,62.92
order_000736,2,boleto,1,61.83
order_000737,1,voucher,4,111.19
order_000738,1,debit_card,4,89.58999999999999
order_000739,1,boleto,3,60.37
order_000740,1,credit_card,7,76.62
order_000741,1,boleto,2,22.63
order_000742,1,credit_card,5,25.98
order_000743,1,boleto,4,41.74
order_000744,1,credit_card,3,55.129999999999995
order_000745,1,boleto,5,73.63
order_000746,1,voucher,2,109.65
order_000747,1,debit_card,7,150.07
order_000748,1,credit_card,6,79.37
order_000749,1,debit_card,6,96.84
order_000750,1,debit_card,7,71.5
order_000751,1,credit_card,1,36.16
order_000751,2,debit_card,1,20.51
order_000752,1,debit_card,2,14.3
order_000753,1,debit_card,6,39.97
order_000754,1,boleto,7,46.95
order_000755,1,voucher,4,30.28
order_000756,1,voucher,5,69.11
order_000757,1,voucher,7,67.3
order_000758,1,boleto,2,144.42
order_000759,1,voucher,4,69.3
order_000760,1,debit_card,7,59.18
order_000761,1,debit_card,6,87.78999999999999
order_000762,1,voucher,4,58.48
order_000763,1,debit_card,3,80.23
order_000764,1,debit_card,7,37.4
order_000765,1,voucher,7,18.119999999999997
order_000766,1,boleto,1,42.949999999999996
order_000767,1,voucher,3,131.37
order_000768,1,voucher,1,15.19
order_000768,2,debit_card,1,16.76
order_000769,1,boleto,7,117.79
order_000770,1,voucher,6,30.009999999999998
order_000771,1,boleto,7,57.72
order_000772,1,voucher,6,99.04
order_000773,1,debit_card,7,16.58
order_000774,1,voucher,7,18.18
order_000775,1,credit_card,5,39.44
order_000776,1,boleto,5,75.88
order_000777,1,debit_card,7,51.25
order_000778,1,credit_card,6,81.8
order_000779,1,debit_card,5,14.77
order_000780,1,voucher,5,51.629999999999995
order_000781,1,debit_card,1,11.0
order_000782,1,debit_card,7,182.73000000000002
order_000783,1,credit_card,3,32.36
order_000784,1,credit_card,1,21.09
order_000784,2,boleto,1,23.97
order_000785,1,voucher,7,85.47999999999999
order_000786,1,debit_card,1,129.49
order_000786,2,voucher,1,97.69
order_000787,1,boleto,1,141.38
order_000788,1,credit_card,3,12.55
order_000789,1,debit_card,7,24.71
order_000790,1,voucher,1,52.51
order_000790,2,debit_card,1,48.07
order_000791,1,credit_card,3,81.96
order_000792,1,voucher,1,67.59
order_000792,2,boleto,1,37.14
order_000793,1,voucher,4,37.2
order_000794,1,voucher,3,20.92
order_000795,1,credit_card,6,89.72
order_000796,1,voucher,7,66.75
order_000797,1,voucher,3,100.83
order_000798,1,debit_card,7,129.69
order_000799,1,voucher,1,44.480000000000004
order_000800,1,debit_card,5,59.96
order_000801,1,boleto,3,17.98
order_000802,1,credit_card,1,51.64
order_000803,1,boleto,5,94.52
order_000804,1,voucher,4,33.45
order_000805,1,voucher,4,59.309999999999995
order_000806,1,voucher,6,84.69
order_000807,1,debit_card,4,13.23
order_000808,1,voucher,3,32.160000000000004
order_000809,1,debit_card,6,55.46
order_000810,1,credit_card,6,179.47
order_000811,1,credit_card,4,99.62
order_000812,1,debit_card,5,40.02
order_000813,1,credit_card,4,42.79
order_000814,1,debit_card,5,56.559999999999995
order_000815,1,debit_card,3,43.44
order_000816,1,boleto,6,62.64
order_000817,1,voucher,5,48.269999999999996
order_000818,1,debit_card,1,25.79
order_000818,2,boleto,1,17.73
order_000819,1,credit_card,1,16.35
order_000819,2,boleto,1,9.19
order_000820,1,boleto,7,51.36
order_000821,1,voucher,4,11.0
order_000822,1,voucher,4,43.84
order_000823,1,boleto,7,11.91
order_000824,1,voucher,7,64.65
order_000825,1,credit_card,2,88.74
order_000826,1,debit_card,1,38.08
order_000826,2,credit_card,1,41.93
order_000827,1,boleto,1,150.21
order_000828,1,credit_card,7,61.31
order_000829,1,credit_card,1,48.36
order_000830,1,boleto,3,29.62
order_000831,1,debit_card,3,53.239999999999995
order_000832,1,credit_card,7,28.06
order_000833,1,voucher,3,26.56
order_000834,1,credit_card,2,32.31
order_000835,1,voucher,6,120.80999999999999
order_000836,1,debit_card,5,50.71
order_000837,1,boleto,3,79.28
order_000838,1,debit_card,1,63.21
order_000838,2,voucher,1,37.62
order_000839,1,boleto,2,67.27
order_000840,1,voucher,3,25.17
order_000841,1,credit_card,7,55.28
order_000842,1,voucher,3,59.14
order_000843,1,debit_card,1,9.05
order_000843,2,credit_card,1,7.42
order_000844,1,credit_card,7,41.29
order_000845,1,debit_card,4,17.4
order_000846,1,voucher,1,39.23
order_000846,2,debit_card,1,37.81
order_000847,1,boleto,5,22.63
order_000848,1,voucher,3,13.89
order_000849,1,debit_card,5,34.19
order_000850,1,credit_card,7,18.6
order_000851,1,debit_card,6,58.0
order_000852,1,boleto,4,115.12
order_000853,1,credit_card,5,16.060000000000002
order_000854,1,boleto,6,33.3
order_000855,1,boleto,6,91.32
order_000856,1,voucher,7,48.660000000000004
order_000857,1,debit_card,6,29.110000000000003
order_000858,1,boleto,1,30.45
order_000859,1,voucher,6,24.57
order_000860,1,voucher,1,140.39
order_000861,1,debit_card,6,62.2
order_000862,1,debit_card,1,16.1
order_000863,1,voucher,3,68.24
order_000864,1,voucher,3,16.630000000000003
order_000865,1,debit_card,7,24.62
order_000866,1,debit_card,7,52.7
order_000867,1,voucher,4,93.71
order_000868,1,voucher,1,42.1
order_000868,2,boleto,1,33.84
order_000869,1,voucher,3,23.91
order_000870,1,credit_card,7,88.88
order_000871,1,boleto,4,79.85
order_000872,1,voucher,2,100.55000000000001
order_000873,1,credit_card,4,139.32
order_000874,1,voucher,7,72.74000000000001
order_000875,1,debit_card,7,32.85
order_000876,1,debit_card,6,25.470000000000002
order_000877,1,voucher,3,49.06
order_000878,1,boleto,6,86.17
order_000879,1,boleto,7,11.0
order_000880,1,credit_card,4,33.15
order_000881,1,credit_card,3,101.76
order_000882,1,debit_card,2,113.15
order_000883,1,debit_card,7,59.75
order_000884,1,voucher,7,68.25
order_000885,1,voucher,7,43.0
order_000886,1,boleto,3,25.77
order_000887,1,boleto,7,69.67
order_000888,1,credit_card,7,18.48
order_000889,1,debit_card,4,61.85
order_000890,1,debit_card,1,76.01
order_000891,1,boleto,3,41.97
order_000892,1,boleto,1,63.769999999999996
order_000893,1,credit_card,3,18.54
order_000894,1,boleto,7,106.77000000000001
order_000895,1,boleto,6,73.72
order_000896,1,debit_card,1,72.34
order_000896,2,credit_card,1,41.93
order_000897,1,debit_card,4,72.06
order_000898,1,voucher,3,89.39
order_000899,1,credit_card,3,25.46
order_000900,1,debit_card,2,59.540000000000006
order_000901,1,boleto,6,82.25
order_000902,1,voucher,3,77.44
order_000903,1,voucher,5,34.81
order_000904,1,voucher,3,23.02
order_000905,1,debit_card,7,35.39
order_000906,1,voucher,2,27.67
order_000907,1,boleto,6,38.37
order_000908,1,debit_card,6,37.42
order_000909,1,boleto,7,81.28
order_000910,1,boleto,7,55.95
order_000911,1,debit_card,1,9.96
order_000911,2,voucher,1,7.65
order_000912,1,voucher,2,52.51
order_000913,1,voucher,1,15.13
order_000913,2,credit_card,1,11.26
order_000914,1,credit_card,2,124.72
order_000915,1,credit_card,1,21.439999999999998
order_000916,1,debit_card,1,40.69
order_000917,1,voucher,5,68.97
order_000918,1,voucher,1,25.78
order_000918,2,credit_card,1,16.0
order_000919,1,voucher,2,18.11
order_000920,1,voucher,1,67.67
order_000920,2,boleto,1,48.65
order_000921,1,debit_card,2,42.31
order_000922,1,boleto,6,57.29
order_000923,1,debit_card,1,154.89999999999998
order_000924,1,debit_card,5,120.61999999999999
order_000925,1,credit_card,1,14.41
order_000926,1,credit_card,1,71.95
order_000927,1,boleto,2,20.57
order_000928,1,credit_card,3,69.93
order_000929,1,debit_card,7,14.97
order_000930,1,debit_card,4,37.510000000000005
order_000931,1,voucher,4,100.81
order_000932,1,voucher,6,101.18
order_000933,1,boleto,2,45.879999999999995
order_000934,1,debit_card,5,123.97
order_000935,1,voucher,5,154.74
order_000936,1,credit_card,6,23.47
order_000937,1,debit_card,1,50.96
order_000938,1,boleto,5,16.130000000000003
order_000939,1,debit_card,1,153.16
order_000940,1,credit_card,4,21.96
order_000941,1,credit_card,3,281.09000000000003
order_000942,1,voucher,6,16.490000000000002
order_000943,1,credit_card,6,54.35
order_000944,1,boleto,5,23.67
order_000945,1,voucher,1,58.54
order_000945,2,boleto,1,62.43
order_000946,1,boleto,2,27.669999999999998
order_000947,1,credit_card,3,45.75
order_000948,1,boleto,2,148.96
order_000949,1,boleto,5,25.16
order_000950,1,boleto,1,51.18
order_000951,1,debit_card,1,64.5
order_000952,1,voucher,2,11.0
order_000953,1,boleto,1,19.3
order_000953,2,voucher,1,12.25
order_000954,1,credit_card,7,76.9
order_000955,1,debit_card,5,140.3
order_000956,1,debit_card,6,53.35
order_000957,1,voucher,1,41.83
order_000957,2,debit_card,1,23.98
order_000958,1,voucher,3,47.26
order_000959,1,boleto,2,31.23
order_000960,1,voucher,3,58.95
order_000961,1,debit_card,1,121.27
order_000962,1,credit_card,6,64.17
order_000963,1,boleto,4,19.15
order_000964,1,boleto,2,50.660000000000004
order_000965,1,boleto,1,18.240000000000002
order_000966,1,voucher,1,43.410000000000004
order_000967,1,debit_card,3,29.150000000000002
order_000968,1,credit_card,4,59.93
order_000969,1,boleto,1,67.88
order_000970,1,boleto,3,86.09
order_000971,1,voucher,6,87.09
order_000972,1,voucher,1,27.81
order_000972,2,credit_card,1,28.16
order_000973,1,credit_card,4,18.130000000000003
order_000974,1,credit_card,1,103.78
order_000975,1,debit_card,5,51.68000000000001
order_000976,1,voucher,7,69.79
order_000977,1,voucher,2,30.19
order_000978,1,debit_card,4,87.33
order_000979,1,debit_card,7,66.62
order_000980,1,credit_card,6,155.14
order_000981,1,credit_card,6,86.23
order_000982,1,voucher,2,22.009999999999998
order_000983,1,debit_card,4,30.39
order_000984,1,boleto,7,34.16
order_000985,1,voucher,2,48.09
order_000986,1,debit_card,1,22.68
order_000987,1,voucher,3,17.3
order_000988,1,debit_card,2,11.28
order_000989,1,voucher,4,124.99
order_000990,1,boleto,5,11.97
order_000991,1,boleto,3,37.78
order_000992,1,boleto,2,29.020000000000003
order_000993,1,debit_card,1,41.22
order_000993,2,boleto,1,34.82
order_000994,1,debit_card,1,82.1
order_000995,1,credit_card,2,28.580000000000002
order_000996,1,credit_card,4,87.4
order_000997,1,debit_card,2,79.8
order_000998,1,credit_card,1,17.52
order_000999,1,boleto,3,94.7
order_001000,1,credit_card,1,24.48
order_001000,2,debit_card,1,22.87
order_001001,1,voucher,1,49.05
order_001002,1,debit_card,4,15.36
order_001003,1,debit_card,5,12.13
order_001004,1,debit_card,3,27.01
order_001005,1,credit_card,6,25.43
order_001006,1,debit_card,1,94.17
order_001007,1,credit_card,3,102.39
order_001008,1,boleto,6,40.99
order_001009,1,voucher,1,126.22999999999999
order_001010,1,boleto,2,37.370000000000005
order_001011,1,voucher,5,14.94
order_001012,1,voucher,3,142.70000000000002
order_001013,1,voucher,2,66.41
order_001014,1,boleto,4,33.54
order_001015,1,credit_card,5,15.58
order_001016,1,debit_card,6,34.85
order_001017,1,credit_card,3,24.32
order_001018,1,voucher,5,68.98
order_001019,1,debit_card,7,28.09
order_001020,1,voucher,7,28.46
order_001021,1,boleto,5,148.53
order_001022,1,boleto,4,66.28999999999999
order_001023,1,voucher,6,76.04
order_001024,1,voucher,7,28.159999999999997
order_001025,1,boleto,1,9.5
order_001025,2,debit_card,1,9.7
order_001026,1,credit_card,7,78.41
order_001027,1,debit_card,4,148.66
order_001028,1,voucher,1,35.17
order_001028,2,credit_card,1,40.41
order_001029,1,voucher,1,64.26
order_001029,2,debit_card,1,44.39
order_001030,1,debit_card,1,41.3
order_001031,1,credit_card,7,20.81
order_001032,1,boleto,1,101.78999999999999
order_001033,1,boleto,1,144.72
order_001034,1,voucher,6,115.57000000000001
order_001035,1,voucher,5,84.0
order_001036,1,boleto,5,25.65
order_001037,1,voucher,3,33.269999999999996
order_001038,1,boleto,1,22.77
order_001039,1,boleto,5,12.21
order_001040,1,debit_card,2,71.82
order_001041,1,credit_card,1,65.07
order_001041,2,boleto,1,42.81
order_001042,1,debit_card,2,108.09
order_001043,1,credit_card,3,168.15
order_001044,1,boleto,2,104.11
order_001045,1,credit_card,5,43.92
order_001046,1,credit_card,6,33.370000000000005
order_001047,1,boleto,2,59.89
order_001048,1,debit_card,1,19.29
order_001049,1,credit_card,5,124.33
order_001050,1,credit_card,7,186.67000000000002
order_001051,1,boleto,3,61.5
order_001052,1,boleto,5,82.48
order_001053,1,boleto,1,62.54
order_001054,1,credit_card,4,11.0
order_001055,1,credit_card,4,35.339999999999996
order_001056,1,debit_card,4,52.93
order_001057,1,debit_card,4,11.52
order_001058,1,credit_card,4,69.36999999999999
order_001059,1,voucher,7,17.869999999999997
order_001060,1,boleto,1,114.97
order_001061,1,voucher,3,11.0
order_001062,1,debit_card,3,42.51
order_001063,1,voucher,6,84.41
order_001064,1,voucher,3,37.96
order_001065,1,boleto,1,88.93
order_001066,1,credit_card,1,30.04
order_001067,1,credit_card,1,90.86
order_001068,1,debit_card,1,14.75
order_001068,2,voucher,1,11.09
order_001069,1,credit_card,1,34.64
order_001070,1,credit_card,4,45.69
order_001071,1,debit_card,3,18.97
order_001072,1,voucher,2,48.559999999999995
order_001073,1,debit_card,1,20.73
order_001074,1,boleto,7,17.77
order_001075,1,boleto,6,19.48
order_001076,1,boleto,6,154.85000000000002
order_001077,1,credit_card,4,43.19
order_001078,1,boleto,7,51.0
order_001079,1,credit_card,7,134.43
order_001080,1,debit_card,3,23.61
order_001081,1,boleto,6,19.46
order_001082,1,credit_card,1,106.04
order_001082,2,debit_card,1,89.1
order_001083,1,voucher,7,19.36
order_001084,1,debit_card,1,44.97
order_001085,1,voucher,7,58.8
order_001086,1,boleto,3,25.21
order_001087,1,boleto,5,214.51999999999998
order_001088,1,boleto,6,54.06999999999999
order_001089,1,boleto,7,31.060000000000002
order_001090,1,boleto,3,79.07999999999998
order_001091,1,debit_card,6,28.33
order_001092,1,boleto,5,43.92
order_001093,1,boleto,3,48.06
order_001094,1,boleto,6,60.11
order_001095,1,debit_card,7,73.78
order_001096,1,boleto,4,13.71
order_001097,1,credit_card,6,43.69
order_001098,1,credit_card,5,52.68
order_001099,1,debit_card,6,79.27000000000001
order_001100,1,debit_card,5,131.71
order_001101,1,debit_card,5,12.67
order_001102,1,voucher,1,71.06
order_001103,1,voucher,1,107.16
order_001104,1,boleto,3,22.34
order_001105,1,boleto,6,41.53
order_001106,1,voucher,1,20.41
order_001107,1,boleto,1,17.82
order_001108,1,debit_card,2,149.31
order_001109,1,boleto,7,65.07000000000001
order_001110,1,debit_card,1,22.49
order_001110,2,boleto,1,13.35
order_001111,1,voucher,7,27.03
order_001112,1,voucher,7,67.21
order_001113,1,credit_card,7,107.86
order_001114,1,debit_card,1,71.5
order_001114,2,boleto,1,77.45
order_001115,1,credit_card,2,23.0
order_001116,1,boleto,1,145.56
order_001117,1,boleto,7,78.41
order_001118,1,debit_card,4,27.97
order_001119,1,boleto,2,56.29
order_001120,1,debit_card,2,21.14
order_001121,1,credit_card,1,36.44
order_001122,1,debit_card,3,121.49
order_001123,1,boleto,1,56.83
order_001124,1,boleto,2,39.62
order_001125,1,debit_card,4,242.69000000000003
order_001126,1,credit_card,5,111.5
order_001127,1,credit_card,6,38.73
order_001128,1,debit_card,1,92.66
order_001129,1,boleto,2,21.01
order_001130,1,debit_card,1,27.39
order_001130,2,boleto,1,30.01
order_001131,1,credit_card,1,85.77
order_001132,1,credit_card,5,57.25
order_001133,1,debit_card,7,20.59
order_001134,1,voucher,1,56.760000000000005
order_001135,1,debit_card,7,35.33
order_001136,1,voucher,4,19.6
order_001137,1,debit_card,3,43.879999999999995
order_001138,1,boleto,6,365.83000000000004
order_001139,1,credit_card,6,32.05
order_001140,1,voucher,3,109.56
order_001141,1,debit_card,2,11.0
order_001142,1,voucher,1,15.5
order_001142,2,debit_card,1,15.59
order_001143,1,credit_card,4,72.85
order_001144,1,voucher,3,37.45
order_001145,1,credit_card,3,24.81
order_001146,1,boleto,5,37.41
order_001147,1,voucher,5,206.79999999999998
order_001148,1,boleto,6,74.8
order_001149,1,boleto,7,59.620000000000005
order_001150,1,credit_card,1,18.94
order_001150,2,boleto,1,12.66
order_001151,1,credit_card,4,22.19
order_001152,1,voucher,5,63.66
order_001153,1,credit_card,2,18.17
order_001154,1,voucher,5,65.74000000000001
order_001155,1,credit_card,5,46.54
order_001156,1,credit_card,3,24.83
order_001157,1,credit_card,1,60.14
order_001158,1,debit_card,7,27.41
order_001159,1,voucher,1,109.07
order_001160,1,boleto,3,26.72
order_001161,1,boleto,2,45.739999999999995
order_001162,1,credit_card,7,57.10000000000001
order_001163,1,debit_card,1,35.15
order_001164,1,boleto,1,47.79
order_001165,1,voucher,1,22.65
order_001165,2,credit_card,1,20.76
order_001166,1,voucher,3,14.02
order_001167,1,credit_card,7,91.82000000000001
order_001168,1,boleto,6,22.92
order_001169,1,voucher,2,54.64
order_001170,1,boleto,3,93.47999999999999
order_001171,1,debit_card,4,14.4
order_001172,1,voucher,2,70.2
order_001173,1,credit_card,2,12.75
order_001174,1,credit_card,3,87.13
order_001175,1,boleto,2,33.19
order_001176,1,debit_card,2,73.06
order_001177,1,credit_card,3,20.71
order_001178,1,debit_card,6,83.13
order_001179,1,boleto,5,11.0
order_001180,1,credit_card,1,22.55
order_001181,1,voucher,4,161.68
order_001182,1,credit_card,2,68.55
order_001183,1,boleto,1,21.52
order_001184,1,boleto,4,56.14
order_001185,1,boleto,1,31.2
order_001185,2,voucher,1,32.49
order_001186,1,credit_card,1,7.21
order_001186,2,voucher,1,7.26
order_001187,1,debit_card,1,41.91
order_001187,2,voucher,1,31.85
order_001188,1,credit_card,2,43.97
order_001189,1,debit_card,2,30.58
order_001190,1,boleto,3,31.36
order_001191,1,debit_card,1,19.87
order_001192,1,credit_card,5,100.38
order_001193,1,debit_card,5,94.05999999999999
order_001194,1,debit_card,4,40.85
order_001195,1,boleto,2,30.32
order_001196,1,debit_card,1,75.78
order_001196,2,credit_card,1,57.02
order_001197,1,credit_card,3,41.919999999999995
order_001198,1,voucher,7,46.83
order_001199,1,voucher,6,41.65
order_001200,1,debit_card,6,87.84
order_001201,1,boleto,7,49.06
order_001202,1,debit_card,5,20.840000000000003
order_001203,1,credit_card,6,17.310000000000002
order_001204,1,voucher,6,95.25
order_001205,1,credit_card,3,51.4
order_001206,1,voucher,1,41.63
order_001207,1,voucher,5,59.29
order_001208,1,voucher,6,23.2
order_001209,1,boleto,2,86.61
order_001210,1,credit_card,2,122.41999999999999
order_001211,1,boleto,7,186.13
order_001212,1,debit_card,1,37.16
order_001213,1,voucher,4,41.86
order_001214,1,credit_card,6,75.64
order_001215,1,credit_card,1,20.9
order_001216,1,boleto,1,55.86
order_001216,2,voucher,1,43.51
order_001217,1,credit_card,6,55.199999999999996
order_001218,1,boleto,2,14.68
order_001219,1,boleto,4,41.34
order_001220,1,voucher,2,33.21
order_001221,1,credit_card,5,89.54
order_001222,1,debit_card,7,82.11
order_001223,1,debit_card,2,139.02
order_001224,1,debit_card,5,29.12
order_001225,1,voucher,3,42.21
order_001226,1,debit_card,1,31.1
order_001227,1,debit_card,7,20.32
order_001228,1,debit_card,7,39.22
order_001229,1,debit_card,6,68.80000000000001
order_001230,1,credit_card,3,35.019999999999996
order_001231,1,credit_card,3,37.45
order_001232,1,voucher,7,68.37
order_001233,1,voucher,6,25.65
order_001234,1,debit_card,6,17.41
order_001235,1,credit_card,7,54.67
order_001236,1,boleto,2,61.21
order_001237,1,boleto,4,64.74000000000001
order_001238,1,voucher,3,35.339999999999996
order_001239,1,voucher,3,43.21
order_001240,1,debit_card,1,19.619999999999997
order_001241,1,voucher,4,56.26
order_001242,1,boleto,3,152.89000000000001
order_001243,1,credit_card,2,32.05
order_001244,1,voucher,2,24.48
order_001245,1,credit_card,4,29.87
order_001246,1,voucher,3,55.99
order_001247,1,credit_card,6,12.51
order_001248,1,credit_card,7,83.34
order_001249,1,boleto,6,147.66
order_001250,1,voucher,2,62.77
order_001251,1,debit_card,3,73.53
order_001252,1,voucher,6,44.72
order_001253,1,boleto,6,27.14
order_001254,1,debit_card,2,20.61
order_001255,1,credit_card,1,30.380000000000003
order_001256,1,credit_card,4,106.19000000000001
order_001257,1,boleto,3,94.1
order_001258,1,voucher,3,29.66
order_001259,1,voucher,3,61.89
order_001260,1,debit_card,2,34.0
order_001261,1,voucher,3,121.23
order_001262,1,credit_card,2,72.17
order_001263,1,debit_card,7,215.74
order_001264,1,credit_card,2,107.65999999999998
order_001265,1,voucher,6,38.28
order_001266,1,voucher,1,73.75999999999999
order_001267,1,boleto,4,121.97999999999999
order_001268,1,voucher,6,30.09
order_001269,1,credit_card,7,20.8
order_001270,1,boleto,5,106.04999999999998
order_001271,1,debit_card,5,24.48
order_001272,1,credit_card,2,25.82
order_001273,1,debit_card,1,39.5
order_001274,1,voucher,4,25.24
order_001275,1,debit_card,7,110.56
order_001276,1,credit_card,7,523.85
order_001277,1,debit_card,7,344.93
order_001278,1,voucher,7,44.489999999999995
order_001279,1,credit_card,1,75.5
order_001280,1,boleto,2,24.55
order_001281,1,debit_card,5,60.47
order_001282,1,boleto,1,62.53000000000001
order_001283,1,credit_card,5,96.66
order_001284,1,credit_card,5,23.78
order_001285,1,credit_card,3,28.08
order_001286,1,credit_card,2,51.27
order_001287,1,voucher,3,70.29
order_001288,1,boleto,1,21.98
order_001288,2,credit_card,1,13.19
order_001289,1,debit_card,4,64.36
order_001290,1,boleto,2,171.3
order_001291,1,boleto,3,46.63
order_001292,1,voucher,5,21.43
order_001293,1,credit_card,1,64.96
order_001294,1,debit_card,7,32.82
order_001295,1,credit_card,5,49.21
order_001296,1,boleto,7,25.42
order_001297,1,debit_card,5,25.490000000000002
order_001298,1,boleto,3,23.99
order_001299,1,boleto,4,17.0
order_001300,1,credit_card,1,45.540000000000006
order_001301,1,credit_card,1,26.43
order_001301,2,boleto,1,30.85
order_001302,1,boleto,1,19.57
order_001303,1,boleto,1,24.43
order_001304,1,boleto,1,36.18
order_001305,1,boleto,1,121.75
order_001306,1,boleto,3,40.6
order_001307,1,voucher,3,17.119999999999997
order_001308,1,debit_card,7,21.97
order_001309,1,boleto,1,15.11
order_001309,2,voucher,1,9.5
order_001310,1,debit_card,3,232.66
order_001311,1,boleto,2,30.8
order_001312,1,credit_card,1,118.35000000000001
order_001313,1,voucher,1,25.24
order_001314,1,debit_card,2,56.14
order_001315,1,voucher,7,68.36
order_001316,1,credit_card,1,175.01
order_001317,1,boleto,6,80.75
order_001318,1,boleto,4,13.97
order_001319,1,voucher,5,14.21
order_001320,1,debit_card,2,43.25
order_001321,1,voucher,1,46.98
order_001321,2,credit_card,1,30.18
order_001322,1,voucher,6,32.09
order_001323,1,credit_card,4,55.449999999999996
order_001324,1,debit_card,6,28.130000000000003
order_001325,1,voucher,5,67.57
order_001326,1,voucher,6,49.730000000000004
order_001327,1,boleto,7,48.85
order_001328,1,voucher,7,56.62
order_001329,1,credit_card,4,29.94
order_001330,1,boleto,4,13.89
order_001331,1,credit_card,3,66.9
order_001332,1,debit_card,1,28.66
order_001333,1,boleto,5,222.47
order_001334,1,voucher,7,53.79
order_001335,1,credit_card,2,76.38999999999999
order_001336,1,voucher,2,49.88
order_001337,1,boleto,1,46.56
order_001337,2,credit_card,1,25.1
order_001338,1,debit_card,5,34.269999999999996
order_001339,1,boleto,7,104.17999999999999
order_001340,1,debit_card,1,23.09
order_001340,2,boleto,1,15.31
order_001341,1,debit_card,1,166.4
order_001342,1,credit_card,2,62.56
order_001343,1,voucher,1,174.08
order_001344,1,voucher,1,44.74
order_001345,1,voucher,1,14.9
order_001345,2,boleto,1,9.28
order_001346,1,debit_card,7,87.11999999999999
order_001347,1,voucher,2,151.4
order_001348,1,credit_card,7,98.87
order_001349,1,voucher,4,59.64999999999999
order_001350,1,credit_card,1,22.4
order_001350,2,voucher,1,19.41
order_001351,1,credit_card,3,57.83
order_001352,1,credit_card,1,11.98
order_001352,2,voucher,1,10.65
order_001353,1,boleto,6,47.85
order_001354,1,debit_card,1,20.69
order_001355,1,voucher,7,49.82
order_001356,1,voucher,2,25.8
order_001357,1,credit_card,5,111.17999999999999
order_001358,1,credit_card,6,106.68
order_001359,1,debit_card,3,74.28
order_001360,1,voucher,4,97.99
order_001361,1,debit_card,1,41.089999999999996
order_001362,1,voucher,3,26.799999999999997
order_001363,1,boleto,7,134.81
order_001364,1,voucher,1,5.91
order_001364,2,debit_card,1,5.38
order_001365,1,voucher,7,67.8
order_001366,1,debit_card,2,114.19
order_001367,1,credit_card,4,36.69
order_001368,1,voucher,7,103.78999999999999
order_001369,1,credit_card,7,60.19
order_001370,1,boleto,5,92.92999999999999
order_001371,1,voucher,2,266.71
order_001372,1,credit_card,3,50.3
order_001373,1,debit_card,6,19.45
order_001374,1,boleto,6,15.25
order_001375,1,boleto,1,77.34
order_001376,1,debit_card,6,45.35
order_001377,1,debit_card,5,38.18
order_001378,1,debit_card,7,21.76
order_001379,1,voucher,6,36.39
order_001380,1,voucher,3,54.15
order_001381,1,credit_card,5,46.38
order_001382,1,voucher,6,27.32
order_001383,1,boleto,1,26.82
order_001383,2,credit_card,1,24.9
order_001384,1,credit_card,4,60.38
order_001385,1,debit_card,6,40.99
order_001386,1,debit_card,5,14.65
order_001387,1,credit_card,1,106.14
order_001388,1,debit_card,4,40.4
order_001389,1,voucher,5,99.51
order_001390,1,voucher,7,37.940000000000005
order_001391,1,credit_card,2,94.75
order_001392,1,credit_card,5,65.95
order_001393,1,voucher,4,32.4
order_001394,1,debit_card,4,24.880000000000003
order_001395,1,debit_card,2,69.53999999999999
order_001396,1,boleto,4,71.14
order_001397,1,debit_card,1,79.72
order_001398,1,boleto,3,50.49
order_001399,1,debit_card,3,14.34
order_001400,1,boleto,2,80.45
order_001401,1,voucher,7,87.71000000000001
order_001402,1,debit_card,5,77.58
order_001403,1,voucher,7,52.32
order_001404,1,credit_card,6,11.61
order_001405,1,boleto,4,81.03
order_001406,1,credit_card,5,41.379999999999995
order_001407,1,boleto,2,154.9
order_001408,1,debit_card,2,21.22
order_001409,1,voucher,4,22.32
order_001410,1,debit_card,2,55.589999999999996
order_001411,1,voucher,6,131.66
order_001412,1,boleto,3,68.85
order_001413,1,boleto,1,106.55999999999999
order_001414,1,debit_card,5,15.61
order_001415,1,boleto,4,53.13
order_001416,1,credit_card,2,50.91
order_001417,1,credit_card,1,32.4
order_001418,1,debit_card,5,36.989999999999995
order_001419,1,credit_card,6,51.92
order_001420,1,voucher,2,57.300000000000004
order_001421,1,boleto,6,172.67
order_001422,1,boleto,5,42.54
order_001423,1,boleto,6,58.17
order_001424,1,voucher,1,34.23
order_001425,1,voucher,7,39.43
order_001426,1,credit_card,1,31.75
order_001426,2,boleto,1,22.82
order_001427,1,debit_card,1,37.28
order_001428,1,voucher,6,23.6
order_001429,1,credit_card,7,107.03999999999999
order_001430,1,debit_card,4,25.79
order_001431,1,voucher,1,39.05
order_001432,1,boleto,1,107.34
order_001433,1,voucher,6,61.580000000000005
order_001434,1,boleto,3,33.36
order_001435,1,credit_card,2,194.14000000000001
order_001436,1,boleto,4,80.03
order_001437,1,voucher,1,5.29
order_001437,2,credit_card,1,5.71
order_001438,1,boleto,2,94.95
order_001439,1,boleto,6,25.189999999999998
order_001440,1,debit_card,3,22.03
order_001441,1,debit_card,1,23.29
order_001442,1,debit_card,2,93.77999999999999
order_001443,1,boleto,5,52.34
order_001444,1,voucher,1,16.98
order_001444,2,credit_card,1,15.02
order_001445,1,credit_card,2,68.39
order_001446,1,voucher,3,45.400000000000006
order_001447,1,debit_card,7,74.73
order_001448,1,debit_card,7,17.66
order_001449,1,voucher,4,12.26
order_001450,1,credit_card,5,77.03999999999999
order_001451,1,boleto,1,43.08
order_001451,2,voucher,1,46.45
order_001452,1,voucher,6,12.39
order_001453,1,credit_card,1,92.06
order_001454,1,credit_card,6,73.15
order_001455,1,debit_card,1,15.62
order_001455,2,boleto,1,12.07
order_001456,1,debit_card,1,14.87
order_001457,1,credit_card,6,48.89
order_001458,1,debit_card,5,36.82
order_001459,1,credit_card,3,24.8
order_001460,1,voucher,6,68.43
order_001461,1,voucher,5,130.23
order_001462,1,boleto,1,30.8
order_001463,1,voucher,1,20.81
order_001464,1,voucher,4,21.16
order_001465,1,credit_card,1,24.19
order_001465,2,boleto,1,16.93
order_001466,1,boleto,1,19.51
order_001467,1,debit_card,2,43.37
order_001468,1,credit_card,2,29.85
order_001469,1,voucher,6,28.15
order_001470,1,credit_card,2,35.94
order_001471,1,boleto,3,98.22
order_001472,1,voucher,4,41.92
order_001473,1,voucher,6,69.71000000000001
order_001474,1,voucher,6,53.470000000000006
order_001475,1,credit_card,2,59.26
order_001476,1,boleto,3,68.64
order_001477,1,debit_card,2,19.11
order_001478,1,boleto,7,19.86
order_001479,1,boleto,4,70.87
order_001480,1,boleto,1,36.53
order_001481,1,credit_card,1,29.82
order_001482,1,debit_card,6,40.37
order_001483,1,boleto,3,11.0
order_001484,1,debit_card,7,58.33
order_001485,1,voucher,5,89.2
order_001486,1,credit_card,1,15.16
order_001486,2,debit_card,1,12.08
order_001487,1,voucher,6,142.66
order_001488,1,voucher,5,37.13
order_001489,1,credit_card,1,43.39
order_001490,1,voucher,1,170.27
order_001490,2,debit_card,1,106.02
order_001491,1,voucher,1,19.62
order_001492,1,boleto,1,59.45
order_001492,2,voucher,1,32.8
order_001493,1,credit_card,6,105.19000000000001
order_001494,1,voucher,6,11.0
order_001495,1,debit_card,6,12.3
order_001496,1,credit_card,2,113.27
order_001497,1,boleto,5,110.37
order_001498,1,boleto,2,17.77
order_001499,1,debit_card,3,30.27
order_001500,1,credit_card,6,52.8
order_001501,1,debit_card,7,41.45
order_001502,1,debit_card,3,134.12
order_001503,1,debit_card,6,65.81
order_001504,1,credit_card,5,72.21
order_001505,1,voucher,2,13.33
order_001506,1,boleto,2,114.01
order_001507,1,voucher,4,79.04
order_001508,1,boleto,1,26.6
order_001508,2,debit_card,1,15.56
order_001509,1,boleto,4,96.11
order_001510,1,credit_card,7,183.68
order_001511,1,voucher,7,36.91
order_001512,1,voucher,2,48.58
order_001513,1,voucher,5,36.62
order_001514,1,debit_card,7,55.18
order_001515,1,credit_card,6,16.380000000000003
order_001516,1,voucher,7,31.1
order_001517,1,debit_card,1,52.02
order_001517,2,credit_card,1,38.71
order_001518,1,credit_card,4,31.32
order_001519,1,boleto,3,27.439999999999998
order_001520,1,voucher,7,46.199999999999996
order_001521,1,debit_card,5,50.94
order_001522,1,boleto,3,40.35
order_001523,1,voucher,7,31.36
order_001524,1,voucher,3,37.51
order_001525,1,credit_card,1,34.42
order_001526,1,boleto,6,36.260000000000005
order_001527,1,boleto,1,98.91
order_001527,2,debit_card,1,65.14
order_001528,1,credit_card,4,159.59
order_001529,1,voucher,7,40.550000000000004
order_001530,1,debit_card,3,51.28
order_001531,1,voucher,6,15.83
order_001532,1,debit_card,1,77.35
order_001533,1,debit_card,4,92.85
order_001534,1,debit_card,6,73.75999999999999
order_001535,1,voucher,4,35.65
order_001536,1,boleto,1,150.03
order_001536,2,credit_card,1,114.5
order_001537,1,credit_card,1,77.64
order_001537,2,voucher,1,46.74
order_001538,1,credit_card,6,19.28
order_001539,1,debit_card,7,79.50999999999999
order_001540,1,credit_card,5,25.53
order_001541,1,boleto,1,55.58
order_001542,1,debit_card,5,23.0
order_001543,1,boleto,4,46.68
order_001544,1,boleto,2,86.37
order_001545,1,voucher,1,6.48
order_001545,2,credit_card,1,4.91
order_001546,1,voucher,2,32.56
order_001547,1,credit_card,4,88.52000000000001
order_001548,1,voucher,5,156.88000000000002
order_001549,1,credit_card,4,14.59
order_001550,1,credit_card,4,207.86999999999998
order_001551,1,debit_card,7,69.45
order_001552,1,boleto,4,19.07
order_001553,1,voucher,1,26.79
order_001554,1,boleto,3,17.71
order_001555,1,voucher,2,173.09
order_001556,1,credit_card,3,21.14
order_001557,1,credit_card,5,65.09
order_001558,1,debit_card,5,76.94999999999999
order_001559,1,boleto,5,61.53
order_001560,1,debit_card,7,131.79
order_001561,1,voucher,3,72.82
order_001562,1,boleto,1,63.78
order_001562,2,credit_card,1,74.11
order_001563,1,boleto,4,61.959999999999994
order_001564,1,boleto,3,105.45
order_001565,1,voucher,7,23.05
order_001566,1,boleto,1,11.0
order_001567,1,credit_card,3,17.53
order_001568,1,boleto,1,23.67
order_001569,1,boleto,5,82.0
order_001570,1,boleto,1,39.68
order_001571,1,boleto,5,61.65
order_001572,1,boleto,6,122.89999999999999
order_001573,1,debit_card,7,88.53
order_001574,1,credit_card,2,63.349999999999994
order_001575,1,credit_card,5,16.08
order_001576,1,voucher,3,13.6
order_001577,1,credit_card,3,69.03999999999999
order_001578,1,credit_card,6,140.45
order_001579,1,boleto,7,30.93
order_001580,1,debit_card,2,139.35
order_001581,1,credit_card,1,17.9
order_001581,2,voucher,1,13.53
order_001582,1,boleto,4,116.72999999999999
order_001583,1,credit_card,1,52.46
order_001583,2,boleto,1,33.08
order_001584,1,debit_card,2,53.14
order_001585,1,boleto,1,38.86
order_001586,1,credit_card,7,125.48
order_001587,1,debit_card,4,33.08
order_001588,1,boleto,4,24.11
order_001589,1,credit_card,1,23.17
order_001589,2,debit_card,1,25.43
order_001590,1,boleto,5,69.95
order_001591,1,credit_card,3,96.86
order_001592,1,credit_card,3,79.00000000000001
order_001593,1,credit_card,7,114.12
order_001594,1,voucher,4,34.989999999999995
order_001595,1,boleto,3,38.45
order_001596,1,debit_card,2,32.88
order_001597,1,debit_card,7,134.48000000000002
order_001598,1,boleto,2,36.3
order_001599,1,debit_card,7,73.9
order_001600,1,credit_card,7,89.0
order_001601,1,boleto,6,32.95
order_001602,1,boleto,5,16.91
order_001603,1,debit_card,2,70.97
order_001604,1,boleto,4,42.29
order_001605,1,credit_card,1,15.61
order_001606,1,voucher,6,25.98
order_001607,1,voucher,5,21.1
order_001608,1,boleto,7,191.63
order_001609,1,voucher,4,34.75
order_001610,1,voucher,6,26.24
order_001611,1,credit_card,4,111.2
order_001612,1,credit_card,3,50.71
order_001613,1,voucher,6,82.47
order_001614,1,voucher,7,75.42
order_001615,1,credit_card,2,32.16
order_001616,1,boleto,6,68.5
order_001617,1,credit_card,2,112.92
order_001618,1,debit_card,3,63.14
order_001619,1,boleto,7,11.0
order_001620,1,debit_card,1,11.13
order_001620,2,boleto,1,12.1
order_001621,1,debit_card,1,24.86
order_001621,2,boleto,1,13.82
order_001622,1,boleto,3,37.95
order_001623,1,debit_card,7,28.72
order_001624,1,boleto,7,44.45
order_001625,1,voucher,4,58.489999999999995
order_001626,1,boleto,1,60.06
order_001627,1,voucher,3,22.14
order_001628,1,voucher,3,53.629999999999995
order_001629,1,credit_card,7,153.22
order_001630,1,debit_card,3,46.519999999999996
order_001631,1,boleto,5,60.8
order_001632,1,debit_card,1,31.27
order_001632,2,voucher,1,17.71
order_001633,1,voucher,7,46.42
order_001634,1,voucher,6,129.3
order_001635,1,debit_card,6,25.4
order_001636,1,debit_card,1,153.34
order_001637,1,credit_card,4,148.16000000000003
order_001638,1,debit_card,4,31.68
order_001639,1,debit_card,7,49.64
order_001640,1,boleto,4,205.20000000000002
order_001641,1,debit_card,3,44.519999999999996
order_001642,1,credit_card,3,33.51
order_001643,1,voucher,7,35.99
order_001644,1,credit_card,5,72.9
order_001645,1,voucher,4,27.76
order_001646,1,debit_card,6,91.36
order_001647,1,credit_card,2,61.24
order_001648,1,credit_card,6,34.43
order_001649,1,voucher,5,48.08
order_001650,1,credit_card,2,36.41
order_001651,1,boleto,1,123.75999999999999
order_001652,1,boleto,4,23.18
order_001653,1,voucher,6,50.720000000000006
order_001654,1,boleto,3,46.53
order_001655,1,credit_card,1,83.73
order_001655,2,voucher,1,46.56
order_001656,1,debit_card,1,51.28
order_001657,1,credit_card,7,33.02
order_001658,1,voucher,2,21.93
order_001659,1,debit_card,5,88.2
order_001660,1,boleto,2,38.19
order_001661,1,debit_card,6,33.230000000000004
order_001662,1,voucher,6,20.06
order_001663,1,boleto,6,191.41
order_001664,1,debit_card,1,16.55
order_001665,1,boleto,6,19.46
order_001666,1,boleto,3,153.71
order_001667,1,voucher,1,32.64
order_001668,1,credit_card,2,30.900000000000002
order_001669,1,debit_card,2,130.29
order_001670,1,credit_card,4,56.26
order_001671,1,debit_card,1,40.83
order_001672,1,voucher,7,19.15
order_001673,1,voucher,5,23.32
order_001674,1,debit_card,1,47.44
order_001675,1,voucher,1,17.46
order_001675,2,debit_card,1,10.67
order_001676,1,boleto,4,26.49
order_001677,1,voucher,2,42.71
order_001678,1,debit_card,4,24.6
order_001679,1,voucher,5,30.009999999999998
order_001680,1,credit_card,2,27.87
order_001681,1,debit_card,5,100.60999999999999
order_001682,1,boleto,4,51.14
order_001683,1,voucher,6,42.66
order_001684,1,debit_card,5,90.07
order_001685,1,boleto,1,28.74
order_001685,2,credit_card,1,17.39
order_001686,1,voucher,7,28.28
order_001687,1,voucher,1,125.99000000000001
order_001688,1,boleto,2,54.57
order_001689,1,voucher,3,56.55
order_001690,1,boleto,7,26.1
order_001691,1,debit_card,4,23.75
order_001692,1,debit_card,5,48.14
order_001693,1,boleto,3,28.03
order_001694,1,voucher,3,76.27
order_001695,1,debit_card,3,51.27
order_001696,1,voucher,1,38.91
order_001697,1,boleto,3,96.45
order_001698,1,voucher,7,50.01
order_001699,1,boleto,1,26.11
order_001700,1,boleto,4,81.39
order_001701,1,debit_card,2,14.29
order_001702,1,boleto,1,22.93
order_001703,1,debit_card,6,40.440000000000005
order_001704,1,voucher,5,54.949999999999996
order_001705,1,boleto,6,52.84
order_001706,1,debit_card,2,49.22
order_001707,1,credit_card,5,26.939999999999998
order_001708,1,debit_card,5,49.239999999999995
order_001709,1,voucher,3,75.38
order_001710,1,voucher,2,72.0
order_001711,1,boleto,7,77.49
order_001712,1,debit_card,5,36.44
order_001713,1,debit_card,4,121.14
order_001714,1,voucher,3,32.05
order_001715,1,debit_card,1,131.61
order_001716,1,voucher,3,43.75
order_001717,1,voucher,4,91.94
order_001718,1,voucher,6,79.98
order_001719,1,credit_card,6,22.810000000000002
order_001720,1,credit_card,5,16.259999999999998
order_001721,1,voucher,1,112.55
order_001722,1,boleto,2,55.66
order_001723,1,debit_card,3,16.1
order_001724,1,voucher,3,207.7
order_001725,1,credit_card,2,142.68
order_001726,1,debit_card,3,24.88
order_001727,1,voucher,6,81.34
order_001728,1,voucher,2,47.449999999999996
order_001729,1,debit_card,5,75.13
order_001730,1,voucher,7,119.46
order_001731,1,voucher,1,25.3
order_001731,2,credit_card,1,20.63
order_001732,1,boleto,1,79.74
order_001732,2,debit_card,1,69.19
order_001733,1,voucher,1,14.93
order_001733,2,boleto,1,9.89
order_001734,1,credit_card,4,31.48
order_001735,1,debit_card,1,18.060000000000002
order_001736,1,debit_card,4,65.97
order_001737,1,voucher,4,34.519999999999996
order_001738,1,boleto,1,62.92999999999999
order_001739,1,boleto,3,119.38000000000001
order_001740,1,boleto,2,64.53999999999999
order_001741,1,voucher,7,33.01
order_001742,1,credit_card,1,67.06
order_001742,2,debit_card,1,57.67
order_001743,1,boleto,4,96.26
order_001744,1,voucher,2,30.67
order_001745,1,debit_card,7,111.69999999999999
order_001746,1,debit_card,2,17.990000000000002
order_001747,1,boleto,2,84.96000000000001
order_001748,1,voucher,3,220.14
order_001749,1,debit_card,2,13.94
order_001750,1,credit_card,4,78.56
order_001751,1,debit_card,1,112.41
order_001752,1,debit_card,6,39.66
order_001753,1,debit_card,4,29.92
order_001754,1,debit_card,3,71.11
order_001755,1,credit_card,1,21.88
order_001756,1,voucher,1,37.62
order_001757,1,credit_card,7,25.13
order_001758,1,boleto,2,24.01
order_001759,1,debit_card,3,28.51
order_001760,1,debit_card,2,23.53
order_001761,1,boleto,1,67.51
order_001762,1,voucher,7,48.51
order_001763,1,credit_card,5,63.8
order_001764,1,boleto,7,139.66
order_001765,1,credit_card,7,87.00999999999999
order_001766,1,boleto,1,31.66
order_001766,2,voucher,1,31.24
order_001767,1,credit_card,3,48.36
order_001768,1,voucher,3,106.43
order_001769,1,credit_card,6,91.6
order_001770,1,credit_card,3,25.91
order_001771,1,debit_card,3,121.28
order_001772,1,boleto,1,21.84
order_001773,1,credit_card,6,40.769999999999996
order_001774,1,credit_card,1,69.77000000000001
order_001775,1,debit_card,3,23.23
order_001776,1,credit_card,2,88.99000000000001
order_001777,1,credit_card,7,28.490000000000002
order_001778,1,debit_card,5,16.02
order_001779,1,boleto,1,6.94
order_001779,2,voucher,1,8.29
order_001780,1,debit_card,6,23.11
order_001781,1,voucher,2,15.57
order_001782,1,voucher,4,123.61999999999999
order_001783,1,boleto,5,38.85
order_001784,1,voucher,6,30.91
order_001785,1,credit_card,2,59.53
order_001786,1,credit_card,2,60.97
order_001787,1,debit_card,3,20.44
order_001788,1,voucher,1,58.49
order_001788,2,debit_card,1,66.25
order_001789,1,debit_card,7,54.31
order_001790,1,boleto,5,21.52
order_001791,1,credit_card,5,74.05000000000001
order_001792,1,debit_card,4,24.37
order_001793,1,debit_card,5,15.33
order_001794,1,debit_card,7,56.45
order_001795,1,credit_card,3,113.6
order_001796,1,credit_card,6,22.2
order_001797,1,voucher,5,188.21
order_001798,1,credit_card,1,56.209999999999994
order_001799,1,debit_card,2,23.86
order_001800,1,voucher,7,50.83
order_001801,1,credit_card,1,85.19
order_001801,2,boleto,1,80.28
order_001802,1,boleto,2,58.4
order_001803,1,voucher,1,61.519999999999996
order_001804,1,credit_card,5,76.28999999999999
order_001805,1,boleto,7,33.82
order_001806,1,boleto,3,112.59
order_001807,1,debit_card,1,23.49
order_001808,1,credit_card,6,40.51
order_001809,1,boleto,4,13.96
order_001810,1,boleto,1,13.88
order_001810,2,voucher,1,8.8
order_001811,1,debit_card,1,11.0
order_001812,1,voucher,3,168.97
order_001813,1,boleto,2,131.56
order_001814,1,voucher,1,204.64
order_001815,1,credit_card,2,49.21
order_001816,1,debit_card,5,132.81
order_001817,1,boleto,6,17.880000000000003
order_001818,1,credit_card,7,86.62
order_001819,1,boleto,3,36.62
order_001820,1,debit_card,2,49.01
order_001821,1,credit_card,5,16.02
order_001822,1,credit_card,5,200.26
order_001823,1,voucher,4,29.599999999999998
order_001824,1,boleto,6,23.99
order_001825,1,debit_card,3,52.53
order_001826,1,credit_card,3,24.78
order_001827,1,credit_card,4,69.19
order_001828,1,debit_card,5,41.379999999999995
order_001829,1,debit_card,3,25.37
order_001830,1,debit_card,2,23.25
order_001831,1,voucher,7,83.24
order_001832,1,credit_card,5,29.37
order_001833,1,boleto,5,33.78
order_001834,1,debit_card,2,49.71
order_001835,1,debit_card,7,78.11
order_001836,1,voucher,4,21.17
order_001837,1,voucher,2,65.57
order_001838,1,boleto,3,31.92
order_001839,1,credit_card,3,71.82000000000001
order_001840,1,debit_card,1,11.0
order_001841,1,debit_card,3,21.18
order_001842,1,boleto,1,15.81
order_001842,2,credit_card,1,15.68
order_001843,1,voucher,6,50.599999999999994
order_001844,1,boleto,7,84.15
order_001845,1,credit_card,1,13.99
order_001846,1,debit_card,6,96.44
order_001847,1,credit_card,3,49.61
order_001848,1,boleto,1,31.86
order_001849,1,voucher,4,42.6
order_001850,1,debit_card,3,67.91000000000001
order_001851,1,voucher,7,36.69
order_001852,1,credit_card,3,32.44
order_001853,1,voucher,5,110.71000000000001
order_001854,1,boleto,1,32.78
order_001855,1,debit_card,1,18.06
order_001855,2,voucher,1,16.07
order_001856,1,voucher,4,48.61
order_001857,1,credit_card,1,40.47
order_001858,1,debit_card,5,62.47
order_001859,1,debit_card,3,24.46
order_001860,1,voucher,7,88.41999999999999
order_001861,1,boleto,4,18.43
order_001862,1,debit_card,1,161.8
order_001863,1,voucher,5,63.01
order_001864,1,debit_card,6,137.42
order_001865,1,credit_card,1,127.43
order_001866,1,credit_card,6,104.62
order_001867,1,credit_card,6,11.0
order_001868,1,debit_card,5,18.63
order_001869,1,credit_card,4,59.269999999999996
order_001870,1,boleto,5,29.88
order_001871,1,boleto,4,90.86000000000001
order_001872,1,voucher,3,73.27
order_001873,1,debit_card,1,22.96
order_001874,1,voucher,4,51.65
order_001875,1,voucher,6,195.85000000000002
order_001876,1,debit_card,1,26.45
order_001877,1,boleto,1,43.11
order_001878,1,boleto,2,62.230000000000004
order_001879,1,voucher,3,39.37
order_001880,1,boleto,4,32.52
order_001881,1,credit_card,6,13.75
order_001882,1,boleto,1,47.66
order_001883,1,credit_card,6,17.59
order_001884,1,debit_card,6,135.09
order_001885,1,boleto,4,11.0
order_001886,1,boleto,2,34.33
order_001887,1,debit_card,1,87.83
order_001888,1,boleto,2,42.17
order_001889,1,boleto,3,61.92
order_001890,1,boleto,4,47.629999999999995
order_001891,1,boleto,3,24.27
order_001892,1,boleto,4,15.48
order_001893,1,voucher,7,42.13
order_001894,1,debit_card,1,21.73
order_001895,1,voucher,7,48.72
order_001896,1,credit_card,2,41.699999999999996
order_001897,1,credit_card,4,169.32999999999998
order_001898,1,debit_card,6,140.89
order_001899,1,voucher,5,86.33
order_001900,1,debit_card,6,22.3
order_001901,1,boleto,5,103.02000000000001
order_001902,1,credit_card,1,167.5
order_001903,1,boleto,4,12.96
order_001904,1,debit_card,3,73.78
order_001905,1,boleto,7,105.0
order_001906,1,voucher,7,40.74
order_001907,1,voucher,2,22.06
order_001908,1,boleto,5,93.92999999999999
order_001909,1,credit_card,2,76.53999999999999
order_001910,1,debit_card,6,101.38000000000001
order_001911,1,voucher,3,37.449999999999996
order_001912,1,credit_card,6,58.17
order_001913,1,boleto,1,72.88000000000001
order_001914,1,voucher,5,35.76
order_001915,1,boleto,3,21.0
order_001916,1,boleto,6,18.15
order_001917,1,debit_card,1,12.36
order_001918,1,credit_card,7,26.69
order_001919,1,boleto,5,144.31
order_001920,1,credit_card,3,24.72
order_001921,1,voucher,3,19.59
order_001922,1,boleto,3,45.18
order_001923,1,voucher,5,173.10000000000002
order_001924,1,credit_card,1,19.73
order_001924,2,voucher,1,23.37
order_001925,1,debit_card,7,34.64
order_001926,1,boleto,6,45.71
order_001927,1,credit_card,7,186.27999999999997
order_001928,1,debit_card,4,30.38
order_001929,1,voucher,3,77.13
order_001930,1,voucher,2,25.53
order_001931,1,voucher,4,22.3
order_001932,1,credit_card,6,124.9
order_001933,1,debit_card,1,80.82000000000001
order_001934,1,boleto,5,50.25
order_001935,1,boleto,2,76.31
order_001936,1,voucher,3,46.980000000000004
order_001937,1,debit_card,5,46.33
order_001938,1,debit_card,7,25.98
order_001939,1,voucher,4,146.95
order_001940,1,boleto,2,35.53
order_001941,1,boleto,1,38.4
order_001942,1,debit_card,7,141.70000000000002
order_001943,1,debit_card,3,42.87
order_001944,1,debit_card,5,15.69
order_001945,1,debit_card,6,31.39
order_001946,1,boleto,4,133.21
order_001947,1,voucher,3,113.5
order_001948,1,voucher,6,145.14999999999998
order_001949,1,boleto,2,182.01
order_001950,1,voucher,6,120.71000000000001
order_001951,1,voucher,1,18.52
order_001951,2,boleto,1,10.55
order_001952,1,debit_card,1,27.95
order_001952,2,credit_card,1,28.06
order_001953,1,debit_card,2,135.01
order_001954,1,voucher,3,88.22999999999999
order_001955,1,boleto,5,44.27
order_001956,1,credit_card,4,37.5
order_001957,1,boleto,7,63.07
order_001958,1,debit_card,1,52.71
order_001958,2,credit_card,1,45.31
order_001959,1,boleto,4,54.75
order_001960,1,boleto,2,49.96
order_001961,1,credit_card,7,13.24
order_001962,1,voucher,1,43.16
order_001963,1,debit_card,4,57.15
order_001964,1,debit_card,1,22.51
order_001965,1,boleto,1,12.33
order_001965,2,voucher,1,9.53
order_001966,1,credit_card,1,26.77
order_001966,2,debit_card,1,20.18
order_001967,1,debit_card,2,45.25
order_001968,1,boleto,7,180.25
order_001969,1,credit_card,6,20.240000000000002
order_001970,1,debit_card,5,83.33
order_001971,1,voucher,7,22.27
order_001972,1,credit_card,6,45.22
order_001973,1,debit_card,4,106.27
order_001974,1,credit_card,7,41.7
order_001975,1,voucher,5,52.11
order_001976,1,credit_card,1,65.83
order_001976,2,voucher,1,72.09
order_001977,1,credit_card,6,48.05
order_001978,1,boleto,7,63.980000000000004
order_001979,1,credit_card,2,87.77
order_001980,1,voucher,4,22.05
order_001981,1,boleto,1,16.33
order_001982,1,boleto,1,19.16
order_001983,1,boleto,2,56.26
order_001984,1,boleto,5,215.94000000000003
order_001985,1,debit_card,4,125.13000000000001
order_001986,1,boleto,1,55.989999999999995
order_001987,1,debit_card,7,23.98
order_001988,1,debit_card,5,81.11999999999999
order_001989,1,boleto,1,27.86
order_001990,1,credit_card,7,14.8
order_001991,1,debit_card,6,75.38
order_001992,1,credit_card,1,10.04
order_001992,2,debit_card,1,11.71
order_001993,1,voucher,5,56.58
order_001994,1,debit_card,2,24.490000000000002
order_001995,1,debit_card,3,67.63
order_001996,1,credit_card,6,31.89
order_001997,1,debit_card,1,28.05
order_001998,1,boleto,6,11.0
order_001999,1,debit_card,1,17.66
order_001999,2,boleto,1,14.94
order_002000,1,voucher,3,97.65
order_002001,1,debit_card,1,53.9
order_002002,1,debit_card,3,29.85
order_002003,1,boleto,2,47.95
order_002004,1,boleto,7,160.02
order_002005,1,debit_card,3,70.4
order_002006,1,credit_card,1,109.61
order_002007,1,boleto,7,18.42
order_002008,1,debit_card,1,113.28
order_002008,2,boleto,1,104.47
order_002009,1,debit_card,2,77.91
order_002010,1,credit_card,4,17.740000000000002
order_002011,1,voucher,7,49.699999999999996
order_002012,1,credit_card,5,34.75
order_002013,1,voucher,3,92.14000000000001
order_002014,1,credit_card,2,73.45
order_002015,1,boleto,5,22.33
order_002016,1,boleto,2,77.53
order_002017,1,boleto,1,171.19
order_002018,1,boleto,1,40.95
order_002019,1,debit_card,5,128.24
order_002020,1,voucher,7,50.550000000000004
order_002021,1,voucher,4,74.3
order_002022,1,credit_card,1,18.39
order_002022,2,boleto,1,17.96
order_002023,1,boleto,2,29.33
order_002024,1,boleto,1,22.88
order_002025,1,voucher,2,104.42999999999999
order_002026,1,debit_card,4,20.79
order_002027,1,credit_card,7,19.14
order_002028,1,boleto,4,131.86
order_002029,1,debit_card,1,53.31
order_002029,2,boleto,1,45.67
order_002030,1,credit_card,2,53.78
order_002031,1,debit_card,5,28.37
order_002032,1,boleto,5,71.97
order_002033,1,boleto,5,65.3
order_002034,1,voucher,6,16.21
order_002035,1,voucher,2,20.06
order_002036,1,boleto,4,17.939999999999998
order_002037,1,debit_card,4,61.66
order_002038,1,boleto,2,34.010000000000005
order_002039,1,credit_card,5,21.25
order_002040,1,debit_card,3,31.720000000000002
order_002041,1,credit_card,5,24.96
order_002042,1,debit_card,3,16.03
order_002043,1,debit_card,2,80.81
order_002044,1,debit_card,2,35.35
order_002045,1,debit_card,1,46.35
order_002045,2,credit_card,1,38.18
order_002046,1,voucher,5,87.0
order_002047,1,voucher,3,321.78000000000003
order_002048,1,debit_card,7,37.33
order_002049,1,credit_card,2,87.32000000000001
order_002050,1,debit_card,2,21.29
order_002051,1,boleto,1,38.26
order_002051,2,debit_card,1,27.68
order_002052,1,credit_card,4,64.85
order_002053,1,voucher,7,210.51999999999998
order_002054,1,credit_card,3,55.15
order_002055,1,debit_card,6,22.92
order_002056,1,credit_card,7,58.73
order_002057,1,voucher,2,27.009999999999998
order_002058,1,credit_card,4,23.58
order_002059,1,voucher,7,73.42
order_002060,1,boleto,3,37.13
order_002061,1,voucher,5,60.17
order_002062,1,voucher,1,128.73
order_002063,1,boleto,3,73.65
order_002064,1,debit_card,5,17.1
order_002065,1,voucher,4,119.94999999999999
order_002066,1,debit_card,5,40.29
order_002067,1,voucher,4,123.50000000000001
order_002068,1,boleto,7,53.64
order_002069,1,boleto,1,55.47
order_002070,1,credit_card,5,13.36
order_002071,1,debit_card,4,22.25
order_002072,1,voucher,7,38.84
order_002073,1,credit_card,6,18.34
order_002074,1,voucher,3,90.1
order_002075,1,boleto,1,8.83
order_002075,2,voucher,1,5.49
order_002076,1,boleto,1,37.790000000000006
order_002077,1,credit_card,5,57.3
order_002078,1,credit_card,1,92.12
order_002079,1,credit_card,1,79.26
order_002079,2,boleto,1,64.97
order_002080,1,voucher,7,85.81
order_002081,1,credit_card,5,86.43
order_002082,1,credit_card,7,14.12
order_002083,1,voucher,2,29.16
order_002084,1,credit_card,2,175.86999999999998
order_002085,1,debit_card,7,41.059999999999995
order_002086,1,voucher,6,30.39
order_002087,1,credit_card,2,84.50999999999999
order_002088,1,credit_card,3,133.59
order_002089,1,voucher,3,76.71
order_002090,1,credit_card,5,72.4
order_002091,1,credit_card,2,102.07000000000001
order_002092,1,credit_card,1,194.47000000000003
order_002093,1,credit_card,6,49.39
order_002094,1,credit_card,1,89.03
order_002095,1,debit_card,5,92.47
order_002096,1,debit_card,3,151.04000000000002
order_002097,1,debit_card,3,61.17
order_002098,1,voucher,1,96.72
order_002099,1,credit_card,2,28.37
order_002100,1,voucher,4,140.52
order_002101,1,voucher,3,80.02000000000001
order_002102,1,boleto,4,102.54
order_002103,1,boleto,1,26.34
order_002104,1,boleto,7,78.85
order_002105,1,debit_card,4,30.13
order_002106,1,boleto,4,99.57999999999998
order_002107,1,voucher,7,40.95
order_002108,1,boleto,1,43.7
order_002108,2,debit_card,1,50.79
order_002109,1,voucher,1,17.04
order_002110,1,boleto,2,37.6
order_002111,1,boleto,4,153.17
order_002112,1,credit_card,6,97.14999999999999
order_002113,1,voucher,3,101.32999999999998
order_002114,1,voucher,7,94.43
order_002115,1,voucher,1,27.96
order_002115,2,boleto,1,31.52
order_002116,1,credit_card,3,21.85
order_002117,1,voucher,2,91.91
order_002118,1,credit_card,6,92.27
order_002119,1,credit_card,1,52.199999999999996
order_002120,1,credit_card,3,103.43
order_002121,1,boleto,7,33.42
order_002122,1,voucher,3,69.37
order_002123,1,boleto,6,112.76999999999998
order_002124,1,credit_card,3,142.18
order_002125,1,voucher,5,146.25
order_002126,1,debit_card,4,22.92
order_002127,1,boleto,4,33.370000000000005
order_002128,1,boleto,2,78.35999999999999
order_002129,1,voucher,1,23.11
order_002130,1,credit_card,1,33.46
order_002131,1,voucher,1,21.22
order_002131,2,debit_card,1,14.1
order_002132,1,boleto,1,77.96
order_002133,1,voucher,1,26.46
order_002133,2,credit_card,1,23.77
order_002134,1,voucher,1,41.17
order_002134,2,boleto,1,30.11
order_002135,1,voucher,3,99.25999999999999
order_002136,1,credit_card,7,85.5
order_002137,1,voucher,7,66.92
order_002138,1,debit_card,3,43.39
order_002139,1,debit_card,2,15.44
order_002140,1,voucher,3,79.89999999999999
order_002141,1,voucher,1,15.22
order_002142,1,voucher,4,25.18
order_002143,1,credit_card,3,53.6
order_002144,1,boleto,2,79.74
order_002145,1,debit_card,6,192.75
order_002146,1,debit_card,1,13.93
order_002147,1,debit_card,4,140.72
order_002148,1,voucher,7,100.99000000000001
order_002149,1,credit_card,7,54.86
order_002150,1,debit_card,3,17.18
order_002151,1,voucher,5,184.94
order_002152,1,credit_card,1,15.95
order_002152,2,debit_card,1,18.59
order_002153,1,boleto,5,83.14
order_002154,1,voucher,3,152.79999999999998
order_002155,1,voucher,7,32.12
order_002156,1,debit_card,2,101.72
order_002157,1,boleto,2,59.27
order_002158,1,debit_card,3,27.39
order_002159,1,voucher,4,14.39
order_002160,1,voucher,1,14.66
order_002160,2,credit_card,1,12.32
order_002161,1,credit_card,2,144.5
order_002162,1,voucher,2,56.03
order_002163,1,voucher,1,66.17
order_002164,1,debit_card,2,79.13000000000001
order_002165,1,debit_card,7,39.85
order_002166,1,debit_card,6,32.0
order_002167,1,debit_card,4,20.61
order_002168,1,credit_card,1,50.45
order_002168,2,debit_card,1,41.14
order_002169,1,boleto,6,26.119999999999997
order_002170,1,boleto,7,50.42
order_002171,1,debit_card,1,50.41
order_002172,1,debit_card,3,29.67
order_002173,1,credit_card,1,44.76
order_002174,1,boleto,1,109.69000000000001
order_002175,1,debit_card,4,57.379999999999995
order_002176,1,boleto,7,69.89
order_002177,1,boleto,6,84.61
order_002178,1,boleto,4,24.72
order_002179,1,voucher,6,114.56
order_002180,1,debit_card,5,123.63
order_002181,1,credit_card,1,78.67999999999999
order_002182,1,credit_card,5,95.98
order_002183,1,debit_card,1,24.41
order_002184,1,voucher,3,31.25
order_002185,1,debit_card,3,34.15
order_002186,1,voucher,7,86.19
order_002187,1,boleto,1,100.86
order_002188,1,debit_card,6,109.74000000000001
order_002189,1,credit_card,3,113.9
order_002190,1,voucher,4,70.3
order_002191,1,boleto,7,41.480000000000004
order_002192,1,debit_card,3,34.230000000000004
order_002193,1,voucher,5,26.84
order_002194,1,boleto,7,39.05
order_002195,1,voucher,2,81.61
order_002196,1,boleto,3,158.51
order_002197,1,debit_card,5,142.73
order_002198,1,credit_card,3,24.979999999999997
order_002199,1,voucher,4,52.25
order_002200,1,voucher,6,88.56
order_002201,1,credit_card,7,77.75
order_002202,1,voucher,3,33.129999999999995
order_002203,1,boleto,2,206.04
order_002204,1,voucher,6,33.31
order_002205,1,voucher,5,64.57
order_002206,1,debit_card,6,72.08
order_002207,1,credit_card,1,115.75
order_002207,2,voucher,1,65.67
order_002208,1,debit_card,1,46.61
order_002209,1,boleto,6,18.66
order_002210,1,credit_card,6,43.65
order_002211,1,boleto,1,20.32
order_002211,2,voucher,1,19.73
order_002212,1,voucher,3,40.13
order_002213,1,credit_card,3,17.36
order_002214,1,credit_card,1,265.67
order_002215,1,voucher,3,122.3
order_002216,1,credit_card,3,114.28999999999999
order_002217,1,debit_card,4,84.53
order_002218,1,voucher,4,27.02
order_002219,1,debit_card,2,20.74
order_002220,1,debit_card,5,39.68
order_002221,1,boleto,7,34.16
order_002222,1,voucher,6,55.16
order_002223,1,boleto,2,42.4
order_002224,1,boleto,4,44.87
order_002225,1,boleto,1,8.23
order_002225,2,credit_card,1,8.65
order_002226,1,debit_card,5,28.419999999999998
order_002227,1,credit_card,3,91.76
order_002228,1,debit_card,6,65.07
order_002229,1,boleto,2,43.25
order_002230,1,voucher,6,34.98
order_002231,1,boleto,4,53.43
order_002232,1,voucher,5,43.86
order_002233,1,voucher,1,26.42
order_002233,2,boleto,1,30.07
order_002234,1,voucher,6,58.66
order_002235,1,debit_card,6,162.53
order_002236,1,voucher,4,18.9
order_002237,1,debit_card,7,41.57
order_002238,1,debit_card,1,48.04
order_002239,1,boleto,7,29.9
order_002240,1,voucher,4,78.58
order_002241,1,voucher,7,46.03
order_002242,1,voucher,1,10.7
order_002242,2,debit_card,1,9.0
order_002243,1,debit_card,4,13.29
order_002244,1,debit_card,2,52.53
order_002245,1,credit_card,2,52.0
order_002246,1,debit_card,2,21.25
order_002247,1,boleto,3,33.49
order_002248,1,boleto,2,13.92
order_002249,1,voucher,5,15.08
order_002250,1,boleto,5,23.27
order_002251,1,voucher,1,33.7
order_002252,1,debit_card,3,22.44
order_002253,1,debit_card,1,57.05
order_002254,1,boleto,7,33.1
order_002255,1,boleto,6,48.6
order_002256,1,boleto,5,43.64
order_002257,1,voucher,2,11.09
order_002258,1,debit_card,3,25.27
order_002259,1,boleto,2,64.4
order_002260,1,boleto,7,11.0
order_002261,1,voucher,5,102.37
order_002262,1,boleto,2,94.39
order_002263,1,credit_card,6,25.03
order_002264,1,credit_card,2,137.07999999999998
order_002265,1,voucher,4,36.5
order_002266,1,boleto,5,63.07
order_002267,1,voucher,3,99.5
order_002268,1,debit_card,7,27.79
order_002269,1,voucher,1,8.54
order_002269,2,boleto,1,6.54
order_002270,1,voucher,7,105.55
order_002271,1,credit_card,7,110.97
order_002272,1,credit_card,5,54.2
order_002273,1,voucher,3,23.05
order_002274,1,voucher,7,22.41
order_002275,1,debit_card,3,27.16
order_002276,1,boleto,4,76.45
order_002277,1,credit_card,7,43.75
order_002278,1,credit_card,5,101.56
order_002279,1,credit_card,1,16.34
order_002279,2,debit_card,1,14.48
order_002280,1,debit_card,1,40.72
order_002281,1,credit_card,2,58.379999999999995
order_002282,1,credit_card,4,86.5
order_002283,1,credit_card,4,85.50999999999999
order_002284,1,voucher,3,43.34
order_002285,1,debit_card,4,39.010000000000005
order_002286,1,credit_card,4,108.38
order_002287,1,voucher,4,21.56
order_002288,1,voucher,6,20.86
order_002289,1,voucher,1,53.370000000000005
order_002290,1,voucher,1,45.46
order_002291,1,voucher,5,28.17
order_002292,1,debit_card,7,112.91999999999999
order_002293,1,credit_card,7,35.84
order_002294,1,credit_card,1,145.74
order_002295,1,debit_card,7,145.86
order_002296,1,credit_card,4,25.1
order_002297,1,debit_card,5,87.33
order_002298,1,boleto,6,113.87
order_002299,1,boleto,3,76.61
order_002300,1,boleto,7,86.27000000000001
order_002301,1,boleto,5,266.36
order_002302,1,debit_card,1,28.87
order_002303,1,voucher,7,39.78
order_002304,1,boleto,2,80.80000000000001
order_002305,1,debit_card,3,79.83999999999999
order_002306,1,voucher,4,77.21000000000001
order_002307,1,voucher,3,25.96
order_002308,1,boleto,1,11.0
order_002309,1,debit_card,3,45.28
order_002310,1,credit_card,1,18.85
order_002311,1,debit_card,6,14.79
order_002312,1,voucher,4,45.14
order_002313,1,debit_card,6,118.75
order_002314,1,debit_card,4,138.38
order_002315,1,credit_card,2,16.560000000000002
order_002316,1,boleto,7,26.540000000000003
order_002317,1,voucher,2,71.24000000000001
order_002318,1,credit_card,4,90.97999999999999
order_002319,1,voucher,3,86.39
order_002320,1,boleto,5,82.54
order_002321,1,debit_card,7,68.76
order_002322,1,credit_card,6,46.870000000000005
order_002323,1,credit_card,1,83.56
order_002324,1,boleto,2,15.94
order_002325,1,credit_card,5,37.74
order_002326,1,debit_card,4,44.36
order_002327,1,boleto,1,47.95
order_002327,2,credit_card,1,34.65
order_002328,1,debit_card,7,25.12
order_002329,1,credit_card,7,31.21
order_002330,1,boleto,6,66.51
order_002331,1,credit_card,4,24.17
order_002332,1,voucher,3,11.14
order_002333,1,credit_card,1,48.89
order_002334,1,debit_card,7,99.77000000000001
order_002335,1,voucher,7,19.72
order_002336,1,boleto,1,41.95
order_002336,2,debit_card,1,43.29
order_002337,1,voucher,1,49.900000000000006
order_002338,1,voucher,4,18.619999999999997
order_002339,1,boleto,3,87.29
order_002340,1,voucher,3,32.43
order_002341,1,debit_card,3,73.07
order_002342,1,boleto,1,79.18
order_002343,1,credit_card,3,70.36
order_002344,1,boleto,6,26.69
order_002345,1,credit_card,2,33.26
order_002346,1,voucher,1,119.42999999999999
order_002347,1,voucher,5,17.85
order_002348,1,credit_card,2,47.44
order_002349,1,boleto,1,22.0
order_002350,1,debit_card,5,75.42999999999999
order_002351,1,debit_card,3,174.01999999999998
order_002352,1,voucher,4,62.629999999999995
order_002353,1,debit_card,1,70.33
order_002353,2,credit_card,1,45.39
order_002354,1,credit_card,7,170.10999999999999
order_002355,1,boleto,5,15.31
order_002356,1,voucher,2,15.88
order_002357,1,voucher,1,14.71
order_002358,1,credit_card,6,39.230000000000004
order_002359,1,debit_card,1,52.010000000000005
order_002360,1,boleto,4,30.78
order_002361,1,boleto,1,21.78
order_002361,2,debit_card,1,26.17
order_002362,1,debit_card,5,77.54
order_002363,1,credit_card,5,80.07000000000001
order_002364,1,voucher,2,28.38
order_002365,1,boleto,4,68.52000000000001
order_002366,1,credit_card,2,76.59
order_002367,1,boleto,7,18.130000000000003
order_002368,1,boleto,6,68.14999999999999
order_002369,1,credit_card,2,121.65
order_002370,1,debit_card,4,47.980000000000004
order_002371,1,credit_card,6,116.28
order_002372,1,voucher,1,30.62
order_002373,1,debit_card,1,17.880000000000003
order_002374,1,credit_card,6,74.12
order_002375,1,credit_card,4,44.1
order_002376,1,voucher,1,10.21
order_002376,2,credit_card,1,8.03
order_002377,1,voucher,4,27.95
order_002378,1,voucher,7,25.14
order_002379,1,voucher,2,47.53
order_002380,1,debit_card,4,115.74999999999999
order_002381,1,debit_card,7,17.18
order_002382,1,debit_card,1,32.44
order_002383,1,debit_card,5,174.16
order_002384,1,debit_card,3,117.13
order_002385,1,voucher,5,49.83
order_002386,1,boleto,2,61.209999999999994
order_002387,1,debit_card,5,120.54
order_002388,1,debit_card,5,13.23
order_002389,1,credit_card,5,44.120000000000005
order_002390,1,credit_card,2,35.09
order_002391,1,voucher,1,13.29
order_002391,2,boleto,1,11.88
order_002392,1,voucher,1,130.53
order_002393,1,debit_card,3,33.97
order_002394,1,credit_card,5,31.330000000000002
order_002395,1,debit_card,6,82.61
order_002396,1,debit_card,2,66.46
order_002397,1,boleto,4,32.010000000000005
order_002398,1,voucher,1,198.01
order_002399,1,boleto,2,80.55000000000001
order_002400,1,boleto,2,52.09
order_002401,1,debit_card,4,34.03
order_002402,1,credit_card,6,65.64
order_002403,1,debit_card,3,24.16
order_002404,1,voucher,1,96.63
order_002404,2,boleto,1,72.09
order_002405,1,credit_card,2,58.89
order_002406,1,credit_card,3,20.88
order_002407,1,credit_card,4,30.64
order_002408,1,boleto,3,137.91
order_002409,1,debit_card,5,29.35
order_002410,1,debit_card,1,374.82000000000005
order_002411,1,credit_card,5,101.94999999999999
order_002412,1,debit_card,4,68.31
order_002413,1,boleto,7,13.84
order_002414,1,boleto,4,80.48
order_002415,1,debit_card,1,85.36
order_002416,1,debit_card,6,26.29
order_002417,1,boleto,7,130.70000000000002
order_002418,1,credit_card,5,50.53
order_002419,1,debit_card,3,91.66999999999999
order_002420,1,boleto,4,94.93
order_002421,1,voucher,7,35.77
order_002422,1,credit_card,1,8.16
order_002422,2,voucher,1,9.31
order_002423,1,debit_card,6,66.36
order_002424,1,credit_card,1,51.15
order_002425,1,voucher,5,46.11
order_002426,1,debit_card,4,48.06
order_002427,1,credit_card,1,41.72
order_002428,1,debit_card,1,33.410000000000004
order_002429,1,debit_card,5,107.67
order_002430,1,voucher,5,36.79
order_002431,1,voucher,5,31.4
order_002432,1,credit_card,7,39.46
order_002433,1,voucher,2,64.51
order_002434,1,credit_card,1,18.73
order_002434,2,debit_card,1,16.46
order_002435,1,debit_card,7,21.96
order_002436,1,voucher,2,152.77
order_002437,1,voucher,1,39.23
order_002438,1,credit_card,1,31.54
order_002439,1,debit_card,6,86.64
order_002440,1,boleto,3,110.07
order_002441,1,boleto,1,28.41
order_002442,1,boleto,6,62.01
order_002443,1,credit_card,1,151.27
order_002444,1,credit_card,4,104.69
order_002445,1,debit_card,1,42.69
order_002445,2,credit_card,1,30.98
order_002446,1,boleto,7,13.92
order_002447,1,voucher,4,76.32
order_002448,1,voucher,1,22.71
order_002448,2,credit_card,1,18.29
order_002449,1,boleto,3,134.69
order_002450,1,credit_card,7,13.49
order_002451,1,credit_card,5,11.0
order_002452,1,voucher,4,58.32
order_002453,1,voucher,1,83.44000000000001
order_002454,1,boleto,5,29.03
order_002455,1,voucher,4,43.49
order_002456,1,credit_card,5,49.24999999999999
order_002457,1,credit_card,6,53.760000000000005
order_002458,1,debit_card,6,16.55
order_002459,1,voucher,4,19.23
order_002460,1,credit_card,7,52.47
order_002461,1,voucher,3,28.67
order_002462,1,boleto,5,47.239999999999995
order_002463,1,credit_card,3,46.02
order_002464,1,voucher,7,72.44
order_002465,1,debit_card,3,41.94
order_002466,1,voucher,2,39.739999999999995
order_002467,1,credit_card,7,59.33
order_002468,1,boleto,1,13.81
order_002468,2,debit_card,1,13.25
order_002469,1,debit_card,1,91.57000000000001
order_002470,1,voucher,3,77.72999999999999
order_002471,1,boleto,4,17.4
order_002472,1,credit_card,1,12.8
order_002472,2,boleto,1,12.76
order_002473,1,voucher,2,80.74
order_002474,1,debit_card,2,47.83
order_002475,1,debit_card,1,54.63
order_002476,1,debit_card,4,85.44999999999999
order_002477,1,credit_card,4,45.25999999999999
order_002478,1,debit_card,5,48.54
order_002479,1,debit_card,7,84.33
order_002480,1,voucher,1,21.89
order_002480,2,boleto,1,24.59
order_002481,1,voucher,1,51.19
order_002482,1,credit_card,6,20.28
order_002483,1,boleto,3,70.09
order_002484,1,debit_card,2,38.11
order_002485,1,credit_card,4,50.11
order_002486,1,debit_card,4,91.92999999999999
order_002487,1,debit_card,4,33.6
order_002488,1,boleto,7,46.18
order_002489,1,boleto,2,202.12
order_002490,1,credit_card,2,27.23
order_002491,1,credit_card,7,61.949999999999996
order_002492,1,voucher,1,75.43
order_002493,1,debit_card,6,52.89
order_002494,1,credit_card,2,20.86
order_002495,1,boleto,5,166.76999999999998
order_002496,1,boleto,2,78.89
order_002497,1,credit_card,7,99.99000000000001
order_002498,1,boleto,6,48.41
order_002499,1,debit_card,1,37.32
order_002499,2,credit_card,1,22.74
order_002500,1,voucher,2,43.17
order_002501,1,voucher,4,83.75
order_002502,1,boleto,1,29.53
order_002503,1,credit_card,2,41.23
order_002504,1,voucher,7,18.48
order_002505,1,boleto,7,67.47
order_002506,1,voucher,1,68.91
order_002507,1,boleto,1,69.44
order_002507,2,debit_card,1,68.23
order_002508,1,boleto,2,167.95
order_002509,1,boleto,5,39.72
order_002510,1,credit_card,7,118.09
order_002511,1,voucher,2,23.0
order_002512,1,credit_card,5,21.45
order_002513,1,voucher,2,26.889999999999997
order_002514,1,debit_card,5,135.77
order_002515,1,boleto,3,120.17
order_002516,1,debit_card,7,29.76
order_002517,1,voucher,7,39.4
order_002518,1,boleto,1,70.8
order_002519,1,debit_card,5,70.04
order_002520,1,debit_card,6,57.8
order_002521,1,boleto,5,157.77999999999997
order_002522,1,debit_card,4,97.36999999999999
order_002523,1,debit_card,3,106.73
order_002524,1,boleto,3,101.25999999999999
order_002525,1,boleto,7,120.17999999999999
order_002526,1,credit_card,2,26.48
order_002527,1,credit_card,4,86.24
order_002528,1,credit_card,7,17.45
order_002529,1,boleto,3,70.19
order_002530,1,debit_card,5,18.65
order_002531,1,boleto,7,21.17
order_002532,1,voucher,1,21.18
order_002533,1,debit_card,1,45.36
order_002534,1,voucher,1,32.86
order_002535,1,debit_card,6,196.48000000000002
order_002536,1,boleto,3,73.3
order_002537,1,boleto,7,71.82
order_002538,1,debit_card,1,219.17000000000002
order_002539,1,voucher,7,33.39
order_002540,1,voucher,3,43.31
order_002541,1,boleto,7,32.81
order_002542,1,boleto,2,82.96000000000001
order_002543,1,boleto,2,17.5
order_002544,1,debit_card,1,32.72
order_002545,1,debit_card,4,113.87
order_002546,1,credit_card,5,74.69999999999999
order_002547,1,voucher,6,23.1
order_002548,1,boleto,5,61.459999999999994
order_002549,1,voucher,6,35.19
order_002550,1,boleto,1,246.82000000000002
order_002551,1,boleto,2,53.25
order_002552,1,boleto,6,27.95
order_002553,1,debit_card,2,30.94
order_002554,1,boleto,2,45.059999999999995
order_002555,1,debit_card,7,47.68
order_002556,1,credit_card,5,23.91
order_002557,1,credit_card,7,16.64
order_002558,1,credit_card,3,121.83
order_002559,1,boleto,1,22.57
order_002559,2,credit_card,1,17.05
order_002560,1,voucher,1,26.3
order_002560,2,debit_card,1,22.26
order_002561,1,debit_card,1,21.97
order_002562,1,boleto,3,92.58
order_002563,1,debit_card,1,32.41
order_002563,2,voucher,1,35.7
order_002564,1,debit_card,7,126.85
order_002565,1,credit_card,7,38.3
order_002566,1,voucher,7,101.85
order_002567,1,debit_card,5,33.04
order_002568,1,debit_card,1,11.32
order_002568,2,credit_card,1,7.17
order_002569,1,boleto,5,35.57
order_002570,1,voucher,7,63.36
order_002571,1,voucher,3,144.37
order_002572,1,boleto,7,144.57
order_002573,1,voucher,4,40.669999999999995
order_002574,1,boleto,4,48.4
order_002575,1,debit_card,1,85.63
order_002576,1,boleto,6,88.53
order_002577,1,voucher,1,71.02
order_002578,1,debit_card,2,50.769999999999996
order_002579,1,debit_card,2,32.730000000000004
order_002580,1,debit_card,3,29.28
order_002581,1,boleto,3,33.71
order_002582,1,boleto,6,23.790000000000003
order_002583,1,voucher,1,42.59
order_002584,1,debit_card,1,11.0
order_002585,1,voucher,6,26.33
order_002586,1,boleto,3,40.44
order_002587,1,boleto,6,181.37
order_002588,1,voucher,5,36.21
order_002589,1,credit_card,7,37.02
order_002590,1,credit_card,5,22.26
order_002591,1,debit_card,6,109.26
order_002592,1,debit_card,1,22.52
order_002593,1,credit_card,2,145.7
order_002594,1,debit_card,7,23.47
order_002595,1,debit_card,5,65.61
order_002596,1,credit_card,3,34.92
order_002597,1,credit_card,1,26.16
order_002598,1,boleto,6,72.50999999999999
order_002599,1,debit_card,5,163.53000000000003
order_002600,1,boleto,7,28.33
order_002601,1,debit_card,6,44.790000000000006
order_002602,1,credit_card,1,19.26
order_002603,1,credit_card,7,23.82
order_002604,1,voucher,2,31.68
order_002605,1,voucher,1,19.52
order_002606,1,boleto,4,61.42999999999999
order_002607,1,credit_card,1,11.43
order_002607,2,voucher,1,12.49
order_002608,1,debit_card,7,138.53
order_002609,1,credit_card,7,104.61
order_002610,1,credit_card,3,53.3
order_002611,1,credit_card,3,102.69
order_002612,1,voucher,1,25.63
order_002613,1,debit_card,2,49.349999999999994
order_002614,1,debit_card,1,33.4
order_002615,1,credit_card,4,35.08
order_002616,1,credit_card,7,19.45
order_002617,1,debit_card,2,42.56
order_002618,1,boleto,7,41.63
order_002619,1,debit_card,3,33.94
order_002620,1,boleto,1,24.13
order_002621,1,boleto,1,26.15
order_002621,2,credit_card,1,28.09
order_002622,1,credit_card,2,81.28
order_002623,1,voucher,4,27.75
order_002624,1,credit_card,3,25.01
order_002625,1,debit_card,7,51.76
order_002626,1,credit_card,2,18.47
order_002627,1,voucher,3,86.52000000000001
order_002628,1,voucher,4,71.27
order_002629,1,debit_card,1,54.24
order_002630,1,voucher,7,87.77
order_002631,1,voucher,2,21.33
order_002632,1,debit_card,2,48.900000000000006
order_002633,1,debit_card,5,33.96
order_002634,1,debit_card,1,102.02
order_002635,1,credit_card,6,22.27
order_002636,1,voucher,5,19.28
order_002637,1,voucher,7,78.62
order_002638,1,debit_card,2,51.37
order_002639,1,voucher,5,69.88
order_002640,1,credit_card,2,57.660000000000004
order_002641,1,boleto,6,85.0
order_002642,1,boleto,4,178.6
order_002643,1,boleto,1,24.74
order_002643,2,debit_card,1,21.47
order_002644,1,credit_card,6,32.03
order_002645,1,boleto,1,27.9
order_002645,2,voucher,1,18.62
order_002646,1,debit_card,1,59.77
order_002647,1,debit_card,5,28.18
order_002648,1,voucher,4,65.46
order_002649,1,debit_card,1,13.24
order_002649,2,boleto,1,13.4
order_002650,1,credit_card,5,61.22
order_002651,1,boleto,7,15.4
order_002652,1,credit_card,5,36.5
order_002653,1,debit_card,3,20.61
order_002654,1,voucher,6,27.11
order_002655,1,boleto,4,226.89
order_002656,1,boleto,3,20.86
order_002657,1,boleto,3,28.99
order_002658,1,debit_card,6,18.75
order_002659,1,boleto,6,88.81
order_002660,1,credit_card,1,52.14
order_002660,2,boleto,1,49.02
order_002661,1,voucher,2,83.76
order_002662,1,debit_card,1,10.08
order_002662,2,voucher,1,11.32
order_002663,1,credit_card,1,66.05
order_002664,1,credit_card,5,27.24
order_002665,1,boleto,2,41.66
order_002666,1,voucher,3,17.64
order_002667,1,boleto,3,72.50999999999999
order_002668,1,boleto,4,21.73
order_002669,1,credit_card,5,89.99
order_002670,1,boleto,1,39.839999999999996
order_002671,1,credit_card,5,30.009999999999998
order_002672,1,voucher,2,26.89
order_002673,1,voucher,6,110.91
order_002674,1,voucher,1,38.68000000000001
order_002675,1,voucher,6,87.67
order_002676,1,boleto,1,30.26
order_002676,2,credit_card,1,21.19
order_002677,1,debit_card,6,59.58
order_002678,1,credit_card,7,13.22
order_002679,1,credit_card,4,79.96
order_002680,1,credit_card,4,47.31
order_002681,1,credit_card,4,44.32
order_002682,1,debit_card,5,41.89
order_002683,1,boleto,3,77.89
order_002684,1,credit_card,7,38.16
order_002685,1,voucher,7,136.35
order_002686,1,voucher,1,40.2
order_002687,1,debit_card,6,98.27999999999999
order_002688,1,voucher,4,54.0
order_002689,1,credit_card,5,74.01
order_002690,1,credit_card,5,151.81
order_002691,1,debit_card,4,112.99
order_002692,1,voucher,1,13.95
order_002692,2,boleto,1,15.14
order_002693,1,debit_card,1,149.71
order_002694,1,voucher,3,59.08
order_002695,1,credit_card,1,24.81
order_002696,1,boleto,7,36.94
order_002697,1,debit_card,3,48.44
order_002698,1,debit_card,1,124.75
order_002699,1,voucher,6,23.37
order_002700,1,boleto,3,48.79
order_002701,1,boleto,5,36.69
order_002702,1,voucher,7,87.55999999999999
order_002703,1,boleto,2,22.64
order_002704,1,voucher,4,234.73000000000002
order_002705,1,voucher,2,15.97
order_002706,1,boleto,6,21.44
order_002707,1,credit_card,3,178.67000000000002
order_002708,1,voucher,4,42.01
order_002709,1,voucher,6,131.94
order_002710,1,voucher,7,14.6
order_002711,1,voucher,3,82.95
order_002712,1,voucher,1,30.630000000000003
order_002713,1,debit_card,4,53.410000000000004
order_002714,1,voucher,1,24.740000000000002
order_002715,1,credit_card,3,23.03
order_002716,1,credit_card,3,21.560000000000002
order_002717,1,debit_card,4,42.39
order_002718,1,voucher,3,41.58
order_002719,1,boleto,6,24.9
order_002720,1,debit_card,1,5.47
order_002720,2,voucher,1,5.53
order_002721,1,debit_card,1,20.76
order_002721,2,credit_card,1,15.39
order_002722,1,credit_card,2,59.629999999999995
order_002723,1,boleto,5,48.22
order_002724,1,boleto,1,31.75
order_002724,2,credit_card,1,31.81
order_002725,1,boleto,1,16.57
order_002726,1,debit_card,3,66.52
order_002727,1,voucher,5,175.15
order_002728,1,voucher,7,86.6
order_002729,1,credit_card,3,108.43
order_002730,1,boleto,7,163.43
order_002731,1,credit_card,3,101.32000000000001
order_002732,1,voucher,1,102.03
order_002733,1,credit_card,7,61.16
order_002734,1,credit_card,2,15.65
order_002735,1,boleto,3,16.95
order_002736,1,voucher,3,43.66
order_002737,1,boleto,4,64.06
order_002738,1,credit_card,3,161.27
order_002739,1,voucher,2,21.25
order_002740,1,boleto,4,63.33
order_002741,1,debit_card,5,36.32
order_002742,1,credit_card,1,21.82
order_002742,2,boleto,1,15.38
order_002743,1,credit_card,6,76.75
order_002744,1,credit_card,6,38.2
order_002745,1,boleto,3,80.89999999999999
order_002746,1,boleto,6,55.03
order_002747,1,voucher,3,83.07
order_002748,1,boleto,1,13.78
order_002748,2,voucher,1,8.13
order_002749,1,credit_card,2,47.900000000000006
order_002750,1,credit_card,5,27.05
order_002751,1,debit_card,7,149.09
order_002752,1,voucher,7,52.94
order_002753,1,debit_card,6,326.76
order_002754,1,debit_card,6,42.37
order_002755,1,credit_card,1,11.52
order_002755,2,debit_card,1,12.89
order_002756,1,voucher,5,18.59
order_002757,1,debit_card,6,19.69
order_002758,1,voucher,3,36.41
order_002759,1,boleto,2,62.9
order_002760,1,boleto,1,26.9
order_002761,1,credit_card,2,22.64
order_002762,1,boleto,1,108.5
order_002763,1,boleto,7,81.38
order_002764,1,voucher,7,84.2
order_002765,1,credit_card,6,67.0
order_002766,1,voucher,1,42.13
order_002766,2,credit_card,1,50.58
order_002767,1,credit_card,5,57.410000000000004
order_002768,1,credit_card,7,36.239999999999995
order_002769,1,credit_card,6,36.04
order_002770,1,voucher,1,44.08
order_002770,2,credit_card,1,39.75
order_002771,1,debit_card,6,47.44
order_002772,1,voucher,4,26.43
order_002773,1,credit_card,1,29.69
order_002774,1,credit_card,7,69.8
order_002775,1,debit_card,5,139.4
order_002776,1,boleto,2,33.92
order_002777,1,debit_card,5,113.74000000000001
order_002778,1,credit_card,3,30.05
order_002779,1,boleto,6,16.15
order_002780,1,voucher,6,51.370000000000005
order_002781,1,debit_card,2,106.76
order_002782,1,boleto,6,87.59
order_002783,1,boleto,4,37.51
order_002784,1,boleto,1,30.22
order_002784,2,debit_card,1,21.48
order_002785,1,credit_card,6,25.36
order_002786,1,credit_card,6,11.0
order_002787,1,debit_card,5,23.610000000000003
order_002788,1,boleto,3,63.78
order_002789,1,voucher,7,136.49
order_002790,1,debit_card,1,27.74
order_002791,1,debit_card,5,18.77
order_002792,1,debit_card,3,61.730000000000004
order_002793,1,debit_card,1,92.81
order_002794,1,voucher,3,12.04
order_002795,1,boleto,3,25.87
order_002796,1,credit_card,5,106.75999999999999
order_002797,1,credit_card,1,116.56
order_002798,1,credit_card,6,44.739999999999995
order_002799,1,voucher,2,41.410000000000004
order_002800,1,voucher,2,51.870000000000005
order_002801,1,debit_card,1,34.739999999999995
order_002802,1,boleto,4,27.71
order_002803,1,debit_card,1,16.91
order_002804,1,debit_card,2,61.660000000000004
order_002805,1,voucher,1,54.55
order_002806,1,credit_card,7,65.91
order_002807,1,voucher,1,58.28
order_002808,1,voucher,6,24.12
order_002809,1,debit_card,2,292.39
order_002810,1,credit_card,1,42.1
order_002810,2,boleto,1,23.41
order_002811,1,voucher,2,23.26
order_002812,1,credit_card,6,101.64999999999999
order_002813,1,credit_card,7,15.3
order_002814,1,debit_card,2,56.559999999999995
order_002815,1,credit_card,1,151.63
order_002816,1,voucher,5,145.18
order_002817,1,boleto,6,11.45
order_002818,1,voucher,4,19.73
order_002819,1,boleto,1,101.33
order_002819,2,credit_card,1,103.13
order_002820,1,boleto,2,127.91
order_002821,1,credit_card,7,46.980000000000004
order_002822,1,voucher,7,39.64
order_002823,1,credit_card,4,95.57
order_002824,1,voucher,6,89.58
order_002825,1,debit_card,4,41.79
order_002826,1,debit_card,2,89.33
order_002827,1,debit_card,7,142.01999999999998
order_002828,1,boleto,6,45.24
order_002829,1,boleto,7,128.76
order_002830,1,boleto,3,20.68
order_002831,1,voucher,2,36.31999999999999
order_002832,1,credit_card,7,116.33000000000001
order_002833,1,debit_card,1,54.05
order_002834,1,voucher,1,20.54
order_002835,1,debit_card,2,86.35000000000001
order_002836,1,voucher,2,58.79
order_002837,1,debit_card,2,54.870000000000005
order_002838,1,debit_card,6,56.6
order_002839,1,boleto,1,152.06
order_002840,1,voucher,1,53.25
order_002841,1,debit_card,3,69.61
order_002842,1,debit_card,1,34.09
order_002843,1,debit_card,2,50.58
order_002844,1,debit_card,3,105.99
order_002845,1,voucher,2,38.81
order_002846,1,voucher,5,101.53
order_002847,1,credit_card,5,99.17
order_002848,1,boleto,3,39.11
order_002849,1,credit_card,1,25.92
order_002850,1,credit_card,5,17.740000000000002
order_002851,1,credit_card,1,59.52
order_002852,1,boleto,1,41.0
order_002852,2,voucher,1,46.73
order_002853,1,debit_card,7,98.44
order_002854,1,debit_card,5,21.6
order_002855,1,debit_card,4,42.870000000000005
order_002856,1,voucher,7,33.14
order_002857,1,credit_card,3,68.56
order_002858,1,voucher,5,119.25999999999999
order_002859,1,debit_card,6,85.07000000000001
order_002860,1,boleto,6,14.35
order_002861,1,credit_card,6,72.50999999999999
order_002862,1,boleto,2,30.47
order_002863,1,boleto,6,12.34
order_002864,1,debit_card,1,29.08
order_002865,1,debit_card,4,36.88
order_002866,1,credit_card,1,19.81
order_002867,1,boleto,3,27.21
order_002868,1,debit_card,5,77.66
order_002869,1,debit_card,5,14.45
order_002870,1,boleto,4,58.120000000000005
order_002871,1,debit_card,7,58.18
order_002872,1,boleto,4,129.19
order_002873,1,boleto,1,92.5
order_002874,1,boleto,2,61.55
order_002875,1,voucher,6,19.92
order_002876,1,voucher,7,30.37
order_002877,1,boleto,5,76.14
order_002878,1,credit_card,6,85.84
order_002879,1,boleto,5,80.07
order_002880,1,debit_card,1,23.14
order_002880,2,voucher,1,16.92
order_002881,1,boleto,4,100.32
order_002882,1,voucher,1,182.41
order_002883,1,voucher,1,86.54
order_002884,1,boleto,2,27.93
order_002885,1,boleto,4,24.26
order_002886,1,boleto,6,23.41
order_002887,1,debit_card,7,51.59
order_002888,1,credit_card,5,62.519999999999996
order_002889,1,boleto,7,96.08
order_002890,1,debit_card,6,29.83
order_002891,1,boleto,1,38.85
order_002892,1,voucher,5,41.56
order_002893,1,voucher,3,56.1
order_002894,1,voucher,1,30.27
order_002895,1,debit_card,1,18.93
order_002895,2,boleto,1,13.14
order_002896,1,boleto,5,123.10999999999999
order_002897,1,credit_card,5,97.95
order_002898,1,debit_card,6,15.16
order_002899,1,credit_card,6,27.82
order_002900,1,boleto,4,191.49
order_002901,1,voucher,6,27.76
order_002902,1,boleto,2,62.099999999999994
order_002903,1,debit_card,3,124.16999999999999
order_002904,1,credit_card,1,14.73
order_002904,2,debit_card,1,11.74
order_002905,1,credit_card,5,79.03
order_002906,1,voucher,3,94.39999999999999
order_002907,1,boleto,4,190.8
order_002908,1,boleto,1,22.15
order_002908,2,credit_card,1,19.65
order_002909,1,debit_card,4,55.09
order_002910,1,voucher,4,28.21
order_002911,1,boleto,3,11.0
order_002912,1,credit_card,7,46.85
order_002913,1,debit_card,5,104.88
order_002914,1,voucher,3,80.59
order_002915,1,voucher,7,213.29
order_002916,1,credit_card,3,36.11
order_002917,1,credit_card,5,11.04
order_002918,1,boleto,4,59.58
order_002919,1,credit_card,7,48.83
order_002920,1,debit_card,4,25.58
order_002921,1,voucher,1,30.24
order_002922,1,debit_card,3,52.94
order_002923,1,boleto,3,14.37
order_002924,1,voucher,3,70.44999999999999
order_002925,1,debit_card,6,25.51
order_002926,1,boleto,5,80.3
order_002927,1,debit_card,1,221.28000000000003
order_002928,1,credit_card,1,106.44999999999999
order_002929,1,debit_card,2,97.03
order_002930,1,debit_card,4,62.89
order_002931,1,boleto,1,6.44
order_002931,2,voucher,1,4.96
order_002932,1,debit_card,6,142.06
order_002933,1,voucher,3,21.36
order_002934,1,voucher,7,123.18
order_002935,1,debit_card,2,13.04
order_002936,1,voucher,4,25.82
order_002937,1,voucher,1,71.61
order_002938,1,debit_card,5,64.82000000000001
order_002939,1,voucher,3,34.49
order_002940,1,debit_card,6,62.89
order_002941,1,voucher,5,72.94000000000001
order_002942,1,debit_card,6,75.55
order_002943,1,boleto,1,78.2
order_002943,2,voucher,1,79.45
order_002944,1,credit_card,2,48.12
order_002945,1,boleto,7,178.6
order_002946,1,boleto,1,16.71
order_002946,2,credit_card,1,9.69
order_002947,1,debit_card,7,19.89
order_002948,1,debit_card,4,47.06
order_002949,1,boleto,6,96.6
order_002950,1,debit_card,4,86.99000000000001
order_002951,1,debit_card,1,25.77
order_002951,2,voucher,1,24.44
order_002952,1,debit_card,7,30.43
order_002953,1,debit_card,5,40.57
order_002954,1,debit_card,5,214.58
order_002955,1,boleto,6,41.15
order_002956,1,boleto,6,137.62
order_002957,1,boleto,3,12.29
order_002958,1,boleto,6,59.17
order_002959,1,boleto,5,31.439999999999998
order_002960,1,debit_card,7,56.94
order_002961,1,credit_card,1,38.84
order_002961,2,debit_card,1,30.41
order_002962,1,credit_card,6,26.61
order_002963,1,voucher,5,58.29
order_002964,1,voucher,6,21.48
order_002965,1,debit_card,7,17.41
order_002966,1,debit_card,6,37.68
order_002967,1,boleto,6,137.55
order_002968,1,debit_card,6,142.86
order_002969,1,debit_card,5,25.3
order_002970,1,credit_card,7,13.2
order_002971,1,boleto,5,16.619999999999997
order_002972,1,voucher,6,65.22
order_002973,1,credit_card,1,33.27
order_002974,1,boleto,4,184.53
order_002975,1,voucher,2,112.57
order_002976,1,debit_card,6,13.27
order_002977,1,debit_card,3,112.95
order_002978,1,credit_card,6,28.67
order_002979,1,debit_card,1,36.64
order_002980,1,credit_card,4,24.02
order_002981,1,debit_card,1,35.36
order_002982,1,voucher,7,83.91
order_002983,1,credit_card,7,98.86
order_002984,1,debit_card,4,80.86999999999999
order_002985,1,credit_card,6,138.87
order_002986,1,credit_card,3,23.04
order_002987,1,credit_card,3,117.97
order_002988,1,boleto,3,32.14
order_002989,1,credit_card,1,104.67999999999999
order_002990,1,debit_card,6,17.7
order_002991,1,voucher,3,21.82
order_002992,1,debit_card,6,37.940000000000005
order_002993,1,boleto,3,47.35
order_002994,1,boleto,1,36.34
order_002995,1,boleto,7,40.98
order_002996,1,debit_card,4,80.39
order_002997,1,voucher,7,95.55
order_002998,1,boleto,6,73.88
order_002999,1,credit_card,5,29.98
order_003000,1,boleto,1,165.13
order_003001,1,boleto,1,20.74
order_003001,2,debit_card,1,24.05
order_003002,1,credit_card,7,38.24
order_003003,1,credit_card,2,46.13
order_003004,1,credit_card,2,36.27
order_003005,1,credit_card,4,30.44
order_003006,1,debit_card,6,25.21
order_003007,1,debit_card,4,37.99
order_003008,1,credit_card,2,21.67
order_003009,1,boleto,6,63.3
order_003010,1,credit_card,4,68.43
order_003011,1,debit_card,6,23.299999999999997
order_003012,1,voucher,2,25.1
order_003013,1,boleto,7,31.08
order_003014,1,boleto,2,17.43
order_003015,1,boleto,7,86.0
order_003016,1,boleto,1,47.63
order_003017,1,debit_card,2,85.64
order_003018,1,voucher,1,75.77
order_003019,1,boleto,6,35.48
order_003020,1,credit_card,5,79.72
order_003021,1,credit_card,4,107.94
order_003022,1,debit_card,7,90.64
order_003023,1,boleto,1,17.77
order_003023,2,credit_card,1,18.83
order_003024,1,credit_card,4,33.53
order_003025,1,boleto,1,52.489999999999995
order_003026,1,credit_card,1,48.46
order_003027,1,credit_card,3,99.75
order_003028,1,credit_card,7,48.17
order_003029,1,voucher,6,22.46
order_003030,1,boleto,3,38.96
order_003031,1,credit_card,3,44.3
order_003032,1,voucher,2,51.83
order_003033,1,credit_card,2,40.95
order_003034,1,credit_card,1,66.02
order_003035,1,voucher,2,174.95
order_003036,1,debit_card,6,29.68
order_003037,1,debit_card,4,46.120000000000005
order_003038,1,debit_card,4,20.34
order_003039,1,voucher,7,200.59000000000003
order_003040,1,boleto,4,89.28
order_003041,1,voucher,7,19.48
order_003042,1,debit_card,2,126.33000000000001
order_003043,1,credit_card,1,91.38
order_003043,2,voucher,1,51.15
order_003044,1,voucher,5,41.3
order_003045,1,credit_card,4,39.55
order_003046,1,voucher,6,39.48
order_003047,1,boleto,7,23.82
order_003048,1,credit_card,2,32.44
order_003049,1,voucher,1,26.62
order_003050,1,voucher,5,88.39
order_003051,1,boleto,3,107.87
order_003052,1,boleto,3,23.939999999999998
order_003053,1,debit_card,4,42.910000000000004
order_003054,1,credit_card,1,51.9
order_003054,2,boleto,1,38.56
order_003055,1,boleto,7,112.5
order_003056,1,boleto,3,37.36
order_003057,1,credit_card,6,13.55
order_003058,1,credit_card,4,48.56
order_003059,1,credit_card,1,15.44
order_003060,1,credit_card,4,15.55
order_003061,1,credit_card,7,17.18
order_003062,1,voucher,4,54.01
order_003063,1,debit_card,6,66.48
order_003064,1,boleto,6,35.54
order_003065,1,debit_card,1,63.37
order_003066,1,boleto,7,23.61
order_003067,1,voucher,7,35.64
order_003068,1,boleto,1,58.71
order_003069,1,debit_card,3,17.1
order_003070,1,voucher,4,24.54
order_003071,1,voucher,7,147.61
order_003072,1,boleto,7,37.98
order_003073,1,debit_card,1,79.5
order_003074,1,debit_card,5,38.36
order_003075,1,boleto,5,72.87
order_003076,1,credit_card,7,14.58
order_003077,1,debit_card,7,48.91
order_003078,1,voucher,7,22.87
order_003079,1,credit_card,7,17.58
order_003080,1,credit_card,7,13.64
order_003081,1,credit_card,1,16.57
order_003081,2,voucher,1,9.61
order_003082,1,credit_card,1,9.47
order_003082,2,debit_card,1,10.54
order_003083,1,debit_card,1,27.97
order_003084,1,debit_card,2,77.54
order_003085,1,voucher,4,41.24
order_003086,1,boleto,3,146.06
order_003087,1,voucher,3,51.129999999999995
order_003088,1,voucher,5,112.15
order_003089,1,debit_card,4,13.3
order_003090,1,voucher,1,27.48
order_003090,2,debit_card,1,19.4
order_003091,1,voucher,1,8.38
order_003091,2,debit_card,1,8.96
order_003092,1,debit_card,4,261.82
order_003093,1,credit_card,1,59.17
order_003094,1,boleto,2,15.99
order_003095,1,boleto,4,26.54
order_003096,1,debit_card,3,37.44
order_003097,1,voucher,5,45.83
order_003098,1,voucher,6,48.540000000000006
order_003099,1,voucher,6,111.57
order_003100,1,boleto,3,70.78
order_003101,1,credit_card,1,56.88
order_003102,1,credit_card,1,165.87
order_003103,1,boleto,3,25.09
order_003104,1,debit_card,4,14.86
order_003105,1,debit_card,4,26.37
order_003106,1,credit_card,1,8.39
order_003106,2,voucher,1,8.17
order_003107,1,credit_card,5,62.50000000000001
order_003108,1,voucher,1,123.14999999999999
order_003109,1,voucher,1,49.379999999999995
order_003110,1,boleto,1,10.15
order_003110,2,voucher,1,7.4
order_003111,1,voucher,3,21.849999999999998
order_003112,1,boleto,6,12.57
order_003113,1,boleto,5,50.91
order_003114,1,voucher,5,166.69
order_003115,1,credit_card,5,42.41
order_003116,1,credit_card,5,27.87
order_003117,1,boleto,4,160.53
order_003118,1,voucher,6,56.36
order_003119,1,credit_card,4,152.81999999999996
order_003120,1,boleto,4,39.75
order_003121,1,boleto,4,38.47
order_003122,1,debit_card,2,30.44
order_003123,1,debit_card,7,51.769999999999996
order_003124,1,voucher,6,29.2
order_003125,1,boleto,7,123.24
order_003126,1,voucher,5,14.07
order_003127,1,debit_card,6,12.9
order_003128,1,voucher,7,35.17
order_003129,1,credit_card,2,55.0
order_003130,1,boleto,1,46.8
order_003131,1,credit_card,5,18.07
order_003132,1,credit_card,7,65.1
order_003133,1,voucher,3,126.95
order_003134,1,voucher,2,21.83
order_003135,1,boleto,6,23.67
order_003136,1,boleto,4,71.27
order_003137,1,boleto,7,78.59
order_003138,1,debit_card,3,74.45
order_003139,1,boleto,3,25.57
order_003140,1,credit_card,4,15.27
order_003141,1,debit_card,7,96.29
order_003142,1,voucher,5,53.089999999999996
order_003143,1,credit_card,3,37.0
order_003144,1,debit_card,4,40.39
order_003145,1,boleto,1,22.48
order_003145,2,voucher,1,14.33
order_003146,1,credit_card,7,13.51
order_003147,1,voucher,6,16.15
order_003148,1,voucher,5,32.55
order_003149,1,boleto,6,34.31
order_003150,1,credit_card,2,35.86
order_003151,1,credit_card,1,103.80999999999999
order_003152,1,boleto,1,32.35
order_003153,1,boleto,2,23.17
order_003154,1,boleto,4,40.6
order_003155,1,voucher,1,16.36
order_003156,1,credit_card,5,63.31
order_003157,1,credit_card,7,44.22
order_003158,1,debit_card,3,33.22
order_003159,1,boleto,1,20.01
order_003159,2,debit_card,1,15.77
order_003160,1,credit_card,3,116.97
order_003161,1,boleto,3,197.07
order_003162,1,debit_card,6,32.16
order_003163,1,credit_card,5,165.63
order_003164,1,debit_card,2,63.99
order_003165,1,boleto,5,116.38
order_003166,1,voucher,6,78.39999999999999
order_003167,1,debit_card,2,44.33
order_003168,1,debit_card,3,42.41
order_003169,1,credit_card,1,18.369999999999997
order_003170,1,boleto,3,79.02
order_003171,1,boleto,3,38.1
order_003172,1,boleto,2,26.15
order_003173,1,credit_card,1,26.520000000000003
order_003174,1,boleto,5,100.53
order_003175,1,voucher,1,155.32
order_003176,1,boleto,1,11.41
order_003176,2,voucher,1,6.36
order_003177,1,boleto,7,135.21
order_003178,1,voucher,3,60.79
order_003179,1,boleto,7,30.64
order_003180,1,boleto,6,96.85
order_003181,1,boleto,3,60.209999999999994
order_003182,1,credit_card,7,74.97
order_003183,1,boleto,1,39.97
order_003184,1,voucher,6,60.900000000000006
order_003185,1,debit_card,5,86.79
order_003186,1,credit_card,1,137.61
order_003187,1,credit_card,2,55.470000000000006
order_003188,1,voucher,4,46.64
order_003189,1,credit_card,2,118.63
order_003190,1,debit_card,1,48.1
order_003190,2,credit_card,1,27.45
order_003191,1,voucher,6,33.97
order_003192,1,voucher,7,69.78
order_003193,1,voucher,3,89.25
order_003194,1,credit_card,1,58.129999999999995
order_003195,1,boleto,4,92.17
order_003196,1,debit_card,1,75.00000000000001
order_003197,1,credit_card,2,59.85
order_003198,1,credit_card,1,130.35
order_003199,1,debit_card,1,30.17
order_003200,1,debit_card,6,13.54
order_003201,1,voucher,1,20.36
order_003202,1,boleto,1,98.37
order_003202,2,voucher,1,54.18
order_003203,1,boleto,2,99.74
order_003204,1,credit_card,4,46.33
order_003205,1,credit_card,5,89.08
order_003206,1,voucher,1,26.22
order_003206,2,boleto,1,16.6
order_003207,1,credit_card,7,80.5
order_003208,1,credit_card,1,26.19
order_003208,2,voucher,1,16.23
order_003209,1,boleto,1,95.69999999999999
order_003210,1,voucher,5,48.88
order_003211,1,boleto,5,127.27000000000001
order_003212,1,boleto,3,94.16
order_003213,1,boleto,7,30.34
order_003214,1,voucher,3,102.10999999999999
order_003215,1,voucher,6,32.93
order_003216,1,credit_card,3,19.93
order_003217,1,boleto,4,67.56
order_003218,1,credit_card,7,47.25
order_003219,1,credit_card,5,56.14
order_003220,1,debit_card,1,31.45
order_003220,2,voucher,1,24.46
order_003221,1,voucher,5,24.59
order_003222,1,debit_card,5,108.45
order_003223,1,debit_card,5,141.01
order_003224,1,debit_card,1,111.62
order_003225,1,boleto,1,24.73
order_003226,1,credit_card,3,67.42
order_003227,1,boleto,3,93.89
order_003228,1,voucher,5,60.739999999999995
order_003229,1,debit_card,5,62.290000000000006
order_003230,1,voucher,1,21.98
order_003231,1,boleto,4,29.54
order_003232,1,voucher,7,24.57
order_003233,1,credit_card,7,67.92
order_003234,1,voucher,3,41.66
order_003235,1,voucher,6,22.59
order_003236,1,voucher,4,31.81
order_003237,1,debit_card,2,130.98
order_003238,1,voucher,5,49.760000000000005
order_003239,1,voucher,4,120.55000000000001
order_003240,1,voucher,5,65.84
order_003241,1,debit_card,7,73.63
order_003242,1,voucher,1,191.42999999999998
order_003243,1,credit_card,7,62.43
order_003244,1,boleto,1,71.12
order_003245,1,credit_card,1,45.309999999999995
order_003246,1,credit_card,7,96.72
order_003247,1,debit_card,1,82.04
order_003248,1,boleto,7,28.85
order_003249,1,boleto,6,31.48
order_003250,1,boleto,5,82.89
order_003251,1,credit_card,3,132.25
order_003252,1,credit_card,1,44.45
order_003253,1,voucher,7,36.04
order_003254,1,credit_card,6,82.19000000000001
order_003255,1,credit_card,4,52.04
order_003256,1,voucher,3,31.94
order_003257,1,debit_card,1,140.58
order_003258,1,credit_card,4,18.55
order_003259,1,boleto,1,222.57
order_003260,1,credit_card,5,71.88
order_003261,1,credit_card,4,68.21
order_003262,1,boleto,1,37.900000000000006
order_003263,1,debit_card,1,18.23
order_003264,1,boleto,2,64.31
order_003265,1,credit_card,5,54.47
order_003266,1,voucher,2,74.34
order_003267,1,debit_card,1,39.449999999999996
order_003268,1,boleto,1,98.37
order_003269,1,boleto,2,147.42
order_003270,1,credit_card,7,47.39
order_003271,1,debit_card,1,38.75
order_003272,1,debit_card,3,46.3
order_003273,1,debit_card,1,122.42999999999999
order_003274,1,credit_card,4,92.01
order_003275,1,boleto,3,130.84
order_003276,1,credit_card,3,52.510000000000005
order_003277,1,credit_card,3,39.99
order_003278,1,boleto,2,31.73
order_003279,1,boleto,5,64.02
order_003280,1,debit_card,2,26.3
order_003281,1,voucher,5,21.71
order_003282,1,credit_card,2,23.01
order_003283,1,credit_card,2,170.47
order_003284,1,debit_card,3,50.92
order_003285,1,voucher,1,10.72
order_003285,2,credit_card,1,12.69
order_003286,1,voucher,4,13.68
order_003287,1,boleto,6,81.69
order_003288,1,credit_card,5,208.51
order_003289,1,voucher,5,74.03
order_003290,1,debit_card,3,43.55
order_003291,1,debit_card,4,35.21
order_003292,1,credit_card,2,98.74000000000001
order_003293,1,debit_card,3,124.44
order_003294,1,voucher,1,11.76
order_003295,1,debit_card,5,31.42
order_003296,1,credit_card,1,191.25
order_003297,1,voucher,3,86.19
order_003298,1,voucher,1,38.07
order_003299,1,voucher,5,19.76
order_003300,1,debit_card,4,28.02
order_003301,1,boleto,3,128.38
order_003302,1,voucher,4,74.09
order_003303,1,debit_card,2,15.33
order_003304,1,credit_card,7,62.74
order_003305,1,debit_card,3,101.88
order_003306,1,voucher,5,51.97
order_003307,1,voucher,7,29.08
order_003308,1,boleto,1,50.26
order_003308,2,voucher,1,55.56
order_003309,1,credit_card,4,23.99
order_003310,1,debit_card,4,78.5
order_003311,1,boleto,1,74.42
order_003312,1,boleto,5,37.160000000000004
order_003313,1,boleto,2,31.0
order_003314,1,debit_card,1,113.64999999999999
order_003315,1,boleto,4,98.33
order_003316,1,debit_card,6,15.37
order_003317,1,debit_card,4,79.59
order_003318,1,voucher,1,57.84
order_003318,2,debit_card,1,62.23
order_003319,1,credit_card,1,29.74
order_003319,2,boleto,1,26.81
order_003320,1,voucher,1,18.68
order_003320,2,credit_card,1,10.26
order_003321,1,credit_card,7,31.4
order_003322,1,boleto,1,113.27000000000001
order_003323,1,boleto,6,66.44
order_003324,1,voucher,6,50.26
order_003325,1,boleto,1,79.54
order_003325,2,voucher,1,78.84
order_003326,1,boleto,3,20.2
order_003327,1,credit_card,3,34.22
order_003328,1,boleto,1,25.67
order_003328,2,credit_card,1,17.46
order_003329,1,debit_card,6,31.86
order_003330,1,boleto,6,13.01
order_003331,1,debit_card,3,69.39
order_003332,1,boleto,7,24.12
order_003333,1,debit_card,7,53.480000000000004
order_003334,1,debit_card,4,33.160000000000004
order_003335,1,boleto,7,35.84
order_003336,1,boleto,7,65.61
order_003337,1,voucher,6,84.25
order_003338,1,voucher,6,56.43
order_003339,1,credit_card,1,35.57
order_003340,1,boleto,2,21.759999999999998
order_003341,1,boleto,1,36.28
order_003342,1,voucher,2,205.03000000000003
order_003343,1,voucher,6,86.61000000000001
order_003344,1,debit_card,2,41.72
order_003345,1,credit_card,3,49.12
order_003346,1,voucher,4,39.16
order_003347,1,credit_card,1,83.5
order_003348,1,credit_card,7,60.23
order_003349,1,debit_card,6,27.590000000000003
order_003350,1,voucher,1,14.65
order_003350,2,debit_card,1,17.63
order_003351,1,voucher,2,26.08
order_003352,1,voucher,7,170.32
order_003353,1,boleto,2,134.66
order_003354,1,credit_card,5,55.96
order_003355,1,credit_card,5,14.86
order_003356,1,voucher,3,33.11
order_003357,1,boleto,2,16.54
order_003358,1,voucher,2,63.45
order_003359,1,voucher,4,117.06
order_003360,1,voucher,7,29.810000000000002
order_003361,1,voucher,2,104.89999999999999
order_003362,1,credit_card,4,70.27
order_003363,1,debit_card,1,77.53
order_003363,2,voucher,1,75.93
order_003364,1,debit_card,6,48.21
order_003365,1,credit_card,6,105.99000000000001
order_003366,1,voucher,6,104.69999999999999
order_003367,1,debit_card,3,106.8
order_003368,1,debit_card,6,22.95
order_003369,1,voucher,3,56.6
order_003370,1,credit_card,3,231.79000000000002
order_003371,1,boleto,3,53.45
order_003372,1,debit_card,6,31.29
order_003373,1,boleto,2,52.65
order_003374,1,voucher,1,25.15
order_003375,1,voucher,2,81.29
order_003376,1,voucher,4,90.5
order_003377,1,boleto,1,23.69
order_003377,2,voucher,1,22.41
order_003378,1,credit_card,5,130.72
order_003379,1,voucher,1,26.57
order_003380,1,boleto,1,44.39
order_003381,1,credit_card,3,28.95
order_003382,1,credit_card,5,158.82
order_003383,1,voucher,1,79.66
order_003383,2,credit_card,1,48.37
order_003384,1,debit_card,6,63.14
order_003385,1,credit_card,3,24.72
order_003386,1,voucher,1,22.29
order_003387,1,voucher,1,46.28
order_003388,1,debit_card,3,24.3
order_003389,1,voucher,6,43.26
order_003390,1,voucher,5,43.94
order_003391,1,boleto,1,46.18
order_003391,2,debit_card,1,32.64
order_003392,1,boleto,1,53.03
order_003393,1,voucher,5,34.03
order_003394,1,voucher,3,138.88
order_003395,1,credit_card,2,47.87
order_003396,1,credit_card,1,56.43
order_003396,2,boleto,1,41.51
order_003397,1,debit_card,3,29.48
order_003398,1,boleto,6,114.72999999999999
order_003399,1,credit_card,3,55.11
order_003400,1,boleto,3,107.09
order_003401,1,debit_card,1,52.63
order_003401,2,credit_card,1,34.09
order_003402,1,credit_card,6,22.26
order_003403,1,boleto,1,39.3
order_003404,1,credit_card,5,71.02000000000001
order_003405,1,boleto,4,60.15
order_003406,1,boleto,2,46.0
order_003407,1,debit_card,4,18.21
order_003408,1,debit_card,5,49.32
order_003409,1,credit_card,3,27.46
order_003410,1,debit_card,1,8.21
order_003410,2,voucher,1,8.44
order_003411,1,voucher,7,59.22
order_003412,1,voucher,3,18.32
order_003413,1,debit_card,1,29.3
order_003414,1,debit_card,1,105.1
order_003415,1,credit_card,3,20.59
order_003416,1,credit_card,7,42.790000000000006
order_003417,1,voucher,1,36.19
order_003418,1,voucher,2,43.05
order_003419,1,voucher,7,30.44
order_003420,1,credit_card,3,25.25
order_003421,1,voucher,7,45.95
order_003422,1,voucher,3,132.59
order_003423,1,credit_card,4,74.62
order_003424,1,boleto,7,11.06
order_003425,1,voucher,7,42.230000000000004
order_003426,1,voucher,2,14.64
order_003427,1,credit_card,5,25.19
order_003428,1,credit_card,1,20.0
order_003428,2,voucher,1,17.39
order_003429,1,credit_card,3,27.1
order_003430,1,voucher,3,92.03
order_003431,1,credit_card,4,117.3
order_003432,1,debit_card,2,35.79
order_003433,1,credit_card,1,39.61
order_003434,1,boleto,2,130.9
order_003435,1,voucher,5,101.44000000000001
order_003436,1,voucher,1,28.24
order_003437,1,boleto,4,72.98
order_003438,1,voucher,7,17.85
order_003439,1,credit_card,1,16.52
order_003439,2,boleto,1,13.61
order_003440,1,boleto,6,45.800000000000004
order_003441,1,voucher,3,47.22
order_003442,1,boleto,7,22.310000000000002
order_003443,1,debit_card,7,14.34
order_003444,1,debit_card,2,48.57
order_003445,1,debit_card,7,32.4
order_003446,1,debit_card,4,28.98
order_003447,1,voucher,7,163.43
order_003448,1,boleto,4,13.28
order_003449,1,debit_card,1,19.38
order_003450,1,voucher,1,88.75
order_003451,1,debit_card,4,93.97999999999999
order_003452,1,voucher,1,70.78
order_003453,1,credit_card,6,31.85
order_003454,1,debit_card,3,19.09
order_003455,1,voucher,1,110.25
order_003456,1,credit_card,5,91.47
order_003457,1,credit_card,5,22.01
order_003458,1,voucher,1,81.07000000000001
order_003459,1,voucher,2,34.010000000000005
order_003460,1,boleto,6,42.42
order_003461,1,boleto,2,46.339999999999996
order_003462,1,voucher,1,20.92
order_003463,1,debit_card,7,124.69
order_003464,1,debit_card,3,73.5
order_003465,1,credit_card,7,105.85000000000001
order_003466,1,voucher,3,116.35000000000001
order_003467,1,credit_card,7,15.77
order_003468,1,boleto,4,68.59
order_003469,1,debit_card,6,27.69
order_003470,1,boleto,7,20.48
order_003471,1,debit_card,1,7.63
order_003471,2,credit_card,1,7.43
order_003472,1,boleto,7,147.87
order_003473,1,debit_card,2,36.87
order_003474,1,voucher,3,24.71
order_003475,1,debit_card,2,44.85
order_003476,1,boleto,5,41.75
order_003477,1,credit_card,2,77.62
order_003478,1,credit_card,3,50.75
order_003479,1,credit_card,6,56.85
order_003480,1,boleto,3,69.8
order_003481,1,boleto,3,74.19
order_003482,1,credit_card,6,44.12
order_003483,1,credit_card,1,154.34
order_003484,1,voucher,4,46.53
order_003485,1,voucher,1,46.5
order_003486,1,debit_card,5,56.09
order_003487,1,boleto,6,102.6
order_003488,1,voucher,7,47.019999999999996
order_003489,1,voucher,5,148.51000000000002
order_003490,1,debit_card,6,34.85
order_003491,1,voucher,3,27.68
order_003492,1,credit_card,1,18.439999999999998
order_003493,1,boleto,4,11.88
order_003494,1,voucher,2,89.28
order_003495,1,debit_card,7,54.29
order_003496,1,credit_card,7,66.69
order_003497,1,voucher,1,23.03
order_003498,1,credit_card,6,63.56
order_003499,1,debit_card,6,74.52000000000001
order_003500,1,debit_card,3,106.22
order_003501,1,debit_card,7,69.25999999999999
order_003502,1,debit_card,1,47.269999999999996
order_003503,1,debit_card,4,127.96000000000001
order_003504,1,boleto,6,22.51
order_003505,1,voucher,3,20.72
order_003506,1,credit_card,6,11.0
order_003507,1,boleto,5,25.3
order_003508,1,credit_card,2,45.99
order_003509,1,voucher,3,16.66
order_003510,1,credit_card,3,112.86000000000001
order_003511,1,debit_card,7,11.0
order_003512,1,debit_card,3,22.9
order_003513,1,debit_card,6,15.59
order_003514,1,credit_card,3,71.76
order_003515,1,debit_card,2,55.07
order_003516,1,boleto,7,32.41
order_003517,1,credit_card,6,34.34
order_003518,1,debit_card,2,41.96
order_003519,1,credit_card,1,15.98
order_003519,2,debit_card,1,9.58
order_003520,1,voucher,4,25.98
order_003521,1,voucher,3,36.1
order_003522,1,debit_card,7,28.33
order_003523,1,voucher,5,30.56
order_003524,1,voucher,1,17.16
order_003525,1,boleto,3,23.64
order_003526,1,boleto,1,20.43
order_003526,2,debit_card,1,17.68
order_003527,1,debit_card,5,40.0
order_003528,1,voucher,5,96.77
order_003529,1,credit_card,6,66.27
order_003530,1,voucher,6,140.48000000000002
order_003531,1,boleto,6,34.92
order_003532,1,boleto,6,68.86999999999999
order_003533,1,debit_card,2,42.33
order_003534,1,debit_card,6,29.87
order_003535,1,voucher,1,32.94
order_003535,2,boleto,1,18.78
order_003536,1,voucher,2,95.54
order_003537,1,boleto,5,99.03
order_003538,1,voucher,4,124.25
order_003539,1,credit_card,6,67.52
order_003540,1,credit_card,1,72.88
order_003541,1,boleto,4,26.29
order_003542,1,credit_card,5,43.62
order_003543,1,voucher,4,12.76
order_003544,1,boleto,3,111.66999999999999
order_003545,1,voucher,1,30.38
order_003545,2,boleto,1,24.84
order_003546,1,voucher,3,13.01
order_003547,1,voucher,5,56.81999999999999
order_003548,1,boleto,3,47.17
order_003549,1,boleto,7,100.71000000000001
order_003550,1,credit_card,6,119.47
order_003551,1,credit_card,5,153.04999999999998
order_003552,1,voucher,6,50.07
order_003553,1,debit_card,6,101.72
order_003554,1,debit_card,5,28.58
order_003555,1,voucher,5,67.23
order_003556,1,voucher,4,41.08
order_003557,1,debit_card,3,113.36999999999999
order_003558,1,debit_card,6,17.3
order_003559,1,debit_card,2,54.60999999999999
order_003560,1,credit_card,3,50.45
order_003561,1,voucher,7,93.55000000000001
order_003562,1,voucher,2,195.17999999999998
order_003563,1,boleto,1,17.16
order_003563,2,credit_card,1,15.68
order_003564,1,voucher,3,48.77
order_003565,1,credit_card,4,23.46
order_003566,1,credit_card,2,24.91
order_003567,1,voucher,4,62.49
order_003568,1,credit_card,2,109.39000000000001
order_003569,1,credit_card,7,51.1
order_003570,1,boleto,2,43.78
order_003571,1,boleto,4,86.46
order_003572,1,credit_card,3,11.3
order_003573,1,boleto,3,85.95
order_003574,1,debit_card,3,120.19
order_003575,1,credit_card,7,49.47
order_003576,1,debit_card,5,51.8
order_003577,1,debit_card,1,21.44
order_003578,1,voucher,6,40.849999999999994
order_003579,1,credit_card,4,75.84
order_003580,1,credit_card,1,52.06999999999999
order_003581,1,voucher,4,114.10999999999999
order_003582,1,boleto,1,23.42
order_003583,1,boleto,4,96.63
order_003584,1,boleto,3,26.2
order_003585,1,debit_card,1,24.53
order_003586,1,boleto,5,70.28
order_003587,1,voucher,2,29.49
order_003588,1,voucher,6,67.79
order_003589,1,voucher,1,12.45
order_003589,2,credit_card,1,7.29
order_003590,1,boleto,2,30.42
order_003591,1,credit_card,1,39.19
order_003591,2,debit_card,1,32.54
order_003592,1,boleto,1,90.0
order_003593,1,voucher,2,53.550000000000004
order_003594,1,voucher,6,48.370000000000005
order_003595,1,voucher,5,158.03
order_003596,1,credit_card,2,33.57
order_003597,1,voucher,2,110.77000000000001
order_003598,1,boleto,1,34.61
order_003599,1,boleto,1,38.589999999999996
order_003600,1,boleto,3,12.71
order_003601,1,credit_card,1,41.2
order_003602,1,debit_card,3,36.46
order_003603,1,boleto,7,18.060000000000002
order_003604,1,credit_card,1,78.26
order_003605,1,boleto,6,92.42999999999999
order_003606,1,debit_card,3,48.03
order_003607,1,boleto,3,16.85
order_003608,1,voucher,7,28.8
order_003609,1,credit_card,4,136.74
order_003610,1,debit_card,1,85.04
order_003611,1,voucher,6,66.5
order_003612,1,boleto,4,63.38
order_003613,1,debit_card,6,32.8
order_003614,1,voucher,2,29.36
order_003615,1,credit_card,2,34.34
order_003616,1,voucher,7,15.93
order_003617,1,voucher,4,71.36
order_003618,1,debit_card,4,11.0
order_003619,1,voucher,5,133.11
order_003620,1,debit_card,4,159.14000000000001
order_003621,1,boleto,6,31.49
order_003622,1,credit_card,2,26.62
order_003623,1,credit_card,7,129.16
order_003624,1,debit_card,1,18.35
order_003625,1,credit_card,4,90.88000000000001
order_003626,1,debit_card,7,34.72
order_003627,1,credit_card,1,171.92
order_003627,2,boleto,1,123.59
order_003628,1,debit_card,4,97.09
order_003629,1,credit_card,3,19.71
order_003630,1,boleto,3,41.68
order_003631,1,debit_card,4,98.36
order_003632,1,voucher,6,30.2
order_003633,1,boleto,6,50.98
order_003634,1,debit_card,3,89.61
order_003635,1,debit_card,4,106.05
order_003636,1,debit_card,5,94.3
order_003637,1,voucher,6,35.43
order_003638,1,credit_card,7,37.23
order_003639,1,debit_card,6,17.27
order_003640,1,debit_card,3,26.97
order_003641,1,voucher,2,97.0
order_003642,1,credit_card,4,37.8
order_003643,1,debit_card,5,44.21
order_003644,1,voucher,7,100.63999999999999
order_003645,1,credit_card,1,71.61
order_003646,1,boleto,2,27.81
order_003647,1,voucher,1,102.73
order_003647,2,credit_card,1,78.38
order_003648,1,debit_card,5,106.58
order_003649,1,boleto,4,33.97
order_003650,1,boleto,5,24.31
order_003651,1,credit_card,2,28.349999999999998
order_003652,1,voucher,3,76.9
order_003653,1,debit_card,7,20.04
order_003654,1,debit_card,2,27.07
order_003655,1,boleto,3,76.88
order_003656,1,debit_card,1,27.87
order_003657,1,voucher,7,11.0
order_003658,1,debit_card,2,44.25
order_003659,1,boleto,5,23.91
order_003660,1,boleto,3,36.25
order_003661,1,boleto,3,67.86
order_003662,1,boleto,2,20.43
order_003663,1,boleto,7,37.04
order_003664,1,boleto,3,23.05
order_003665,1,credit_card,3,66.98
order_003666,1,credit_card,2,76.25999999999999
order_003667,1,boleto,5,75.55999999999999
order_003668,1,boleto,1,91.87
order_003669,1,voucher,5,42.160000000000004
order_003670,1,voucher,4,200.18
order_003671,1,credit_card,5,45.7
order_003672,1,debit_card,1,36.11
order_003673,1,voucher,5,32.93
order_003674,1,boleto,1,98.19
order_003675,1,voucher,7,22.17
order_003676,1,debit_card,6,135.87
order_003677,1,boleto,1,66.95
order_003678,1,voucher,4,66.67
order_003679,1,voucher,7,42.48
order_003680,1,debit_card,2,79.72
order_003681,1,debit_card,1,18.939999999999998
order_003682,1,credit_card,1,24.74
order_003682,2,boleto,1,21.55
order_003683,1,debit_card,1,39.47
order_003684,1,debit_card,6,70.03999999999999
order_003685,1,boleto,2,74.59
order_003686,1,debit_card,7,96.14000000000001
order_003687,1,credit_card,6,65.67
order_003688,1,debit_card,6,20.82
order_003689,1,boleto,5,91.03
order_003690,1,debit_card,5,151.37
order_003691,1,debit_card,2,97.28
order_003692,1,boleto,7,33.66
order_003693,1,credit_card,6,51.309999999999995
order_003694,1,boleto,2,75.08
order_003695,1,boleto,3,19.9
order_003696,1,debit_card,3,138.76
order_003697,1,voucher,3,42.72
order_003698,1,voucher,6,11.82
order_003699,1,voucher,5,17.02
order_003700,1,boleto,6,36.24
order_003701,1,voucher,3,37.9
order_003702,1,boleto,1,69.41
order_003703,1,debit_card,1,100.98
order_003704,1,voucher,3,29.6
order_003705,1,voucher,1,14.06
order_003705,2,debit_card,1,15.21
order_003706,1,debit_card,2,14.61
order_003707,1,credit_card,3,77.87
order_003708,1,credit_card,6,107.6
order_003709,1,voucher,3,89.67999999999999
order_003710,1,debit_card,1,127.78
order_003711,1,debit_card,7,28.46
order_003712,1,credit_card,1,186.32000000000002
order_003713,1,credit_card,4,70.64
order_003714,1,boleto,4,112.62
order_003715,1,debit_card,3,78.81
order_003716,1,debit_card,1,87.06
order_003717,1,credit_card,2,46.330000000000005
order_003718,1,credit_card,2,82.91
order_003719,1,credit_card,2,207.38
order_003720,1,debit_card,1,25.75
order_003720,2,boleto,1,28.42
order_003721,1,credit_card,4,110.33
order_003722,1,boleto,6,24.34
order_003723,1,voucher,2,54.65
order_003724,1,credit_card,4,78.86
order_003725,1,voucher,1,171.68
order_003726,1,boleto,6,39.28
order_003727,1,debit_card,6,68.99
order_003728,1,credit_card,2,124.63
order_003729,1,credit_card,4,110.00999999999999
order_003730,1,credit_card,1,70.25
order_003731,1,boleto,5,69.19999999999999
order_003732,1,credit_card,2,151.89
order_003733,1,voucher,4,86.94
order_003734,1,debit_card,1,58.17
order_003735,1,voucher,4,12.7
order_003736,1,boleto,5,62.370000000000005
order_003737,1,boleto,7,54.160000000000004
order_003738,1,credit_card,6,45.69
order_003739,1,debit_card,7,125.53
order_003740,1,boleto,3,213.26
order_003741,1,debit_card,5,29.49
order_003742,1,debit_card,3,54.51
order_003743,1,boleto,5,44.34
order_003744,1,debit_card,7,30.7
order_003745,1,debit_card,7,91.35
order_003746,1,voucher,1,21.57
order_003747,1,debit_card,3,11.59
order_003748,1,voucher,1,20.41
order_003748,2,boleto,1,15.36
order_003749,1,boleto,7,31.02
order_003750,1,voucher,4,72.14
order_003751,1,boleto,2,68.77
order_003752,1,voucher,5,46.02
order_003753,1,debit_card,6,117.56
order_003754,1,voucher,7,74.62
order_003755,1,voucher,1,86.78
order_003756,1,credit_card,6,45.1
order_003757,1,debit_card,4,87.13000000000001
order_003758,1,debit_card,6,42.32
order_003759,1,debit_card,4,32.25
order_003760,1,voucher,3,128.76
order_003761,1,debit_card,1,27.05
order_003762,1,credit_card,3,11.0
order_003763,1,credit_card,5,102.91000000000001
order_003764,1,credit_card,1,45.36
order_003764,2,debit_card,1,55.01
order_003765,1,boleto,3,61.400000000000006
order_003766,1,voucher,1,17.85
order_003766,2,credit_card,1,10.64
order_003767,1,debit_card,1,15.68
order_003768,1,credit_card,1,70.38
order_003769,1,credit_card,4,47.92
order_003770,1,debit_card,3,99.34
order_003771,1,voucher,6,17.82
order_003772,1,voucher,4,35.61
order_003773,1,credit_card,2,47.06
order_003774,1,debit_card,5,64.88
order_003775,1,boleto,7,45.35
order_003776,1,voucher,7,134.38
order_003777,1,credit_card,1,231.79999999999998
order_003778,1,debit_card,7,32.75
order_003779,1,boleto,3,16.42
order_003780,1,credit_card,3,20.68
order_003781,1,credit_card,4,47.97
order_003782,1,debit_card,6,37.94
order_003783,1,voucher,3,175.61
order_003784,1,credit_card,5,17.28
order_003785,1,debit_card,1,18.21
order_003785,2,boleto,1,19.41
order_003786,1,debit_card,6,121.89
order_003787,1,boleto,7,24.54
order_003788,1,debit_card,1,13.32
order_003788,2,voucher,1,15.26
order_003789,1,debit_card,1,52.089999999999996
order_003790,1,debit_card,5,83.88
order_003791,1,debit_card,1,13.3
order_003792,1,debit_card,5,11.0
order_003793,1,debit_card,2,47.36
order_003794,1,boleto,1,47.980000000000004
order_003795,1,voucher,5,116.8
order_003796,1,credit_card,4,68.37
order_003797,1,voucher,7,30.24
order_003798,1,credit_card,6,46.43
order_003799,1,voucher,3,51.17
order_003800,1,credit_card,1,77.28
order_003801,1,credit_card,5,45.86
order_003802,1,voucher,3,24.369999999999997
order_003803,1,debit_card,2,36.04
order_003804,1,voucher,1,11.62
order_003804,2,debit_card,1,8.96
order_003805,1,boleto,3,80.31
order_003806,1,voucher,2,17.36
order_003807,1,credit_card,6,30.05
order_003808,1,voucher,2,17.240000000000002
order_003809,1,credit_card,1,41.58
order_003810,1,voucher,1,69.43
order_003811,1,boleto,1,11.59
order_003812,1,credit_card,7,60.75
order_003813,1,credit_card,7,99.16
order_003814,1,debit_card,5,39.01
order_003815,1,debit_card,6,24.36
order_003816,1,boleto,4,38.120000000000005
order_003817,1,voucher,6,26.23
order_003818,1,debit_card,3,141.35
order_003819,1,credit_card,4,136.56
order_003820,1,voucher,7,237.12
order_003821,1,boleto,3,33.800000000000004
order_003822,1,credit_card,1,37.34
order_003823,1,boleto,3,174.75
order_003824,1,debit_card,6,58.95
order_003825,1,voucher,1,20.48
order_003826,1,voucher,1,13.16
order_003827,1,voucher,3,21.69
order_003828,1,boleto,3,22.439999999999998
order_003829,1,debit_card,1,25.06
order_003830,1,voucher,3,55.41
order_003831,1,boleto,5,35.86
order_003832,1,credit_card,2,69.7
order_003833,1,credit_card,2,40.92
order_003834,1,debit_card,1,75.53
order_003835,1,voucher,4,139.24
order_003836,1,boleto,1,13.43
order_003836,2,credit_card,1,14.72
order_003837,1,credit_card,3,65.08
order_003838,1,voucher,6,18.36
order_003839,1,voucher,5,166.57999999999998
order_003840,1,credit_card,1,38.97
order_003840,2,debit_card,1,22.31
order_003841,1,voucher,4,16.33
order_003842,1,debit_card,6,127.47
order_003843,1,boleto,1,68.76
order_003844,1,voucher,6,53.10000000000001
order_003845,1,boleto,3,94.11
order_003846,1,voucher,1,24.560000000000002
order_003847,1,voucher,2,99.53
order_003848,1,debit_card,2,21.03
order_003849,1,debit_card,4,102.23
order_003850,1,debit_card,6,50.57
order_003851,1,voucher,2,53.36
order_003852,1,voucher,2,60.09
order_003853,1,voucher,3,88.89
order_003854,1,voucher,3,180.48999999999998
order_003855,1,debit_card,4,120.83
order_003856,1,boleto,7,173.16
order_003857,1,voucher,2,190.35
order_003858,1,credit_card,6,50.019999999999996
order_003859,1,credit_card,1,63.69
order_003859,2,debit_card,1,40.95
order_003860,1,debit_card,4,70.34
order_003861,1,boleto,1,45.99
order_003861,2,voucher,1,40.84
order_003862,1,voucher,3,45.54
order_003863,1,credit_card,3,36.01
order_003864,1,voucher,4,90.77
order_003865,1,boleto,2,20.94
order_003866,1,voucher,4,79.28
order_003867,1,credit_card,5,56.61
order_003868,1,boleto,1,59.580000000000005
order_003869,1,boleto,4,26.38
order_003870,1,voucher,4,21.64
order_003871,1,debit_card,4,26.58
order_003872,1,voucher,5,51.92
order_003873,1,debit_card,7,42.559999999999995
order_003874,1,debit_card,7,58.32
order_003875,1,credit_card,6,34.54
order_003876,1,voucher,3,57.8
order_003877,1,voucher,7,33.47
order_003878,1,voucher,6,39.5
order_003879,1,debit_card,1,40.67
order_003880,1,voucher,7,42.75
order_003881,1,voucher,2,36.09
order_003882,1,credit_card,3,31.0
order_003883,1,credit_card,2,49.08
order_003884,1,credit_card,3,61.75
order_003885,1,credit_card,2,85.68
order_003886,1,voucher,1,128.24
order_003887,1,credit_card,4,55.0
order_003888,1,credit_card,1,25.66
order_003889,1,voucher,6,34.75
order_003890,1,debit_card,1,236.76000000000002
order_003891,1,credit_card,1,38.43000000000001
order_003892,1,voucher,6,42.51
order_003893,1,credit_card,7,11.0
order_003894,1,debit_card,6,75.43
order_003895,1,boleto,3,62.28
order_003896,1,boleto,1,60.03
order_003896,2,debit_card,1,51.77
order_003897,1,debit_card,4,88.86
order_003898,1,debit_card,7,45.9
order_003899,1,voucher,3,216.88
order_003900,1,debit_card,6,59.12
order_003901,1,boleto,1,21.23
order_003902,1,voucher,2,28.36
order_003903,1,boleto,4,23.88
order_003904,1,debit_card,2,68.45
order_003905,1,debit_card,1,79.73
order_003906,1,voucher,2,111.53
order_003907,1,voucher,1,79.51
order_003907,2,boleto,1,78.19
order_003908,1,credit_card,7,177.75
order_003909,1,debit_card,4,18.25
order_003910,1,boleto,2,25.4
order_003911,1,debit_card,6,42.28
order_003912,1,boleto,4,15.91
order_003913,1,voucher,4,39.82
order_003914,1,voucher,6,43.33
order_003915,1,boleto,6,37.58
order_003916,1,boleto,7,14.37
order_003917,1,credit_card,3,261.62
order_003918,1,debit_card,4,16.96
order_003919,1,debit_card,1,87.38
order_003920,1,boleto,7,73.73
order_003921,1,boleto,3,25.42
order_003922,1,boleto,7,30.8
order_003923,1,boleto,1,100.55
order_003924,1,credit_card,7,39.400000000000006
order_003925,1,voucher,7,58.32
order_003926,1,debit_card,4,26.59
order_003927,1,boleto,2,63.24
order_003928,1,boleto,1,23.41
order_003928,2,debit_card,1,28.11
order_003929,1,voucher,3,24.09
order_003930,1,voucher,2,123.00999999999999
order_003931,1,voucher,1,127.22999999999999
order_003932,1,voucher,3,138.77
order_003933,1,boleto,5,33.0
order_003934,1,voucher,2,15.54
order_003935,1,credit_card,2,17.0
order_003936,1,debit_card,5,111.11
order_003937,1,voucher,5,14.5
order_003938,1,debit_card,3,15.94
order_003939,1,boleto,6,45.06
order_003940,1,credit_card,5,155.27999999999997
order_003941,1,debit_card,1,15.67
order_003941,2,boleto,1,9.89
order_003942,1,voucher,1,21.84
order_003942,2,debit_card,1,21.11
order_003943,1,boleto,3,124.88
order_003944,1,boleto,2,89.14
order_003945,1,voucher,2,64.28
order_003946,1,voucher,2,73.83
order_003947,1,voucher,4,70.3
order_003948,1,debit_card,5,14.46
order_003949,1,voucher,1,51.87
order_003949,2,credit_card,1,28.56
order_003950,1,credit_card,1,19.27
order_003951,1,debit_card,4,26.69
order_003952,1,debit_card,1,72.58
order_003953,1,boleto,7,23.69
order_003954,1,debit_card,6,71.02000000000001
order_003955,1,voucher,2,30.400000000000002
order_003956,1,boleto,5,22.71
order_003957,1,credit_card,1,27.01
order_003957,2,debit_card,1,18.79
order_003958,1,voucher,1,39.12
order_003959,1,credit_card,7,36.74
order_003960,1,boleto,2,48.94
order_003961,1,credit_card,4,34.69
order_003962,1,voucher,4,62.370000000000005
order_003963,1,boleto,2,16.09
order_003964,1,credit_card,1,106.85
order_003965,1,credit_card,2,14.43
order_003966,1,credit_card,3,22.84
order_003967,1,voucher,2,54.26
order_003968,1,voucher,5,21.13
order_003969,1,boleto,4,73.99
order_003970,1,voucher,3,21.8
order_003971,1,boleto,2,11.0
order_003972,1,voucher,5,29.37
order_003973,1,voucher,7,157.96
order_003974,1,credit_card,5,21.45
order_003975,1,boleto,3,131.93
order_003976,1,boleto,1,22.43
order_003976,2,debit_card,1,26.81
order_003977,1,voucher,6,44.93
order_003978,1,boleto,1,57.47
order_003978,2,credit_card,1,39.05
order_003979,1,credit_card,1,9.99
order_003979,2,voucher,1,9.61
order_003980,1,credit_card,7,155.65
order_003981,1,boleto,5,102.47000000000001
order_003982,1,voucher,4,70.75
order_003983,1,boleto,7,45.2
order_003984,1,credit_card,3,26.56
order_003985,1,credit_card,5,78.94999999999999
order_003986,1,voucher,4,97.58999999999999
order_003987,1,debit_card,6,102.24000000000001
order_003988,1,voucher,6,35.07
order_003989,1,debit_card,5,161.28
order_003990,1,debit_card,4,26.33
order_003991,1,debit_card,3,15.47
order_003992,1,boleto,6,33.0
order_003993,1,voucher,3,126.13000000000001
order_003994,1,voucher,1,66.03
order_003995,1,credit_card,4,35.18
order_003996,1,credit_card,1,35.629999999999995
order_003997,1,debit_card,3,22.03
order_003998,1,boleto,3,50.09
order_003999,1,debit_card,3,33.1
order_004000,1,boleto,1,15.87
order_004000,2,credit_card,1,15.77
order_004001,1,debit_card,6,71.45
order_004002,1,credit_card,2,20.7
order_004003,1,debit_card,6,22.619999999999997
order_004004,1,boleto,6,46.980000000000004
order_004005,1,boleto,1,23.85
order_004006,1,voucher,3,23.78
order_004007,1,debit_card,4,95.68
order_004008,1,boleto,6,19.5
order_004009,1,debit_card,6,23.57
order_004010,1,debit_card,4,48.709999999999994
order_004011,1,boleto,5,54.9
order_004012,1,credit_card,7,109.03
order_004013,1,debit_card,3,23.43
order_004014,1,boleto,1,227.23999999999998
order_004015,1,boleto,1,49.900000000000006
order_004016,1,credit_card,3,53.94
order_004017,1,voucher,1,177.62
order_004018,1,credit_card,7,30.830000000000002
order_004019,1,debit_card,4,49.32
order_004020,1,credit_card,6,36.81
order_004021,1,credit_card,7,13.11
order_004022,1,credit_card,3,56.68
order_004023,1,boleto,6,11.0
order_004024,1,debit_card,6,40.21
order_004025,1,credit_card,2,52.49
order_004026,1,credit_card,1,47.46
order_004027,1,credit_card,1,78.37
order_004028,1,credit_card,6,126.64
order_004029,1,credit_card,7,75.58000000000001
order_004030,1,credit_card,3,29.55
order_004031,1,voucher,4,46.89
order_004032,1,credit_card,2,41.25
order_004033,1,credit_card,6,49.010000000000005
order_004034,1,voucher,1,53.14
order_004035,1,boleto,1,24.55
order_004036,1,credit_card,1,14.29
order_004036,2,boleto,1,8.11
order_004037,1,voucher,4,32.57
order_004038,1,boleto,2,66.74000000000001
order_004039,1,credit_card,3,33.35
order_004040,1,voucher,6,35.63
order_004041,1,debit_card,5,27.13
order_004042,1,voucher,3,228.01000000000002
order_004043,1,boleto,5,176.73999999999998
order_004044,1,debit_card,6,39.13
order_004045,1,boleto,4,57.28
order_004046,1,debit_card,2,45.41
order_004047,1,voucher,1,18.66
order_004047,2,debit_card,1,11.43
order_004048,1,credit_card,7,15.35
order_004049,1,debit_card,7,28.86
order_004050,1,boleto,1,46.68
order_004050,2,credit_card,1,26.63
order_004051,1,credit_card,1,11.0
order_004052,1,debit_card,2,139.31
order_004053,1,credit_card,1,77.05
order_004054,1,voucher,7,107.86
order_004055,1,voucher,6,70.09
order_004056,1,boleto,2,60.57
order_004057,1,boleto,6,40.26
order_004058,1,credit_card,4,19.09
order_004059,1,credit_card,1,45.87
order_004060,1,debit_card,3,52.81
order_004061,1,boleto,3,53.41
order_004062,1,boleto,5,54.160000000000004
order_004063,1,credit_card,4,17.5
order_004064,1,credit_card,1,42.489999999999995
order_004065,1,debit_card,1,30.93
order_004065,2,boleto,1,31.07
order_004066,1,voucher,7,44.82000000000001
order_004067,1,credit_card,1,69.41
order_004067,2,debit_card,1,52.68
order_004068,1,debit_card,2,49.029999999999994
order_004069,1,credit_card,3,92.38
order_004070,1,boleto,3,95.53
order_004071,1,boleto,7,106.25
order_004072,1,voucher,2,19.3
order_004073,1,credit_card,7,227.16000000000003
order_004074,1,voucher,2,20.27
order_004075,1,voucher,2,15.51
order_004076,1,boleto,3,31.18
order_004077,1,boleto,5,41.07
order_004078,1,boleto,2,180.89
order_004079,1,debit_card,3,34.769999999999996
order_004080,1,voucher,3,69.32
order_004081,1,boleto,5,137.98
order_004082,1,debit_card,4,69.35
order_004083,1,boleto,4,46.43
order_004084,1,credit_card,2,103.4
order_004085,1,voucher,1,6.2
order_004085,2,credit_card,1,4.8
order_004086,1,voucher,6,46.760000000000005
order_004087,1,debit_card,2,80.88
order_004088,1,boleto,3,15.63
order_004089,1,credit_card,4,152.95999999999998
order_004090,1,debit_card,7,87.52000000000001
order_004091,1,boleto,1,24.11
order_004092,1,debit_card,5,44.71
order_004093,1,debit_card,4,44.13
order_004094,1,voucher,4,13.92
order_004095,1,credit_card,2,80.69
order_004096,1,debit_card,1,59.98
order_004097,1,debit_card,6,25.84
order_004098,1,debit_card,6,81.56
order_004099,1,debit_card,1,38.36
order_004100,1,boleto,4,170.05
order_004101,1,boleto,3,62.13
order_004102,1,debit_card,1,17.04
order_004103,1,boleto,4,100.86999999999999
order_004104,1,credit_card,1,65.76
order_004105,1,debit_card,4,30.51
order_004106,1,credit_card,1,28.26
order_004107,1,boleto,3,59.02
order_004108,1,boleto,3,29.09
order_004109,1,credit_card,1,111.61999999999999
order_004110,1,debit_card,5,31.02
order_004111,1,credit_card,4,181.2
order_004112,1,boleto,5,40.54
order_004113,1,voucher,6,84.21000000000001
order_004114,1,credit_card,3,25.340000000000003
order_004115,1,voucher,4,41.28
order_004116,1,boleto,6,61.17
order_004117,1,boleto,3,61.019999999999996
order_004118,1,boleto,4,39.34
order_004119,1,credit_card,4,98.22999999999999
order_004120,1,boleto,2,44.269999999999996
order_004121,1,voucher,4,33.59
order_004122,1,debit_card,2,146.86
order_004123,1,voucher,2,148.81
order_004124,1,boleto,6,28.45
order_004125,1,voucher,7,16.82
order_004126,1,voucher,6,17.54
order_004127,1,credit_card,5,69.55
order_004128,1,debit_card,1,19.08
order_004129,1,credit_card,4,115.04
order_004130,1,debit_card,7,27.2
order_004131,1,debit_card,1,40.25
order_004131,2,boleto,1,23.52
order_004132,1,voucher,3,84.96000000000001
order_004133,1,voucher,7,54.25
order_004134,1,credit_card,1,17.11
order_004134,2,boleto,1,13.0
order_004135,1,credit_card,3,20.45
order_004136,1,debit_card,1,16.74
order_004136,2,credit_card,1,12.64
order_004137,1,credit_card,5,82.36999999999999
order_004138,1,credit_card,7,59.65
order_004139,1,credit_card,3,38.28
order_004140,1,voucher,6,21.48
order_004141,1,debit_card,4,77.44
order_004142,1,debit_card,5,62.49
order_004143,1,boleto,2,111.22000000000001
order_004144,1,voucher,6,50.44
order_004145,1,credit_card,1,34.0
order_004145,2,debit_card,1,28.62
order_004146,1,debit_card,6,43.71
order_004147,1,boleto,5,55.05
order_004148,1,credit_card,6,67.87
order_004149,1,boleto,3,35.17
order_004150,1,debit_card,1,44.31
order_004151,1,debit_card,4,101.93
order_004152,1,credit_card,7,96.99
order_004153,1,debit_card,7,44.94
order_004154,1,debit_card,7,118.13000000000001
order_004155,1,credit_card,5,51.22
order_004156,1,voucher,7,49.419999999999995
order_004157,1,boleto,4,26.830000000000002
order_004158,1,credit_card,4,12.08
order_004159,1,credit_card,5,141.09
order_004160,1,credit_card,4,44.77
order_004161,1,voucher,5,137.61
order_004162,1,credit_card,3,118.21
order_004163,1,boleto,7,45.980000000000004
order_004164,1,boleto,7,89.09
order_004165,1,credit_card,6,28.93
order_004166,1,debit_card,1,13.81
order_004167,1,voucher,2,41.31999999999999
order_004168,1,credit_card,7,25.06
order_004169,1,debit_card,6,42.62
order_004170,1,boleto,1,11.09
order_004170,2,voucher,1,11.07
order_004171,1,credit_card,4,40.13
order_004172,1,debit_card,3,87.03
order_004173,1,boleto,7,35.52
order_004174,1,boleto,4,14.34
order_004175,1,credit_card,4,50.660000000000004
order_004176,1,credit_card,6,36.55
order_004177,1,debit_card,4,44.53
order_004178,1,voucher,5,69.85000000000001
order_004179,1,boleto,2,26.54
order_004180,1,credit_card,6,31.68
order_004181,1,voucher,2,19.96
order_004182,1,debit_card,1,40.55
order_004183,1,boleto,1,72.43
order_004184,1,voucher,4,61.74
order_004185,1,debit_card,5,19.88
order_004186,1,boleto,4,121.24
order_004187,1,debit_card,6,30.560000000000002
order_004188,1,boleto,7,41.86
order_004189,1,credit_card,6,113.35
order_004190,1,debit_card,3,25.28
order_004191,1,debit_card,4,50.019999999999996
order_004192,1,credit_card,3,11.0
order_004193,1,voucher,4,93.17
order_004194,1,voucher,6,329.54
order_004195,1,debit_card,5,25.89
order_004196,1,voucher,2,206.86999999999998
order_004197,1,debit_card,5,56.31
order_004198,1,voucher,4,44.160000000000004
order_004199,1,boleto,6,131.78
order_004200,1,credit_card,2,22.779999999999998
order_004201,1,debit_card,4,125.23
order_004202,1,debit_card,4,54.09
order_004203,1,credit_card,5,45.73
order_004204,1,voucher,6,38.42
order_004205,1,credit_card,4,163.45
order_004206,1,voucher,1,149.34
order_004207,1,credit_card,7,19.96
order_004208,1,voucher,1,22.15
order_004208,2,debit_card,1,14.85
order_004209,1,voucher,2,35.25
order_004210,1,credit_card,2,67.91
order_004211,1,boleto,4,19.14
order_004212,1,boleto,2,81.08
order_004213,1,debit_card,3,83.17
order_004214,1,boleto,7,42.39
order_004215,1,voucher,4,32.08
order_004216,1,credit_card,3,13.8
order_004217,1,debit_card,7,20.39
order_004218,1,boleto,5,63.95
order_004219,1,credit_card,4,115.49000000000001
order_004220,1,voucher,6,26.75
order_004221,1,boleto,2,20.78
order_004222,1,boleto,1,60.45
order_004223,1,boleto,3,40.45
order_004224,1,debit_card,3,43.87
order_004225,1,voucher,7,24.34
order_004226,1,credit_card,7,48.879999999999995
order_004227,1,voucher,1,116.28
order_004228,1,credit_card,7,31.85
order_004229,1,boleto,6,165.73000000000002
order_004230,1,credit_card,2,30.95
order_004231,1,debit_card,4,22.76
order_004232,1,credit_card,4,28.41
order_004233,1,boleto,2,28.650000000000002
order_004234,1,voucher,3,92.78999999999999
order_004235,1,boleto,2,56.81
order_004236,1,debit_card,4,36.45
order_004237,1,debit_card,3,26.419999999999998
order_004238,1,credit_card,4,30.01
order_004239,1,boleto,4,71.4
order_004240,1,boleto,4,29.439999999999998
order_004241,1,debit_card,2,57.71
order_004242,1,debit_card,1,146.82
order_004243,1,voucher,5,72.63
order_004244,1,debit_card,3,54.46
order_004245,1,voucher,1,28.990000000000002
order_004246,1,boleto,3,65.67
order_004247,1,debit_card,7,84.46
order_004248,1,debit_card,5,26.42
order_004249,1,credit_card,6,42.59
order_004250,1,credit_card,6,110.15
order_004251,1,boleto,5,39.199999999999996
order_004252,1,voucher,4,32.76
order_004253,1,boleto,1,25.54
order_004253,2,voucher,1,15.42
order_004254,1,boleto,4,37.72
order_004255,1,boleto,6,50.019999999999996
order_004256,1,boleto,2,59.85
order_004257,1,debit_card,6,79.1
order_004258,1,credit_card,4,170.95000000000002
order_004259,1,voucher,3,94.24000000000001
order_004260,1,voucher,4,91.53999999999999
order_004261,1,boleto,1,28.46
order_004261,2,voucher,1,25.56
order_004262,1,voucher,5,72.75999999999999
order_004263,1,debit_card,2,204.33999999999997
order_004264,1,credit_card,1,14.38
order_004264,2,voucher,1,12.67
order_004265,1,credit_card,1,31.79
order_004266,1,boleto,2,73.89
order_004267,1,debit_card,1,57.33
order_004268,1,boleto,1,50.7
order_004269,1,voucher,5,108.92
order_004270,1,boleto,1,46.9
order_004270,2,debit_card,1,40.61
order_004271,1,voucher,7,29.71
order_004272,1,credit_card,4,36.97
order_004273,1,boleto,6,37.15
order_004274,1,debit_card,3,60.839999999999996
order_004275,1,debit_card,2,42.02
order_004276,1,boleto,1,123.34
order_004277,1,boleto,5,17.68
order_004278,1,voucher,6,34.82
order_004279,1,voucher,5,63.129999999999995
order_004280,1,boleto,6,32.29
order_004281,1,boleto,2,55.74
order_004282,1,boleto,5,74.72
order_004283,1,voucher,4,79.27000000000001
order_004284,1,debit_card,3,93.33
order_004285,1,credit_card,4,62.17999999999999
order_004286,1,boleto,6,53.94
order_004287,1,voucher,7,61.849999999999994
order_004288,1,debit_card,5,28.97
order_004289,1,boleto,5,35.15
order_004290,1,boleto,7,43.83
order_004291,1,voucher,6,48.31999999999999
order_004292,1,credit_card,2,13.51
order_004293,1,credit_card,1,43.85
order_004293,2,voucher,1,28.83
order_004294,1,credit_card,1,30.89
order_004295,1,debit_card,2,56.449999999999996
order_004296,1,credit_card,3,55.81999999999999
order_004297,1,debit_card,7,122.43
order_004298,1,voucher,5,25.87
order_004299,1,debit_card,1,28.479999999999997
order_004300,1,voucher,1,11.54
order_004301,1,debit_card,4,96.21
order_004302,1,debit_card,5,85.18
order_004303,1,voucher,1,151.37
order_004304,1,boleto,4,207.87
order_004305,1,debit_card,5,144.20000000000002
order_004306,1,boleto,5,71.02
order_004307,1,credit_card,5,74.61999999999999
order_004308,1,debit_card,3,20.5
order_004309,1,boleto,7,46.62
order_004310,1,credit_card,1,14.8
order_004310,2,debit_card,1,10.8
order_004311,1,debit_card,6,44.29
order_004312,1,voucher,2,118.69
order_004313,1,credit_card,5,108.82000000000001
order_004314,1,voucher,2,54.00999999999999
order_004315,1,credit_card,4,74.13
order_004316,1,debit_card,1,115.13
order_004317,1,boleto,3,34.68
order_004318,1,credit_card,7,70.14
order_004319,1,debit_card,4,51.42
order_004320,1,boleto,6,25.21
order_004321,1,debit_card,4,64.34
order_004322,1,debit_card,1,13.91
order_004323,1,voucher,5,25.05
order_004324,1,boleto,3,53.41
order_004325,1,credit_card,2,66.07000000000001
order_004326,1,voucher,2,38.339999999999996
order_004327,1,boleto,4,63.08
order_004328,1,credit_card,7,60.53
order_004329,1,debit_card,3,76.24
order_004330,1,boleto,4,31.94
order_004331,1,debit_card,1,110.6
order_004332,1,voucher,1,49.52
order_004332,2,debit_card,1,33.78
order_004333,1,credit_card,1,42.51
order_004333,2,boleto,1,36.52
order_004334,1,voucher,7,78.19
order_004335,1,debit_card,1,48.15
order_004335,2,credit_card,1,37.81
order_004336,1,voucher,6,196.47000000000003
order_004337,1,debit_card,1,45.9
order_004338,1,credit_card,4,86.55
order_004339,1,boleto,1,61.1
order_004340,1,boleto,5,247.19
order_004341,1,boleto,1,27.92
order_004341,2,credit_card,1,16.9
order_004342,1,debit_card,7,18.21
order_004343,1,boleto,4,30.62
order_004344,1,boleto,6,102.66999999999999
order_004345,1,credit_card,2,16.509999999999998
order_004346,1,boleto,2,31.92
order_004347,1,debit_card,4,99.08
order_004348,1,voucher,4,94.71
order_004349,1,voucher,1,14.2
order_004349,2,credit_card,1,16.75
order_004350,1,credit_card,6,30.04
order_004351,1,credit_card,7,49.34
order_004352,1,boleto,4,116.97
order_004353,1,debit_card,3,125.11000000000001
order_004354,1,credit_card,3,83.92999999999999
order_004355,1,boleto,5,66.42
order_004356,1,voucher,7,35.76
order_004357,1,credit_card,2,21.77
order_004358,1,credit_card,1,20.94
order_004359,1,credit_card,3,28.91
order_004360,1,debit_card,1,43.050000000000004
order_004361,1,credit_card,3,62.089999999999996
order_004362,1,voucher,5,88.43
order_004363,1,credit_card,1,26.27
order_004364,1,debit_card,6,119.88
order_004365,1,voucher,2,34.879999999999995
order_004366,1,debit_card,6,132.08
order_004367,1,debit_card,5,95.44
order_004368,1,debit_card,1,56.94
order_004369,1,credit_card,7,133.10999999999999
order_004370,1,voucher,5,42.84
order_004371,1,voucher,7,74.82000000000001
order_004372,1,credit_card,2,25.84
order_004373,1,credit_card,2,15.04
order_004374,1,boleto,4,63.63
order_004375,1,debit_card,2,188.59
order_004376,1,debit_card,5,38.87
order_004377,1,debit_card,6,20.09
order_004378,1,boleto,6,64.99000000000001
order_004379,1,debit_card,4,23.21
order_004380,1,credit_card,7,126.61000000000001
order_004381,1,voucher,1,50.69
order_004381,2,boleto,1,41.6
order_004382,1,boleto,7,71.88
order_004383,1,credit_card,3,48.129999999999995
order_004384,1,boleto,3,121.44
order_004385,1,boleto,3,30.32
order_004386,1,boleto,1,105.84
order_004387,1,boleto,5,24.88
order_004388,1,debit_card,7,25.81
order_004389,1,debit_card,7,223.17000000000002
order_004390,1,boleto,7,96.07
order_004391,1,debit_card,2,86.88
order_004392,1,voucher,1,104.94
order_004393,1,boleto,2,78.49
order_004394,1,debit_card,5,70.50999999999999
order_004395,1,boleto,6,62.980000000000004
order_004396,1,credit_card,6,34.28
order_004397,1,debit_card,1,155.57
order_004398,1,voucher,5,48.28
order_004399,1,credit_card,2,22.17
order_004400,1,credit_card,2,80.77000000000001
order_004401,1,boleto,6,59.78
order_004402,1,boleto,1,17.61
order_004402,2,voucher,1,10.39
order_004403,1,credit_card,3,11.0
order_004404,1,boleto,6,200.04
order_004405,1,debit_card,7,43.77
order_004406,1,voucher,2,292.63
order_004407,1,debit_card,5,42.56
order_004408,1,boleto,4,76.53
order_004409,1,boleto,7,49.55
order_004410,1,voucher,7,104.55
order_004411,1,debit_card,2,22.2
order_004412,1,debit_card,3,94.3
order_004413,1,voucher,7,88.88
order_004414,1,debit_card,2,27.490000000000002
order_004415,1,voucher,1,23.11
order_004415,2,debit_card,1,15.08
order_004416,1,credit_card,1,107.12
order_004417,1,voucher,1,54.86
order_004418,1,voucher,1,123.36999999999999
order_004419,1,voucher,4,39.36
order_004420,1,debit_card,7,31.57
order_004421,1,boleto,1,96.57999999999998
order_004422,1,voucher,4,78.94
order_004423,1,boleto,5,32.0
order_004424,1,voucher,5,72.58
order_004425,1,debit_card,3,19.85
order_004426,1,voucher,2,40.67
order_004427,1,voucher,1,66.98
order_004428,1,credit_card,1,9.25
order_004428,2,debit_card,1,9.95
order_004429,1,boleto,5,32.75
order_004430,1,voucher,2,57.31999999999999
order_004431,1,voucher,4,23.21
order_004432,1,voucher,4,120.36
order_004433,1,credit_card,2,81.68
order_004434,1,voucher,1,27.369999999999997
order_004435,1,credit_card,1,26.01
order_004435,2,debit_card,1,18.91
order_004436,1,debit_card,5,63.199999999999996
order_004437,1,voucher,1,55.9
order_004437,2,boleto,1,49.76
order_004438,1,voucher,3,40.330000000000005
order_004439,1,debit_card,7,22.98
order_004440,1,voucher,3,111.72
order_004441,1,credit_card,6,20.51
order_004442,1,debit_card,5,29.95
order_004443,1,credit_card,7,30.33
order_004444,1,boleto,1,63.160000000000004
order_004445,1,boleto,1,15.84
order_004445,2,debit_card,1,11.71
order_004446,1,credit_card,2,23.07
order_004447,1,debit_card,5,51.71
order_004448,1,debit_card,5,44.1
order_004449,1,boleto,5,19.96
order_004450,1,debit_card,1,52.910000000000004
order_004451,1,credit_card,4,35.01
order_004452,1,debit_card,7,63.010000000000005
order_004453,1,boleto,2,24.76
order_004454,1,boleto,6,158.3
order_004455,1,voucher,6,199.12
order_004456,1,voucher,1,71.96
order_004456,2,boleto,1,39.23
order_004457,1,debit_card,7,184.95000000000002
order_004458,1,boleto,3,14.16
order_004459,1,boleto,4,73.01
order_004460,1,boleto,7,96.93
order_004461,1,voucher,3,24.75
order_004462,1,credit_card,1,41.25
order_004463,1,boleto,7,167.3
order_004464,1,debit_card,6,54.32
order_004465,1,voucher,1,16.689999999999998
order_004466,1,voucher,1,19.71
order_004467,1,credit_card,3,93.27999999999999
order_004468,1,debit_card,4,40.870000000000005
order_004469,1,debit_card,6,88.08
order_004470,1,debit_card,1,35.5
order_004470,2,voucher,1,33.13
order_004471,1,voucher,6,28.77
order_004472,1,debit_card,6,43.13
order_004473,1,debit_card,7,44.84
order_004474,1,voucher,1,18.58
order_004475,1,credit_card,1,13.45
order_004475,2,voucher,1,10.25
order_004476,1,boleto,7,163.96
order_004477,1,debit_card,2,38.7
order_004478,1,voucher,6,35.81
order_004479,1,boleto,6,79.35
order_004480,1,voucher,7,37.72
order_004481,1,boleto,2,136.60999999999999
order_004482,1,boleto,1,74.13
order_004482,2,credit_card,1,85.96
order_004483,1,voucher,5,21.31
order_004484,1,credit_card,1,125.68
order_004485,1,debit_card,1,64.56
order_004486,1,debit_card,4,11.74
order_004487,1,boleto,4,19.330000000000002
order_004488,1,voucher,2,206.03000000000003
order_004489,1,voucher,1,24.44
order_004489,2,credit_card,1,15.22
order_004490,1,credit_card,5,42.489999999999995
order_004491,1,credit_card,1,41.3
order_004491,2,voucher,1,31.53
order_004492,1,debit_card,6,19.34
order_004493,1,voucher,4,11.0
order_004494,1,credit_card,4,113.69
order_004495,1,credit_card,1,117.22
order_004496,1,credit_card,6,103.06
order_004497,1,boleto,2,189.89
order_004498,1,credit_card,3,52.47
order_004499,1,boleto,6,17.96
order_004500,1,credit_card,1,48.99
order_004500,2,debit_card,1,55.86
order_004501,1,boleto,3,47.16
order_004502,1,boleto,1,24.26
order_004503,1,voucher,7,15.49
order_004504,1,boleto,2,71.16
order_004505,1,boleto,2,74.63
order_004506,1,credit_card,6,19.36
order_004507,1,boleto,4,22.38
order_004508,1,debit_card,3,27.84
order_004509,1,credit_card,2,23.85
order_004510,1,debit_card,5,94.17999999999999
order_004511,1,voucher,1,28.3
order_004512,1,voucher,1,38.86
order_004513,1,debit_card,3,47.7
order_004514,1,credit_card,7,16.509999999999998
order_004515,1,debit_card,5,99.13
order_004516,1,debit_card,4,77.71000000000001
order_004517,1,debit_card,2,32.72
order_004518,1,boleto,7,96.02
order_004519,1,voucher,5,97.41
order_004520,1,voucher,2,64.23
order_004521,1,credit_card,1,76.74000000000001
order_004522,1,credit_card,2,71.15
order_004523,1,debit_card,5,23.130000000000003
order_004524,1,boleto,3,35.57
order_004525,1,credit_card,5,42.160000000000004
order_004526,1,debit_card,5,72.13999999999999
order_004527,1,credit_card,4,59.99
order_004528,1,debit_card,6,14.77
order_004529,1,debit_card,2,82.67999999999999
order_004530,1,debit_card,6,18.27
order_004531,1,voucher,7,69.2
order_004532,1,voucher,2,255.95
order_004533,1,credit_card,2,26.799999999999997
order_004534,1,debit_card,4,37.699999999999996
order_004535,1,boleto,2,43.18000000000001
order_004536,1,voucher,7,200.51000000000002
order_004537,1,credit_card,6,25.27
order_004538,1,voucher,1,15.44
order_004538,2,credit_card,1,9.31
order_004539,1,debit_card,3,35.54
order_004540,1,debit_card,1,20.38
order_004540,2,voucher,1,20.17
order_004541,1,voucher,5,136.11
order_004542,1,boleto,4,36.55
order_004543,1,debit_card,7,50.6
order_004544,1,voucher,4,22.43
order_004545,1,debit_card,2,26.52
order_004546,1,credit_card,6,35.64
order_004547,1,boleto,1,70.15
order_004548,1,voucher,7,61.21
order_004549,1,credit_card,7,11.41
order_004550,1,voucher,7,24.1
order_004551,1,voucher,7,14.33
order_004552,1,credit_card,4,64.66
order_004553,1,boleto,5,311.07
order_004554,1,debit_card,5,87.25
order_004555,1,voucher,6,43.89
order_004556,1,voucher,1,170.69
order_004557,1,debit_card,4,12.03
order_004558,1,credit_card,2,71.12
order_004559,1,voucher,6,163.32999999999998
order_004560,1,debit_card,2,48.21
order_004561,1,debit_card,2,41.38
order_004562,1,credit_card,2,56.040000000000006
order_004563,1,credit_card,1,208.70000000000002
order_004564,1,credit_card,1,191.56
order_004565,1,boleto,1,244.88000000000002
order_004566,1,boleto,4,35.35
order_004567,1,boleto,1,42.5
order_004567,2,debit_card,1,42.69
order_004568,1,boleto,7,63.23
order_004569,1,voucher,1,153.98000000000002
order_004570,1,credit_card,2,19.67
order_004571,1,boleto,2,50.6
order_004572,1,voucher,7,37.88
order_004573,1,voucher,5,288.03
order_004574,1,debit_card,3,15.99
order_004575,1,voucher,3,68.56
order_004576,1,boleto,1,48.73
order_004576,2,debit_card,1,30.82
order_004577,1,boleto,4,22.96
order_004578,1,boleto,2,50.86
order_004579,1,debit_card,2,49.75
order_004580,1,debit_card,5,92.18
order_004581,1,credit_card,6,145.70000000000002
order_004582,1,voucher,2,35.06
order_004583,1,credit_card,1,50.81
order_004583,2,boleto,1,40.0
order_004584,1,debit_card,1,50.07
order_004585,1,boleto,3,47.879999999999995
order_004586,1,boleto,4,60.47
order_004587,1,debit_card,1,26.0
order_004587,2,credit_card,1,25.88
order_004588,1,boleto,5,12.7
order_004589,1,boleto,2,25.07
order_004590,1,boleto,7,85.80000000000001
order_004591,1,debit_card,5,66.3
order_004592,1,debit_card,7,147.88
order_004593,1,voucher,6,109.83
order_004594,1,credit_card,2,88.13
order_004595,1,credit_card,6,62.39999999999999
order_004596,1,voucher,4,64.5
order_004597,1,voucher,7,60.55
order_004598,1,credit_card,6,14.63
order_004599,1,debit_card,6,27.509999999999998
order_004600,1,voucher,6,69.03
order_004601,1,credit_card,2,32.510000000000005
order_004602,1,debit_card,2,81.56
order_004603,1,voucher,4,35.27
order_004604,1,debit_card,2,48.86
order_004605,1,debit_card,7,98.49
order_004606,1,credit_card,5,80.03
order_004607,1,voucher,4,61.730000000000004
order_004608,1,credit_card,5,66.16
order_004609,1,boleto,4,164.91
order_004610,1,boleto,6,14.66
order_004611,1,voucher,4,60.95
order_004612,1,debit_card,1,64.16
order_004613,1,credit_card,2,33.67
order_004614,1,boleto,1,59.6
order_004615,1,debit_card,5,30.62
order_004616,1,boleto,3,25.75
order_004617,1,boleto,7,22.66
order_004618,1,voucher,4,87.89000000000001
order_004619,1,credit_card,2,85.16
order_004620,1,boleto,4,62.16
order_004621,1,debit_card,1,18.84
order_004621,2,boleto,1,19.29
order_004622,1,credit_card,1,11.0
order_004623,1,debit_card,7,38.47
order_004624,1,debit_card,1,39.910000000000004
order_004625,1,voucher,7,61.04
order_004626,1,credit_card,7,65.61
order_004627,1,credit_card,1,13.58
order_004627,2,debit_card,1,10.46
order_004628,1,voucher,4,64.36999999999999
order_004629,1,credit_card,1,27.96
order_004630,1,credit_card,1,96.25
order_004631,1,debit_card,3,177.71999999999997
order_004632,1,debit_card,3,66.9
order_004633,1,debit_card,4,25.33
order_004634,1,boleto,1,37.26
order_004635,1,credit_card,2,94.33
order_004636,1,boleto,3,37.38
order_004637,1,debit_card,5,145.6
order_004638,1,credit_card,4,29.77
order_004639,1,voucher,6,129.35
order_004640,1,debit_card,3,96.39999999999999
order_004641,1,boleto,1,24.37
order_004641,2,voucher,1,21.22
order_004642,1,credit_card,5,11.0
order_004643,1,debit_card,4,19.53
order_004644,1,boleto,2,74.26
order_004645,1,voucher,1,40.59
order_004646,1,credit_card,3,31.34
order_004647,1,voucher,1,91.98
order_004648,1,voucher,1,10.25
order_004648,2,debit_card,1,11.92
order_004649,1,voucher,6,131.53
order_004650,1,debit_card,3,28.45
order_004651,1,voucher,1,45.68
order_004652,1,voucher,6,35.82
order_004653,1,boleto,1,108.81
order_004654,1,voucher,1,90.14
order_004655,1,credit_card,4,79.5
order_004656,1,voucher,3,23.7
order_004657,1,voucher,5,82.02
order_004658,1,boleto,5,13.57
order_004659,1,voucher,5,29.46
order_004660,1,debit_card,5,159.75
order_004661,1,boleto,2,20.16
order_004662,1,boleto,4,34.629999999999995
order_004663,1,boleto,1,35.27
order_004664,1,voucher,1,18.14
order_004664,2,debit_card,1,10.05
order_004665,1,debit_card,5,62.24
order_004666,1,debit_card,6,19.9
order_004667,1,voucher,6,25.01
order_004668,1,voucher,3,26.67
order_004669,1,credit_card,2,51.1
order_004670,1,debit_card,7,103.44999999999999
order_004671,1,debit_card,7,145.19
order_004672,1,debit_card,1,10.15
order_004672,2,boleto,1,9.86
order_004673,1,debit_card,6,61.36
order_004674,1,voucher,1,85.07
order_004675,1,debit_card,5,36.1
order_004676,1,credit_card,6,40.370000000000005
order_004677,1,voucher,5,53.37
order_004678,1,boleto,4,29.02
order_004679,1,boleto,3,45.85
order_004680,1,boleto,2,107.27
order_004681,1,debit_card,3,52.33
order_004682,1,credit_card,4,100.71000000000001
order_004683,1,voucher,6,72.99
order_004684,1,voucher,1,28.02
order_004685,1,boleto,5,75.54
order_004686,1,debit_card,5,98.57
order_004687,1,debit_card,7,32.19
order_004688,1,voucher,4,50.82
order_004689,1,boleto,3,89.13000000000001
order_004690,1,voucher,1,20.19
order_004690,2,debit_card,1,11.47
order_004691,1,voucher,3,94.66
order_004692,1,debit_card,7,123.19
order_004693,1,boleto,1,43.69
order_004694,1,boleto,6,68.05
order_004695,1,credit_card,3,215.02
order_004696,1,debit_card,4,24.57
order_004697,1,voucher,1,58.83
order_004698,1,credit_card,1,100.71
order_004698,2,boleto,1,84.66
order_004699,1,boleto,2,64.96000000000001
order_004700,1,debit_card,1,23.3
order_004700,2,boleto,1,12.86
order_004701,1,boleto,3,29.779999999999998
order_004702,1,voucher,1,56.49
order_004702,2,debit_card,1,56.96
order_004703,1,boleto,4,208.85999999999999
order_004704,1,credit_card,3,35.74
order_004705,1,voucher,4,59.7
order_004706,1,voucher,1,9.49
order_004706,2,credit_card,1,7.37
order_004707,1,boleto,6,17.35
order_004708,1,boleto,1,57.27
order_004709,1,boleto,5,43.46
order_004710,1,credit_card,2,151.2
order_004711,1,voucher,5,85.56
order_004712,1,boleto,1,43.03
order_004712,2,credit_card,1,49.27
order_004713,1,voucher,7,97.53
order_004714,1,voucher,1,23.46
order_004715,1,boleto,1,29.56
order_004716,1,boleto,2,19.07
order_004717,1,boleto,4,47.4
order_004718,1,credit_card,5,36.7
order_004719,1,voucher,4,132.97
order_004720,1,debit_card,3,67.99
order_004721,1,voucher,4,18.77
order_004722,1,boleto,7,29.39
order_004723,1,boleto,7,57.48
order_004724,1,voucher,7,20.57
order_004725,1,credit_card,5,97.0
order_004726,1,boleto,4,89.87
order_004727,1,credit_card,6,201.6
order_004728,1,debit_card,1,15.82
order_004728,2,boleto,1,8.89
order_004729,1,voucher,3,49.65
order_004730,1,boleto,2,70.08
order_004731,1,voucher,3,54.669999999999995
order_004732,1,debit_card,4,46.17
order_004733,1,credit_card,6,34.77
order_004734,1,voucher,4,39.29
order_004735,1,credit_card,4,37.699999999999996
order_004736,1,debit_card,1,109.33
order_004737,1,voucher,1,256.35
order_004738,1,credit_card,7,42.75
order_004739,1,voucher,6,37.68
order_004740,1,boleto,1,16.259999999999998
order_004741,1,credit_card,7,23.24
order_004742,1,debit_card,7,91.97000000000001
order_004743,1,boleto,1,27.37
order_004743,2,credit_card,1,18.77
order_004744,1,credit_card,2,71.1
order_004745,1,debit_card,3,67.1
order_004746,1,boleto,4,28.94
order_004747,1,credit_card,1,96.89999999999999
order_004748,1,voucher,7,56.47
order_004749,1,debit_card,2,48.18
order_004750,1,debit_card,3,51.7
order_004751,1,debit_card,3,73.06
order_004752,1,boleto,4,68.65
order_004753,1,debit_card,3,32.25
order_004754,1,debit_card,7,44.660000000000004
order_004755,1,debit_card,2,72.28
order_004756,1,voucher,2,23.73
order_004757,1,voucher,1,20.11
order_004758,1,debit_card,3,21.34
order_004759,1,voucher,3,84.08000000000001
order_004760,1,credit_card,2,27.32
order_004761,1,boleto,6,55.79
order_004762,1,debit_card,2,101.26
order_004763,1,credit_card,2,27.01
order_004764,1,boleto,5,83.58
order_004765,1,debit_card,4,70.43
order_004766,1,voucher,3,74.26
order_004767,1,boleto,6,77.88999999999999
order_004768,1,voucher,5,39.75
order_004769,1,voucher,6,324.24
order_004770,1,voucher,7,33.43
order_004771,1,credit_card,5,64.15
order_004772,1,debit_card,2,32.54
order_004773,1,credit_card,1,52.349999999999994
order_004774,1,voucher,1,33.87
order_004775,1,voucher,4,101.75
order_004776,1,credit_card,3,55.04
order_004777,1,credit_card,3,23.26
order_004778,1,boleto,1,10.6
order_004778,2,voucher,1,12.13
order_004779,1,boleto,7,12.74
order_004780,1,debit_card,7,49.38
order_004781,1,boleto,7,25.81
order_004782,1,debit_card,2,148.73999999999998
order_004783,1,debit_card,6,27.64
order_004784,1,credit_card,4,79.78
order_004785,1,debit_card,1,81.97
order_004786,1,debit_card,4,88.82
order_004787,1,boleto,1,74.69
order_004788,1,voucher,7,173.63
order_004789,1,boleto,6,17.84
order_004790,1,credit_card,1,23.01
order_004790,2,voucher,1,14.39
order_004791,1,credit_card,6,25.36
order_004792,1,boleto,7,29.18
order_004793,1,debit_card,2,106.16000000000001
order_004794,1,voucher,4,37.73
order_004795,1,voucher,1,19.39
order_004795,2,boleto,1,21.37
order_004796,1,boleto,4,50.45
order_004797,1,debit_card,7,28.19
order_004798,1,boleto,6,68.24
order_004799,1,debit_card,1,67.16
order_004800,1,voucher,4,29.42
order_004801,1,boleto,6,91.3
order_004802,1,debit_card,6,113.53
order_004803,1,credit_card,4,12.42
order_004804,1,debit_card,6,34.37
order_004805,1,debit_card,4,34.019999999999996
order_004806,1,debit_card,1,74.47
order_004807,1,boleto,6,88.45
order_004808,1,voucher,7,54.56
order_004809,1,credit_card,2,14.22
order_004810,1,boleto,5,27.78
order_004811,1,boleto,3,19.77
order_004812,1,voucher,3,17.240000000000002
order_004813,1,voucher,7,113.55
order_004814,1,voucher,7,66.16
order_004815,1,boleto,1,17.39
order_004816,1,voucher,6,91.35999999999999
order_004817,1,credit_card,2,52.269999999999996
order_004818,1,boleto,1,56.24
order_004818,2,debit_card,1,44.87
order_004819,1,credit_card,4,18.48
order_004820,1,boleto,2,46.150000000000006
order_004821,1,debit_card,6,50.370000000000005
order_004822,1,boleto,2,11.0
order_004823,1,credit_card,5,31.54
order_004824,1,boleto,1,13.4
order_004825,1,boleto,3,38.8
order_004826,1,debit_card,4,152.04
order_004827,1,boleto,1,65.34
order_004828,1,credit_card,5,17.92
order_004829,1,debit_card,2,28.23
order_004830,1,boleto,1,49.94
order_004830,2,voucher,1,59.52
order_004831,1,debit_card,7,11.0
order_004832,1,voucher,7,51.95
order_004833,1,boleto,5,18.45
order_004834,1,boleto,2,116.55
order_004835,1,boleto,7,14.96
order_004836,1,voucher,2,18.240000000000002
order_004837,1,voucher,1,87.26
order_004837,2,debit_card,1,58.2
order_004838,1,debit_card,6,33.03
order_004839,1,voucher,1,61.49
order_004840,1,debit_card,4,69.72999999999999
order_004841,1,credit_card,4,91.03999999999999
order_004842,1,credit_card,2,55.96
order_004843,1,debit_card,6,28.41
order_004844,1,debit_card,2,138.93
order_004845,1,credit_card,3,50.22
order_004846,1,boleto,2,45.55
order_004847,1,debit_card,6,33.379999999999995
order_004848,1,debit_card,5,86.89
order_004849,1,boleto,2,36.800000000000004
order_004850,1,debit_card,1,53.68
order_004851,1,boleto,1,9.03
order_004851,2,debit_card,1,8.41
order_004852,1,credit_card,2,44.32
order_004853,1,boleto,1,22.89
order_004853,2,debit_card,1,16.48
order_004854,1,voucher,5,90.36
order_004855,1,debit_card,2,63.82
order_004856,1,debit_card,1,97.38999999999999
order_004857,1,credit_card,1,43.21
order_004858,1,voucher,1,40.120000000000005
order_004859,1,debit_card,6,75.8
order_004860,1,voucher,3,21.07
order_004861,1,credit_card,3,110.34
order_004862,1,voucher,2,68.33
order_004863,1,debit_card,3,119.85999999999999
order_004864,1,credit_card,3,40.65
order_004865,1,debit_card,3,12.67
order_004866,1,boleto,6,71.06
order_004867,1,debit_card,2,33.76
order_004868,1,boleto,6,34.08
order_004869,1,credit_card,2,23.3
order_004870,1,voucher,3,122.24
order_004871,1,voucher,4,34.25
order_004872,1,debit_card,4,38.419999999999995
order_004873,1,boleto,3,39.06
order_004874,1,credit_card,1,33.019999999999996
order_004875,1,credit_card,7,81.66999999999999
order_004876,1,boleto,7,85.53
order_004877,1,credit_card,7,60.4
order_004878,1,voucher,4,71.35000000000001
order_004879,1,voucher,7,91.83999999999999
order_004880,1,credit_card,3,154.45
order_004881,1,debit_card,1,17.880000000000003
order_004882,1,voucher,5,26.67
order_004883,1,voucher,4,32.72
order_004884,1,debit_card,1,12.41
order_004884,2,voucher,1,9.41
order_004885,1,credit_card,4,70.96
order_004886,1,debit_card,2,125.45
order_004887,1,voucher,6,37.31
order_004888,1,voucher,5,29.05
order_004889,1,credit_card,5,16.71
order_004890,1,credit_card,4,47.33
order_004891,1,debit_card,2,26.6
order_004892,1,debit_card,5,30.66
order_004893,1,debit_card,1,15.18
order_004893,2,boleto,1,9.75
order_004894,1,boleto,5,25.71
order_004895,1,debit_card,7,55.46
order_004896,1,debit_card,6,34.08
order_004897,1,credit_card,5,109.08999999999999
order_004898,1,boleto,3,110.62
order_004899,1,debit_card,2,33.97
order_004900,1,debit_card,1,189.06
order_004901,1,credit_card,4,69.66
order_004902,1,boleto,3,150.66
order_004903,1,credit_card,4,56.519999999999996
order_004904,1,voucher,4,48.790000000000006
order_004905,1,credit_card,5,30.2
order_004906,1,boleto,5,29.32
order_004907,1,credit_card,1,56.989999999999995
order_004908,1,debit_card,2,43.91
order_004909,1,credit_card,2,23.79
order_004910,1,voucher,3,124.28999999999999
order_004911,1,credit_card,5,18.93
order_004912,1,credit_card,5,48.730000000000004
order_004913,1,credit_card,3,43.97
order_004914,1,credit_card,2,47.04
order_004915,1,voucher,1,56.29
order_004916,1,voucher,3,63.22
order_004917,1,boleto,3,92.31
order_004918,1,debit_card,5,75.7
order_004919,1,boleto,2,121.75
order_004920,1,debit_card,4,160.27999999999997
order_004921,1,voucher,7,39.53
order_004922,1,credit_card,7,60.809999999999995
order_004923,1,credit_card,5,77.18
order_004924,1,credit_card,1,24.89
order_004925,1,voucher,5,46.379999999999995
order_004926,1,voucher,1,29.130000000000003
order_004927,1,credit_card,3,19.26
order_004928,1,debit_card,7,139.3
order_004929,1,debit_card,6,18.5
order_004930,1,credit_card,6,30.43
order_004931,1,boleto,3,26.08
order_004932,1,debit_card,2,151.16
order_004933,1,voucher,1,31.94
order_004933,2,boleto,1,28.08
order_004934,1,debit_card,7,39.64
order_004935,1,boleto,7,72.91
order_004936,1,boleto,5,66.35
order_004937,1,voucher,3,70.29
order_004938,1,boleto,4,33.81
order_004939,1,credit_card,5,26.99
order_004940,1,credit_card,2,66.79
order_004941,1,voucher,5,147.35000000000002
order_004942,1,debit_card,4,115.91000000000001
order_004943,1,voucher,5,11.0
order_004944,1,debit_card,6,37.26
order_004945,1,boleto,7,49.540000000000006
order_004946,1,boleto,3,154.49
order_004947,1,credit_card,6,55.97
order_004948,1,voucher,5,69.52
order_004949,1,debit_card,3,64.69
order_004950,1,credit_card,5,24.81
order_004951,1,credit_card,5,27.82
order_004952,1,credit_card,6,60.91
order_004953,1,credit_card,3,37.24
order_004954,1,voucher,6,77.28999999999999
order_004955,1,debit_card,2,42.849999999999994
order_004956,1,debit_card,4,51.44
order_004957,1,boleto,5,28.17
order_004958,1,debit_card,5,53.69
order_004959,1,boleto,1,46.56
order_004960,1,debit_card,3,20.64
order_004961,1,debit_card,3,89.96000000000001
order_004962,1,credit_card,7,48.519999999999996
order_004963,1,credit_card,7,73.73
order_004964,1,credit_card,3,54.51
order_004965,1,credit_card,6,11.0
order_004966,1,credit_card,4,73.14
order_004967,1,debit_card,3,38.26
order_004968,1,credit_card,6,34.339999999999996
order_004969,1,voucher,7,33.47
order_004970,1,boleto,3,117.3
order_004971,1,boleto,2,83.07000000000001
order_004972,1,voucher,7,45.89
order_004973,1,voucher,5,11.0
order_004974,1,voucher,2,73.92999999999999
order_004975,1,debit_card,1,167.01
order_004976,1,boleto,5,88.19
order_004977,1,credit_card,5,67.82
order_004978,1,credit_card,2,49.230000000000004
order_004979,1,voucher,1,23.04
order_004979,2,credit_card,1,16.78
order_004980,1,boleto,6,38.54
order_004981,1,boleto,6,33.25
order_004982,1,debit_card,6,11.09
order_004983,1,boleto,6,30.94
order_004984,1,boleto,1,21.08
order_004985,1,debit_card,2,53.769999999999996
order_004986,1,credit_card,1,53.27
order_004987,1,voucher,1,55.42
order_004988,1,credit_card,7,68.02
order_004989,1,credit_card,1,56.85
order_004989,2,boleto,1,46.86
order_004990,1,boleto,2,26.41
order_004991,1,boleto,3,23.24
order_004992,1,debit_card,5,133.49
order_004993,1,boleto,1,99.5
order_004993,2,voucher,1,58.8
order_004994,1,boleto,4,215.79
order_004995,1,boleto,4,23.37
order_004996,1,boleto,7,65.28
order_004997,1,credit_card,1,89.62
order_004998,1,credit_card,2,44.510000000000005
order_004999,1,voucher,1,32.44
order_004999,2,debit_card,1,26.87
