review_id,order_id,review_score,review_creation_date,review_answer_timestamp
review_000000,order_000000,5,2018-03-20 22:56:00,2018-02-24 22:56:00
review_000001,order_000001,1,2018-01-21 05:53:10,2018-01-16 05:53:10
review_000002,order_000002,4,2018-06-05 07:32:45,2018-06-23 07:32:45
review_000003,order_000003,4,2017-05-10 15:07:44,2017-04-22 15:07:44
review_000004,order_000004,3,2017-12-02 00:03:04,2017-11-09 00:03:04
review_000005,order_000005,5,2018-03-09 02:27:02,2018-03-05 02:27:02
review_000006,order_000006,5,2017-07-26 21:38:26,2017-08-24 21:38:26
review_000007,order_000007,5,2018-07-05 04:08:27,2018-06-25 04:08:27
review_000008,order_000008,5,2017-08-04 13:50:57,2017-07-11 13:50:57
review_000009,order_000009,5,2017-07-23 21:10:34,2017-07-28 21:10:34
review_000010,order_000010,3,2017-07-25 17:35:36,2017-08-22 17:35:36
review_000011,order_000011,5,2018-03-03 06:31:36,2018-02-25 06:31:36
review_000012,order_000012,5,2017-04-07 03:39:50,2017-04-04 03:39:50
review_000013,order_000013,1,2017-04-26 17:13:45,2017-04-18 17:13:45
review_000014,order_000014,5,2018-05-12 09:42:37,2018-05-02 09:42:37
review_000015,order_000015,2,2017-05-25 23:13:19,2017-06-04 23:13:19
review_000016,order_000016,5,2017-03-25 15:28:53,2017-03-20 15:28:53
review_000017,order_000017,5,2017-07-01 00:15:52,2017-06-25 00:15:52
review_000018,order_000018,3,2017-10-04 06:01:23,2017-09-17 06:01:23
review_000019,order_000019,4,2017-02-24 17:52:00,2017-02-18 17:52:00
review_000020,order_000020,2,2018-06-10 16:50:09,2018-05-30 16:50:09
review_000021,order_000021,5,2017-03-26 17:48:17,2017-03-28 17:48:17
review_000022,order_000022,3,2017-09-14 05:36:24,2017-10-01 05:36:24
review_000023,order_000023,5,2017-05-20 05:58:59,2017-06-01 05:58:59
review_000024,order_000024,4,2017-07-08 05:01:08,2017-07-27 05:01:08
review_000025,order_000025,3,2017-02-04 16:41:55,2017-03-01 16:41:55
review_000026,order_000026,5,2018-08-14 00:16:44,2018-08-11 00:16:44
review_000027,order_000027,5,2018-08-08 19:32:31,2018-07-31 19:32:31
review_000028,order_000028,4,2017-04-14 06:45:56,2017-03-28 06:45:56
review_000029,order_000029,5,2017-05-31 11:42:45,2017-05-13 11:42:45
review_000030,order_000030,5,2018-07-06 05:55:18,2018-07-09 05:55:18
review_000031,order_000031,5,2017-09-23 10:12:22,2017-10-15 10:12:22
review_000032,order_000032,4,2017-02-23 18:20:40,2017-03-12 18:20:40
review_000033,order_000033,4,2017-04-23 04:45:45,2017-04-01 04:45:45
review_000034,order_000034,4,2017-09-23 13:40:22,2017-09-19 13:40:22
review_000035,order_000035,5,2017-12-27 01:22:27,2017-12-15 01:22:27
review_000036,order_000036,4,2018-02-07 04:16:04,2018-02-21 04:16:04
review_000037,order_000037,3,2017-04-25 16:25:36,2017-04-10 16:25:36
review_000038,order_000038,4,2017-09-02 13:38:06,2017-08-31 13:38:06
review_000039,order_000039,5,2017-07-12 14:40:29,2017-06-21 14:40:29
review_000040,order_000040,4,2017-12-01 05:24:38,2017-12-23 05:24:38
review_000041,order_000041,4,2017-08-03 04:56:55,2017-08-07 04:56:55
review_000042,order_000042,4,2017-05-29 10:12:43,2017-05-30 10:12:43
review_000043,order_000043,5,2018-05-25 03:05:45,2018-05-24 03:05:45
review_000044,order_000044,5,2017-12-31 21:19:01,2018-01-09 21:19:01
review_000045,order_000045,3,2017-11-09 06:25:49,2017-11-20 06:25:49
review_000046,order_000046,5,2017-04-20 17:15:43,2017-04-22 17:15:43
review_000047,order_000047,5,2017-03-05 03:45:48,2017-03-04 03:45:48
review_000048,order_000048,5,2018-05-26 15:37:35,2018-05-06 15:37:35
review_000049,order_000049,2,2018-08-31 04:53:33,2018-09-05 04:53:33
review_000050,order_000050,5,2018-01-07 06:45:20,2018-01-13 06:45:20
review_000051,order_000051,5,2017-02-24 09:53:19,2017-02-05 09:53:19
review_000052,order_000052,5,2017-11-06 02:59:23,2017-10-28 02:59:23
review_000053,order_000053,5,2017-07-17 02:59:28,2017-07-14 02:59:28
review_000054,order_000054,4,2017-02-14 18:04:14,2017-03-04 18:04:14
review_000055,order_000055,4,2017-04-14 08:17:41,2017-04-11 08:17:41
review_000056,order_000056,2,2017-11-10 13:37:45,2017-11-23 13:37:45
review_000057,order_000057,1,2017-09-27 15:30:58,2017-10-21 15:30:58
review_000058,order_000058,5,2017-12-23 14:56:46,2018-01-02 14:56:46
review_000059,order_000059,5,2018-03-05 15:03:32,2018-03-28 15:03:32
review_000060,order_000060,2,2017-07-04 23:24:09,2017-07-09 23:24:09
review_000061,order_000061,4,2017-07-06 15:08:18,2017-06-30 15:08:18
review_000062,order_000062,4,2018-03-12 08:21:34,2018-03-13 08:21:34
review_000063,order_000063,4,2017-06-03 06:49:53,2017-05-18 06:49:53
review_000064,order_000064,5,2017-03-20 19:13:04,2017-02-26 19:13:04
review_000065,order_000065,5,2018-06-11 10:07:15,2018-06-21 10:07:15
review_000066,order_000066,4,2017-05-30 13:24:53,2017-05-18 13:24:53
review_000067,order_000067,5,2017-04-18 19:33:31,2017-04-06 19:33:31
review_000068,order_000068,3,2018-04-19 05:38:46,2018-04-11 05:38:46
review_000069,order_000069,5,2017-12-14 05:20:15,2017-12-20 05:20:15
review_000070,order_000070,2,2017-04-29 01:16:09,2017-04-30 01:16:09
review_000071,order_000071,4,2018-06-21 01:44:13,2018-07-04 01:44:13
review_000072,order_000072,4,2017-06-25 14:47:03,2017-06-25 14:47:03
review_000073,order_000073,2,2018-03-18 12:05:07,2018-03-11 12:05:07
review_000074,order_000074,3,2018-02-22 07:08:34,2018-02-25 07:08:34
review_000075,order_000075,4,2018-06-03 05:04:34,2018-06-15 05:04:34
review_000076,order_000076,4,2018-04-16 16:41:29,2018-04-10 16:41:29
review_000077,order_000077,3,2018-03-10 02:02:53,2018-03-18 02:02:53
review_000078,order_000078,4,2017-02-26 16:49:02,2017-03-03 16:49:02
review_000079,order_000079,3,2018-08-04 21:43:01,2018-08-02 21:43:01
review_000080,order_000080,2,2017-03-23 10:55:51,2017-03-30 10:55:51
review_000081,order_000081,4,2017-07-03 11:52:27,2017-06-10 11:52:27
review_000082,order_000082,3,2017-10-28 12:52:24,2017-10-14 12:52:24
review_000083,order_000083,5,2017-07-17 02:17:07,2017-07-01 02:17:07
review_000084,order_000084,3,2018-01-01 15:02:13,2018-01-09 15:02:13
review_000085,order_000085,3,2017-02-21 08:45:56,2017-03-01 08:45:56
review_000086,order_000086,4,2017-10-21 11:14:47,2017-10-18 11:14:47
review_000087,order_000087,2,2017-08-28 00:33:04,2017-08-13 00:33:04
review_000088,order_000088,2,2018-02-28 21:03:24,2018-02-13 21:03:24
review_000089,order_000089,5,2017-12-02 08:00:03,2017-12-10 08:00:03
review_000090,order_000090,3,2018-04-30 01:49:20,2018-04-12 01:49:20
review_000091,order_000091,5,2017-04-29 18:46:09,2017-04-18 18:46:09
review_000092,order_000092,4,2018-09-02 23:30:56,2018-09-02 23:30:56
review_000093,order_000093,4,2017-09-28 12:28:44,2017-09-26 12:28:44
review_000094,order_000094,3,2017-08-27 00:48:10,2017-09-03 00:48:10
review_000095,order_000095,3,2017-12-22 23:48:06,2017-12-24 23:48:06
review_000096,order_000096,5,2017-04-29 04:59:39,2017-05-14 04:59:39
review_000097,order_000097,5,2018-06-04 05:46:10,2018-05-28 05:46:10
review_000098,order_000098,4,2017-06-25 16:59:57,2017-06-24 16:59:57
review_000099,order_000099,3,2018-08-11 07:57:55,2018-08-17 07:57:55
review_000100,order_000100,4,2017-04-06 02:02:20,2017-05-06 02:02:20
review_000101,order_000101,2,2018-06-23 16:23:06,2018-07-06 16:23:06
review_000102,order_000102,4,2017-09-23 06:17:31,2017-10-02 06:17:31
review_000103,order_000103,5,2018-02-08 20:40:43,2018-02-05 20:40:43
review_000104,order_000104,5,2018-06-25 03:41:43,2018-06-27 03:41:43
review_000105,order_000105,1,2017-03-26 21:44:56,2017-04-16 21:44:56
review_000106,order_000106,4,2017-08-15 17:21:56,2017-08-15 17:21:56
review_000107,order_000107,4,2018-08-14 05:44:47,2018-08-07 05:44:47
review_000108,order_000108,5,2017-05-05 13:53:39,2017-04-17 13:53:39
review_000109,order_000109,3,2017-03-19 22:31:16,2017-03-27 22:31:16
review_000110,order_000110,2,2017-12-16 01:32:50,2017-11-23 01:32:50
review_000111,order_000111,4,2017-02-19 19:40:36,2017-02-07 19:40:36
review_000112,order_000112,4,2018-09-01 11:02:35,2018-09-13 11:02:35
review_000113,order_000113,5,2018-07-26 22:46:47,2018-08-03 22:46:47
review_000114,order_000114,4,2017-05-08 05:00:14,2017-05-30 05:00:14
review_000115,order_000115,1,2017-05-02 17:16:01,2017-04-27 17:16:01
review_000116,order_000116,5,2018-05-05 23:13:29,2018-05-18 23:13:29
review_000117,order_000117,3,2017-11-27 08:15:06,2017-11-25 08:15:06
review_000118,order_000118,5,2018-05-26 02:35:24,2018-06-04 02:35:24
review_000119,order_000119,4,2018-08-19 09:24:35,2018-08-20 09:24:35
review_000120,order_000120,5,2017-09-11 14:21:11,2017-09-23 14:21:11
review_000121,order_000121,3,2017-06-09 15:07:19,2017-06-23 15:07:19
review_000122,order_000122,5,2018-01-29 11:33:51,2018-01-31 11:33:51
review_000123,order_000123,5,2018-01-31 22:23:01,2018-01-28 22:23:01
review_000124,order_000124,2,2017-09-30 13:52:26,2017-10-09 13:52:26
review_000125,order_000125,4,2017-07-19 15:22:37,2017-07-25 15:22:37
review_000126,order_000126,5,2017-07-01 22:57:20,2017-06-16 22:57:20
review_000127,order_000127,5,2017-11-27 22:32:33,2017-11-24 22:32:33
review_000128,order_000128,2,2017-10-06 08:11:26,2017-10-02 08:11:26
review_000129,order_000129,1,2017-11-09 06:52:00,2017-10-16 06:52:00
review_000130,order_000130,3,2017-03-30 17:58:13,2017-03-28 17:58:13
review_000131,order_000131,4,2018-07-03 12:36:13,2018-06-28 12:36:13
review_000132,order_000132,5,2018-04-01 10:44:21,2018-03-21 10:44:21
review_000133,order_000133,1,2018-08-12 16:45:35,2018-08-01 16:45:35
review_000134,order_000134,4,2018-06-10 15:51:29,2018-05-26 15:51:29
review_000135,order_000135,3,2018-02-11 21:55:49,2018-01-24 21:55:49
review_000136,order_000136,5,2017-07-20 08:46:32,2017-07-13 08:46:32
review_000137,order_000137,4,2018-02-13 18:05:53,2018-02-09 18:05:53
review_000138,order_000138,5,2017-12-28 05:27:03,2018-01-02 05:27:03
review_000139,order_000139,5,2018-07-27 22:29:18,2018-07-28 22:29:18
review_000140,order_000140,5,2017-06-14 02:00:24,2017-06-08 02:00:24
review_000141,order_000141,3,2017-02-11 18:00:21,2017-02-12 18:00:21
review_000142,order_000142,5,2017-04-19 02:26:31,2017-04-22 02:26:31
review_000143,order_000143,5,2017-05-20 21:07:25,2017-04-23 21:07:25
review_000144,order_000144,4,2018-02-27 23:01:34,2018-03-07 23:01:34
review_000145,order_000145,5,2017-04-20 19:37:51,2017-04-13 19:37:51
review_000146,order_000146,5,2017-03-28 18:55:22,2017-04-03 18:55:22
review_000147,order_000147,5,2017-09-15 11:28:33,2017-09-11 11:28:33
review_000148,order_000148,4,2018-05-04 05:52:44,2018-04-29 05:52:44
review_000149,order_000149,4,2017-09-21 23:39:21,2017-09-29 23:39:21
review_000150,order_000150,4,2017-06-21 12:41:58,2017-07-20 12:41:58
review_000151,order_000151,5,2017-07-20 19:35:47,2017-07-04 19:35:47
review_000152,order_000152,5,2018-05-21 17:08:29,2018-05-27 17:08:29
review_000153,order_000153,4,2017-10-03 16:49:40,2017-10-07 16:49:40
review_000154,order_000154,5,2017-09-05 08:27:39,2017-09-07 08:27:39
review_000155,order_000155,5,2018-04-26 10:14:37,2018-05-15 10:14:37
review_000156,order_000156,3,2017-09-04 10:33:34,2017-09-03 10:33:34
review_000157,order_000157,5,2017-08-16 14:27:33,2017-08-30 14:27:33
review_000158,order_000158,4,2018-04-17 17:14:28,2018-04-19 17:14:28
review_000159,order_000159,4,2017-08-13 04:46:16,2017-08-03 04:46:16
review_000160,order_000160,4,2017-12-06 05:27:32,2017-11-22 05:27:32
review_000161,order_000161,4,2018-02-26 01:09:41,2018-03-08 01:09:41
review_000162,order_000162,4,2017-05-25 12:37:56,2017-05-11 12:37:56
review_000163,order_000163,4,2017-04-18 16:03:04,2017-04-05 16:03:04
review_000164,order_000164,5,2018-07-01 05:02:31,2018-06-22 05:02:31
review_000165,order_000165,5,2017-07-07 17:05:01,2017-07-20 17:05:01
review_000166,order_000166,5,2017-08-01 00:04:25,2017-08-22 00:04:25
review_000167,order_000167,4,2018-01-19 20:47:44,2018-01-18 20:47:44
review_000168,order_000168,5,2017-03-23 16:33:58,2017-03-11 16:33:58
review_000169,order_000169,5,2017-02-28 16:23:54,2017-02-19 16:23:54
review_000170,order_000170,5,2017-10-02 16:58:27,2017-10-04 16:58:27
review_000171,order_000171,2,2018-09-11 08:36:26,2018-08-29 08:36:26
review_000172,order_000172,4,2018-01-12 23:53:50,2017-12-21 23:53:50
review_000173,order_000173,4,2017-12-28 17:55:03,2017-12-31 17:55:03
review_000174,order_000174,5,2018-02-06 04:20:39,2018-01-12 04:20:39
review_000175,order_000175,5,2018-06-30 22:08:15,2018-07-03 22:08:15
review_000176,order_000176,4,2018-05-31 17:44:59,2018-06-11 17:44:59
review_000177,order_000177,4,2017-02-17 07:27:40,2017-02-01 07:27:40
review_000178,order_000178,5,2017-12-07 22:45:04,2017-12-21 22:45:04
review_000179,order_000179,5,2017-12-27 05:57:38,2017-12-22 05:57:38
review_000180,order_000180,3,2017-06-02 15:28:11,2017-06-15 15:28:11
review_000181,order_000181,4,2018-09-15 16:04:58,2018-09-03 16:04:58
review_000182,order_000182,3,2017-06-16 23:06:55,2017-07-05 23:06:55
review_000183,order_000183,5,2018-06-23 13:40:56,2018-06-20 13:40:56
review_000184,order_000184,5,2017-03-22 23:51:59,2017-03-17 23:51:59
review_000185,order_000185,2,2018-01-09 06:49:25,2018-02-04 06:49:25
review_000186,order_000186,4,2018-04-11 19:14:20,2018-04-19 19:14:20
review_000187,order_000187,4,2017-11-13 05:53:20,2017-12-07 05:53:20
review_000188,order_000188,4,2017-03-26 23:58:58,2017-03-15 23:58:58
review_000189,order_000189,3,2017-04-14 18:19:45,2017-03-24 18:19:45
review_000190,order_000190,5,2018-01-12 15:01:11,2018-01-22 15:01:11
review_000191,order_000191,3,2018-07-07 01:35:34,2018-06-29 01:35:34
review_000192,order_000192,5,2018-01-27 11:55:45,2018-02-02 11:55:45
review_000193,order_000193,5,2017-03-11 03:27:24,2017-03-19 03:27:24
review_000194,order_000194,4,2018-05-23 22:01:23,2018-05-19 22:01:23
review_000195,order_000195,4,2017-11-06 09:05:56,2017-10-15 09:05:56
review_000196,order_000196,3,2017-03-10 19:56:34,2017-03-18 19:56:34
review_000197,order_000197,2,2017-08-26 21:44:46,2017-09-12 21:44:46
review_000198,order_000198,5,2017-05-14 02:38:33,2017-05-23 02:38:33
review_000199,order_000199,5,2018-09-24 18:13:19,2018-09-18 18:13:19
review_000200,order_000200,4,2018-08-05 07:15:55,2018-08-01 07:15:55
review_000201,order_000201,5,2017-03-12 02:36:37,2017-03-29 02:36:37
review_000202,order_000202,5,2017-12-26 06:15:19,2018-01-17 06:15:19
review_000203,order_000203,5,2017-01-28 13:11:55,2017-02-07 13:11:55
review_000204,order_000204,4,2017-10-29 20:31:34,2017-10-18 20:31:34
review_000205,order_000205,5,2017-05-09 16:35:58,2017-04-30 16:35:58
review_000206,order_000206,3,2018-04-25 05:35:52,2018-04-24 05:35:52
review_000207,order_000207,5,2017-03-07 07:06:14,2017-03-18 07:06:14
review_000208,order_000208,3,2018-07-18 07:17:49,2018-07-14 07:17:49
review_000209,order_000209,4,2017-05-29 17:39:54,2017-06-16 17:39:54
review_000210,order_000210,3,2017-06-22 12:27:03,2017-07-01 12:27:03
review_000211,order_000211,4,2018-06-30 00:34:25,2018-07-01 00:34:25
review_000212,order_000212,4,2018-08-05 01:49:36,2018-07-14 01:49:36
review_000213,order_000213,4,2017-03-22 01:48:53,2017-03-06 01:48:53
review_000214,order_000214,5,2017-03-25 23:04:10,2017-03-22 23:04:10
review_000215,order_000215,4,2018-06-29 12:06:43,2018-07-05 12:06:43
review_000216,order_000216,4,2018-09-11 11:47:07,2018-08-31 11:47:07
review_000217,order_000217,5,2017-11-23 18:15:57,2017-11-16 18:15:57
review_000218,order_000218,5,2017-04-17 04:34:13,2017-04-30 04:34:13
review_000219,order_000219,5,2017-04-25 00:45:26,2017-04-18 00:45:26
review_000220,order_000220,4,2017-06-16 06:29:58,2017-06-27 06:29:58
review_000221,order_000221,4,2018-03-07 05:00:13,2018-03-17 05:00:13
review_000222,order_000222,2,2017-03-15 19:09:14,2017-03-28 19:09:14
review_000223,order_000223,3,2018-02-03 19:38:29,2018-02-14 19:38:29
review_000224,order_000224,4,2018-06-06 15:12:58,2018-05-10 15:12:58
review_000225,order_000225,5,2017-04-22 21:50:22,2017-04-12 21:50:22
review_000226,order_000226,5,2018-09-20 11:09:03,2018-09-04 11:09:03
review_000227,order_000227,5,2018-09-14 05:46:11,2018-09-09 05:46:11
review_000228,order_000228,4,2017-07-19 07:57:30,2017-07-27 07:57:30
review_000229,order_000229,5,2017-03-22 03:23:58,2017-04-03 03:23:58
review_000230,order_000230,5,2017-07-28 21:36:59,2017-08-20 21:36:59
review_000231,order_000231,3,2017-07-10 14:30:01,2017-07-02 14:30:01
review_000232,order_000232,4,2017-07-21 18:32:29,2017-07-03 18:32:29
review_000233,order_000233,5,2018-08-07 06:45:29,2018-08-19 06:45:29
review_000234,order_000234,4,2017-05-05 17:14:04,2017-05-10 17:14:04
review_000235,order_000235,4,2017-08-09 07:55:56,2017-08-10 07:55:56
review_000236,order_000236,5,2018-05-21 10:42:14,2018-05-03 10:42:14
review_000237,order_000237,4,2017-02-27 15:38:37,2017-03-04 15:38:37
review_000238,order_000238,4,2017-02-22 23:32:52,2017-02-28 23:32:52
review_000239,order_000239,4,2017-07-12 13:23:48,2017-08-01 13:23:48
review_000240,order_000240,5,2018-08-30 17:02:30,2018-09-01 17:02:30
review_000241,order_000241,5,2018-06-27 14:16:21,2018-06-01 14:16:21
review_000242,order_000242,5,2018-07-26 10:10:01,2018-08-22 10:10:01
review_000243,order_000243,5,2018-07-02 22:22:53,2018-07-15 22:22:53
review_000244,order_000244,5,2017-04-02 23:03:11,2017-04-09 23:03:11
review_000245,order_000245,5,2017-09-25 07:27:01,2017-10-05 07:27:01
review_000246,order_000246,4,2017-12-14 21:29:50,2017-11-30 21:29:50
review_000247,order_000247,5,2017-05-02 10:49:45,2017-04-24 10:49:45
review_000248,order_000248,3,2018-09-18 17:45:32,2018-09-22 17:45:32
review_000249,order_000249,5,2018-01-30 12:24:36,2018-02-02 12:24:36
review_000250,order_000250,4,2018-06-14 18:24:28,2018-06-09 18:24:28
review_000251,order_000251,3,2017-07-10 20:55:03,2017-06-24 20:55:03
review_000252,order_000252,4,2018-03-31 10:10:01,2018-04-04 10:10:01
review_000253,order_000253,5,2017-03-20 16:49:02,2017-04-02 16:49:02
review_000254,order_000254,5,2017-02-14 12:10:35,2017-01-31 12:10:35
review_000255,order_000255,4,2018-02-24 19:10:39,2018-02-07 19:10:39
review_000256,order_000256,4,2017-02-21 04:35:49,2017-03-01 04:35:49
review_000257,order_000257,5,2017-06-25 17:29:51,2017-07-21 17:29:51
review_000258,order_000258,3,2018-05-28 14:17:22,2018-05-22 14:17:22
review_000259,order_000259,2,2017-11-16 10:50:02,2017-12-01 10:50:02
review_000260,order_000260,4,2017-09-20 08:52:40,2017-09-01 08:52:40
review_000261,order_000261,2,2017-07-27 16:50:24,2017-07-26 16:50:24
review_000262,order_000262,4,2018-02-19 08:20:18,2018-03-01 08:20:18
review_000263,order_000263,4,2018-08-26 00:47:22,2018-08-11 00:47:22
review_000264,order_000264,3,2018-04-16 22:45:26,2018-04-29 22:45:26
review_000265,order_000265,3,2017-08-13 10:44:55,2017-08-15 10:44:55
review_000266,order_000266,4,2017-09-28 03:57:17,2017-10-01 03:57:17
review_000267,order_000267,4,2017-03-20 05:24:59,2017-03-25 05:24:59
review_000268,order_000268,1,2017-04-20 19:55:09,2017-04-30 19:55:09
review_000269,order_000269,5,2017-07-09 07:57:31,2017-07-15 07:57:31
review_000270,order_000270,5,2017-09-02 06:45:18,2017-09-08 06:45:18
review_000271,order_000271,5,2018-09-09 11:41:44,2018-09-07 11:41:44
review_000272,order_000272,4,2018-07-01 00:41:15,2018-07-05 00:41:15
review_000273,order_000273,4,2017-03-22 13:26:45,2017-03-19 13:26:45
review_000274,order_000274,5,2017-08-20 00:58:16,2017-07-31 00:58:16
review_000275,order_000275,4,2017-03-05 20:03:15,2017-02-23 20:03:15
review_000276,order_000276,3,2017-02-16 10:18:00,2017-02-26 10:18:00
review_000277,order_000277,4,2017-08-28 05:14:14,2017-09-19 05:14:14
review_000278,order_000278,5,2018-08-20 10:54:25,2018-08-22 10:54:25
review_000279,order_000279,4,2017-05-04 04:12:49,2017-05-27 04:12:49
review_000280,order_000280,4,2018-02-27 07:41:09,2018-03-19 07:41:09
review_000281,order_000281,3,2017-09-21 03:08:15,2017-09-29 03:08:15
review_000282,order_000282,2,2017-12-25 16:03:02,2017-12-02 16:03:02
review_000283,order_000283,5,2018-07-08 23:25:37,2018-07-04 23:25:37
review_000284,order_000284,4,2018-06-14 11:38:53,2018-06-07 11:38:53
review_000285,order_000285,5,2018-05-24 02:21:58,2018-06-22 02:21:58
review_000286,order_000286,5,2017-09-14 01:46:43,2017-10-12 01:46:43
review_000287,order_000287,4,2017-02-20 19:58:18,2017-03-06 19:58:18
review_000288,order_000288,4,2018-09-15 08:21:13,2018-09-18 08:21:13
review_000289,order_000289,4,2018-09-03 07:06:22,2018-09-30 07:06:22
review_000290,order_000290,5,2018-07-02 02:26:49,2018-06-29 02:26:49
review_000291,order_000291,3,2017-11-19 15:55:46,2017-11-06 15:55:46
review_000292,order_000292,4,2017-07-14 01:30:35,2017-07-22 01:30:35
review_000293,order_000293,4,2017-05-14 21:41:58,2017-04-30 21:41:58
review_000294,order_000294,4,2017-09-10 04:59:57,2017-08-23 04:59:57
review_000295,order_000295,2,2017-08-19 01:39:25,2017-08-20 01:39:25
review_000296,order_000296,4,2017-07-07 16:48:49,2017-07-14 16:48:49
review_000297,order_000297,2,2018-08-28 08:30:01,2018-08-14 08:30:01
review_000298,order_000298,5,2018-02-10 16:42:14,2018-02-17 16:42:14
review_000299,order_000299,4,2017-05-26 00:57:17,2017-06-01 00:57:17
review_000300,order_000300,5,2018-02-12 20:40:24,2018-02-23 20:40:24
review_000301,order_000301,3,2018-03-13 07:26:02,2018-03-27 07:26:02
review_000302,order_000302,5,2017-12-02 18:09:14,2017-12-10 18:09:14
review_000303,order_000303,3,2018-08-17 22:27:21,2018-08-30 22:27:21
review_000304,order_000304,5,2018-08-30 12:51:06,2018-08-18 12:51:06
review_000305,order_000305,4,2017-10-15 08:01:01,2017-10-10 08:01:01
review_000306,order_000306,5,2017-10-30 07:30:09,2017-11-13 07:30:09
review_000307,order_000307,2,2017-06-15 16:28:20,2017-05-20 16:28:20
review_000308,order_000308,5,2018-04-28 00:08:22,2018-05-13 00:08:22
review_000309,order_000309,4,2018-08-03 03:31:31,2018-08-13 03:31:31
review_000310,order_000310,5,2018-03-08 15:31:52,2018-02-28 15:31:52
review_000311,order_000311,4,2017-06-04 00:36:58,2017-05-11 00:36:58
review_000312,order_000312,5,2017-12-13 06:57:11,2017-11-22 06:57:11
review_000313,order_000313,5,2018-05-06 15:32:39,2018-05-12 15:32:39
review_000314,order_000314,5,2017-02-14 06:00:08,2017-02-14 06:00:08
review_000315,order_000315,5,2018-01-08 22:20:15,2018-01-03 22:20:15
review_000316,order_000316,4,2018-02-11 23:23:44,2018-03-05 23:23:44
review_000317,order_000317,3,2017-12-10 00:48:22,2017-12-16 00:48:22
review_000318,order_000318,4,2018-01-31 04:10:54,2018-02-26 04:10:54
review_000319,order_000319,5,2018-07-14 21:46:41,2018-07-12 21:46:41
review_000320,order_000320,4,2017-04-08 00:46:42,2017-04-15 00:46:42
review_000321,order_000321,4,2018-01-12 11:40:47,2018-01-06 11:40:47
review_000322,order_000322,4,2018-05-06 22:47:07,2018-05-27 22:47:07
review_000323,order_000323,4,2018-06-02 14:07:30,2018-06-09 14:07:30
review_000324,order_000324,4,2017-10-28 07:20:38,2017-10-20 07:20:38
review_000325,order_000325,5,2018-09-27 00:09:09,2018-09-19 00:09:09
review_000326,order_000326,4,2017-07-29 09:26:31,2017-07-30 09:26:31
review_000327,order_000327,4,2017-10-26 13:00:19,2017-10-01 13:00:19
review_000328,order_000328,5,2018-05-29 01:56:32,2018-05-23 01:56:32
review_000329,order_000329,3,2017-10-15 12:40:39,2017-10-01 12:40:39
review_000330,order_000330,5,2017-08-26 09:41:51,2017-08-09 09:41:51
review_000331,order_000331,4,2017-12-20 07:49:11,2017-12-24 07:49:11
review_000332,order_000332,4,2018-02-10 23:19:59,2018-02-10 23:19:59
review_000333,order_000333,5,2018-08-18 21:26:54,2018-08-25 21:26:54
review_000334,order_000334,1,2018-02-13 16:39:23,2018-02-03 16:39:23
review_000335,order_000335,5,2017-05-19 14:10:50,2017-05-13 14:10:50
review_000336,order_000336,4,2017-02-11 11:22:18,2017-02-27 11:22:18
review_000337,order_000337,5,2018-09-14 01:41:17,2018-09-04 01:41:17
review_000338,order_000338,4,2017-10-15 07:22:45,2017-09-25 07:22:45
review_000339,order_000339,3,2017-05-15 00:15:01,2017-05-22 00:15:01
review_000340,order_000340,4,2017-05-31 08:47:06,2017-06-06 08:47:06
review_000341,order_000341,5,2017-04-08 11:22:02,2017-03-28 11:22:02
review_000342,order_000342,2,2017-05-18 14:40:10,2017-05-20 14:40:10
review_000343,order_000343,5,2018-05-24 08:31:08,2018-05-24 08:31:08
review_000344,order_000344,5,2018-02-16 06:06:24,2018-03-07 06:06:24
review_000345,order_000345,5,2018-01-24 17:02:24,2018-01-24 17:02:24
review_000346,order_000346,5,2017-01-18 03:38:48,2017-01-13 03:38:48
review_000347,order_000347,3,2018-03-09 03:00:35,2018-02-24 03:00:35
review_000348,order_000348,4,2018-09-11 16:42:34,2018-08-26 16:42:34
review_000349,order_000349,5,2018-08-15 14:03:38,2018-07-26 14:03:38
review_000350,order_000350,5,2017-09-15 20:52:02,2017-09-11 20:52:02
review_000351,order_000351,4,2018-02-03 17:44:03,2018-02-03 17:44:03
review_000352,order_000352,5,2017-07-18 21:38:12,2017-07-24 21:38:12
review_000353,order_000353,2,2018-07-18 15:56:43,2018-07-30 15:56:43
review_000354,order_000354,5,2018-08-14 20:11:38,2018-08-02 20:11:38
review_000355,order_000355,5,2017-05-21 04:03:35,2017-06-04 04:03:35
review_000356,order_000356,5,2017-11-17 12:44:03,2017-11-16 12:44:03
review_000357,order_000357,2,2017-06-20 22:40:07,2017-06-24 22:40:07
review_000358,order_000358,4,2018-01-26 18:55:54,2018-01-15 18:55:54
review_000359,order_000359,3,2017-07-11 09:40:25,2017-07-23 09:40:25
review_000360,order_000360,4,2018-03-26 22:13:57,2018-03-29 22:13:57
review_000361,order_000361,4,2018-09-09 07:30:00,2018-08-27 07:30:00
review_000362,order_000362,5,2018-06-22 00:33:38,2018-06-29 00:33:38
review_000363,order_000363,2,2017-05-14 19:07:03,2017-05-20 19:07:03
review_000364,order_000364,4,2017-04-22 09:53:25,2017-04-06 09:53:25
review_000365,order_000365,5,2018-05-27 00:49:23,2018-05-28 00:49:23
review_000366,order_000366,5,2017-03-19 04:53:56,2017-02-28 04:53:56
review_000367,order_000367,3,2017-09-09 01:43:38,2017-09-24 01:43:38
review_000368,order_000368,5,2018-09-03 23:55:20,2018-09-22 23:55:20
review_000369,order_000369,4,2017-10-21 20:20:41,2017-11-01 20:20:41
review_000370,order_000370,4,2017-01-18 22:18:34,2017-01-25 22:18:34
review_000371,order_000371,5,2018-09-04 04:22:06,2018-09-06 04:22:06
review_000372,order_000372,3,2018-03-23 19:15:08,2018-03-28 19:15:08
review_000373,order_000373,5,2017-08-24 13:31:46,2017-08-13 13:31:46
review_000374,order_000374,5,2018-01-22 07:06:04,2018-01-16 07:06:04
review_000375,order_000375,5,2018-01-15 16:03:10,2018-02-07 16:03:10
review_000376,order_000376,5,2017-12-14 22:51:01,2017-12-10 22:51:01
review_000377,order_000377,4,2018-09-08 11:03:08,2018-09-07 11:03:08
review_000378,order_000378,3,2018-05-12 00:42:07,2018-05-16 00:42:07
review_000379,order_000379,4,2017-06-26 20:13:05,2017-07-01 20:13:05
review_000380,order_000380,4,2018-09-25 04:30:46,2018-09-14 04:30:46
review_000381,order_000381,4,2018-08-20 04:22:54,2018-08-16 04:22:54
review_000382,order_000382,4,2017-02-28 14:48:17,2017-02-07 14:48:17
review_000383,order_000383,5,2017-07-13 19:10:26,2017-08-01 19:10:26
review_000384,order_000384,2,2018-02-06 19:01:55,2018-01-26 19:01:55
review_000385,order_000385,5,2018-06-24 20:49:51,2018-07-13 20:49:51
review_000386,order_000386,4,2018-03-28 21:12:25,2018-03-30 21:12:25
review_000387,order_000387,5,2018-01-06 03:04:45,2018-01-07 03:04:45
review_000388,order_000388,4,2017-07-25 07:12:43,2017-07-25 07:12:43
review_000389,order_000389,5,2017-04-01 17:16:58,2017-03-31 17:16:58
review_000390,order_000390,2,2018-07-12 09:22:45,2018-07-31 09:22:45
review_000391,order_000391,4,2017-12-17 17:11:01,2017-12-07 17:11:01
review_000392,order_000392,5,2017-11-05 10:54:57,2017-10-30 10:54:57
review_000393,order_000393,4,2018-09-01 10:50:01,2018-08-27 10:50:01
review_000394,order_000394,4,2017-05-08 00:38:50,2017-05-16 00:38:50
review_000395,order_000395,4,2017-06-19 14:35:59,2017-06-17 14:35:59
review_000396,order_000396,3,2018-06-22 20:44:06,2018-06-11 20:44:06
review_000397,order_000397,4,2017-07-05 19:38:53,2017-07-25 19:38:53
review_000398,order_000398,4,2018-08-12 08:06:38,2018-08-05 08:06:38
review_000399,order_000399,4,2018-06-14 16:14:30,2018-07-05 16:14:30
review_000400,order_000400,2,2017-03-30 04:46:57,2017-03-14 04:46:57
review_000401,order_000401,5,2017-10-15 15:12:18,2017-10-26 15:12:18
review_000402,order_000402,5,2018-04-30 09:49:14,2018-05-08 09:49:14
review_000403,order_000403,5,2017-11-20 22:14:26,2017-11-24 22:14:26
review_000404,order_000404,3,2017-06-11 17:03:12,2017-05-18 17:03:12
review_000405,order_000405,5,2017-02-19 01:45:33,2017-03-01 01:45:33
review_000406,order_000406,5,2017-01-14 20:54:07,2017-01-31 20:54:07
review_000407,order_000407,5,2017-05-02 17:22:46,2017-05-19 17:22:46
review_000408,order_000408,5,2017-07-06 05:10:08,2017-06-24 05:10:08
review_000409,order_000409,3,2017-07-15 06:46:52,2017-08-07 06:46:52
review_000410,order_000410,5,2018-07-03 04:08:33,2018-06-22 04:08:33
review_000411,order_000411,4,2017-12-02 07:26:40,2017-12-10 07:26:40
review_000412,order_000412,1,2017-04-19 22:39:02,2017-04-27 22:39:02
review_000413,order_000413,4,2017-02-27 21:39:12,2017-03-14 21:39:12
review_000414,order_000414,4,2017-04-11 13:13:17,2017-04-02 13:13:17
review_000415,order_000415,5,2017-07-21 08:41:34,2017-08-05 08:41:34
review_000416,order_000416,5,2018-04-29 08:46:42,2018-04-05 08:46:42
review_000417,order_000417,5,2017-02-15 22:58:00,2017-03-07 22:58:00
review_000418,order_000418,5,2017-09-23 04:47:01,2017-09-24 04:47:01
review_000419,order_000419,3,2017-10-31 18:10:49,2017-11-02 18:10:49
review_000420,order_000420,5,2017-04-06 23:53:09,2017-04-18 23:53:09
review_000421,order_000421,4,2017-03-06 20:31:36,2017-02-25 20:31:36
review_000422,order_000422,4,2017-06-02 17:15:37,2017-06-07 17:15:37
review_000423,order_000423,4,2017-04-10 21:35:43,2017-04-15 21:35:43
review_000424,order_000424,5,2018-05-09 05:13:45,2018-06-03 05:13:45
review_000425,order_000425,3,2018-08-02 23:36:34,2018-07-22 23:36:34
review_000426,order_000426,5,2018-01-25 02:11:24,2018-02-14 02:11:24
review_000427,order_000427,4,2018-05-07 00:19:55,2018-04-17 00:19:55
review_000428,order_000428,2,2018-04-15 04:46:57,2018-04-17 04:46:57
review_000429,order_000429,5,2018-07-09 14:36:51,2018-06-24 14:36:51
review_000430,order_000430,5,2017-03-06 05:56:44,2017-04-01 05:56:44
review_000431,order_000431,5,2018-09-17 15:12:15,2018-09-27 15:12:15
review_000432,order_000432,4,2017-11-02 02:39:57,2017-11-04 02:39:57
review_000433,order_000433,2,2017-12-28 16:43:46,2017-12-18 16:43:46
review_000434,order_000434,4,2018-05-30 05:30:41,2018-05-12 05:30:41
review_000435,order_000435,4,2017-11-24 12:33:47,2017-11-16 12:33:47
review_000436,order_000436,4,2017-07-11 02:48:09,2017-07-11 02:48:09
review_000437,order_000437,4,2017-02-01 23:17:08,2017-01-18 23:17:08
review_000438,order_000438,4,2017-05-14 09:03:56,2017-05-06 09:03:56
review_000439,order_000439,5,2017-03-03 14:30:47,2017-03-13 14:30:47
review_000440,order_000440,3,2017-09-08 11:40:07,2017-08-31 11:40:07
review_000441,order_000441,3,2018-04-29 14:17:13,2018-04-25 14:17:13
review_000442,order_000442,4,2017-07-31 10:55:36,2017-08-06 10:55:36
review_000443,order_000443,4,2018-01-11 01:45:20,2018-01-25 01:45:20
review_000444,order_000444,4,2017-05-20 19:54:03,2017-05-09 19:54:03
review_000445,order_000445,5,2018-01-16 15:25:09,2018-01-29 15:25:09
review_000446,order_000446,2,2018-08-24 06:05:45,2018-08-18 06:05:45
review_000447,order_000447,5,2017-08-01 02:01:00,2017-08-12 02:01:00
review_000448,order_000448,2,2017-11-07 21:17:24,2017-11-18 21:17:24
review_000449,order_000449,5,2018-09-01 07:58:52,2018-08-20 07:58:52
review_000450,order_000450,4,2018-01-15 21:47:41,2018-01-18 21:47:41
review_000451,order_000451,4,2017-09-10 18:22:51,2017-09-25 18:22:51
review_000452,order_000452,4,2017-03-29 23:02:06,2017-03-24 23:02:06
review_000453,order_000453,4,2018-08-13 15:50:15,2018-08-06 15:50:15
review_000454,order_000454,2,2018-01-30 04:20:36,2018-01-30 04:20:36
review_000455,order_000455,4,2017-02-27 00:51:01,2017-02-26 00:51:01
review_000456,order_000456,4,2017-12-13 05:53:52,2017-12-25 05:53:52
review_000457,order_000457,4,2018-09-11 10:32:32,2018-08-31 10:32:32
review_000458,order_000458,4,2018-08-16 14:58:19,2018-07-29 14:58:19
review_000459,order_000459,5,2017-05-13 21:30:04,2017-05-13 21:30:04
review_000460,order_000460,5,2017-09-17 03:22:53,2017-10-13 03:22:53
review_000461,order_000461,5,2018-09-05 15:14:20,2018-09-14 15:14:20
review_000462,order_000462,5,2018-05-25 02:03:17,2018-05-06 02:03:17
review_000463,order_000463,4,2018-01-10 11:33:16,2018-01-02 11:33:16
review_000464,order_000464,4,2017-07-21 01:46:07,2017-07-24 01:46:07
review_000465,order_000465,4,2018-04-15 08:58:23,2018-05-05 08:58:23
review_000466,order_000466,5,2018-01-02 14:32:51,2018-01-14 14:32:51
review_000467,order_000467,5,2017-12-04 17:44:04,2017-11-26 17:44:04
review_000468,order_000468,5,2018-08-20 19:18:44,2018-07-30 19:18:44
review_000469,order_000469,3,2017-09-19 12:35:17,2017-08-24 12:35:17
review_000470,order_000470,3,2018-02-10 06:12:47,2018-02-08 06:12:47
review_000471,order_000471,4,2017-02-17 21:54:44,2017-02-25 21:54:44
review_000472,order_000472,4,2018-03-29 22:24:17,2018-04-01 22:24:17
review_000473,order_000473,4,2017-12-21 23:13:18,2017-12-24 23:13:18
review_000474,order_000474,5,2018-06-24 19:00:23,2018-07-13 19:00:23
review_000475,order_000475,5,2017-08-04 18:40:09,2017-08-10 18:40:09
review_000476,order_000476,4,2018-08-08 01:51:32,2018-08-15 01:51:32
review_000477,order_000477,5,2018-01-12 13:44:29,2018-01-10 13:44:29
review_000478,order_000478,4,2017-05-24 09:46:30,2017-05-23 09:46:30
review_000479,order_000479,1,2017-05-11 06:12:54,2017-05-10 06:12:54
review_000480,order_000480,5,2017-05-27 01:37:56,2017-05-22 01:37:56
review_000481,order_000481,5,2017-07-21 05:07:11,2017-07-19 05:07:11
review_000482,order_000482,5,2018-01-04 21:57:52,2017-12-15 21:57:52
review_000483,order_000483,3,2018-07-12 21:48:29,2018-07-01 21:48:29
review_000484,order_000484,4,2018-09-18 17:49:38,2018-09-21 17:49:38
review_000485,order_000485,5,2018-02-23 02:26:15,2018-03-10 02:26:15
review_000486,order_000486,2,2017-11-17 16:28:37,2017-11-18 16:28:37
review_000487,order_000487,5,2018-02-07 03:02:34,2018-02-03 03:02:34
review_000488,order_000488,2,2017-08-21 16:23:05,2017-08-18 16:23:05
review_000489,order_000489,3,2017-07-01 00:48:29,2017-06-18 00:48:29
review_000490,order_000490,5,2017-11-30 06:50:39,2017-12-26 06:50:39
review_000491,order_000491,4,2018-06-18 02:56:25,2018-06-15 02:56:25
review_000492,order_000492,5,2017-02-26 22:24:17,2017-03-01 22:24:17
review_000493,order_000493,4,2017-03-16 13:39:01,2017-03-23 13:39:01
review_000494,order_000494,5,2017-05-06 22:08:47,2017-04-25 22:08:47
review_000495,order_000495,5,2017-06-01 00:29:13,2017-05-17 00:29:13
review_000496,order_000496,5,2017-04-24 17:44:51,2017-04-26 17:44:51
review_000497,order_000497,5,2017-03-28 11:30:59,2017-03-28 11:30:59
review_000498,order_000498,4,2017-01-25 11:15:15,2017-01-23 11:15:15
review_000499,order_000499,5,2017-08-07 20:57:29,2017-08-08 20:57:29
review_000500,order_000500,5,2018-03-23 01:07:50,2018-04-11 01:07:50
review_000501,order_000501,5,2017-04-13 22:39:36,2017-04-12 22:39:36
review_000502,order_000502,1,2017-07-27 00:40:46,2017-08-17 00:40:46
review_000503,order_000503,5,2018-08-24 08:42:24,2018-09-19 08:42:24
review_000504,order_000504,3,2017-05-10 03:18:54,2017-05-12 03:18:54
review_000505,order_000505,4,2018-09-14 12:33:19,2018-09-21 12:33:19
review_000506,order_000506,5,2017-11-30 14:17:54,2017-11-30 14:17:54
review_000507,order_000507,5,2018-04-13 15:24:34,2018-04-08 15:24:34
review_000508,order_000508,1,2017-08-07 19:09:15,2017-07-28 19:09:15
review_000509,order_000509,4,2017-07-26 18:01:23,2017-07-30 18:01:23
review_000510,order_000510,2,2017-09-27 22:45:47,2017-09-08 22:45:47
review_000511,order_000511,5,2017-03-24 10:47:26,2017-04-15 10:47:26
review_000512,order_000512,3,2017-07-25 04:12:31,2017-08-10 04:12:31
review_000513,order_000513,3,2018-07-15 03:44:11,2018-08-02 03:44:11
review_000514,order_000514,2,2017-01-14 06:36:45,2017-01-21 06:36:45
review_000515,order_000515,5,2017-12-31 14:28:12,2017-12-30 14:28:12
review_000516,order_000516,2,2018-03-05 01:17:54,2018-03-03 01:17:54
review_000517,order_000517,4,2017-04-14 22:54:57,2017-04-13 22:54:57
review_000518,order_000518,3,2017-03-17 23:44:13,2017-03-30 23:44:13
review_000519,order_000519,5,2017-12-23 03:57:19,2018-01-02 03:57:19
review_000520,order_000520,3,2017-06-04 18:44:31,2017-05-22 18:44:31
review_000521,order_000521,3,2018-09-21 14:18:39,2018-09-04 14:18:39
review_000522,order_000522,5,2017-05-06 11:32:13,2017-05-25 11:32:13
review_000523,order_000523,1,2017-04-03 17:37:51,2017-04-22 17:37:51
review_000524,order_000524,1,2017-08-13 13:48:48,2017-08-15 13:48:48
review_000525,order_000525,5,2017-08-12 07:46:06,2017-08-01 07:46:06
review_000526,order_000526,3,2017-04-30 13:29:31,2017-04-30 13:29:31
review_000527,order_000527,3,2018-03-11 03:15:29,2018-03-14 03:15:29
review_000528,order_000528,1,2017-08-18 06:06:16,2017-08-27 06:06:16
review_000529,order_000529,4,2017-12-05 23:21:04,2017-11-27 23:21:04
review_000530,order_000530,4,2017-06-12 04:26:57,2017-06-12 04:26:57
review_000531,order_000531,5,2017-03-05 14:21:26,2017-03-28 14:21:26
review_000532,order_000532,2,2017-02-23 07:07:38,2017-03-06 07:07:38
review_000533,order_000533,5,2017-02-17 11:09:16,2017-02-17 11:09:16
review_000534,order_000534,2,2018-07-10 05:55:54,2018-07-17 05:55:54
review_000535,order_000535,3,2017-07-06 13:39:02,2017-07-10 13:39:02
review_000536,order_000536,3,2017-07-18 13:22:50,2017-07-22 13:22:50
review_000537,order_000537,5,2017-12-29 14:49:22,2017-12-30 14:49:22
review_000538,order_000538,4,2017-03-24 07:23:48,2017-03-22 07:23:48
review_000539,order_000539,1,2018-01-25 13:53:33,2018-01-26 13:53:33
review_000540,order_000540,4,2017-11-27 17:29:40,2017-11-20 17:29:40
review_000541,order_000541,3,2018-05-03 17:16:43,2018-05-18 17:16:43
review_000542,order_000542,5,2017-04-04 13:37:49,2017-04-19 13:37:49
review_000543,order_000543,4,2017-02-05 07:10:46,2017-01-25 07:10:46
review_000544,order_000544,2,2018-04-27 12:46:27,2018-05-20 12:46:27
review_000545,order_000545,5,2017-09-02 12:53:12,2017-09-02 12:53:12
review_000546,order_000546,3,2017-03-11 22:49:51,2017-03-09 22:49:51
review_000547,order_000547,1,2017-12-31 09:02:55,2018-01-08 09:02:55
review_000548,order_000548,5,2017-11-09 07:44:16,2017-11-10 07:44:16
review_000549,order_000549,5,2018-08-07 17:59:49,2018-08-30 17:59:49
review_000550,order_000550,4,2018-08-30 15:14:47,2018-08-30 15:14:47
review_000551,order_000551,5,2017-12-27 10:15:01,2017-12-01 10:15:01
review_000552,order_000552,2,2017-05-01 00:00:04,2017-04-21 00:00:04
review_000553,order_000553,4,2018-04-22 16:55:04,2018-05-05 16:55:04
review_000554,order_000554,5,2017-05-13 17:41:10,2017-05-20 17:41:10
review_000555,order_000555,5,2018-06-19 22:19:40,2018-06-21 22:19:40
review_000556,order_000556,2,2018-01-24 12:03:39,2018-01-16 12:03:39
review_000557,order_000557,5,2017-09-02 12:21:45,2017-08-17 12:21:45
review_000558,order_000558,5,2018-08-29 05:00:04,2018-08-27 05:00:04
review_000559,order_000559,3,2017-11-15 11:01:55,2017-12-13 11:01:55
review_000560,order_000560,3,2017-09-11 00:02:10,2017-08-31 00:02:10
review_000561,order_000561,4,2017-05-04 12:01:02,2017-05-15 12:01:02
review_000562,order_000562,4,2018-03-02 16:57:59,2018-02-11 16:57:59
review_000563,order_000563,4,2017-06-23 18:51:42,2017-07-06 18:51:42
review_000564,order_000564,5,2017-04-13 15:54:17,2017-04-27 15:54:17
review_000565,order_000565,2,2017-03-22 19:19:46,2017-03-26 19:19:46
review_000566,order_000566,5,2018-02-25 15:58:11,2018-02-07 15:58:11
review_000567,order_000567,5,2018-07-22 18:42:58,2018-08-19 18:42:58
review_000568,order_000568,4,2017-06-22 10:29:56,2017-06-23 10:29:56
review_000569,order_000569,5,2017-06-14 14:27:09,2017-05-28 14:27:09
review_000570,order_000570,5,2018-01-22 15:20:35,2018-01-29 15:20:35
review_000571,order_000571,4,2017-04-12 13:44:28,2017-04-22 13:44:28
review_000572,order_000572,4,2017-03-20 13:42:43,2017-03-03 13:42:43
review_000573,order_000573,2,2018-01-31 18:45:52,2018-02-15 18:45:52
review_000574,order_000574,5,2017-12-07 05:44:00,2017-12-07 05:44:00
review_000575,order_000575,2,2017-02-13 07:36:17,2017-02-14 07:36:17
review_000576,order_000576,4,2017-06-11 12:27:01,2017-06-24 12:27:01
review_000577,order_000577,4,2017-05-16 15:29:22,2017-05-09 15:29:22
review_000578,order_000578,4,2018-02-28 12:21:00,2018-02-26 12:21:00
review_000579,order_000579,4,2018-02-20 04:47:08,2018-03-01 04:47:08
review_000580,order_000580,5,2018-04-13 19:46:01,2018-04-22 19:46:01
review_000581,order_000581,5,2017-04-03 13:05:58,2017-03-14 13:05:58
review_000582,order_000582,4,2018-06-09 10:24:13,2018-06-13 10:24:13
review_000583,order_000583,5,2017-06-07 21:04:25,2017-05-17 21:04:25
review_000584,order_000584,2,2018-09-10 10:27:57,2018-09-26 10:27:57
review_000585,order_000585,5,2018-07-07 03:52:34,2018-07-06 03:52:34
review_000586,order_000586,4,2017-11-04 23:37:32,2017-11-05 23:37:32
review_000587,order_000587,5,2018-05-12 09:10:58,2018-05-12 09:10:58
review_000588,order_000588,5,2018-03-17 21:28:01,2018-02-24 21:28:01
review_000589,order_000589,5,2018-04-24 12:24:16,2018-05-05 12:24:16
review_000590,order_000590,4,2017-02-05 05:48:53,2017-01-18 05:48:53
review_000591,order_000591,4,2017-03-11 09:02:14,2017-03-09 09:02:14
review_000592,order_000592,3,2018-07-25 21:50:49,2018-08-03 21:50:49
review_000593,order_000593,5,2018-05-08 22:40:20,2018-05-06 22:40:20
review_000594,order_000594,4,2018-02-09 03:18:40,2018-02-14 03:18:40
review_000595,order_000595,5,2017-07-29 23:41:26,2017-07-15 23:41:26
review_000596,order_000596,4,2017-10-14 20:28:52,2017-09-27 20:28:52
review_000597,order_000597,5,2017-09-13 15:32:42,2017-09-19 15:32:42
review_000598,order_000598,4,2017-09-28 04:23:59,2017-10-06 04:23:59
review_000599,order_000599,4,2018-02-06 14:04:38,2018-02-19 14:04:38
review_000600,order_000600,3,2018-05-10 10:12:52,2018-04-14 10:12:52
review_000601,order_000601,5,2017-09-13 02:59:15,2017-09-11 02:59:15
review_000602,order_000602,3,2018-06-24 23:36:50,2018-06-06 23:36:50
review_000603,order_000603,5,2017-03-03 14:28:54,2017-03-10 14:28:54
review_000604,order_000604,5,2018-06-01 02:19:45,2018-05-14 02:19:45
review_000605,order_000605,5,2018-02-27 08:12:04,2018-03-03 08:12:04
review_000606,order_000606,5,2017-11-13 20:09:17,2017-11-14 20:09:17
review_000607,order_000607,5,2017-09-04 10:36:47,2017-08-30 10:36:47
review_000608,order_000608,5,2017-09-07 11:52:25,2017-09-14 11:52:25
review_000609,order_000609,3,2017-09-09 03:25:09,2017-08-27 03:25:09
review_000610,order_000610,4,2018-08-19 02:39:49,2018-08-11 02:39:49
review_000611,order_000611,4,2017-02-19 23:28:12,2017-01-24 23:28:12
review_000612,order_000612,2,2018-02-12 22:51:35,2018-02-04 22:51:35
review_000613,order_000613,4,2018-09-16 02:17:14,2018-09-07 02:17:14
review_000614,order_000614,5,2017-12-08 13:10:53,2017-12-16 13:10:53
review_000615,order_000615,5,2018-02-15 16:20:41,2018-02-27 16:20:41
review_000616,order_000616,5,2018-02-02 21:08:07,2018-01-06 21:08:07
review_000617,order_000617,1,2017-11-24 13:25:54,2017-11-23 13:25:54
review_000618,order_000618,4,2018-02-10 20:51:30,2018-02-06 20:51:30
review_000619,order_000619,5,2018-07-17 02:54:05,2018-07-11 02:54:05
review_000620,order_000620,4,2018-04-11 00:21:04,2018-03-23 00:21:04
review_000621,order_000621,5,2018-06-19 11:09:27,2018-06-07 11:09:27
review_000622,order_000622,4,2017-12-19 06:21:22,2017-12-30 06:21:22
review_000623,order_000623,4,2018-05-08 18:07:24,2018-05-21 18:07:24
review_000624,order_000624,4,2018-07-12 08:05:10,2018-06-24 08:05:10
review_000625,order_000625,5,2017-06-08 09:46:06,2017-06-07 09:46:06
review_000626,order_000626,4,2018-06-28 12:50:12,2018-06-28 12:50:12
review_000627,order_000627,4,2018-03-09 23:04:29,2018-03-07 23:04:29
review_000628,order_000628,5,2017-10-10 01:43:29,2017-10-21 01:43:29
review_000629,order_000629,4,2018-04-27 13:15:42,2018-05-01 13:15:42
review_000630,order_000630,4,2017-04-26 09:20:06,2017-05-18 09:20:06
review_000631,order_000631,5,2018-03-10 00:51:50,2018-03-29 00:51:50
review_000632,order_000632,4,2018-01-14 19:33:04,2017-12-30 19:33:04
review_000633,order_000633,4,2018-07-08 21:56:08,2018-07-19 21:56:08
review_000634,order_000634,2,2018-02-16 04:09:23,2018-02-15 04:09:23
review_000635,order_000635,5,2017-12-06 18:14:01,2017-12-11 18:14:01
review_000636,order_000636,5,2017-11-23 16:49:50,2017-12-10 16:49:50
review_000637,order_000637,5,2018-01-07 16:55:41,2017-12-21 16:55:41
review_000638,order_000638,5,2018-07-21 11:02:52,2018-07-20 11:02:52
review_000639,order_000639,5,2018-05-03 07:41:04,2018-05-24 07:41:04
review_000640,order_000640,3,2017-03-25 01:41:48,2017-03-06 01:41:48
review_000641,order_000641,4,2017-11-26 00:50:16,2017-12-17 00:50:16
review_000642,order_000642,1,2017-07-01 04:15:25,2017-07-06 04:15:25
review_000643,order_000643,4,2017-04-24 12:40:06,2017-05-08 12:40:06
review_000644,order_000644,5,2018-07-06 03:23:05,2018-07-02 03:23:05
review_000645,order_000645,4,2018-06-29 16:28:42,2018-06-17 16:28:42
review_000646,order_000646,4,2018-08-09 14:52:23,2018-08-30 14:52:23
review_000647,order_000647,4,2017-09-30 08:16:11,2017-09-12 08:16:11
review_000648,order_000648,5,2017-10-12 02:05:44,2017-10-16 02:05:44
review_000649,order_000649,5,2018-05-14 12:25:04,2018-05-05 12:25:04
review_000650,order_000650,5,2017-05-04 19:45:11,2017-05-08 19:45:11
review_000651,order_000651,5,2017-03-03 09:27:00,2017-02-18 09:27:00
review_000652,order_000652,4,2017-09-22 19:21:35,2017-10-18 19:21:35
review_000653,order_000653,4,2018-02-10 06:52:08,2018-01-30 06:52:08
review_000654,order_000654,3,2017-10-18 01:55:17,2017-11-04 01:55:17
review_000655,order_000655,2,2017-06-11 15:35:58,2017-06-04 15:35:58
review_000656,order_000656,5,2017-12-16 21:19:00,2017-11-30 21:19:00
review_000657,order_000657,5,2018-08-19 21:12:25,2018-08-22 21:12:25
review_000658,order_000658,3,2017-07-05 23:01:11,2017-07-09 23:01:11
review_000659,order_000659,4,2017-09-26 02:35:10,2017-09-23 02:35:10
review_000660,order_000660,5,2017-08-10 01:02:35,2017-08-06 01:02:35
review_000661,order_000661,5,2017-08-01 13:40:04,2017-07-22 13:40:04
review_000662,order_000662,3,2018-03-07 22:48:28,2018-02-10 22:48:28
review_000663,order_000663,3,2017-09-06 23:56:59,2017-09-20 23:56:59
review_000664,order_000664,4,2018-01-22 06:42:25,2018-02-18 06:42:25
review_000665,order_000665,3,2017-01-24 09:00:16,2017-01-20 09:00:16
review_000666,order_000666,3,2018-02-23 15:57:15,2018-02-13 15:57:15
review_000667,order_000667,5,2017-04-08 21:55:35,2017-04-01 21:55:35
review_000668,order_000668,5,2017-09-02 04:11:44,2017-09-18 04:11:44
review_000669,order_000669,5,2018-07-06 23:24:57,2018-07-15 23:24:57
review_000670,order_000670,5,2017-08-20 19:37:08,2017-08-16 19:37:08
review_000671,order_000671,4,2018-03-30 01:38:03,2018-03-20 01:38:03
review_000672,order_000672,5,2017-08-14 20:12:21,2017-09-04 20:12:21
review_000673,order_000673,5,2018-07-20 15:23:57,2018-07-18 15:23:57
review_000674,order_000674,5,2018-09-02 23:28:48,2018-09-03 23:28:48
review_000675,order_000675,4,2018-08-09 05:01:30,2018-07-29 05:01:30
review_000676,order_000676,5,2017-09-20 23:49:14,2017-09-20 23:49:14
review_000677,order_000677,1,2017-08-10 01:08:29,2017-08-10 01:08:29
review_000678,order_000678,3,2018-01-24 01:49:14,2018-01-27 01:49:14
review_000679,order_000679,4,2018-06-05 10:44:42,2018-06-12 10:44:42
review_000680,order_000680,4,2017-12-18 15:47:28,2017-12-16 15:47:28
review_000681,order_000681,3,2018-04-21 04:00:21,2018-04-19 04:00:21
review_000682,order_000682,5,2018-07-15 06:33:11,2018-07-03 06:33:11
review_000683,order_000683,4,2018-05-02 09:21:24,2018-04-28 09:21:24
review_000684,order_000684,4,2017-08-18 03:00:49,2017-09-17 03:00:49
review_000685,order_000685,5,2017-07-01 04:13:24,2017-07-03 04:13:24
review_000686,order_000686,5,2017-10-14 03:34:15,2017-10-23 03:34:15
review_000687,order_000687,5,2018-01-06 22:53:48,2018-01-06 22:53:48
review_000688,order_000688,4,2018-06-30 22:28:28,2018-07-01 22:28:28
review_000689,order_000689,4,2017-07-28 15:05:08,2017-07-18 15:05:08
review_000690,order_000690,4,2017-04-30 16:24:27,2017-05-06 16:24:27
review_000691,order_000691,5,2017-08-14 03:17:24,2017-07-22 03:17:24
review_000692,order_000692,4,2018-01-19 01:12:39,2018-01-11 01:12:39
review_000693,order_000693,3,2017-06-13 09:02:52,2017-06-01 09:02:52
review_000694,order_000694,4,2017-09-09 23:37:17,2017-09-18 23:37:17
review_000695,order_000695,3,2017-06-11 11:28:09,2017-06-23 11:28:09
review_000696,order_000696,5,2018-09-08 19:23:14,2018-09-05 19:23:14
review_000697,order_000697,4,2017-11-13 08:52:35,2017-11-14 08:52:35
review_000698,order_000698,4,2018-04-06 07:25:13,2018-03-31 07:25:13
review_000699,order_000699,5,2017-12-11 19:29:28,2017-12-08 19:29:28
review_000700,order_000700,4,2017-01-21 11:18:02,2017-02-07 11:18:02
review_000701,order_000701,4,2017-06-16 17:34:00,2017-07-12 17:34:00
review_000702,order_000702,5,2018-06-26 17:26:16,2018-06-12 17:26:16
review_000703,order_000703,5,2017-12-02 17:27:00,2017-12-02 17:27:00
review_000704,order_000704,1,2018-03-11 16:13:29,2018-03-12 16:13:29
review_000705,order_000705,4,2018-05-10 19:25:34,2018-05-14 19:25:34
review_000706,order_000706,5,2017-12-26 11:06:50,2017-12-23 11:06:50
review_000707,order_000707,5,2018-01-08 07:16:34,2018-01-20 07:16:34
review_000708,order_000708,3,2017-06-22 12:17:50,2017-06-12 12:17:50
review_000709,order_000709,4,2017-06-12 07:47:25,2017-06-24 07:47:25
review_000710,order_000710,4,2017-04-11 01:02:13,2017-04-22 01:02:13
review_000711,order_000711,5,2017-08-01 08:41:00,2017-07-09 08:41:00
review_000712,order_000712,5,2018-01-26 12:00:54,2018-02-02 12:00:54
review_000713,order_000713,4,2018-08-08 12:29:21,2018-07-30 12:29:21
review_000714,order_000714,5,2017-10-07 08:09:57,2017-10-21 08:09:57
review_000715,order_000715,3,2018-01-12 17:24:41,2018-01-18 17:24:41
review_000716,order_000716,5,2018-07-09 06:50:28,2018-07-09 06:50:28
review_000717,order_000717,2,2018-03-05 15:32:30,2018-02-27 15:32:30
review_000718,order_000718,2,2017-07-13 06:28:15,2017-06-30 06:28:15
review_000719,order_000719,4,2017-07-18 23:40:43,2017-07-08 23:40:43
review_000720,order_000720,5,2018-02-16 15:34:29,2018-01-30 15:34:29
review_000721,order_000721,1,2017-07-16 13:21:50,2017-07-29 13:21:50
review_000722,order_000722,4,2017-06-10 10:18:07,2017-06-25 10:18:07
review_000723,order_000723,5,2018-01-16 18:08:35,2018-01-30 18:08:35
review_000724,order_000724,4,2018-02-24 10:13:09,2018-01-30 10:13:09
review_000725,order_000725,1,2017-06-10 19:16:39,2017-07-02 19:16:39
review_000726,order_000726,4,2017-03-01 03:49:13,2017-02-28 03:49:13
review_000727,order_000727,3,2018-04-30 19:41:05,2018-05-07 19:41:05
review_000728,order_000728,4,2017-09-14 23:05:05,2017-09-05 23:05:05
review_000729,order_000729,5,2018-02-14 05:49:20,2018-02-20 05:49:20
review_000730,order_000730,5,2017-05-13 05:22:27,2017-05-06 05:22:27
review_000731,order_000731,5,2017-07-21 22:55:01,2017-08-14 22:55:01
review_000732,order_000732,3,2018-01-30 09:44:47,2018-01-11 09:44:47
review_000733,order_000733,5,2017-04-20 16:41:20,2017-04-17 16:41:20
review_000734,order_000734,3,2017-07-24 04:33:53,2017-07-27 04:33:53
review_000735,order_000735,5,2018-03-19 10:15:39,2018-04-08 10:15:39
review_000736,order_000736,5,2018-04-27 16:52:31,2018-05-04 16:52:31
review_000737,order_000737,5,2017-08-15 21:28:34,2017-08-23 21:28:34
review_000738,order_000738,3,2017-03-30 10:28:01,2017-03-18 10:28:01
review_000739,order_000739,4,2017-01-22 01:48:12,2017-02-02 01:48:12
review_000740,order_000740,1,2017-12-27 09:55:39,2017-12-12 09:55:39
review_000741,order_000741,4,2018-03-10 15:25:47,2018-03-17 15:25:47
review_000742,order_000742,1,2018-01-17 21:00:08,2018-01-28 21:00:08
review_000743,order_000743,1,2017-09-18 20:00:46,2017-09-14 20:00:46
review_000744,order_000744,3,2017-02-15 18:13:39,2017-01-21 18:13:39
review_000745,order_000745,5,2017-06-06 03:58:02,2017-05-31 03:58:02
review_000746,order_000746,3,2017-02-25 12:28:37,2017-02-07 12:28:37
review_000747,order_000747,5,2017-11-08 13:49:35,2017-11-06 13:49:35
review_000748,order_000748,4,2017-08-03 11:14:46,2017-07-16 11:14:46
review_000749,order_000749,4,2017-02-27 22:09:10,2017-03-10 22:09:10
review_000750,order_000750,4,2018-02-05 23:02:15,2018-01-16 23:02:15
review_000751,order_000751,4,2017-08-25 05:02:43,2017-08-29 05:02:43
review_000752,order_000752,3,2018-09-07 22:57:18,2018-08-26 22:57:18
review_000753,order_000753,4,2017-09-22 20:18:57,2017-10-02 20:18:57
review_000754,order_000754,1,2017-03-17 16:54:52,2017-03-07 16:54:52
review_000755,order_000755,4,2018-03-12 09:09:16,2018-03-22 09:09:16
review_000756,order_000756,4,2018-03-26 18:14:36,2018-03-19 18:14:36
review_000757,order_000757,2,2018-07-28 14:04:05,2018-08-01 14:04:05
review_000758,order_000758,5,2018-03-28 21:34:41,2018-03-20 21:34:41
review_000759,order_000759,5,2017-08-21 17:04:13,2017-08-17 17:04:13
review_000760,order_000760,3,2018-03-18 23:08:36,2018-03-19 23:08:36
review_000761,order_000761,4,2018-05-12 10:03:41,2018-05-22 10:03:41
review_000762,order_000762,5,2017-12-07 01:58:28,2017-12-12 01:58:28
review_000763,order_000763,5,2018-05-06 11:48:26,2018-05-23 11:48:26
review_000764,order_000764,4,2018-09-01 23:56:10,2018-09-07 23:56:10
review_000765,order_000765,3,2018-05-07 15:43:16,2018-04-10 15:43:16
review_000766,order_000766,3,2017-11-13 16:52:21,2017-12-04 16:52:21
review_000767,order_000767,5,2017-11-03 15:00:28,2017-11-03 15:00:28
review_000768,order_000768,5,2018-06-17 14:13:33,2018-06-06 14:13:33
review_000769,order_000769,4,2018-07-12 01:28:21,2018-06-26 01:28:21
review_000770,order_000770,5,2017-06-22 09:54:57,2017-07-11 09:54:57
review_000771,order_000771,5,2017-01-18 02:04:29,2017-02-03 02:04:29
review_000772,order_000772,3,2018-05-28 08:04:24,2018-05-21 08:04:24
review_000773,order_000773,2,2017-06-14 17:16:32,2017-06-21 17:16:32
review_000774,order_000774,2,2018-09-11 19:18:03,2018-09-11 19:18:03
review_000775,order_000775,4,2017-01-27 05:22:00,2017-02-09 05:22:00
review_000776,order_000776,4,2018-07-24 15:42:23,2018-07-28 15:42:23
review_000777,order_000777,4,2018-02-22 05:26:07,2018-03-24 05:26:07
review_000778,order_000778,5,2017-08-02 04:49:00,2017-07-11 04:49:00
review_000779,order_000779,4,2017-02-06 23:02:23,2017-02-12 23:02:23
review_000780,order_000780,4,2018-06-06 14:38:16,2018-06-20 14:38:16
review_000781,order_000781,5,2017-04-09 04:44:24,2017-04-08 04:44:24
review_000782,order_000782,5,2017-03-25 03:23:16,2017-03-16 03:23:16
review_000783,order_000783,5,2018-05-30 01:11:16,2018-05-18 01:11:16
review_000784,order_000784,5,2018-03-16 11:55:29,2018-02-24 11:55:29
review_000785,order_000785,3,2017-04-06 02:25:46,2017-04-21 02:25:46
review_000786,order_000786,3,2017-08-12 14:00:10,2017-08-29 14:00:10
review_000787,order_000787,5,2018-03-07 10:24:37,2018-02-19 10:24:37
review_000788,order_000788,5,2018-02-15 15:15:23,2018-02-16 15:15:23
review_000789,order_000789,4,2017-08-31 04:58:48,2017-08-16 04:58:48
review_000790,order_000790,5,2017-09-22 03:29:10,2017-10-03 03:29:10
review_000791,order_000791,4,2017-03-23 02:25:07,2017-03-12 02:25:07
review_000792,order_000792,2,2017-01-16 02:17:39,2017-01-30 02:17:39
review_000793,order_000793,5,2018-09-02 01:44:06,2018-09-06 01:44:06
review_000794,order_000794,4,2017-06-03 06:12:32,2017-06-09 06:12:32
review_000795,order_000795,2,2018-07-31 19:12:37,2018-08-18 19:12:37
review_000796,order_000796,4,2017-02-20 14:34:07,2017-02-07 14:34:07
review_000797,order_000797,5,2018-09-20 06:00:31,2018-09-14 06:00:31
review_000798,order_000798,4,2017-10-17 22:21:37,2017-09-30 22:21:37
review_000799,order_000799,2,2018-06-05 18:15:55,2018-05-17 18:15:55
review_000800,order_000800,5,2018-06-26 18:41:56,2018-06-10 18:41:56
review_000801,order_000801,5,2017-09-01 21:33:55,2017-08-18 21:33:55
review_000802,order_000802,5,2018-04-02 17:53:49,2018-04-01 17:53:49
review_000803,order_000803,5,2017-08-21 22:57:46,2017-08-21 22:57:46
review_000804,order_000804,5,2018-05-26 07:55:32,2018-05-03 07:55:32
review_000805,order_000805,5,2018-08-14 20:32:52,2018-08-21 20:32:52
review_000806,order_000806,4,2018-06-04 02:40:51,2018-05-22 02:40:51
review_000807,order_000807,4,2018-04-06 07:12:12,2018-04-19 07:12:12
review_000808,order_000808,5,2017-08-30 21:24:23,2017-09-08 21:24:23
review_000809,order_000809,4,2017-03-25 03:12:05,2017-03-17 03:12:05
review_000810,order_000810,3,2017-11-22 12:01:13,2017-11-26 12:01:13
review_000811,order_000811,5,2017-04-23 08:10:23,2017-04-07 08:10:23
review_000812,order_000812,4,2017-12-07 02:24:44,2017-11-19 02:24:44
review_000813,order_000813,2,2018-06-22 05:39:44,2018-07-10 05:39:44
review_000814,order_000814,5,2017-04-11 12:50:21,2017-03-17 12:50:21
review_000815,order_000815,5,2018-07-20 15:08:12,2018-07-18 15:08:12
review_000816,order_000816,5,2018-01-29 16:12:35,2018-01-29 16:12:35
review_000817,order_000817,5,2017-02-24 03:09:19,2017-02-23 03:09:19
review_000818,order_000818,5,2018-04-09 07:40:39,2018-03-24 07:40:39
review_000819,order_000819,2,2017-01-07 02:29:58,2017-02-05 02:29:58
review_000820,order_000820,5,2018-01-23 00:13:19,2018-02-04 00:13:19
review_000821,order_000821,3,2017-12-06 09:22:23,2017-11-12 09:22:23
review_000822,order_000822,5,2018-04-14 14:55:06,2018-05-01 14:55:06
review_000823,order_000823,4,2017-09-12 08:53:57,2017-08-23 08:53:57
review_000824,order_000824,4,2017-03-29 00:57:44,2017-04-03 00:57:44
review_000825,order_000825,5,2017-09-02 05:16:44,2017-09-17 05:16:44
review_000826,order_000826,3,2018-04-25 10:23:13,2018-04-22 10:23:13
review_000827,order_000827,5,2018-08-28 08:32:16,2018-09-06 08:32:16
review_000828,order_000828,3,2017-06-08 19:47:40,2017-06-05 19:47:40
review_000829,order_000829,1,2017-08-26 14:21:05,2017-08-22 14:21:05
review_000830,order_000830,1,2018-07-06 23:58:20,2018-07-07 23:58:20
review_000831,order_000831,5,2017-07-18 04:12:43,2017-07-29 04:12:43
review_000832,order_000832,4,2017-06-29 08:53:14,2017-06-17 08:53:14
review_000833,order_000833,4,2018-06-23 02:05:46,2018-06-02 02:05:46
review_000834,order_000834,5,2017-11-16 00:28:58,2017-11-21 00:28:58
review_000835,order_000835,4,2018-01-10 22:10:31,2018-01-06 22:10:31
review_000836,order_000836,5,2017-11-22 11:49:46,2017-11-21 11:49:46
review_000837,order_000837,1,2018-01-23 15:50:07,2018-01-08 15:50:07
review_000838,order_000838,3,2017-06-22 06:37:50,2017-06-24 06:37:50
review_000839,order_000839,5,2018-04-16 01:14:12,2018-04-12 01:14:12
review_000840,order_000840,5,2017-08-18 21:25:35,2017-08-22 21:25:35
review_000841,order_000841,5,2017-11-26 15:48:07,2017-12-15 15:48:07
review_000842,order_000842,4,2017-05-05 17:04:33,2017-05-18 17:04:33
review_000843,order_000843,5,2017-01-29 12:48:04,2017-02-05 12:48:04
review_000844,order_000844,3,2017-12-23 09:42:13,2018-01-10 09:42:13
review_000845,order_000845,4,2017-04-09 10:08:04,2017-04-14 10:08:04
review_000846,order_000846,5,2018-08-08 18:17:19,2018-07-18 18:17:19
review_000847,order_000847,4,2018-09-07 05:27:15,2018-08-26 05:27:15
review_000848,order_000848,5,2017-07-26 08:11:20,2017-07-25 08:11:20
review_000849,order_000849,5,2017-07-26 07:22:42,2017-07-21 07:22:42
review_000850,order_000850,5,2017-11-19 12:31:20,2017-12-09 12:31:20
review_000851,order_000851,3,2017-06-01 23:13:24,2017-06-08 23:13:24
review_000852,order_000852,5,2018-06-14 22:08:48,2018-07-07 22:08:48
review_000853,order_000853,5,2017-03-13 13:04:31,2017-03-31 13:04:31
review_000854,order_000854,4,2017-10-17 04:48:13,2017-11-06 04:48:13
review_000855,order_000855,4,2017-05-14 22:34:11,2017-05-15 22:34:11
review_000856,order_000856,5,2018-06-11 07:30:48,2018-05-27 07:30:48
review_000857,order_000857,3,2017-05-01 08:33:06,2017-05-01 08:33:06
review_000858,order_000858,2,2017-10-05 21:15:15,2017-10-21 21:15:15
review_000859,order_000859,4,2018-06-06 06:19:11,2018-06-26 06:19:11
review_000860,order_000860,5,2017-10-12 11:05:06,2017-10-25 11:05:06
review_000861,order_000861,5,2017-05-07 22:00:08,2017-05-20 22:00:08
review_000862,order_000862,5,2017-04-25 07:37:45,2017-04-24 07:37:45
review_000863,order_000863,5,2018-01-14 14:59:00,2018-02-05 14:59:00
review_000864,order_000864,2,2017-04-04 00:53:42,2017-04-19 00:53:42
review_000865,order_000865,5,2017-08-12 23:53:39,2017-09-08 23:53:39
review_000866,order_000866,5,2018-01-16 10:03:17,2018-01-29 10:03:17
review_000867,order_000867,4,2017-08-26 16:05:12,2017-09-11 16:05:12
review_000868,order_000868,5,2018-06-11 12:00:51,2018-06-14 12:00:51
review_000869,order_000869,5,2018-03-05 10:24:55,2018-03-09 10:24:55
review_000870,order_000870,5,2017-04-23 09:45:07,2017-04-03 09:45:07
review_000871,order_000871,1,2018-05-29 00:25:35,2018-06-08 00:25:35
review_000872,order_000872,1,2018-07-20 06:39:32,2018-07-26 06:39:32
review_000873,order_000873,2,2017-05-24 09:08:08,2017-05-13 09:08:08
review_000874,order_000874,4,2017-08-13 08:51:32,2017-09-10 08:51:32
review_000875,order_000875,5,2017-09-18 06:33:53,2017-09-14 06:33:53
review_000876,order_000876,5,2017-10-07 15:25:07,2017-10-10 15:25:07
review_000877,order_000877,4,2017-10-26 19:53:57,2017-10-26 19:53:57
review_000878,order_000878,5,2018-07-25 21:23:26,2018-07-15 21:23:26
review_000879,order_000879,4,2018-03-04 23:20:04,2018-03-04 23:20:04
review_000880,order_000880,5,2018-07-25 15:35:31,2018-07-29 15:35:31
review_000881,order_000881,4,2017-08-31 09:51:52,2017-08-21 09:51:52
review_000882,order_000882,4,2017-12-03 15:30:28,2017-12-07 15:30:28
review_000883,order_000883,5,2017-03-22 03:10:37,2017-03-30 03:10:37
review_000884,order_000884,5,2017-06-24 19:36:17,2017-06-27 19:36:17
review_000885,order_000885,3,2018-01-11 12:50:21,2018-01-22 12:50:21
review_000886,order_000886,2,2017-05-18 03:57:48,2017-05-07 03:57:48
review_000887,order_000887,5,2018-09-07 10:13:11,2018-08-17 10:13:11
review_000888,order_000888,5,2017-06-23 07:13:34,2017-07-11 07:13:34
review_000889,order_000889,5,2017-04-19 08:23:22,2017-05-05 08:23:22
review_000890,order_000890,1,2018-05-21 01:12:51,2018-05-14 01:12:51
review_000891,order_000891,5,2017-03-11 00:23:07,2017-03-22 00:23:07
review_000892,order_000892,4,2017-08-08 08:23:28,2017-08-17 08:23:28
review_000893,order_000893,4,2017-05-23 07:14:24,2017-05-23 07:14:24
review_000894,order_000894,5,2018-03-16 23:58:18,2018-03-08 23:58:18
review_000895,order_000895,5,2018-06-15 06:18:06,2018-06-30 06:18:06
review_000896,order_000896,4,2017-05-29 07:54:12,2017-05-18 07:54:12
review_000897,order_000897,1,2017-10-01 21:57:54,2017-10-01 21:57:54
review_000898,order_000898,5,2017-11-21 20:38:04,2017-11-01 20:38:04
review_000899,order_000899,4,2018-03-03 01:21:51,2018-03-07 01:21:51
review_000900,order_000900,5,2017-08-11 02:03:31,2017-09-05 02:03:31
review_000901,order_000901,4,2017-12-03 02:16:46,2017-12-10 02:16:46
review_000902,order_000902,5,2017-11-28 11:01:59,2017-11-21 11:01:59
review_000903,order_000903,5,2017-02-09 13:44:30,2017-01-25 13:44:30
review_000904,order_000904,4,2018-01-15 08:26:06,2017-12-29 08:26:06
review_000905,order_000905,1,2018-01-14 00:18:40,2018-01-16 00:18:40
review_000906,order_000906,5,2018-09-13 04:50:16,2018-09-09 04:50:16
review_000907,order_000907,5,2017-12-02 14:45:01,2017-12-07 14:45:01
review_000908,order_000908,5,2018-07-15 08:56:24,2018-07-08 08:56:24
review_000909,order_000909,3,2017-09-03 02:57:54,2017-08-11 02:57:54
review_000910,order_000910,4,2018-03-30 15:37:50,2018-03-12 15:37:50
review_000911,order_000911,2,2018-07-30 14:43:15,2018-07-20 14:43:15
review_000912,order_000912,5,2017-04-29 11:46:02,2017-04-24 11:46:02
review_000913,order_000913,3,2017-12-21 22:33:52,2017-12-21 22:33:52
review_000914,order_000914,4,2018-08-08 20:15:50,2018-07-29 20:15:50
review_000915,order_000915,4,2017-12-30 00:57:16,2018-01-07 00:57:16
review_000916,order_000916,4,2018-07-11 21:43:07,2018-07-10 21:43:07
review_000917,order_000917,2,2017-10-17 01:11:26,2017-09-19 01:11:26
review_000918,order_000918,5,2018-07-09 11:33:55,2018-07-04 11:33:55
review_000919,order_000919,4,2018-02-11 21:38:25,2018-02-05 21:38:25
review_000920,order_000920,4,2017-11-22 23:33:41,2017-11-21 23:33:41
review_000921,order_000921,5,2017-06-09 00:32:30,2017-05-23 00:32:30
review_000922,order_000922,5,2017-05-12 01:43:42,2017-05-07 01:43:42
review_000923,order_000923,5,2017-07-20 05:47:27,2017-07-14 05:47:27
review_000924,order_000924,5,2018-04-11 06:37:55,2018-04-29 06:37:55
review_000925,order_000925,5,2017-10-18 06:42:24,2017-11-10 06:42:24
review_000926,order_000926,5,2017-09-20 10:00:03,2017-09-01 10:00:03
review_000927,order_000927,5,2017-10-16 07:39:06,2017-10-17 07:39:06
review_000928,order_000928,4,2017-08-23 13:59:05,2017-08-30 13:59:05
review_000929,order_000929,3,2018-06-02 20:29:43,2018-05-19 20:29:43
review_000930,order_000930,5,2017-09-06 13:06:08,2017-09-14 13:06:08
review_000931,order_000931,5,2017-10-29 07:57:58,2017-11-15 07:57:58
review_000932,order_000932,5,2018-01-05 13:37:53,2018-01-08 13:37:53
review_000933,order_000933,5,2018-02-16 14:53:25,2018-02-11 14:53:25
review_000934,order_000934,4,2017-08-16 21:30:36,2017-08-25 21:30:36
review_000935,order_000935,5,2017-02-28 22:44:16,2017-03-01 22:44:16
review_000936,order_000936,2,2018-03-05 06:39:41,2018-03-20 06:39:41
review_000937,order_000937,4,2017-12-17 22:02:18,2017-12-21 22:02:18
review_000938,order_000938,4,2018-02-09 19:36:16,2018-02-13 19:36:16
review_000939,order_000939,5,2017-12-11 03:04:34,2017-12-23 03:04:34
review_000940,order_000940,5,2017-12-02 13:23:31,2017-12-07 13:23:31
review_000941,order_000941,4,2018-08-18 03:39:10,2018-09-01 03:39:10
review_000942,order_000942,5,2017-02-21 11:46:18,2017-02-25 11:46:18
review_000943,order_000943,4,2017-03-11 01:04:23,2017-03-15 01:04:23
review_000944,order_000944,5,2018-08-15 07:11:09,2018-08-13 07:11:09
review_000945,order_000945,5,2018-07-27 14:06:50,2018-07-29 14:06:50
review_000946,order_000946,4,2017-10-07 07:17:51,2017-09-16 07:17:51
review_000947,order_000947,2,2017-12-28 00:14:30,2017-12-05 00:14:30
review_000948,order_000948,2,2017-10-19 09:19:24,2017-10-28 09:19:24
review_000949,order_000949,5,2018-09-07 12:59:17,2018-10-01 12:59:17
review_000950,order_000950,5,2017-10-17 18:19:27,2017-10-19 18:19:27
review_000951,order_000951,3,2018-04-20 03:16:29,2018-04-24 03:16:29
review_000952,order_000952,5,2017-08-30 11:26:29,2017-08-24 11:26:29
review_000953,order_000953,4,2017-08-28 04:46:12,2017-08-31 04:46:12
review_000954,order_000954,5,2018-03-04 03:41:31,2018-03-07 03:41:31
review_000955,order_000955,5,2017-09-22 02:55:38,2017-09-26 02:55:38
review_000956,order_000956,5,2017-01-26 18:14:12,2017-01-29 18:14:12
review_000957,order_000957,4,2017-05-07 22:04:07,2017-04-29 22:04:07
review_000958,order_000958,5,2018-07-06 15:55:16,2018-07-06 15:55:16
review_000959,order_000959,5,2017-08-20 09:04:47,2017-08-22 09:04:47
review_000960,order_000960,1,2017-03-14 22:46:54,2017-03-23 22:46:54
review_000961,order_000961,5,2018-08-19 11:55:54,2018-08-15 11:55:54
review_000962,order_000962,4,2018-09-18 12:42:21,2018-09-20 12:42:21
review_000963,order_000963,4,2017-11-15 15:13:42,2017-11-11 15:13:42
review_000964,order_000964,3,2018-02-07 15:42:22,2018-01-30 15:42:22
review_000965,order_000965,4,2018-04-23 11:48:42,2018-04-25 11:48:42
review_000966,order_000966,5,2017-03-05 11:30:14,2017-03-13 11:30:14
review_000967,order_000967,1,2017-07-26 07:37:48,2017-08-03 07:37:48
review_000968,order_000968,4,2017-12-16 16:20:19,2017-12-20 16:20:19
review_000969,order_000969,5,2017-12-06 16:08:11,2017-12-07 16:08:11
review_000970,order_000970,3,2017-08-15 10:28:00,2017-08-06 10:28:00
review_000971,order_000971,5,2017-02-01 17:05:24,2017-01-18 17:05:24
review_000972,order_000972,5,2018-08-29 03:18:30,2018-08-22 03:18:30
review_000973,order_000973,5,2018-01-17 09:59:20,2018-02-02 09:59:20
review_000974,order_000974,4,2018-05-06 23:40:49,2018-04-18 23:40:49
review_000975,order_000975,2,2017-10-14 17:36:28,2017-10-13 17:36:28
review_000976,order_000976,5,2017-11-10 17:17:19,2017-11-12 17:17:19
review_000977,order_000977,2,2017-10-31 20:43:02,2017-10-21 20:43:02
review_000978,order_000978,5,2017-09-24 14:36:25,2017-10-07 14:36:25
review_000979,order_000979,3,2018-03-17 15:54:07,2018-02-18 15:54:07
review_000980,order_000980,5,2018-09-25 11:33:14,2018-10-01 11:33:14
review_000981,order_000981,4,2018-05-15 19:49:46,2018-05-10 19:49:46
review_000982,order_000982,4,2018-03-13 17:04:27,2018-02-21 17:04:27
review_000983,order_000983,5,2017-02-01 12:33:54,2017-02-02 12:33:54
review_000984,order_000984,5,2017-11-17 03:02:33,2017-12-09 03:02:33
review_000985,order_000985,2,2018-08-25 19:20:38,2018-08-28 19:20:38
review_000986,order_000986,5,2017-09-08 07:49:36,2017-09-16 07:49:36
review_000987,order_000987,1,2017-12-10 08:36:59,2017-12-08 08:36:59
review_000988,order_000988,5,2017-07-24 02:59:34,2017-08-14 02:59:34
review_000989,order_000989,5,2017-05-16 05:12:32,2017-05-06 05:12:32
review_000990,order_000990,4,2018-03-29 03:01:28,2018-03-25 03:01:28
review_000991,order_000991,5,2017-07-25 02:20:21,2017-08-05 02:20:21
review_000992,order_000992,5,2018-01-19 00:30:44,2018-01-04 00:30:44
review_000993,order_000993,4,2018-01-28 07:04:23,2018-01-06 07:04:23
review_000994,order_000994,5,2018-06-14 18:08:29,2018-06-26 18:08:29
review_000995,order_000995,5,2018-07-30 20:43:59,2018-08-09 20:43:59
review_000996,order_000996,5,2017-12-29 05:27:19,2017-12-15 05:27:19
review_000997,order_000997,2,2017-02-23 10:10:21,2017-02-19 10:10:21
review_000998,order_000998,3,2017-12-27 19:58:05,2018-01-22 19:58:05
review_000999,order_000999,5,2018-07-22 16:57:54,2018-07-11 16:57:54
review_001000,order_001000,5,2017-11-10 21:42:23,2017-10-28 21:42:23
review_001001,order_001001,5,2017-12-16 10:05:28,2017-12-17 10:05:28
review_001002,order_001002,4,2018-05-03 04:02:44,2018-05-01 04:02:44
review_001003,order_001003,5,2017-10-16 03:26:14,2017-10-13 03:26:14
review_001004,order_001004,5,2017-09-15 17:00:45,2017-09-22 17:00:45
review_001005,order_001005,5,2017-11-11 00:37:49,2017-11-08 00:37:49
review_001006,order_001006,3,2018-06-22 11:02:50,2018-06-27 11:02:50
review_001007,order_001007,5,2017-10-30 08:28:44,2017-11-07 08:28:44
review_001008,order_001008,4,2017-08-03 22:03:18,2017-07-26 22:03:18
review_001009,order_001009,4,2018-01-24 23:57:23,2018-01-19 23:57:23
review_001010,order_001010,5,2018-03-20 11:37:33,2018-03-14 11:37:33
review_001011,order_001011,5,2018-07-26 13:55:24,2018-08-05 13:55:24
review_001012,order_001012,5,2018-07-19 09:05:34,2018-07-31 09:05:34
review_001013,order_001013,4,2018-05-10 18:38:42,2018-05-27 18:38:42
review_001014,order_001014,4,2018-04-20 07:04:10,2018-05-18 07:04:10
review_001015,order_001015,2,2017-10-07 17:51:52,2017-11-05 17:51:52
review_001016,order_001016,2,2017-08-20 21:41:12,2017-08-04 21:41:12
review_001017,order_001017,2,2017-12-25 04:07:14,2018-01-04 04:07:14
review_001018,order_001018,5,2018-04-02 05:25:41,2018-03-23 05:25:41
review_001019,order_001019,3,2017-11-20 09:04:36,2017-11-25 09:04:36
review_001020,order_001020,2,2017-06-04 19:51:54,2017-06-10 19:51:54
review_001021,order_001021,5,2017-02-04 15:22:58,2017-02-08 15:22:58
review_001022,order_001022,5,2017-03-06 04:39:37,2017-03-12 04:39:37
review_001023,order_001023,5,2017-10-15 08:49:57,2017-10-03 08:49:57
review_001024,order_001024,4,2018-05-03 15:26:29,2018-05-03 15:26:29
review_001025,order_001025,5,2018-05-05 23:09:13,2018-05-07 23:09:13
review_001026,order_001026,5,2018-05-17 10:49:32,2018-05-20 10:49:32
review_001027,order_001027,1,2018-03-16 01:47:19,2018-03-23 01:47:19
review_001028,order_001028,5,2017-02-09 02:30:38,2017-02-14 02:30:38
review_001029,order_001029,4,2018-07-26 00:41:25,2018-06-29 00:41:25
review_001030,order_001030,5,2018-08-29 03:01:20,2018-08-14 03:01:20
review_001031,order_001031,4,2018-06-19 09:54:05,2018-06-18 09:54:05
review_001032,order_001032,5,2017-10-31 06:45:22,2017-10-08 06:45:22
review_001033,order_001033,5,2017-06-07 07:13:28,2017-06-10 07:13:28
review_001034,order_001034,2,2018-07-31 18:23:58,2018-07-19 18:23:58
review_001035,order_001035,5,2017-05-04 11:27:04,2017-04-29 11:27:04
review_001036,order_001036,4,2018-05-24 17:29:40,2018-05-08 17:29:40
review_001037,order_001037,5,2018-08-19 13:00:23,2018-08-16 13:00:23
review_001038,order_001038,5,2018-07-24 04:55:22,2018-07-10 04:55:22
review_001039,order_001039,4,2017-11-27 22:45:29,2017-11-24 22:45:29
review_001040,order_001040,4,2018-06-17 11:25:43,2018-06-13 11:25:43
review_001041,order_001041,3,2018-06-17 20:03:56,2018-06-01 20:03:56
review_001042,order_001042,5,2018-09-07 02:19:39,2018-08-28 02:19:39
review_001043,order_001043,2,2017-08-28 20:23:17,2017-09-02 20:23:17
review_001044,order_001044,4,2018-01-23 17:10:57,2018-02-03 17:10:57
review_001045,order_001045,4,2018-06-11 05:59:58,2018-05-22 05:59:58
review_001046,order_001046,3,2017-06-13 19:02:21,2017-06-22 19:02:21
review_001047,order_001047,4,2017-05-23 17:49:19,2017-06-04 17:49:19
review_001048,order_001048,4,2017-09-14 21:26:39,2017-09-15 21:26:39
review_001049,order_001049,4,2017-08-28 05:01:59,2017-09-01 05:01:59
review_001050,order_001050,5,2018-04-08 21:15:28,2018-04-10 21:15:28
review_001051,order_001051,4,2018-08-10 18:17:23,2018-08-06 18:17:23
review_001052,order_001052,3,2017-04-13 08:06:33,2017-05-06 08:06:33
review_001053,order_001053,3,2017-07-26 08:24:35,2017-07-28 08:24:35
review_001054,order_001054,3,2018-08-19 06:06:31,2018-08-01 06:06:31
review_001055,order_001055,1,2018-01-12 11:26:30,2018-01-29 11:26:30
review_001056,order_001056,5,2017-05-13 21:31:05,2017-05-17 21:31:05
review_001057,order_001057,4,2018-01-21 20:06:16,2018-01-14 20:06:16
review_001058,order_001058,2,2018-07-07 03:30:15,2018-07-22 03:30:15
review_001059,order_001059,4,2017-09-01 03:09:05,2017-09-17 03:09:05
review_001060,order_001060,5,2017-10-30 01:25:27,2017-11-07 01:25:27
review_001061,order_001061,4,2018-02-10 14:44:14,2018-02-12 14:44:14
review_001062,order_001062,5,2018-06-03 07:32:30,2018-06-21 07:32:30
review_001063,order_001063,2,2017-12-26 18:15:36,2018-01-12 18:15:36
review_001064,order_001064,5,2018-08-30 18:14:49,2018-08-19 18:14:49
review_001065,order_001065,4,2018-05-06 04:44:42,2018-04-25 04:44:42
review_001066,order_001066,5,2017-10-09 16:39:38,2017-09-28 16:39:38
review_001067,order_001067,4,2017-11-15 18:20:53,2017-11-20 18:20:53
review_001068,order_001068,4,2018-03-18 23:41:21,2018-03-27 23:41:21
review_001069,order_001069,5,2017-03-13 17:20:39,2017-02-25 17:20:39
review_001070,order_001070,4,2017-06-05 08:37:43,2017-06-17 08:37:43
review_001071,order_001071,5,2017-06-16 23:59:35,2017-06-01 23:59:35
review_001072,order_001072,3,2018-05-19 06:37:13,2018-05-14 06:37:13
review_001073,order_001073,4,2018-06-13 19:19:38,2018-06-06 19:19:38
review_001074,order_001074,4,2018-05-20 09:04:37,2018-05-28 09:04:37
review_001075,order_001075,5,2017-03-17 22:26:26,2017-03-15 22:26:26
review_001076,order_001076,5,2017-07-29 18:46:26,2017-07-23 18:46:26
review_001077,order_001077,5,2017-07-16 14:23:32,2017-08-07 14:23:32
review_001078,order_001078,5,2017-02-07 05:08:35,2017-02-13 05:08:35
review_001079,order_001079,4,2017-06-29 04:31:21,2017-06-27 04:31:21
review_001080,order_001080,3,2017-09-29 22:44:45,2017-10-10 22:44:45
review_001081,order_001081,5,2018-07-05 19:14:24,2018-06-30 19:14:24
review_001082,order_001082,4,2017-04-28 12:18:04,2017-05-16 12:18:04
review_001083,order_001083,5,2018-06-26 21:03:27,2018-07-05 21:03:27
review_001084,order_001084,5,2018-06-03 18:47:43,2018-05-29 18:47:43
review_001085,order_001085,2,2017-04-19 09:18:18,2017-04-27 09:18:18
review_001086,order_001086,1,2017-06-22 19:51:15,2017-06-30 19:51:15
review_001087,order_001087,4,2017-10-30 19:06:17,2017-10-25 19:06:17
review_001088,order_001088,3,2018-08-28 11:29:29,2018-08-11 11:29:29
review_001089,order_001089,3,2018-05-19 00:28:03,2018-05-15 00:28:03
review_001090,order_001090,4,2018-09-15 17:47:34,2018-08-26 17:47:34
review_001091,order_001091,5,2017-07-30 08:09:04,2017-08-08 08:09:04
review_001092,order_001092,3,2018-07-12 08:45:09,2018-08-09 08:45:09
review_001093,order_001093,5,2018-08-20 17:07:37,2018-08-15 17:07:37
review_001094,order_001094,5,2018-02-03 19:27:44,2018-01-07 19:27:44
review_001095,order_001095,5,2017-04-27 02:06:31,2017-04-13 02:06:31
review_001096,order_001096,3,2017-06-25 19:46:25,2017-06-30 19:46:25
review_001097,order_001097,3,2017-04-19 07:01:45,2017-03-31 07:01:45
review_001098,order_001098,4,2018-05-22 13:35:20,2018-05-30 13:35:20
review_001099,order_001099,5,2017-07-24 20:50:40,2017-07-25 20:50:40
review_001100,order_001100,5,2018-03-08 05:14:07,2018-04-07 05:14:07
review_001101,order_001101,4,2017-06-21 05:18:09,2017-07-10 05:18:09
review_001102,order_001102,4,2018-09-05 23:17:07,2018-09-05 23:17:07
review_001103,order_001103,4,2018-05-08 08:57:08,2018-05-09 08:57:08
review_001104,order_001104,4,2017-08-28 22:43:39,2017-09-10 22:43:39
review_001105,order_001105,5,2017-11-04 08:34:18,2017-10-24 08:34:18
review_001106,order_001106,5,2017-02-22 14:52:32,2017-02-26 14:52:32
review_001107,order_001107,4,2017-04-15 12:14:44,2017-04-24 12:14:44
review_001108,order_001108,1,2018-10-02 23:36:47,2018-09-09 23:36:47
review_001109,order_001109,2,2018-05-30 13:12:22,2018-05-19 13:12:22
review_001110,order_001110,4,2018-06-20 12:04:01,2018-06-07 12:04:01
review_001111,order_001111,5,2018-02-19 11:11:29,2018-02-08 11:11:29
review_001112,order_001112,5,2017-06-14 09:00:41,2017-06-02 09:00:41
review_001113,order_001113,5,2017-04-08 10:33:42,2017-04-07 10:33:42
review_001114,order_001114,5,2018-04-15 11:03:07,2018-04-09 11:03:07
review_001115,order_001115,5,2017-08-01 18:19:38,2017-08-06 18:19:38
review_001116,order_001116,5,2017-01-13 01:06:06,2017-01-25 01:06:06
review_001117,order_001117,5,2017-01-26 12:01:24,2017-01-30 12:01:24
review_001118,order_001118,4,2018-01-02 13:10:44,2018-01-04 13:10:44
review_001119,order_001119,3,2018-06-29 18:04:36,2018-06-06 18:04:36
review_001120,order_001120,5,2017-08-15 15:59:22,2017-08-28 15:59:22
review_001121,order_001121,4,2018-10-04 10:21:57,2018-09-11 10:21:57
review_001122,order_001122,3,2017-09-13 02:37:42,2017-09-24 02:37:42
review_001123,order_001123,4,2018-04-09 08:55:46,2018-03-28 08:55:46
review_001124,order_001124,4,2017-06-25 06:08:03,2017-06-10 06:08:03
review_001125,order_001125,2,2018-01-24 04:53:55,2018-02-05 04:53:55
review_001126,order_001126,5,2017-07-02 17:18:30,2017-06-29 17:18:30
review_001127,order_001127,3,2018-05-10 11:28:30,2018-05-16 11:28:30
review_001128,order_001128,3,2017-10-23 19:02:46,2017-10-22 19:02:46
review_001129,order_001129,5,2017-02-16 03:19:18,2017-02-12 03:19:18
review_001130,order_001130,4,2017-06-29 23:39:38,2017-06-08 23:39:38
review_001131,order_001131,4,2017-08-29 11:21:37,2017-08-31 11:21:37
review_001132,order_001132,3,2017-11-08 06:04:38,2017-11-04 06:04:38
review_001133,order_001133,5,2017-07-04 08:42:34,2017-06-28 08:42:34
review_001134,order_001134,1,2018-01-21 20:11:40,2018-01-06 20:11:40
review_001135,order_001135,1,2018-09-05 17:02:21,2018-08-25 17:02:21
review_001136,order_001136,4,2018-03-23 04:07:49,2018-03-25 04:07:49
review_001137,order_001137,3,2017-08-06 23:45:46,2017-08-10 23:45:46
review_001138,order_001138,3,2018-03-03 03:08:27,2018-03-15 03:08:27
review_001139,order_001139,4,2018-08-26 06:36:32,2018-08-23 06:36:32
review_001140,order_001140,4,2017-06-15 17:30:03,2017-06-27 17:30:03
review_001141,order_001141,5,2017-06-16 12:42:47,2017-06-22 12:42:47
review_001142,order_001142,4,2017-02-06 10:42:03,2017-02-02 10:42:03
review_001143,order_001143,5,2018-06-18 22:13:50,2018-06-10 22:13:50
review_001144,order_001144,5,2018-06-20 19:03:14,2018-06-24 19:03:14
review_001145,order_001145,5,2017-10-12 23:05:30,2017-10-12 23:05:30
review_001146,order_001146,5,2018-06-29 06:46:53,2018-06-24 06:46:53
review_001147,order_001147,5,2018-02-22 20:24:56,2018-02-13 20:24:56
review_001148,order_001148,3,2018-09-19 05:06:59,2018-09-10 05:06:59
review_001149,order_001149,3,2018-08-12 19:20:28,2018-07-29 19:20:28
review_001150,order_001150,4,2018-08-31 13:10:16,2018-08-16 13:10:16
review_001151,order_001151,5,2017-09-04 14:20:57,2017-09-18 14:20:57
review_001152,order_001152,4,2018-02-19 02:46:02,2018-02-08 02:46:02
review_001153,order_001153,4,2017-05-06 21:06:01,2017-04-24 21:06:01
review_001154,order_001154,5,2018-07-17 06:41:23,2018-07-12 06:41:23
review_001155,order_001155,1,2017-07-21 14:21:18,2017-07-19 14:21:18
review_001156,order_001156,5,2017-10-26 03:59:22,2017-11-02 03:59:22
review_001157,order_001157,4,2018-01-22 22:13:21,2018-01-12 22:13:21
review_001158,order_001158,5,2018-05-06 07:40:52,2018-05-22 07:40:52
review_001159,order_001159,4,2018-04-04 18:18:19,2018-04-08 18:18:19
review_001160,order_001160,3,2018-09-06 18:22:19,2018-09-07 18:22:19
review_001161,order_001161,5,2018-04-03 13:12:26,2018-03-16 13:12:26
review_001162,order_001162,5,2018-05-20 02:53:52,2018-05-09 02:53:52
review_001163,order_001163,5,2018-01-02 06:43:03,2018-01-13 06:43:03
review_001164,order_001164,5,2017-10-01 14:41:05,2017-09-30 14:41:05
review_001165,order_001165,4,2018-08-08 12:51:40,2018-07-24 12:51:40
review_001166,order_001166,5,2017-08-24 14:02:03,2017-09-01 14:02:03
review_001167,order_001167,4,2018-01-21 05:59:07,2018-01-24 05:59:07
review_001168,order_001168,2,2017-07-08 12:54:54,2017-07-28 12:54:54
review_001169,order_001169,4,2017-11-02 02:02:51,2017-11-14 02:02:51
review_001170,order_001170,1,2017-08-20 11:37:18,2017-09-07 11:37:18
review_001171,order_001171,5,2017-06-24 02:11:37,2017-07-09 02:11:37
review_001172,order_001172,5,2018-05-19 15:55:57,2018-05-25 15:55:57
review_001173,order_001173,5,2018-04-27 13:36:11,2018-05-01 13:36:11
review_001174,order_001174,4,2018-03-08 20:26:36,2018-03-24 20:26:36
review_001175,order_001175,5,2017-02-27 11:05:21,2017-03-10 11:05:21
review_001176,order_001176,5,2017-06-25 03:53:19,2017-06-16 03:53:19
review_001177,order_001177,5,2017-05-30 05:38:43,2017-06-02 05:38:43
review_001178,order_001178,1,2018-04-12 19:32:20,2018-04-08 19:32:20
review_001179,order_001179,4,2018-07-19 22:59:51,2018-07-07 22:59:51
review_001180,order_001180,4,2017-09-04 01:28:31,2017-09-20 01:28:31
review_001181,order_001181,5,2017-08-16 16:14:02,2017-08-04 16:14:02
review_001182,order_001182,5,2018-01-05 11:34:15,2017-12-14 11:34:15
review_001183,order_001183,5,2018-09-03 06:11:17,2018-09-12 06:11:17
review_001184,order_001184,3,2017-09-04 12:16:30,2017-09-07 12:16:30
review_001185,order_001185,4,2017-07-02 22:27:32,2017-07-24 22:27:32
review_001186,order_001186,5,2017-12-18 04:44:31,2017-12-13 04:44:31
review_001187,order_001187,3,2018-07-29 20:05:24,2018-07-28 20:05:24
review_001188,order_001188,5,2018-03-27 02:09:07,2018-03-27 02:09:07
review_001189,order_001189,2,2017-12-12 17:17:42,2017-11-19 17:17:42
review_001190,order_001190,5,2018-04-21 01:47:52,2018-04-18 01:47:52
review_001191,order_001191,5,2017-01-26 01:27:22,2017-01-23 01:27:22
review_001192,order_001192,5,2018-04-21 00:53:37,2018-04-25 00:53:37
review_001193,order_001193,4,2017-03-27 19:18:52,2017-04-03 19:18:52
review_001194,order_001194,5,2017-08-31 13:45:58,2017-09-09 13:45:58
review_001195,order_001195,4,2017-09-01 16:34:07,2017-09-01 16:34:07
review_001196,order_001196,2,2018-03-01 03:43:53,2018-03-11 03:43:53
review_001197,order_001197,4,2017-06-05 22:06:55,2017-06-19 22:06:55
review_001198,order_001198,5,2017-06-09 19:24:32,2017-06-02 19:24:32
review_001199,order_001199,1,2018-07-16 11:43:37,2018-07-14 11:43:37
review_001200,order_001200,4,2017-11-15 21:34:29,2017-11-14 21:34:29
review_001201,order_001201,5,2018-04-06 03:25:57,2018-04-21 03:25:57
review_001202,order_001202,5,2018-01-04 07:01:04,2018-01-23 07:01:04
review_001203,order_001203,4,2018-02-09 01:09:44,2018-02-15 01:09:44
review_001204,order_001204,2,2018-03-08 03:56:49,2018-03-16 03:56:49
review_001205,order_001205,3,2018-02-25 20:11:43,2018-03-01 20:11:43
review_001206,order_001206,5,2018-07-26 09:49:50,2018-07-16 09:49:50
review_001207,order_001207,5,2018-05-16 15:29:15,2018-05-22 15:29:15
review_001208,order_001208,4,2017-08-03 21:09:27,2017-07-16 21:09:27
review_001209,order_001209,4,2017-05-16 18:20:11,2017-05-16 18:20:11
review_001210,order_001210,4,2018-06-28 09:35:44,2018-06-25 09:35:44
review_001211,order_001211,2,2017-08-27 08:21:31,2017-08-27 08:21:31
review_001212,order_001212,2,2017-07-25 02:36:00,2017-07-23 02:36:00
review_001213,order_001213,4,2017-04-02 19:54:42,2017-03-26 19:54:42
review_001214,order_001214,5,2017-12-18 23:37:55,2017-12-21 23:37:55
review_001215,order_001215,4,2017-11-29 12:00:13,2017-12-05 12:00:13
review_001216,order_001216,4,2018-06-03 11:59:31,2018-06-02 11:59:31
review_001217,order_001217,5,2018-04-25 20:21:39,2018-04-14 20:21:39
review_001218,order_001218,4,2018-04-08 08:13:00,2018-04-03 08:13:00
review_001219,order_001219,2,2017-12-02 09:45:25,2017-12-09 09:45:25
review_001220,order_001220,4,2018-07-13 21:26:48,2018-06-24 21:26:48
review_001221,order_001221,1,2018-08-29 09:06:16,2018-09-06 09:06:16
review_001222,order_001222,5,2018-05-28 22:15:27,2018-06-10 22:15:27
review_001223,order_001223,5,2017-08-30 03:52:25,2017-09-04 03:52:25
review_001224,order_001224,3,2017-06-23 11:55:23,2017-06-26 11:55:23
review_001225,order_001225,4,2017-01-14 11:45:13,2017-01-27 11:45:13
review_001226,order_001226,2,2018-09-22 07:21:40,2018-09-13 07:21:40
review_001227,order_001227,3,2018-04-16 23:06:45,2018-04-12 23:06:45
review_001228,order_001228,2,2018-08-24 11:34:59,2018-08-11 11:34:59
review_001229,order_001229,1,2018-05-19 21:05:47,2018-05-13 21:05:47
review_001230,order_001230,5,2017-10-11 05:15:45,2017-10-08 05:15:45
review_001231,order_001231,4,2017-04-09 08:22:29,2017-04-25 08:22:29
review_001232,order_001232,5,2017-03-01 11:28:39,2017-02-27 11:28:39
review_001233,order_001233,5,2018-05-14 13:32:08,2018-05-29 13:32:08
review_001234,order_001234,5,2017-07-14 05:30:22,2017-08-04 05:30:22
review_001235,order_001235,1,2017-08-27 07:30:52,2017-08-31 07:30:52
review_001236,order_001236,4,2018-06-27 14:55:58,2018-06-26 14:55:58
review_001237,order_001237,5,2017-10-28 06:41:02,2017-11-17 06:41:02
review_001238,order_001238,5,2018-08-12 18:14:14,2018-08-19 18:14:14
review_001239,order_001239,5,2017-12-30 11:27:03,2017-12-12 11:27:03
review_001240,order_001240,4,2018-06-15 23:15:58,2018-06-15 23:15:58
review_001241,order_001241,4,2017-04-11 05:42:17,2017-04-16 05:42:17
review_001242,order_001242,4,2017-09-07 20:13:18,2017-09-19 20:13:18
review_001243,order_001243,4,2017-05-06 11:45:51,2017-05-20 11:45:51
review_001244,order_001244,4,2017-03-04 02:04:02,2017-03-03 02:04:02
review_001245,order_001245,5,2018-09-16 16:55:25,2018-09-21 16:55:25
review_001246,order_001246,5,2017-11-17 05:04:35,2017-11-26 05:04:35
review_001247,order_001247,4,2017-08-27 03:19:28,2017-08-18 03:19:28
review_001248,order_001248,5,2017-08-23 12:45:38,2017-09-04 12:45:38
review_001249,order_001249,5,2017-06-01 18:51:39,2017-07-01 18:51:39
review_001250,order_001250,4,2017-03-27 06:10:55,2017-03-23 06:10:55
review_001251,order_001251,5,2018-07-25 14:57:10,2018-07-26 14:57:10
review_001252,order_001252,4,2017-03-27 00:20:41,2017-04-07 00:20:41
review_001253,order_001253,4,2017-09-13 04:25:50,2017-09-23 04:25:50
review_001254,order_001254,2,2017-05-05 18:06:53,2017-04-15 18:06:53
review_001255,order_001255,5,2018-08-04 00:18:32,2018-07-31 00:18:32
review_001256,order_001256,4,2017-05-20 08:35:11,2017-05-16 08:35:11
review_001257,order_001257,2,2017-09-10 12:11:17,2017-09-14 12:11:17
review_001258,order_001258,5,2018-04-22 01:35:11,2018-04-12 01:35:11
review_001259,order_001259,5,2018-01-01 23:29:07,2017-12-19 23:29:07
review_001260,order_001260,5,2017-09-01 12:12:43,2017-09-14 12:12:43
review_001261,order_001261,4,2018-01-04 08:07:33,2017-12-18 08:07:33
review_001262,order_001262,5,2017-10-13 23:27:10,2017-10-13 23:27:10
review_001263,order_001263,4,2017-07-22 13:24:16,2017-07-14 13:24:16
review_001264,order_001264,3,2018-01-04 16:17:05,2018-01-22 16:17:05
review_001265,order_001265,3,2017-09-02 02:10:05,2017-09-10 02:10:05
review_001266,order_001266,1,2018-09-07 03:48:37,2018-08-22 03:48:37
review_001267,order_001267,5,2017-11-06 01:05:05,2017-11-04 01:05:05
review_001268,order_001268,5,2018-04-19 12:20:35,2018-05-03 12:20:35
review_001269,order_001269,5,2017-06-01 20:04:21,2017-06-15 20:04:21
review_001270,order_001270,4,2018-03-01 21:38:28,2018-02-15 21:38:28
review_001271,order_001271,5,2017-12-16 13:47:02,2017-12-13 13:47:02
review_001272,order_001272,5,2018-04-16 01:18:06,2018-04-11 01:18:06
review_001273,order_001273,4,2017-11-04 15:01:40,2017-11-07 15:01:40
review_001274,order_001274,4,2018-04-04 15:18:33,2018-04-01 15:18:33
review_001275,order_001275,5,2017-02-18 14:19:49,2017-02-20 14:19:49
review_001276,order_001276,4,2018-03-26 17:18:37,2018-03-29 17:18:37
review_001277,order_001277,2,2018-04-14 13:22:22,2018-04-26 13:22:22
review_001278,order_001278,4,2017-12-01 16:53:46,2017-12-02 16:53:46
review_001279,order_001279,5,2017-01-29 11:40:21,2017-02-20 11:40:21
review_001280,order_001280,2,2017-12-16 03:36:14,2017-12-22 03:36:14
review_001281,order_001281,3,2018-05-09 01:55:07,2018-04-28 01:55:07
review_001282,order_001282,4,2017-10-25 21:46:28,2017-10-14 21:46:28
review_001283,order_001283,4,2017-03-20 10:35:00,2017-03-14 10:35:00
review_001284,order_001284,5,2017-09-18 07:44:04,2017-09-29 07:44:04
review_001285,order_001285,4,2018-09-10 07:02:15,2018-10-01 07:02:15
review_001286,order_001286,5,2017-06-29 01:14:30,2017-07-18 01:14:30
review_001287,order_001287,4,2017-12-03 22:40:57,2017-11-26 22:40:57
review_001288,order_001288,5,2017-09-07 01:59:50,2017-08-30 01:59:50
review_001289,order_001289,4,2018-04-12 05:15:22,2018-03-26 05:15:22
review_001290,order_001290,3,2017-10-09 10:58:54,2017-09-26 10:58:54
review_001291,order_001291,1,2017-09-03 08:35:40,2017-09-23 08:35:40
review_001292,order_001292,4,2018-01-08 00:57:34,2018-01-07 00:57:34
review_001293,order_001293,2,2017-12-31 07:53:58,2017-12-23 07:53:58
review_001294,order_001294,5,2017-11-05 18:42:33,2017-11-19 18:42:33
review_001295,order_001295,5,2017-06-22 06:00:49,2017-07-03 06:00:49
review_001296,order_001296,4,2017-03-22 20:46:47,2017-03-28 20:46:47
review_001297,order_001297,3,2018-03-18 08:38:40,2018-03-22 08:38:40
review_001298,order_001298,3,2017-08-23 00:19:15,2017-08-13 00:19:15
review_001299,order_001299,4,2018-02-06 02:36:48,2018-01-21 02:36:48
review_001300,order_001300,4,2017-09-20 19:26:25,2017-09-10 19:26:25
review_001301,order_001301,5,2018-07-06 09:43:59,2018-06-14 09:43:59
review_001302,order_001302,5,2018-03-15 23:32:56,2018-03-24 23:32:56
review_001303,order_001303,5,2017-09-20 18:55:56,2017-10-01 18:55:56
review_001304,order_001304,5,2017-07-31 00:43:43,2017-08-01 00:43:43
review_001305,order_001305,5,2018-04-18 07:29:58,2018-04-13 07:29:58
review_001306,order_001306,5,2017-02-02 17:23:57,2017-01-19 17:23:57
review_001307,order_001307,4,2017-02-27 01:30:51,2017-03-06 01:30:51
review_001308,order_001308,5,2017-03-19 23:58:41,2017-02-28 23:58:41
review_001309,order_001309,4,2017-08-30 03:59:27,2017-09-01 03:59:27
review_001310,order_001310,4,2017-12-02 19:07:51,2017-11-20 19:07:51
review_001311,order_001311,4,2017-07-05 20:10:18,2017-07-05 20:10:18
review_001312,order_001312,4,2017-05-09 12:07:42,2017-05-29 12:07:42
review_001313,order_001313,5,2017-08-13 19:17:10,2017-07-24 19:17:10
review_001314,order_001314,3,2017-11-14 21:14:08,2017-11-03 21:14:08
review_001315,order_001315,4,2017-07-28 17:37:29,2017-07-27 17:37:29
review_001316,order_001316,5,2018-01-04 16:59:25,2018-01-08 16:59:25
review_001317,order_001317,5,2017-09-08 09:19:37,2017-09-12 09:19:37
review_001318,order_001318,5,2018-08-04 07:01:07,2018-08-05 07:01:07
review_001319,order_001319,5,2018-09-19 20:49:31,2018-09-17 20:49:31
review_001320,order_001320,3,2018-02-09 05:23:01,2018-02-27 05:23:01
review_001321,order_001321,4,2018-01-06 09:56:55,2017-12-24 09:56:55
review_001322,order_001322,3,2017-02-16 12:18:03,2017-02-03 12:18:03
review_001323,order_001323,4,2018-01-25 09:22:38,2018-02-17 09:22:38
review_001324,order_001324,5,2017-09-12 08:57:06,2017-09-09 08:57:06
review_001325,order_001325,5,2017-07-29 14:22:50,2017-07-25 14:22:50
review_001326,order_001326,5,2018-05-05 07:54:26,2018-05-14 07:54:26
review_001327,order_001327,5,2017-02-05 23:43:49,2017-02-17 23:43:49
review_001328,order_001328,4,2017-06-28 04:16:12,2017-06-28 04:16:12
review_001329,order_001329,4,2018-05-19 09:20:09,2018-05-01 09:20:09
review_001330,order_001330,4,2018-07-24 20:17:12,2018-08-20 20:17:12
review_001331,order_001331,3,2017-11-14 11:24:44,2017-11-15 11:24:44
review_001332,order_001332,4,2017-12-05 16:55:13,2017-12-07 16:55:13
review_001333,order_001333,3,2018-09-06 15:31:37,2018-09-06 15:31:37
review_001334,order_001334,2,2017-03-22 07:57:06,2017-03-09 07:57:06
review_001335,order_001335,5,2017-10-25 17:51:33,2017-10-30 17:51:33
review_001336,order_001336,4,2017-06-14 05:42:14,2017-06-13 05:42:14
review_001337,order_001337,4,2017-11-04 17:59:41,2017-10-27 17:59:41
review_001338,order_001338,5,2018-07-25 03:04:31,2018-07-17 03:04:31
review_001339,order_001339,4,2018-01-03 16:39:29,2018-01-07 16:39:29
review_001340,order_001340,5,2018-09-13 02:42:01,2018-09-30 02:42:01
review_001341,order_001341,5,2017-11-10 20:51:07,2017-12-06 20:51:07
review_001342,order_001342,4,2018-06-27 15:00:41,2018-07-03 15:00:41
review_001343,order_001343,4,2017-05-12 00:58:15,2017-05-07 00:58:15
review_001344,order_001344,3,2017-07-20 02:36:41,2017-07-30 02:36:41
review_001345,order_001345,5,2017-07-18 04:29:53,2017-07-16 04:29:53
review_001346,order_001346,2,2018-05-05 23:02:42,2018-04-28 23:02:42
review_001347,order_001347,5,2017-12-04 14:08:49,2017-11-14 14:08:49
review_001348,order_001348,5,2017-06-04 06:41:57,2017-05-27 06:41:57
review_001349,order_001349,5,2017-05-16 06:38:36,2017-05-06 06:38:36
review_001350,order_001350,5,2017-09-04 00:37:09,2017-09-16 00:37:09
review_001351,order_001351,4,2017-04-13 04:52:35,2017-04-28 04:52:35
review_001352,order_001352,5,2018-03-19 20:31:40,2018-03-17 20:31:40
review_001353,order_001353,3,2018-06-22 14:22:20,2018-07-03 14:22:20
review_001354,order_001354,3,2018-09-12 08:49:19,2018-08-28 08:49:19
review_001355,order_001355,5,2017-06-12 00:30:32,2017-06-16 00:30:32
review_001356,order_001356,4,2017-10-02 08:13:52,2017-10-04 08:13:52
review_001357,order_001357,5,2017-12-03 09:11:20,2017-11-12 09:11:20
review_001358,order_001358,4,2017-11-27 02:50:48,2017-12-01 02:50:48
review_001359,order_001359,4,2017-10-24 14:34:23,2017-10-30 14:34:23
review_001360,order_001360,4,2017-05-20 15:51:00,2017-06-09 15:51:00
review_001361,order_001361,2,2017-04-11 23:57:23,2017-03-26 23:57:23
review_001362,order_001362,5,2017-09-27 08:36:39,2017-10-01 08:36:39
review_001363,order_001363,3,2017-03-30 06:37:24,2017-03-11 06:37:24
review_001364,order_001364,4,2017-02-16 19:45:06,2017-03-04 19:45:06
review_001365,order_001365,2,2017-11-30 08:24:34,2017-12-16 08:24:34
review_001366,order_001366,4,2018-06-18 15:08:05,2018-07-07 15:08:05
review_001367,order_001367,4,2017-12-22 17:42:00,2017-12-17 17:42:00
review_001368,order_001368,4,2017-01-29 21:07:04,2017-01-30 21:07:04
review_001369,order_001369,5,2018-06-26 07:38:53,2018-06-15 07:38:53
review_001370,order_001370,5,2018-03-09 14:56:29,2018-03-27 14:56:29
review_001371,order_001371,4,2017-07-19 03:08:46,2017-08-04 03:08:46
review_001372,order_001372,5,2017-07-09 18:42:09,2017-06-23 18:42:09
review_001373,order_001373,5,2018-07-29 01:04:49,2018-08-04 01:04:49
review_001374,order_001374,5,2017-11-02 16:43:00,2017-11-20 16:43:00
review_001375,order_001375,3,2017-04-01 05:00:58,2017-04-21 05:00:58
review_001376,order_001376,5,2017-07-23 11:06:07,2017-07-13 11:06:07
review_001377,order_001377,1,2017-06-27 01:49:55,2017-07-11 01:49:55
review_001378,order_001378,1,2017-09-09 16:31:41,2017-09-16 16:31:41
review_001379,order_001379,5,2017-08-23 11:34:17,2017-08-17 11:34:17
review_001380,order_001380,4,2017-12-25 15:55:36,2017-12-14 15:55:36
review_001381,order_001381,5,2017-07-31 08:20:25,2017-08-18 08:20:25
review_001382,order_001382,4,2018-02-03 00:09:39,2018-02-17 00:09:39
review_001383,order_001383,3,2017-11-27 13:56:36,2017-11-23 13:56:36
review_001384,order_001384,5,2018-08-25 16:46:02,2018-08-02 16:46:02
review_001385,order_001385,4,2018-06-12 15:57:16,2018-06-21 15:57:16
review_001386,order_001386,4,2017-08-02 06:17:30,2017-08-14 06:17:30
review_001387,order_001387,4,2017-02-16 17:11:50,2017-02-26 17:11:50
review_001388,order_001388,4,2018-01-14 13:00:13,2017-12-30 13:00:13
review_001389,order_001389,3,2017-08-24 05:02:40,2017-08-10 05:02:40
review_001390,order_001390,5,2018-08-03 02:40:19,2018-07-26 02:40:19
review_001391,order_001391,5,2017-10-01 07:48:26,2017-10-06 07:48:26
review_001392,order_001392,2,2017-07-20 00:33:09,2017-07-29 00:33:09
review_001393,order_001393,4,2017-08-07 17:11:12,2017-08-17 17:11:12
review_001394,order_001394,4,2018-06-18 00:21:46,2018-06-30 00:21:46
review_001395,order_001395,5,2017-04-08 01:09:44,2017-04-08 01:09:44
review_001396,order_001396,4,2018-08-14 03:47:48,2018-09-02 03:47:48
review_001397,order_001397,3,2017-06-11 07:49:32,2017-06-18 07:49:32
review_001398,order_001398,5,2018-06-20 00:28:38,2018-06-06 00:28:38
review_001399,order_001399,4,2017-12-08 15:07:01,2017-12-30 15:07:01
review_001400,order_001400,5,2017-12-26 03:10:39,2017-12-20 03:10:39
review_001401,order_001401,1,2017-06-08 19:16:36,2017-06-01 19:16:36
review_001402,order_001402,3,2018-04-12 13:25:12,2018-04-10 13:25:12
review_001403,order_001403,5,2018-02-16 02:00:00,2018-02-26 02:00:00
review_001404,order_001404,5,2017-11-16 09:36:23,2017-11-22 09:36:23
review_001405,order_001405,2,2017-10-12 03:21:58,2017-11-10 03:21:58
review_001406,order_001406,4,2018-01-09 23:32:16,2018-01-08 23:32:16
review_001407,order_001407,5,2017-11-15 14:13:14,2017-11-15 14:13:14
review_001408,order_001408,4,2018-09-13 19:24:31,2018-09-08 19:24:31
review_001409,order_001409,5,2017-02-03 08:59:07,2017-02-19 08:59:07
review_001410,order_001410,4,2017-06-13 03:31:21,2017-07-07 03:31:21
review_001411,order_001411,5,2018-06-20 05:38:16,2018-06-30 05:38:16
review_001412,order_001412,5,2018-05-13 10:00:10,2018-05-30 10:00:10
review_001413,order_001413,5,2017-08-20 18:29:33,2017-08-13 18:29:33
review_001414,order_001414,4,2017-12-04 10:20:35,2017-12-05 10:20:35
review_001415,order_001415,5,2017-02-13 22:17:13,2017-02-08 22:17:13
review_001416,order_001416,4,2017-05-15 08:41:26,2017-04-30 08:41:26
review_001417,order_001417,1,2018-08-05 05:35:52,2018-09-02 05:35:52
review_001418,order_001418,5,2018-02-14 11:53:38,2018-02-11 11:53:38
review_001419,order_001419,3,2017-02-20 02:40:02,2017-02-04 02:40:02
review_001420,order_001420,2,2018-05-23 16:04:37,2018-05-20 16:04:37
review_001421,order_001421,5,2017-09-29 02:25:21,2017-10-05 02:25:21
review_001422,order_001422,5,2018-01-09 15:22:52,2018-01-01 15:22:52
review_001423,order_001423,5,2018-06-19 09:10:52,2018-07-03 09:10:52
review_001424,order_001424,4,2018-06-23 08:34:13,2018-06-28 08:34:13
review_001425,order_001425,3,2017-04-21 14:39:37,2017-04-07 14:39:37
review_001426,order_001426,4,2017-08-22 16:55:15,2017-08-18 16:55:15
review_001427,order_001427,5,2017-06-25 22:17:42,2017-07-19 22:17:42
review_001428,order_001428,2,2018-07-24 06:56:51,2018-08-05 06:56:51
review_001429,order_001429,5,2018-05-23 19:29:10,2018-05-08 19:29:10
review_001430,order_001430,5,2018-02-20 20:03:04,2018-03-01 20:03:04
review_001431,order_001431,5,2017-03-10 23:53:47,2017-02-25 23:53:47
review_001432,order_001432,4,2018-05-20 23:08:41,2018-06-06 23:08:41
review_001433,order_001433,4,2018-01-01 18:58:15,2017-12-28 18:58:15
review_001434,order_001434,4,2017-07-19 07:04:25,2017-06-29 07:04:25
review_001435,order_001435,5,2017-10-12 16:40:11,2017-10-08 16:40:11
review_001436,order_001436,5,2017-10-25 18:49:57,2017-10-12 18:49:57
review_001437,order_001437,5,2017-07-17 06:59:41,2017-07-25 06:59:41
review_001438,order_001438,4,2018-08-09 19:31:19,2018-07-18 19:31:19
review_001439,order_001439,3,2018-08-08 16:50:44,2018-08-02 16:50:44
review_001440,order_001440,4,2017-02-27 11:46:41,2017-02-09 11:46:41
review_001441,order_001441,1,2018-08-04 20:40:54,2018-08-28 20:40:54
review_001442,order_001442,5,2017-10-06 02:06:21,2017-09-12 02:06:21
review_001443,order_001443,5,2018-05-16 16:24:48,2018-05-31 16:24:48
review_001444,order_001444,5,2018-05-07 18:52:06,2018-05-07 18:52:06
review_001445,order_001445,4,2018-01-18 00:58:07,2018-01-19 00:58:07
review_001446,order_001446,5,2018-04-24 09:46:46,2018-04-06 09:46:46
review_001447,order_001447,4,2018-03-19 12:24:31,2018-03-23 12:24:31
review_001448,order_001448,4,2018-07-04 04:59:37,2018-07-06 04:59:37
review_001449,order_001449,5,2017-09-24 21:06:15,2017-10-18 21:06:15
review_001450,order_001450,4,2018-04-25 15:02:22,2018-04-29 15:02:22
review_001451,order_001451,5,2018-08-27 06:36:06,2018-09-11 06:36:06
review_001452,order_001452,4,2018-08-20 10:29:11,2018-09-03 10:29:11
review_001453,order_001453,5,2017-05-02 02:41:18,2017-05-04 02:41:18
review_001454,order_001454,5,2017-11-26 02:06:06,2017-11-27 02:06:06
review_001455,order_001455,4,2017-12-10 17:54:52,2017-11-28 17:54:52
review_001456,order_001456,2,2018-01-21 23:36:29,2018-01-27 23:36:29
review_001457,order_001457,4,2018-02-19 06:38:35,2018-02-10 06:38:35
review_001458,order_001458,5,2018-06-07 05:52:18,2018-06-20 05:52:18
review_001459,order_001459,2,2017-12-16 16:24:49,2017-12-11 16:24:49
review_001460,order_001460,5,2018-03-13 12:15:47,2018-03-27 12:15:47
review_001461,order_001461,5,2018-07-11 03:20:47,2018-07-21 03:20:47
review_001462,order_001462,5,2017-03-17 16:00:53,2017-04-02 16:00:53
review_001463,order_001463,5,2018-02-25 05:02:07,2018-02-16 05:02:07
review_001464,order_001464,5,2017-08-27 02:45:43,2017-09-08 02:45:43
review_001465,order_001465,1,2018-08-05 11:08:31,2018-07-16 11:08:31
review_001466,order_001466,5,2017-12-24 17:44:45,2017-12-28 17:44:45
review_001467,order_001467,5,2018-01-11 12:30:27,2018-01-14 12:30:27
review_001468,order_001468,5,2018-04-16 15:33:32,2018-04-25 15:33:32
review_001469,order_001469,5,2017-06-24 05:42:39,2017-06-14 05:42:39
review_001470,order_001470,4,2017-12-27 11:51:00,2017-12-09 11:51:00
review_001471,order_001471,5,2018-04-26 17:06:37,2018-05-13 17:06:37
review_001472,order_001472,4,2018-05-07 12:40:47,2018-05-19 12:40:47
review_001473,order_001473,5,2017-06-06 05:45:03,2017-05-31 05:45:03
review_001474,order_001474,5,2018-06-12 22:54:54,2018-06-20 22:54:54
review_001475,order_001475,5,2017-04-24 01:36:57,2017-04-18 01:36:57
review_001476,order_001476,4,2017-07-12 21:51:41,2017-06-30 21:51:41
review_001477,order_001477,4,2018-07-06 17:23:21,2018-06-19 17:23:21
review_001478,order_001478,5,2018-01-26 02:41:15,2018-01-18 02:41:15
review_001479,order_001479,3,2017-12-14 06:07:28,2017-12-13 06:07:28
review_001480,order_001480,5,2018-01-05 08:51:00,2018-01-02 08:51:00
review_001481,order_001481,5,2018-09-11 22:58:57,2018-08-20 22:58:57
review_001482,order_001482,4,2017-06-08 12:24:09,2017-06-10 12:24:09
review_001483,order_001483,5,2017-07-24 06:11:38,2017-07-19 06:11:38
review_001484,order_001484,5,2017-11-23 22:04:45,2017-11-06 22:04:45
review_001485,order_001485,5,2018-06-18 02:49:55,2018-06-22 02:49:55
review_001486,order_001486,4,2017-12-30 19:35:51,2017-12-25 19:35:51
review_001487,order_001487,5,2018-04-12 19:56:11,2018-04-17 19:56:11
review_001488,order_001488,4,2018-05-28 09:16:32,2018-05-30 09:16:32
review_001489,order_001489,4,2018-07-02 01:02:05,2018-07-17 01:02:05
review_001490,order_001490,3,2017-11-06 21:16:08,2017-10-25 21:16:08
review_001491,order_001491,5,2017-10-27 23:13:05,2017-11-02 23:13:05
review_001492,order_001492,1,2017-03-13 09:04:32,2017-03-04 09:04:32
review_001493,order_001493,5,2017-02-28 04:27:27,2017-03-16 04:27:27
review_001494,order_001494,4,2017-11-23 06:30:31,2017-11-24 06:30:31
review_001495,order_001495,5,2018-04-29 03:16:27,2018-04-23 03:16:27
review_001496,order_001496,5,2018-06-01 14:38:14,2018-06-08 14:38:14
review_001497,order_001497,4,2017-10-06 12:26:46,2017-09-28 12:26:46
review_001498,order_001498,2,2017-12-31 08:32:29,2018-01-01 08:32:29
review_001499,order_001499,4,2018-06-06 15:36:57,2018-05-24 15:36:57
review_001500,order_001500,5,2017-08-15 14:56:16,2017-08-15 14:56:16
review_001501,order_001501,5,2017-05-10 00:16:11,2017-04-17 00:16:11
review_001502,order_001502,5,2018-08-14 09:49:56,2018-07-31 09:49:56
review_001503,order_001503,5,2017-12-07 20:43:27,2017-12-19 20:43:27
review_001504,order_001504,4,2017-04-26 19:05:54,2017-05-01 19:05:54
review_001505,order_001505,4,2017-06-14 20:31:02,2017-06-17 20:31:02
review_001506,order_001506,4,2017-08-16 22:54:12,2017-08-17 22:54:12
review_001507,order_001507,4,2017-05-29 01:28:25,2017-05-20 01:28:25
review_001508,order_001508,5,2017-10-08 06:29:14,2017-10-28 06:29:14
review_001509,order_001509,5,2018-05-19 11:01:31,2018-06-07 11:01:31
review_001510,order_001510,5,2018-04-25 12:14:24,2018-04-07 12:14:24
review_001511,order_001511,4,2018-08-01 18:52:12,2018-08-07 18:52:12
review_001512,order_001512,3,2018-06-19 17:23:10,2018-05-31 17:23:10
review_001513,order_001513,5,2017-08-03 16:56:57,2017-07-19 16:56:57
review_001514,order_001514,3,2017-03-01 03:48:16,2017-02-11 03:48:16
review_001515,order_001515,4,2017-04-14 16:15:47,2017-04-12 16:15:47
review_001516,order_001516,2,2018-05-06 19:06:06,2018-05-26 19:06:06
review_001517,order_001517,3,2017-08-12 18:02:59,2017-08-26 18:02:59
review_001518,order_001518,4,2018-04-17 13:59:28,2018-04-10 13:59:28
review_001519,order_001519,2,2017-11-04 02:07:08,2017-10-23 02:07:08
review_001520,order_001520,5,2018-07-30 03:35:37,2018-07-18 03:35:37
review_001521,order_001521,4,2017-11-20 17:50:08,2017-11-16 17:50:08
review_001522,order_001522,4,2018-07-17 20:50:15,2018-07-20 20:50:15
review_001523,order_001523,5,2017-06-27 19:48:31,2017-06-26 19:48:31
review_001524,order_001524,4,2018-04-24 10:14:26,2018-05-17 10:14:26
review_001525,order_001525,2,2017-12-18 14:05:40,2017-12-20 14:05:40
review_001526,order_001526,5,2017-05-25 04:14:19,2017-05-14 04:14:19
review_001527,order_001527,5,2017-06-19 14:12:11,2017-06-16 14:12:11
review_001528,order_001528,4,2017-08-07 04:41:22,2017-07-19 04:41:22
review_001529,order_001529,1,2017-05-03 19:04:53,2017-04-29 19:04:53
review_001530,order_001530,5,2018-08-13 18:51:07,2018-08-02 18:51:07
review_001531,order_001531,4,2017-05-24 01:13:40,2017-06-11 01:13:40
review_001532,order_001532,4,2018-02-02 22:27:25,2018-01-09 22:27:25
review_001533,order_001533,3,2017-12-24 19:06:24,2017-12-25 19:06:24
review_001534,order_001534,5,2017-12-26 09:04:40,2017-12-07 09:04:40
review_001535,order_001535,5,2018-02-13 10:49:42,2018-02-08 10:49:42
review_001536,order_001536,5,2018-08-09 01:53:30,2018-08-07 01:53:30
review_001537,order_001537,5,2018-08-30 22:28:18,2018-08-25 22:28:18
review_001538,order_001538,4,2018-07-13 02:25:11,2018-07-15 02:25:11
review_001539,order_001539,5,2017-11-01 22:08:17,2017-11-02 22:08:17
review_001540,order_001540,4,2018-04-18 15:42:26,2018-04-13 15:42:26
review_001541,order_001541,5,2017-05-08 22:02:56,2017-05-17 22:02:56
review_001542,order_001542,2,2018-07-18 08:53:52,2018-07-24 08:53:52
review_001543,order_001543,4,2017-05-10 21:29:48,2017-05-30 21:29:48
review_001544,order_001544,5,2017-04-14 10:13:37,2017-04-09 10:13:37
review_001545,order_001545,5,2018-06-08 08:24:07,2018-06-11 08:24:07
review_001546,order_001546,4,2018-05-08 08:05:20,2018-04-28 08:05:20
review_001547,order_001547,5,2017-04-03 22:50:50,2017-04-18 22:50:50
review_001548,order_001548,1,2018-08-26 11:10:22,2018-09-15 11:10:22
review_001549,order_001549,1,2017-03-30 11:29:08,2017-03-29 11:29:08
review_001550,order_001550,4,2017-03-05 15:26:42,2017-02-25 15:26:42
review_001551,order_001551,5,2018-08-17 13:20:24,2018-08-12 13:20:24
review_001552,order_001552,4,2017-06-03 12:59:14,2017-06-13 12:59:14
review_001553,order_001553,2,2017-06-01 09:05:50,2017-06-12 09:05:50
review_001554,order_001554,5,2018-05-26 03:56:30,2018-06-02 03:56:30
review_001555,order_001555,5,2018-01-24 23:52:10,2018-01-12 23:52:10
review_001556,order_001556,5,2017-11-24 11:47:27,2017-12-18 11:47:27
review_001557,order_001557,4,2018-09-15 23:20:02,2018-09-17 23:20:02
review_001558,order_001558,5,2017-03-19 11:03:16,2017-03-06 11:03:16
review_001559,order_001559,5,2018-08-14 14:23:10,2018-07-30 14:23:10
review_001560,order_001560,4,2017-06-27 13:05:51,2017-06-23 13:05:51
review_001561,order_001561,5,2018-01-27 23:10:41,2018-01-20 23:10:41
review_001562,order_001562,4,2017-08-11 02:39:21,2017-07-24 02:39:21
review_001563,order_001563,3,2017-07-20 12:25:13,2017-07-26 12:25:13
review_001564,order_001564,4,2017-07-26 03:41:04,2017-07-27 03:41:04
review_001565,order_001565,5,2017-12-28 20:49:57,2017-12-21 20:49:57
review_001566,order_001566,5,2018-07-10 12:43:33,2018-07-06 12:43:33
review_001567,order_001567,5,2017-03-19 22:09:11,2017-04-04 22:09:11
review_001568,order_001568,5,2018-03-13 06:36:37,2018-03-08 06:36:37
review_001569,order_001569,5,2018-06-13 03:54:33,2018-07-04 03:54:33
review_001570,order_001570,5,2018-04-16 15:05:48,2018-04-23 15:05:48
review_001571,order_001571,2,2018-09-11 03:29:54,2018-09-08 03:29:54
review_001572,order_001572,5,2017-01-23 08:56:45,2017-01-29 08:56:45
review_001573,order_001573,2,2017-08-30 07:31:57,2017-08-15 07:31:57
review_001574,order_001574,4,2017-09-30 05:17:51,2017-10-11 05:17:51
review_001575,order_001575,4,2017-12-25 03:08:14,2017-12-21 03:08:14
review_001576,order_001576,5,2017-07-31 15:45:12,2017-08-07 15:45:12
review_001577,order_001577,5,2017-06-25 18:11:46,2017-06-20 18:11:46
review_001578,order_001578,3,2018-06-17 09:27:13,2018-06-27 09:27:13
review_001579,order_001579,5,2017-06-02 06:44:41,2017-06-04 06:44:41
review_001580,order_001580,5,2018-08-12 03:46:57,2018-08-10 03:46:57
review_001581,order_001581,5,2017-02-19 16:14:56,2017-02-20 16:14:56
review_001582,order_001582,5,2017-10-18 19:24:41,2017-10-06 19:24:41
review_001583,order_001583,3,2018-01-11 13:09:09,2018-02-04 13:09:09
review_001584,order_001584,2,2018-08-24 10:21:43,2018-09-09 10:21:43
review_001585,order_001585,3,2018-05-06 15:33:38,2018-05-10 15:33:38
review_001586,order_001586,4,2017-01-20 21:57:42,2017-02-06 21:57:42
review_001587,order_001587,4,2018-04-30 23:45:09,2018-04-30 23:45:09
review_001588,order_001588,3,2017-08-15 04:38:29,2017-08-19 04:38:29
review_001589,order_001589,5,2018-06-17 11:26:29,2018-06-18 11:26:29
review_001590,order_001590,4,2018-04-24 21:01:56,2018-05-08 21:01:56
review_001591,order_001591,5,2017-05-10 15:11:15,2017-05-26 15:11:15
review_001592,order_001592,2,2017-08-16 19:34:54,2017-08-26 19:34:54
review_001593,order_001593,4,2018-05-22 23:54:00,2018-05-28 23:54:00
review_001594,order_001594,5,2018-08-15 02:29:38,2018-08-18 02:29:38
review_001595,order_001595,5,2018-01-13 14:41:48,2018-01-18 14:41:48
review_001596,order_001596,5,2017-06-03 12:45:37,2017-06-02 12:45:37
review_001597,order_001597,5,2017-09-06 06:50:00,2017-09-07 06:50:00
review_001598,order_001598,5,2018-05-09 15:41:18,2018-05-07 15:41:18
review_001599,order_001599,2,2018-01-12 02:29:33,2018-01-11 02:29:33
review_001600,order_001600,2,2017-05-15 11:53:29,2017-05-21 11:53:29
review_001601,order_001601,5,2017-07-11 09:57:09,2017-07-16 09:57:09
review_001602,order_001602,4,2017-05-23 09:21:58,2017-06-03 09:21:58
review_001603,order_001603,3,2017-11-15 14:44:24,2017-11-06 14:44:24
review_001604,order_001604,5,2017-10-25 22:39:07,2017-10-16 22:39:07
review_001605,order_001605,1,2017-12-03 22:44:18,2017-12-24 22:44:18
review_001606,order_001606,5,2018-08-08 16:49:10,2018-08-26 16:49:10
review_001607,order_001607,4,2018-02-16 07:56:39,2018-02-12 07:56:39
review_001608,order_001608,4,2018-01-13 23:10:51,2018-01-21 23:10:51
review_001609,order_001609,4,2017-08-22 23:57:39,2017-08-31 23:57:39
review_001610,order_001610,4,2018-02-12 20:18:34,2018-02-21 20:18:34
review_001611,order_001611,2,2018-08-31 20:57:19,2018-08-27 20:57:19
review_001612,order_001612,5,2017-01-11 19:36:40,2017-01-13 19:36:40
review_001613,order_001613,4,2017-09-03 18:14:34,2017-08-17 18:14:34
review_001614,order_001614,4,2017-03-02 17:24:54,2017-02-12 17:24:54
review_001615,order_001615,4,2017-05-22 15:19:16,2017-05-16 15:19:16
review_001616,order_001616,4,2017-02-21 15:30:21,2017-02-18 15:30:21
review_001617,order_001617,4,2018-01-28 09:21:15,2018-01-04 09:21:15
review_001618,order_001618,3,2018-05-28 21:17:04,2018-05-31 21:17:04
review_001619,order_001619,5,2018-08-25 15:13:53,2018-08-09 15:13:53
review_001620,order_001620,5,2017-06-25 14:43:18,2017-06-19 14:43:18
review_001621,order_001621,3,2018-03-17 17:48:14,2018-03-23 17:48:14
review_001622,order_001622,3,2017-07-25 01:48:24,2017-08-20 01:48:24
review_001623,order_001623,4,2017-07-20 22:03:13,2017-07-23 22:03:13
review_001624,order_001624,5,2018-01-29 13:58:53,2018-01-20 13:58:53
review_001625,order_001625,5,2018-03-23 22:39:56,2018-03-21 22:39:56
review_001626,order_001626,4,2018-01-20 02:28:04,2018-01-24 02:28:04
review_001627,order_001627,5,2017-03-31 05:36:25,2017-03-29 05:36:25
review_001628,order_001628,3,2017-10-08 22:46:59,2017-10-12 22:46:59
review_001629,order_001629,4,2017-07-19 16:37:40,2017-07-02 16:37:40
review_001630,order_001630,3,2017-01-14 15:31:12,2017-02-06 15:31:12
review_001631,order_001631,4,2017-02-12 09:42:12,2017-02-06 09:42:12
review_001632,order_001632,4,2017-10-16 13:20:07,2017-11-03 13:20:07
review_001633,order_001633,5,2017-03-14 13:06:39,2017-03-10 13:06:39
review_001634,order_001634,2,2018-04-15 04:44:51,2018-04-28 04:44:51
review_001635,order_001635,4,2017-02-19 13:35:52,2017-03-07 13:35:52
review_001636,order_001636,4,2017-06-22 12:22:42,2017-06-11 12:22:42
review_001637,order_001637,5,2018-09-10 07:30:49,2018-09-04 07:30:49
review_001638,order_001638,4,2018-03-30 08:13:14,2018-03-15 08:13:14
review_001639,order_001639,5,2017-12-28 18:25:44,2018-01-09 18:25:44
review_001640,order_001640,5,2017-01-19 16:12:33,2017-02-12 16:12:33
review_001641,order_001641,5,2017-02-04 11:16:41,2017-03-03 11:16:41
review_001642,order_001642,5,2018-07-26 14:30:21,2018-08-06 14:30:21
review_001643,order_001643,5,2018-05-28 05:47:23,2018-05-15 05:47:23
review_001644,order_001644,5,2018-08-25 11:59:00,2018-08-30 11:59:00
review_001645,order_001645,2,2018-06-02 13:28:57,2018-06-09 13:28:57
review_001646,order_001646,4,2017-02-01 06:03:56,2017-01-31 06:03:56
review_001647,order_001647,4,2018-06-08 04:04:03,2018-05-21 04:04:03
review_001648,order_001648,4,2017-11-03 12:37:04,2017-10-28 12:37:04
review_001649,order_001649,3,2018-03-25 22:34:44,2018-03-12 22:34:44
review_001650,order_001650,5,2017-10-02 11:04:50,2017-10-05 11:04:50
review_001651,order_001651,5,2018-04-18 21:38:03,2018-04-17 21:38:03
review_001652,order_001652,3,2018-06-25 20:25:49,2018-06-03 20:25:49
review_001653,order_001653,4,2018-08-22 17:52:26,2018-09-08 17:52:26
review_001654,order_001654,5,2017-12-02 21:27:50,2017-12-10 21:27:50
review_001655,order_001655,4,2017-07-21 09:52:14,2017-07-15 09:52:14
review_001656,order_001656,4,2018-02-09 18:13:19,2018-01-26 18:13:19
review_001657,order_001657,5,2017-11-28 03:28:25,2017-11-18 03:28:25
review_001658,order_001658,5,2017-06-01 07:40:16,2017-05-17 07:40:16
review_001659,order_001659,4,2018-04-07 13:35:56,2018-04-07 13:35:56
review_001660,order_001660,5,2017-03-12 00:54:50,2017-03-09 00:54:50
review_001661,order_001661,4,2017-09-18 18:21:57,2017-10-02 18:21:57
review_001662,order_001662,5,2018-03-20 22:12:29,2018-03-11 22:12:29
review_001663,order_001663,4,2018-07-24 02:31:38,2018-07-26 02:31:38
review_001664,order_001664,3,2018-02-03 23:48:29,2018-01-24 23:48:29
review_001665,order_001665,4,2018-08-26 02:06:57,2018-09-23 02:06:57
review_001666,order_001666,4,2018-06-02 03:02:54,2018-06-14 03:02:54
review_001667,order_001667,4,2017-06-08 18:17:52,2017-06-23 18:17:52
review_001668,order_001668,2,2018-06-21 16:27:17,2018-06-20 16:27:17
review_001669,order_001669,5,2017-08-10 22:27:54,2017-08-07 22:27:54
review_001670,order_001670,5,2018-02-05 10:12:12,2018-02-07 10:12:12
review_001671,order_001671,4,2017-05-30 13:44:26,2017-05-30 13:44:26
review_001672,order_001672,4,2017-12-21 03:33:52,2017-12-24 03:33:52
review_001673,order_001673,4,2018-03-02 16:36:14,2018-02-24 16:36:14
review_001674,order_001674,4,2018-07-21 23:57:15,2018-08-06 23:57:15
review_001675,order_001675,2,2018-08-10 14:19:29,2018-08-25 14:19:29
review_001676,order_001676,4,2018-05-12 22:23:50,2018-06-01 22:23:50
review_001677,order_001677,5,2017-12-16 09:26:44,2018-01-04 09:26:44
review_001678,order_001678,5,2018-07-23 23:34:57,2018-07-11 23:34:57
review_001679,order_001679,5,2017-04-08 12:52:48,2017-03-16 12:52:48
review_001680,order_001680,4,2018-09-18 03:27:12,2018-09-26 03:27:12
review_001681,order_001681,5,2017-05-13 08:42:07,2017-05-19 08:42:07
review_001682,order_001682,5,2017-10-07 11:48:22,2017-09-11 11:48:22
review_001683,order_001683,5,2018-07-26 01:36:30,2018-07-31 01:36:30
review_001684,order_001684,2,2018-03-24 21:29:54,2018-03-19 21:29:54
review_001685,order_001685,3,2018-06-16 05:44:24,2018-06-28 05:44:24
review_001686,order_001686,4,2018-03-11 16:12:13,2018-03-11 16:12:13
review_001687,order_001687,4,2018-01-23 22:04:46,2018-01-09 22:04:46
review_001688,order_001688,5,2017-05-01 10:25:49,2017-05-18 10:25:49
review_001689,order_001689,5,2018-09-03 14:37:26,2018-09-16 14:37:26
review_001690,order_001690,4,2018-02-05 12:24:02,2018-01-31 12:24:02
review_001691,order_001691,4,2018-03-13 18:20:23,2018-03-03 18:20:23
review_001692,order_001692,4,2017-10-19 00:55:35,2017-10-02 00:55:35
review_001693,order_001693,1,2018-08-19 08:37:52,2018-08-28 08:37:52
review_001694,order_001694,4,2017-10-29 14:40:35,2017-10-30 14:40:35
review_001695,order_001695,2,2017-05-08 02:11:34,2017-05-12 02:11:34
review_001696,order_001696,3,2017-05-03 20:37:59,2017-05-08 20:37:59
review_001697,order_001697,5,2018-03-15 15:10:08,2018-03-17 15:10:08
review_001698,order_001698,4,2018-04-28 00:04:01,2018-04-08 00:04:01
review_001699,order_001699,4,2017-06-09 00:17:30,2017-05-18 00:17:30
review_001700,order_001700,5,2018-04-03 03:50:20,2018-03-24 03:50:20
review_001701,order_001701,5,2018-09-15 15:56:01,2018-10-02 15:56:01
review_001702,order_001702,4,2017-12-16 12:25:54,2017-12-19 12:25:54
review_001703,order_001703,5,2018-09-02 11:34:30,2018-08-22 11:34:30
review_001704,order_001704,4,2017-05-06 13:27:47,2017-05-03 13:27:47
review_001705,order_001705,3,2017-10-02 11:52:22,2017-09-22 11:52:22
review_001706,order_001706,5,2018-01-04 08:14:25,2017-12-19 08:14:25
review_001707,order_001707,5,2017-09-09 00:10:32,2017-08-16 00:10:32
review_001708,order_001708,4,2017-03-14 00:40:13,2017-03-16 00:40:13
review_001709,order_001709,2,2017-11-09 16:32:12,2017-10-12 16:32:12
review_001710,order_001710,4,2017-08-06 17:50:47,2017-08-14 17:50:47
review_001711,order_001711,5,2017-05-13 05:45:20,2017-05-30 05:45:20
review_001712,order_001712,4,2017-09-12 05:49:48,2017-09-01 05:49:48
review_001713,order_001713,3,2017-10-03 09:47:19,2017-09-22 09:47:19
review_001714,order_001714,4,2018-07-19 15:28:11,2018-07-09 15:28:11
review_001715,order_001715,5,2017-11-17 14:14:36,2017-11-18 14:14:36
review_001716,order_001716,4,2017-09-27 13:25:10,2017-10-04 13:25:10
review_001717,order_001717,5,2017-09-22 00:52:53,2017-09-18 00:52:53
review_001718,order_001718,4,2018-01-22 10:20:24,2018-01-10 10:20:24
review_001719,order_001719,4,2017-07-06 18:03:50,2017-07-22 18:03:50
review_001720,order_001720,5,2018-07-06 14:10:01,2018-07-11 14:10:01
review_001721,order_001721,2,2017-10-01 19:21:57,2017-09-30 19:21:57
review_001722,order_001722,5,2017-09-26 16:40:51,2017-10-16 16:40:51
review_001723,order_001723,4,2017-02-23 21:35:36,2017-02-16 21:35:36
review_001724,order_001724,2,2018-06-30 13:44:01,2018-07-07 13:44:01
review_001725,order_001725,5,2017-11-09 13:39:46,2017-11-02 13:39:46
review_001726,order_001726,4,2017-04-18 13:22:50,2017-04-28 13:22:50
review_001727,order_001727,5,2017-05-09 06:20:57,2017-04-25 06:20:57
review_001728,order_001728,4,2017-08-23 10:27:57,2017-09-07 10:27:57
review_001729,order_001729,5,2018-05-24 04:02:56,2018-05-11 04:02:56
review_001730,order_001730,1,2017-03-26 10:19:14,2017-03-17 10:19:14
review_001731,order_001731,4,2017-04-06 03:35:39,2017-04-04 03:35:39
review_001732,order_001732,4,2017-12-31 11:46:59,2017-12-29 11:46:59
review_001733,order_001733,5,2017-12-02 22:53:58,2017-11-19 22:53:58
review_001734,order_001734,5,2018-08-11 10:50:59,2018-08-29 10:50:59
review_001735,order_001735,4,2018-05-07 17:43:36,2018-05-02 17:43:36
review_001736,order_001736,4,2018-02-23 10:32:11,2018-02-26 10:32:11
review_001737,order_001737,4,2017-07-30 21:44:31,2017-08-10 21:44:31
review_001738,order_001738,5,2018-01-31 05:02:55,2018-01-31 05:02:55
review_001739,order_001739,2,2017-12-28 20:01:23,2018-01-19 20:01:23
review_001740,order_001740,5,2017-07-12 17:23:45,2017-06-27 17:23:45
review_001741,order_001741,5,2017-09-17 21:19:50,2017-09-12 21:19:50
review_001742,order_001742,4,2018-08-14 03:11:27,2018-08-01 03:11:27
review_001743,order_001743,5,2017-12-16 21:28:29,2017-12-10 21:28:29
review_001744,order_001744,5,2017-10-20 21:48:32,2017-11-16 21:48:32
review_001745,order_001745,4,2018-05-13 07:06:09,2018-05-15 07:06:09
review_001746,order_001746,3,2017-06-25 14:59:46,2017-06-26 14:59:46
review_001747,order_001747,5,2017-06-01 14:04:47,2017-05-20 14:04:47
review_001748,order_001748,2,2018-09-22 01:10:25,2018-09-28 01:10:25
review_001749,order_001749,4,2018-05-22 12:36:23,2018-06-02 12:36:23
review_001750,order_001750,3,2017-09-24 15:48:57,2017-09-30 15:48:57
review_001751,order_001751,5,2018-08-07 04:55:18,2018-08-27 04:55:18
review_001752,order_001752,5,2017-08-22 08:40:34,2017-09-14 08:40:34
review_001753,order_001753,5,2018-03-19 14:02:58,2018-02-25 14:02:58
review_001754,order_001754,2,2017-02-02 22:18:51,2017-01-29 22:18:51
review_001755,order_001755,3,2018-03-15 01:27:14,2018-03-11 01:27:14
review_001756,order_001756,5,2017-05-09 22:27:56,2017-05-08 22:27:56
review_001757,order_001757,5,2017-06-17 19:35:17,2017-06-25 19:35:17
review_001758,order_001758,4,2018-06-05 20:18:08,2018-05-27 20:18:08
review_001759,order_001759,5,2017-06-05 01:08:35,2017-05-14 01:08:35
review_001760,order_001760,5,2017-11-01 13:37:42,2017-11-02 13:37:42
review_001761,order_001761,5,2018-08-14 08:50:52,2018-08-12 08:50:52
review_001762,order_001762,4,2018-08-21 22:03:36,2018-09-02 22:03:36
review_001763,order_001763,5,2017-10-07 17:46:54,2017-10-09 17:46:54
review_001764,order_001764,2,2017-03-13 15:35:43,2017-03-05 15:35:43
review_001765,order_001765,5,2017-07-04 00:40:01,2017-07-14 00:40:01
review_001766,order_001766,5,2018-01-25 21:00:11,2018-01-18 21:00:11
review_001767,order_001767,5,2017-08-02 11:45:12,2017-08-04 11:45:12
review_001768,order_001768,4,2018-04-10 03:50:28,2018-04-08 03:50:28
review_001769,order_001769,3,2018-09-08 20:58:37,2018-09-09 20:58:37
review_001770,order_001770,4,2018-02-15 21:42:01,2018-02-11 21:42:01
review_001771,order_001771,4,2018-01-29 11:55:06,2018-02-07 11:55:06
review_001772,order_001772,3,2017-11-28 15:52:41,2017-12-05 15:52:41
review_001773,order_001773,5,2017-05-20 14:39:01,2017-05-25 14:39:01
review_001774,order_001774,2,2018-01-06 07:16:42,2018-01-06 07:16:42
review_001775,order_001775,1,2018-07-30 17:57:39,2018-08-13 17:57:39
review_001776,order_001776,5,2018-03-12 23:56:51,2018-03-17 23:56:51
review_001777,order_001777,3,2018-04-14 22:25:14,2018-04-15 22:25:14
review_001778,order_001778,5,2018-07-04 16:29:06,2018-06-24 16:29:06
review_001779,order_001779,4,2017-09-09 08:38:47,2017-09-15 08:38:47
review_001780,order_001780,5,2017-07-31 21:48:07,2017-07-30 21:48:07
review_001781,order_001781,1,2018-08-18 22:15:28,2018-08-24 22:15:28
review_001782,order_001782,4,2017-11-09 00:08:02,2017-10-13 00:08:02
review_001783,order_001783,5,2018-04-04 08:07:18,2018-04-13 08:07:18
review_001784,order_001784,5,2018-02-20 13:15:22,2018-02-07 13:15:22
review_001785,order_001785,4,2017-04-04 13:52:05,2017-03-29 13:52:05
review_001786,order_001786,2,2017-08-05 17:06:02,2017-08-15 17:06:02
review_001787,order_001787,3,2017-08-08 12:19:38,2017-08-16 12:19:38
review_001788,order_001788,5,2017-05-06 00:19:46,2017-05-10 00:19:46
review_001789,order_001789,4,2018-05-13 03:58:40,2018-05-20 03:58:40
review_001790,order_001790,4,2018-08-19 18:18:05,2018-08-17 18:18:05
review_001791,order_001791,5,2018-08-27 16:38:24,2018-09-04 16:38:24
review_001792,order_001792,4,2017-05-07 15:38:05,2017-06-03 15:38:05
review_001793,order_001793,4,2017-10-22 10:34:55,2017-10-18 10:34:55
review_001794,order_001794,2,2017-06-12 06:35:39,2017-06-25 06:35:39
review_001795,order_001795,5,2017-03-10 07:23:35,2017-03-11 07:23:35
review_001796,order_001796,4,2018-01-17 16:32:04,2018-02-09 16:32:04
review_001797,order_001797,5,2018-07-03 12:06:11,2018-06-23 12:06:11
review_001798,order_001798,3,2017-03-13 03:08:29,2017-03-09 03:08:29
review_001799,order_001799,3,2018-02-17 09:35:14,2018-02-11 09:35:14
review_001800,order_001800,1,2017-02-21 19:46:36,2017-02-15 19:46:36
review_001801,order_001801,5,2018-06-25 14:22:37,2018-06-06 14:22:37
review_001802,order_001802,4,2017-02-23 20:47:21,2017-03-07 20:47:21
review_001803,order_001803,4,2017-10-05 12:12:24,2017-10-24 12:12:24
review_001804,order_001804,4,2017-04-11 11:39:05,2017-04-10 11:39:05
review_001805,order_001805,4,2017-10-11 22:47:06,2017-09-18 22:47:06
review_001806,order_001806,4,2017-10-02 12:10:43,2017-09-24 12:10:43
review_001807,order_001807,4,2017-12-20 03:14:38,2017-12-29 03:14:38
review_001808,order_001808,4,2018-05-30 09:38:57,2018-06-05 09:38:57
review_001809,order_001809,5,2018-09-23 15:32:38,2018-09-25 15:32:38
review_001810,order_001810,4,2017-08-09 08:17:16,2017-08-21 08:17:16
review_001811,order_001811,5,2018-08-13 09:50:45,2018-08-16 09:50:45
review_001812,order_001812,5,2017-10-13 20:56:58,2017-09-28 20:56:58
review_001813,order_001813,4,2017-03-18 10:26:36,2017-04-02 10:26:36
review_001814,order_001814,5,2018-01-27 07:19:01,2018-01-20 07:19:01
review_001815,order_001815,3,2018-03-25 02:35:16,2018-03-29 02:35:16
review_001816,order_001816,5,2017-07-15 09:40:06,2017-08-06 09:40:06
review_001817,order_001817,5,2018-01-16 18:23:56,2018-01-14 18:23:56
review_001818,order_001818,3,2017-10-12 07:11:52,2017-10-20 07:11:52
review_001819,order_001819,3,2017-04-22 11:17:42,2017-04-29 11:17:42
review_001820,order_001820,4,2017-09-06 15:45:39,2017-09-08 15:45:39
review_001821,order_001821,5,2017-10-18 22:16:14,2017-10-07 22:16:14
review_001822,order_001822,4,2017-08-19 19:32:28,2017-08-13 19:32:28
review_001823,order_001823,5,2018-07-31 06:52:07,2018-07-25 06:52:07
review_001824,order_001824,5,2017-09-21 03:56:38,2017-09-03 03:56:38
review_001825,order_001825,4,2018-01-29 16:05:55,2018-02-07 16:05:55
review_001826,order_001826,1,2017-01-24 06:06:49,2017-01-18 06:06:49
review_001827,order_001827,5,2017-07-29 09:25:08,2017-07-16 09:25:08
review_001828,order_001828,4,2018-07-01 02:29:54,2018-07-07 02:29:54
review_001829,order_001829,4,2018-07-11 18:35:05,2018-07-25 18:35:05
review_001830,order_001830,5,2018-09-16 03:50:39,2018-09-01 03:50:39
review_001831,order_001831,5,2017-03-01 09:08:08,2017-03-01 09:08:08
review_001832,order_001832,4,2018-07-11 09:45:54,2018-07-13 09:45:54
review_001833,order_001833,1,2017-07-05 01:01:18,2017-06-24 01:01:18
review_001834,order_001834,5,2017-01-10 18:37:15,2017-02-08 18:37:15
review_001835,order_001835,4,2017-03-08 14:50:42,2017-03-10 14:50:42
review_001836,order_001836,4,2018-04-16 12:59:55,2018-04-28 12:59:55
review_001837,order_001837,4,2018-01-11 04:16:17,2018-01-24 04:16:17
review_001838,order_001838,1,2018-01-18 01:16:43,2017-12-25 01:16:43
review_001839,order_001839,3,2018-07-16 01:20:06,2018-07-05 01:20:06
review_001840,order_001840,5,2017-03-30 15:00:07,2017-03-18 15:00:07
review_001841,order_001841,5,2017-03-25 17:56:49,2017-03-14 17:56:49
review_001842,order_001842,3,2018-08-13 19:05:14,2018-08-18 19:05:14
review_001843,order_001843,4,2018-01-20 19:12:30,2018-01-26 19:12:30
review_001844,order_001844,5,2018-05-07 09:26:35,2018-04-25 09:26:35
review_001845,order_001845,4,2017-12-12 00:01:55,2017-12-10 00:01:55
review_001846,order_001846,5,2017-04-26 05:52:49,2017-04-07 05:52:49
review_001847,order_001847,5,2017-12-01 18:53:19,2017-11-21 18:53:19
review_001848,order_001848,4,2018-08-18 18:20:04,2018-09-04 18:20:04
review_001849,order_001849,5,2017-03-29 12:10:51,2017-04-01 12:10:51
review_001850,order_001850,3,2017-04-05 00:34:25,2017-04-03 00:34:25
review_001851,order_001851,5,2017-08-22 18:38:28,2017-08-28 18:38:28
review_001852,order_001852,5,2017-10-26 19:34:27,2017-10-20 19:34:27
review_001853,order_001853,5,2018-02-20 05:26:51,2018-02-15 05:26:51
review_001854,order_001854,4,2017-05-02 19:18:08,2017-04-22 19:18:08
review_001855,order_001855,5,2018-08-05 15:21:13,2018-08-09 15:21:13
review_001856,order_001856,4,2017-04-30 21:18:41,2017-04-16 21:18:41
review_001857,order_001857,5,2017-05-20 15:02:08,2017-05-11 15:02:08
review_001858,order_001858,4,2018-08-27 02:08:51,2018-08-25 02:08:51
review_001859,order_001859,4,2017-08-24 15:31:38,2017-09-08 15:31:38
review_001860,order_001860,2,2018-01-11 02:35:10,2018-01-02 02:35:10
review_001861,order_001861,5,2017-10-15 06:12:34,2017-10-16 06:12:34
review_001862,order_001862,4,2017-06-14 20:56:45,2017-07-11 20:56:45
review_001863,order_001863,2,2017-11-21 23:14:04,2017-12-05 23:14:04
review_001864,order_001864,4,2018-05-05 11:24:22,2018-05-23 11:24:22
review_001865,order_001865,2,2017-01-15 06:59:12,2017-02-05 06:59:12
review_001866,order_001866,1,2018-07-15 09:24:58,2018-06-30 09:24:58
review_001867,order_001867,4,2017-05-16 05:48:43,2017-05-10 05:48:43
review_001868,order_001868,4,2018-07-23 13:45:32,2018-07-29 13:45:32
review_001869,order_001869,5,2018-09-03 10:06:30,2018-09-02 10:06:30
review_001870,order_001870,4,2018-08-12 01:24:21,2018-07-31 01:24:21
review_001871,order_001871,5,2018-02-08 14:38:28,2018-02-21 14:38:28
review_001872,order_001872,5,2018-07-27 15:26:57,2018-08-07 15:26:57
review_001873,order_001873,4,2018-06-29 16:00:29,2018-06-19 16:00:29
review_001874,order_001874,2,2018-02-03 22:40:55,2018-02-14 22:40:55
review_001875,order_001875,5,2018-07-27 16:53:51,2018-07-10 16:53:51
review_001876,order_001876,5,2017-08-24 16:13:02,2017-08-22 16:13:02
review_001877,order_001877,3,2018-06-13 05:04:44,2018-06-19 05:04:44
review_001878,order_001878,4,2018-08-12 11:08:55,2018-08-09 11:08:55
review_001879,order_001879,5,2018-02-19 10:25:40,2018-02-18 10:25:40
review_001880,order_001880,5,2017-04-05 23:03:40,2017-03-29 23:03:40
review_001881,order_001881,5,2017-05-30 11:23:04,2017-06-07 11:23:04
review_001882,order_001882,3,2017-04-30 16:31:27,2017-04-21 16:31:27
review_001883,order_001883,2,2017-12-02 12:58:31,2017-12-07 12:58:31
review_001884,order_001884,4,2017-10-12 01:22:01,2017-10-10 01:22:01
review_001885,order_001885,4,2018-05-28 22:27:17,2018-06-09 22:27:17
review_001886,order_001886,4,2017-06-27 16:04:52,2017-07-15 16:04:52
review_001887,order_001887,4,2017-04-22 05:31:45,2017-04-22 05:31:45
review_001888,order_001888,5,2018-01-18 01:25:57,2018-02-01 01:25:57
review_001889,order_001889,4,2017-04-19 22:29:01,2017-04-21 22:29:01
review_001890,order_001890,3,2018-07-14 07:22:24,2018-07-21 07:22:24
review_001891,order_001891,1,2017-03-04 00:24:39,2017-03-07 00:24:39
review_001892,order_001892,4,2017-11-12 14:46:35,2017-11-11 14:46:35
review_001893,order_001893,3,2018-08-21 00:23:35,2018-08-15 00:23:35
review_001894,order_001894,4,2017-12-12 05:10:29,2017-12-28 05:10:29
review_001895,order_001895,3,2018-06-05 21:26:31,2018-05-23 21:26:31
review_001896,order_001896,4,2017-09-23 00:54:59,2017-09-26 00:54:59
review_001897,order_001897,3,2018-04-11 18:03:08,2018-04-11 18:03:08
review_001898,order_001898,4,2018-03-16 14:49:51,2018-03-28 14:49:51
review_001899,order_001899,3,2017-11-17 07:20:34,2017-11-28 07:20:34
review_001900,order_001900,5,2017-03-12 06:51:38,2017-04-04 06:51:38
review_001901,order_001901,5,2018-09-10 11:23:48,2018-09-04 11:23:48
review_001902,order_001902,4,2017-02-22 12:47:28,2017-02-18 12:47:28
review_001903,order_001903,5,2017-08-11 21:22:04,2017-08-14 21:22:04
review_001904,order_001904,4,2018-02-16 06:16:02,2018-02-23 06:16:02
review_001905,order_001905,3,2018-04-24 14:09:56,2018-04-30 14:09:56
review_001906,order_001906,5,2017-11-29 16:28:27,2017-12-03 16:28:27
review_001907,order_001907,4,2017-09-18 00:18:11,2017-10-06 00:18:11
review_001908,order_001908,4,2017-10-04 21:29:48,2017-09-11 21:29:48
review_001909,order_001909,4,2018-09-20 23:48:26,2018-09-05 23:48:26
review_001910,order_001910,3,2017-07-30 02:04:39,2017-08-07 02:04:39
review_001911,order_001911,5,2018-06-24 06:17:08,2018-06-22 06:17:08
review_001912,order_001912,5,2017-02-20 18:52:17,2017-02-23 18:52:17
review_001913,order_001913,5,2018-02-14 19:25:16,2018-02-28 19:25:16
review_001914,order_001914,4,2018-03-12 03:44:46,2018-03-14 03:44:46
review_001915,order_001915,4,2018-03-09 22:01:08,2018-03-03 22:01:08
review_001916,order_001916,3,2017-09-19 07:54:21,2017-09-22 07:54:21
review_001917,order_001917,5,2018-03-12 07:02:43,2018-03-05 07:02:43
review_001918,order_001918,3,2017-10-30 08:34:36,2017-10-29 08:34:36
review_001919,order_001919,4,2018-01-02 16:07:01,2018-01-25 16:07:01
review_001920,order_001920,1,2018-07-05 04:57:05,2018-07-31 04:57:05
review_001921,order_001921,5,2018-03-05 13:01:43,2018-03-14 13:01:43
review_001922,order_001922,5,2018-04-28 01:48:20,2018-04-10 01:48:20
review_001923,order_001923,5,2018-09-06 03:31:34,2018-09-09 03:31:34
review_001924,order_001924,5,2017-06-08 18:26:37,2017-06-04 18:26:37
review_001925,order_001925,5,2018-01-26 09:12:29,2018-01-07 09:12:29
review_001926,order_001926,3,2018-02-10 19:02:49,2018-02-23 19:02:49
review_001927,order_001927,4,2018-03-25 17:42:15,2018-03-21 17:42:15
review_001928,order_001928,4,2017-04-23 23:55:26,2017-04-13 23:55:26
review_001929,order_001929,2,2018-05-06 03:18:06,2018-04-28 03:18:06
review_001930,order_001930,5,2017-05-09 22:25:49,2017-05-09 22:25:49
review_001931,order_001931,3,2017-10-08 21:24:28,2017-10-02 21:24:28
review_001932,order_001932,5,2018-03-29 10:25:53,2018-03-28 10:25:53
review_001933,order_001933,5,2017-06-23 03:14:48,2017-07-06 03:14:48
review_001934,order_001934,2,2017-03-29 03:12:04,2017-03-27 03:12:04
review_001935,order_001935,3,2018-03-08 12:15:33,2018-03-04 12:15:33
review_001936,order_001936,5,2017-06-29 00:15:24,2017-07-23 00:15:24
review_001937,order_001937,5,2018-06-21 02:17:46,2018-06-16 02:17:46
review_001938,order_001938,5,2018-07-13 12:45:23,2018-07-23 12:45:23
review_001939,order_001939,3,2017-08-22 13:30:58,2017-08-25 13:30:58
review_001940,order_001940,5,2018-03-31 20:39:12,2018-04-02 20:39:12
review_001941,order_001941,3,2017-05-25 23:23:11,2017-06-14 23:23:11
review_001942,order_001942,4,2018-08-19 06:25:46,2018-07-28 06:25:46
review_001943,order_001943,2,2017-07-02 07:55:34,2017-06-26 07:55:34
review_001944,order_001944,4,2018-07-08 04:46:28,2018-07-04 04:46:28
review_001945,order_001945,5,2018-05-09 05:23:26,2018-05-23 05:23:26
review_001946,order_001946,5,2017-08-03 10:32:05,2017-08-04 10:32:05
review_001947,order_001947,1,2018-05-29 23:50:05,2018-06-09 23:50:05
review_001948,order_001948,5,2018-02-02 21:26:41,2018-01-31 21:26:41
review_001949,order_001949,4,2018-03-07 21:54:48,2018-03-08 21:54:48
review_001950,order_001950,4,2017-09-07 10:50:24,2017-09-12 10:50:24
review_001951,order_001951,3,2017-06-07 15:46:31,2017-06-01 15:46:31
review_001952,order_001952,4,2018-03-13 17:20:42,2018-03-20 17:20:42
review_001953,order_001953,4,2017-02-18 05:50:06,2017-02-22 05:50:06
review_001954,order_001954,5,2017-08-30 11:06:02,2017-08-13 11:06:02
review_001955,order_001955,5,2017-04-08 13:12:16,2017-04-30 13:12:16
review_001956,order_001956,5,2017-01-13 08:57:03,2017-01-23 08:57:03
review_001957,order_001957,1,2017-01-11 11:21:16,2017-01-19 11:21:16
review_001958,order_001958,2,2017-03-09 10:34:54,2017-03-28 10:34:54
review_001959,order_001959,5,2018-08-02 01:28:02,2018-08-12 01:28:02
review_001960,order_001960,5,2018-05-07 18:26:29,2018-04-23 18:26:29
review_001961,order_001961,5,2018-09-07 21:36:34,2018-09-17 21:36:34
review_001962,order_001962,4,2017-03-18 18:06:20,2017-03-17 18:06:20
review_001963,order_001963,1,2018-09-16 22:24:29,2018-09-13 22:24:29
review_001964,order_001964,5,2018-01-27 10:21:43,2018-01-09 10:21:43
review_001965,order_001965,5,2018-05-27 01:20:24,2018-05-10 01:20:24
review_001966,order_001966,5,2018-06-11 06:25:22,2018-06-29 06:25:22
review_001967,order_001967,5,2017-06-20 20:29:45,2017-07-12 20:29:45
review_001968,order_001968,4,2018-04-26 03:20:20,2018-04-09 03:20:20
review_001969,order_001969,2,2018-02-22 13:07:52,2018-02-05 13:07:52
review_001970,order_001970,5,2017-09-14 00:01:58,2017-10-04 00:01:58
review_001971,order_001971,5,2017-11-28 07:46:14,2017-11-09 07:46:14
review_001972,order_001972,4,2017-06-06 02:43:05,2017-06-02 02:43:05
review_001973,order_001973,3,2017-05-10 02:43:18,2017-05-18 02:43:18
review_001974,order_001974,3,2018-08-04 03:57:06,2018-08-02 03:57:06
review_001975,order_001975,3,2018-04-24 12:55:05,2018-04-21 12:55:05
review_001976,order_001976,3,2018-01-14 16:33:30,2017-12-31 16:33:30
review_001977,order_001977,5,2018-03-23 06:54:57,2018-03-09 06:54:57
review_001978,order_001978,4,2017-09-26 19:37:47,2017-09-19 19:37:47
review_001979,order_001979,4,2017-07-04 09:24:26,2017-06-16 09:24:26
review_001980,order_001980,4,2018-08-07 17:41:12,2018-08-09 17:41:12
review_001981,order_001981,4,2018-09-07 12:42:45,2018-09-24 12:42:45
review_001982,order_001982,4,2017-06-03 17:21:27,2017-06-04 17:21:27
review_001983,order_001983,4,2018-05-27 23:29:20,2018-05-13 23:29:20
review_001984,order_001984,5,2017-10-10 23:51:49,2017-10-12 23:51:49
review_001985,order_001985,3,2018-03-16 14:05:33,2018-03-14 14:05:33
review_001986,order_001986,5,2017-03-30 23:06:08,2017-03-15 23:06:08
review_001987,order_001987,4,2017-11-20 16:50:01,2017-10-26 16:50:01
review_001988,order_001988,5,2017-03-23 06:27:08,2017-03-24 06:27:08
review_001989,order_001989,5,2018-05-26 22:26:48,2018-06-12 22:26:48
review_001990,order_001990,5,2017-09-29 03:28:56,2017-09-13 03:28:56
review_001991,order_001991,5,2017-06-19 11:14:13,2017-07-10 11:14:13
review_001992,order_001992,4,2018-04-01 03:40:44,2018-03-28 03:40:44
review_001993,order_001993,4,2018-08-24 18:49:32,2018-08-24 18:49:32
review_001994,order_001994,3,2017-08-01 21:29:40,2017-08-28 21:29:40
review_001995,order_001995,4,2018-03-23 19:39:02,2018-04-15 19:39:02
review_001996,order_001996,4,2018-03-03 02:27:22,2018-03-21 02:27:22
review_001997,order_001997,4,2017-11-07 06:29:57,2017-11-02 06:29:57
review_001998,order_001998,3,2018-05-17 08:09:48,2018-05-14 08:09:48
review_001999,order_001999,3,2017-04-04 02:46:31,2017-03-26 02:46:31
review_002000,order_002000,5,2018-07-09 12:43:41,2018-07-07 12:43:41
review_002001,order_002001,5,2017-09-12 00:48:59,2017-09-23 00:48:59
review_002002,order_002002,5,2017-03-03 14:43:22,2017-02-17 14:43:22
review_002003,order_002003,3,2018-08-31 13:47:34,2018-09-23 13:47:34
review_002004,order_002004,5,2018-05-12 14:17:51,2018-04-24 14:17:51
review_002005,order_002005,4,2018-05-28 21:54:28,2018-05-20 21:54:28
review_002006,order_002006,3,2017-04-11 18:52:25,2017-04-29 18:52:25
review_002007,order_002007,3,2018-04-13 06:13:57,2018-04-18 06:13:57
review_002008,order_002008,3,2018-03-29 13:43:14,2018-03-30 13:43:14
review_002009,order_002009,4,2018-07-28 19:15:32,2018-07-13 19:15:32
review_002010,order_002010,5,2017-09-09 20:25:30,2017-09-12 20:25:30
review_002011,order_002011,5,2018-07-23 15:26:11,2018-08-14 15:26:11
review_002012,order_002012,4,2018-04-07 02:01:52,2018-03-15 02:01:52
review_002013,order_002013,4,2017-06-28 10:25:51,2017-06-18 10:25:51
review_002014,order_002014,5,2017-05-19 20:36:54,2017-05-28 20:36:54
review_002015,order_002015,4,2018-07-25 01:46:21,2018-07-26 01:46:21
review_002016,order_002016,5,2018-02-25 14:09:36,2018-02-18 14:09:36
review_002017,order_002017,4,2017-04-02 12:58:29,2017-03-19 12:58:29
review_002018,order_002018,3,2017-04-12 05:21:01,2017-04-10 05:21:01
review_002019,order_002019,4,2018-06-08 08:15:29,2018-06-06 08:15:29
review_002020,order_002020,5,2017-04-20 23:27:57,2017-05-02 23:27:57
review_002021,order_002021,4,2017-06-04 14:17:42,2017-05-22 14:17:42
review_002022,order_002022,5,2018-02-05 22:33:13,2018-01-18 22:33:13
review_002023,order_002023,4,2018-06-29 11:18:41,2018-07-12 11:18:41
review_002024,order_002024,4,2017-08-27 20:17:50,2017-08-03 20:17:50
review_002025,order_002025,4,2018-02-27 14:52:34,2018-03-06 14:52:34
review_002026,order_002026,5,2018-03-29 21:52:41,2018-03-30 21:52:41
review_002027,order_002027,4,2018-01-16 07:50:30,2018-01-23 07:50:30
review_002028,order_002028,2,2018-02-26 09:10:17,2018-03-04 09:10:17
review_002029,order_002029,4,2017-06-03 00:58:13,2017-06-03 00:58:13
review_002030,order_002030,3,2018-02-08 05:28:02,2018-02-05 05:28:02
review_002031,order_002031,4,2017-01-10 03:19:27,2017-01-09 03:19:27
review_002032,order_002032,4,2018-03-31 04:23:22,2018-04-22 04:23:22
review_002033,order_002033,4,2018-05-13 07:24:04,2018-05-14 07:24:04
review_002034,order_002034,4,2018-05-28 20:58:12,2018-05-12 20:58:12
review_002035,order_002035,2,2017-02-06 09:05:05,2017-01-30 09:05:05
review_002036,order_002036,3,2018-07-15 19:50:20,2018-08-12 19:50:20
review_002037,order_002037,4,2017-10-19 19:33:07,2017-10-12 19:33:07
review_002038,order_002038,5,2017-03-11 23:32:33,2017-03-08 23:32:33
review_002039,order_002039,1,2017-12-09 12:12:24,2017-11-30 12:12:24
review_002040,order_002040,1,2017-12-26 20:21:28,2018-01-18 20:21:28
review_002041,order_002041,3,2017-09-30 10:03:58,2017-09-24 10:03:58
review_002042,order_002042,4,2018-05-03 15:10:36,2018-04-13 15:10:36
review_002043,order_002043,4,2017-12-25 19:27:44,2017-12-27 19:27:44
review_002044,order_002044,4,2017-05-19 03:24:53,2017-06-03 03:24:53
review_002045,order_002045,4,2018-01-27 01:22:50,2018-01-31 01:22:50
review_002046,order_002046,5,2017-07-10 03:57:22,2017-07-09 03:57:22
review_002047,order_002047,4,2017-04-02 17:18:23,2017-03-21 17:18:23
review_002048,order_002048,3,2017-07-05 11:22:07,2017-07-03 11:22:07
review_002049,order_002049,5,2018-07-19 06:43:12,2018-07-28 06:43:12
review_002050,order_002050,5,2018-01-01 18:25:37,2018-01-14 18:25:37
review_002051,order_002051,4,2017-07-20 00:21:43,2017-08-16 00:21:43
review_002052,order_002052,2,2017-08-26 04:09:30,2017-08-30 04:09:30
review_002053,order_002053,5,2018-07-07 11:16:34,2018-07-11 11:16:34
review_002054,order_002054,4,2018-03-11 21:58:20,2018-03-01 21:58:20
review_002055,order_002055,5,2018-05-15 17:58:33,2018-05-03 17:58:33
review_002056,order_002056,5,2018-02-02 16:24:39,2018-01-29 16:24:39
review_002057,order_002057,4,2018-09-03 17:03:39,2018-09-14 17:03:39
review_002058,order_002058,4,2018-02-15 07:29:43,2018-02-25 07:29:43
review_002059,order_002059,3,2017-09-25 10:44:55,2017-09-15 10:44:55
review_002060,order_002060,4,2017-06-13 21:15:29,2017-07-07 21:15:29
review_002061,order_002061,3,2017-02-28 17:30:35,2017-03-03 17:30:35
review_002062,order_002062,5,2018-05-05 14:22:01,2018-05-10 14:22:01
review_002063,order_002063,2,2018-07-28 01:59:24,2018-08-03 01:59:24
review_002064,order_002064,5,2018-03-01 17:35:44,2018-03-11 17:35:44
review_002065,order_002065,5,2017-11-09 08:46:37,2017-11-15 08:46:37
review_002066,order_002066,5,2017-04-21 09:15:02,2017-04-15 09:15:02
review_002067,order_002067,5,2018-02-08 16:10:25,2018-02-16 16:10:25
review_002068,order_002068,4,2017-06-05 09:26:42,2017-05-28 09:26:42
review_002069,order_002069,4,2018-02-02 13:44:57,2018-01-22 13:44:57
review_002070,order_002070,4,2017-07-12 00:18:10,2017-08-03 00:18:10
review_002071,order_002071,5,2018-06-20 04:26:25,2018-07-02 04:26:25
review_002072,order_002072,4,2018-08-04 12:54:34,2018-08-15 12:54:34
review_002073,order_002073,2,2017-05-29 22:59:07,2017-06-14 22:59:07
review_002074,order_002074,4,2017-07-24 18:15:32,2017-08-21 18:15:32
review_002075,order_002075,1,2018-07-20 10:01:18,2018-07-29 10:01:18
review_002076,order_002076,4,2017-02-15 23:15:06,2017-01-29 23:15:06
review_002077,order_002077,1,2017-12-14 06:36:35,2017-11-22 06:36:35
review_002078,order_002078,4,2017-04-26 21:24:48,2017-04-19 21:24:48
review_002079,order_002079,4,2017-09-28 09:40:56,2017-10-10 09:40:56
review_002080,order_002080,4,2017-01-28 02:05:16,2017-02-03 02:05:16
review_002081,order_002081,4,2017-04-07 00:03:33,2017-04-30 00:03:33
review_002082,order_002082,5,2017-09-28 23:31:56,2017-09-19 23:31:56
review_002083,order_002083,5,2017-03-01 15:24:46,2017-03-12 15:24:46
review_002084,order_002084,4,2018-05-18 03:35:15,2018-05-30 03:35:15
review_002085,order_002085,5,2018-01-11 23:48:27,2018-01-04 23:48:27
review_002086,order_002086,4,2017-11-03 00:59:12,2017-10-23 00:59:12
review_002087,order_002087,3,2017-10-22 08:01:57,2017-11-13 08:01:57
review_002088,order_002088,5,2018-06-07 17:58:27,2018-06-07 17:58:27
review_002089,order_002089,4,2018-06-20 01:16:39,2018-06-28 01:16:39
review_002090,order_002090,4,2017-02-14 21:44:28,2017-03-01 21:44:28
review_002091,order_002091,5,2018-03-11 16:16:21,2018-03-27 16:16:21
review_002092,order_002092,5,2017-10-18 22:47:41,2017-11-09 22:47:41
review_002093,order_002093,4,2018-05-02 20:05:38,2018-05-16 20:05:38
review_002094,order_002094,4,2018-05-04 19:47:57,2018-05-25 19:47:57
review_002095,order_002095,5,2018-04-05 05:27:36,2018-03-21 05:27:36
review_002096,order_002096,5,2018-03-14 04:55:03,2018-03-09 04:55:03
review_002097,order_002097,5,2017-06-11 05:48:44,2017-06-13 05:48:44
review_002098,order_002098,5,2018-07-05 03:41:45,2018-06-12 03:41:45
review_002099,order_002099,5,2018-03-16 15:56:35,2018-03-19 15:56:35
review_002100,order_002100,2,2017-07-09 01:24:54,2017-07-12 01:24:54
review_002101,order_002101,4,2017-06-02 10:16:59,2017-06-01 10:16:59
review_002102,order_002102,5,2017-11-28 13:58:02,2017-12-01 13:58:02
review_002103,order_002103,2,2017-08-12 12:56:02,2017-08-17 12:56:02
review_002104,order_002104,1,2018-03-08 11:41:35,2018-03-14 11:41:35
review_002105,order_002105,4,2017-10-06 05:21:14,2017-10-09 05:21:14
review_002106,order_002106,5,2017-05-05 02:37:22,2017-05-17 02:37:22
review_002107,order_002107,4,2017-09-25 23:43:06,2017-09-23 23:43:06
review_002108,order_002108,3,2018-05-21 11:09:21,2018-05-26 11:09:21
review_002109,order_002109,3,2018-06-17 14:16:40,2018-06-14 14:16:40
review_002110,order_002110,4,2017-07-27 13:36:56,2017-08-05 13:36:56
review_002111,order_002111,4,2018-05-31 08:51:15,2018-05-14 08:51:15
review_002112,order_002112,5,2017-03-11 17:21:03,2017-03-25 17:21:03
review_002113,order_002113,5,2018-09-02 09:01:44,2018-09-18 09:01:44
review_002114,order_002114,1,2018-05-04 09:56:26,2018-05-02 09:56:26
review_002115,order_002115,4,2017-02-24 19:16:59,2017-02-05 19:16:59
review_002116,order_002116,4,2018-03-13 07:38:25,2018-03-31 07:38:25
review_002117,order_002117,5,2017-11-29 16:47:16,2017-11-05 16:47:16
review_002118,order_002118,4,2018-07-14 15:58:34,2018-07-05 15:58:34
review_002119,order_002119,4,2017-06-20 00:44:03,2017-06-27 00:44:03
review_002120,order_002120,2,2018-07-27 16:25:16,2018-07-03 16:25:16
review_002121,order_002121,2,2018-07-01 19:13:56,2018-07-05 19:13:56
review_002122,order_002122,5,2017-07-20 06:29:25,2017-07-06 06:29:25
review_002123,order_002123,4,2017-10-22 21:56:42,2017-10-22 21:56:42
review_002124,order_002124,4,2018-02-21 00:28:32,2018-02-06 00:28:32
review_002125,order_002125,4,2017-06-02 04:18:48,2017-06-03 04:18:48
review_002126,order_002126,5,2018-09-22 22:41:47,2018-09-20 22:41:47
review_002127,order_002127,4,2017-05-10 20:31:55,2017-05-24 20:31:55
review_002128,order_002128,4,2017-06-05 18:07:36,2017-06-04 18:07:36
review_002129,order_002129,2,2017-11-08 14:29:41,2017-11-10 14:29:41
review_002130,order_002130,5,2017-11-15 04:49:35,2017-10-31 04:49:35
review_002131,order_002131,5,2017-02-16 11:44:26,2017-02-10 11:44:26
review_002132,order_002132,5,2018-07-16 13:34:33,2018-07-27 13:34:33
review_002133,order_002133,3,2017-06-23 02:09:07,2017-06-08 02:09:07
review_002134,order_002134,5,2017-03-28 14:16:43,2017-04-04 14:16:43
review_002135,order_002135,4,2017-11-29 02:08:28,2017-11-19 02:08:28
review_002136,order_002136,4,2018-08-08 03:01:25,2018-07-25 03:01:25
review_002137,order_002137,5,2017-01-23 04:04:49,2017-02-06 04:04:49
review_002138,order_002138,5,2017-11-25 04:35:59,2017-11-26 04:35:59
review_002139,order_002139,3,2018-07-25 01:58:09,2018-08-02 01:58:09
review_002140,order_002140,1,2018-07-02 22:57:39,2018-07-05 22:57:39
review_002141,order_002141,3,2017-04-19 19:15:43,2017-05-17 19:15:43
review_002142,order_002142,5,2018-02-07 12:11:32,2018-01-24 12:11:32
review_002143,order_002143,5,2018-05-30 08:50:50,2018-06-03 08:50:50
review_002144,order_002144,5,2018-03-18 04:35:40,2018-02-20 04:35:40
review_002145,order_002145,1,2018-02-10 22:46:34,2018-03-05 22:46:34
review_002146,order_002146,5,2018-05-09 19:08:30,2018-05-06 19:08:30
review_002147,order_002147,4,2017-11-01 18:02:51,2017-10-11 18:02:51
review_002148,order_002148,5,2017-02-19 11:17:37,2017-03-03 11:17:37
review_002149,order_002149,5,2018-01-31 00:39:31,2018-02-03 00:39:31
review_002150,order_002150,3,2018-02-20 15:19:18,2018-02-13 15:19:18
review_002151,order_002151,4,2018-06-16 11:42:03,2018-07-04 11:42:03
review_002152,order_002152,3,2018-07-28 07:08:24,2018-08-18 07:08:24
review_002153,order_002153,4,2017-08-15 07:33:44,2017-08-05 07:33:44
review_002154,order_002154,2,2018-08-17 01:23:22,2018-08-25 01:23:22
review_002155,order_002155,5,2017-01-28 20:55:13,2017-02-06 20:55:13
review_002156,order_002156,4,2018-08-26 03:57:31,2018-09-13 03:57:31
review_002157,order_002157,4,2017-04-17 19:30:54,2017-04-27 19:30:54
review_002158,order_002158,5,2018-02-04 23:21:10,2018-02-06 23:21:10
review_002159,order_002159,4,2018-03-12 01:06:12,2018-02-27 01:06:12
review_002160,order_002160,5,2018-02-11 14:57:58,2018-02-07 14:57:58
review_002161,order_002161,5,2018-09-14 01:36:06,2018-09-29 01:36:06
review_002162,order_002162,2,2017-12-15 19:56:45,2017-12-09 19:56:45
review_002163,order_002163,2,2017-04-15 12:10:20,2017-04-12 12:10:20
review_002164,order_002164,3,2018-01-20 00:30:59,2018-01-20 00:30:59
review_002165,order_002165,5,2017-07-09 18:32:12,2017-07-20 18:32:12
review_002166,order_002166,5,2018-01-18 18:22:15,2018-02-03 18:22:15
review_002167,order_002167,5,2017-09-07 22:11:53,2017-09-20 22:11:53
review_002168,order_002168,5,2017-02-14 11:38:19,2017-02-24 11:38:19
review_002169,order_002169,4,2018-02-09 22:23:30,2018-02-18 22:23:30
review_002170,order_002170,4,2017-03-10 15:58:02,2017-03-15 15:58:02
review_002171,order_002171,3,2017-08-03 12:37:25,2017-08-22 12:37:25
review_002172,order_002172,5,2018-02-05 08:35:48,2018-01-26 08:35:48
review_002173,order_002173,4,2018-07-24 07:01:57,2018-07-23 07:01:57
review_002174,order_002174,4,2017-08-05 14:54:03,2017-07-19 14:54:03
review_002175,order_002175,5,2017-08-02 17:44:55,2017-07-14 17:44:55
review_002176,order_002176,5,2017-07-23 00:51:17,2017-07-11 00:51:17
review_002177,order_002177,4,2018-01-10 09:53:09,2018-01-13 09:53:09
review_002178,order_002178,4,2017-05-13 01:05:38,2017-05-23 01:05:38
review_002179,order_002179,5,2017-12-14 09:31:11,2017-12-04 09:31:11
review_002180,order_002180,4,2018-05-24 19:10:19,2018-05-21 19:10:19
review_002181,order_002181,5,2017-03-22 16:34:42,2017-02-28 16:34:42
review_002182,order_002182,5,2018-08-27 02:59:13,2018-09-04 02:59:13
review_002183,order_002183,2,2017-12-05 17:12:16,2017-12-05 17:12:16
review_002184,order_002184,5,2018-02-03 00:20:08,2018-02-10 00:20:08
review_002185,order_002185,5,2018-01-31 00:17:50,2018-01-18 00:17:50
review_002186,order_002186,4,2018-08-05 21:53:56,2018-08-05 21:53:56
review_002187,order_002187,4,2018-02-24 00:47:07,2018-03-02 00:47:07
review_002188,order_002188,4,2018-07-11 06:22:21,2018-07-06 06:22:21
review_002189,order_002189,5,2017-07-24 03:09:59,2017-06-29 03:09:59
review_002190,order_002190,5,2017-06-04 13:58:37,2017-06-13 13:58:37
review_002191,order_002191,4,2018-02-19 12:32:04,2018-02-07 12:32:04
review_002192,order_002192,5,2017-04-18 20:08:02,2017-05-01 20:08:02
review_002193,order_002193,5,2017-03-30 23:41:24,2017-04-13 23:41:24
review_002194,order_002194,4,2017-06-09 17:54:06,2017-05-26 17:54:06
review_002195,order_002195,1,2017-07-02 11:12:03,2017-07-18 11:12:03
review_002196,order_002196,1,2017-03-27 01:07:08,2017-03-10 01:07:08
review_002197,order_002197,4,2018-04-11 22:08:17,2018-04-13 22:08:17
review_002198,order_002198,5,2018-01-19 13:27:45,2018-01-22 13:27:45
review_002199,order_002199,5,2017-05-15 05:13:09,2017-06-06 05:13:09
review_002200,order_002200,5,2017-07-08 13:00:11,2017-07-05 13:00:11
review_002201,order_002201,4,2018-08-09 09:24:10,2018-08-08 09:24:10
review_002202,order_002202,4,2018-07-21 08:24:06,2018-08-03 08:24:06
review_002203,order_002203,4,2017-03-27 10:52:47,2017-04-05 10:52:47
review_002204,order_002204,3,2018-01-30 18:05:07,2018-01-28 18:05:07
review_002205,order_002205,3,2017-07-28 03:55:53,2017-08-04 03:55:53
review_002206,order_002206,5,2017-08-19 23:08:10,2017-08-16 23:08:10
review_002207,order_002207,3,2018-01-10 01:29:53,2018-01-07 01:29:53
review_002208,order_002208,2,2018-09-18 03:31:56,2018-09-24 03:31:56
review_002209,order_002209,4,2017-12-31 16:13:45,2018-01-06 16:13:45
review_002210,order_002210,4,2018-08-23 03:29:07,2018-08-25 03:29:07
review_002211,order_002211,2,2018-06-02 18:39:49,2018-06-04 18:39:49
review_002212,order_002212,4,2018-04-27 17:38:01,2018-04-28 17:38:01
review_002213,order_002213,5,2018-05-02 10:19:02,2018-05-17 10:19:02
review_002214,order_002214,4,2018-05-24 10:54:21,2018-05-26 10:54:21
review_002215,order_002215,5,2017-06-19 23:59:57,2017-06-26 23:59:57
review_002216,order_002216,5,2018-09-19 19:05:06,2018-09-14 19:05:06
review_002217,order_002217,5,2018-08-01 15:10:06,2018-07-29 15:10:06
review_002218,order_002218,5,2018-01-16 03:23:09,2018-01-31 03:23:09
review_002219,order_002219,5,2018-03-18 14:09:07,2018-04-05 14:09:07
review_002220,order_002220,2,2018-06-28 00:57:23,2018-07-12 00:57:23
review_002221,order_002221,5,2017-04-18 06:02:36,2017-05-07 06:02:36
review_002222,order_002222,3,2017-02-20 16:45:01,2017-02-17 16:45:01
review_002223,order_002223,1,2018-09-19 09:46:59,2018-09-28 09:46:59
review_002224,order_002224,4,2017-12-08 23:52:23,2017-12-25 23:52:23
review_002225,order_002225,5,2018-04-17 22:32:41,2018-03-31 22:32:41
review_002226,order_002226,4,2017-11-20 02:16:30,2017-12-01 02:16:30
review_002227,order_002227,2,2017-11-25 21:12:08,2017-11-25 21:12:08
review_002228,order_002228,1,2017-01-29 20:44:38,2017-02-18 20:44:38
review_002229,order_002229,4,2017-06-30 02:32:50,2017-07-27 02:32:50
review_002230,order_002230,5,2017-03-04 09:14:49,2017-03-17 09:14:49
review_002231,order_002231,5,2017-10-15 22:45:59,2017-10-02 22:45:59
review_002232,order_002232,4,2017-01-20 00:24:10,2017-02-10 00:24:10
review_002233,order_002233,3,2018-06-05 01:24:25,2018-05-12 01:24:25
review_002234,order_002234,5,2017-07-06 12:14:25,2017-07-09 12:14:25
review_002235,order_002235,2,2018-04-30 22:52:28,2018-04-09 22:52:28
review_002236,order_002236,1,2017-02-17 06:41:33,2017-02-17 06:41:33
review_002237,order_002237,4,2017-02-08 18:32:52,2017-02-12 18:32:52
review_002238,order_002238,4,2017-10-11 16:38:30,2017-10-09 16:38:30
review_002239,order_002239,5,2018-05-05 03:30:18,2018-05-01 03:30:18
review_002240,order_002240,5,2018-05-19 06:54:28,2018-06-11 06:54:28
review_002241,order_002241,4,2017-12-23 14:58:41,2017-12-09 14:58:41
review_002242,order_002242,5,2018-01-29 11:33:38,2018-02-11 11:33:38
review_002243,order_002243,5,2018-03-24 05:41:43,2018-03-08 05:41:43
review_002244,order_002244,3,2018-03-05 04:48:48,2018-03-21 04:48:48
review_002245,order_002245,4,2018-04-17 13:22:21,2018-04-18 13:22:21
review_002246,order_002246,4,2017-02-03 19:52:27,2017-02-20 19:52:27
review_002247,order_002247,5,2017-10-03 09:54:42,2017-10-15 09:54:42
review_002248,order_002248,5,2018-06-29 22:12:37,2018-06-16 22:12:37
review_002249,order_002249,5,2017-10-10 16:00:46,2017-10-30 16:00:46
review_002250,order_002250,5,2017-04-30 09:40:48,2017-04-18 09:40:48
review_002251,order_002251,4,2018-02-27 16:57:56,2018-02-20 16:57:56
review_002252,order_002252,4,2017-07-27 10:46:23,2017-07-25 10:46:23
review_002253,order_002253,5,2017-11-18 18:09:37,2017-12-03 18:09:37
review_002254,order_002254,5,2017-11-25 23:35:03,2017-12-08 23:35:03
review_002255,order_002255,5,2018-03-17 18:54:32,2018-03-12 18:54:32
review_002256,order_002256,2,2018-08-16 03:24:38,2018-08-17 03:24:38
review_002257,order_002257,4,2018-03-27 01:43:07,2018-03-21 01:43:07
review_002258,order_002258,5,2018-09-20 19:24:24,2018-09-11 19:24:24
review_002259,order_002259,4,2017-02-02 20:20:03,2017-01-25 20:20:03
review_002260,order_002260,4,2018-04-27 13:36:52,2018-05-20 13:36:52
review_002261,order_002261,4,2017-09-23 05:52:46,2017-09-30 05:52:46
review_002262,order_002262,2,2018-04-20 21:08:15,2018-04-10 21:08:15
review_002263,order_002263,5,2017-03-18 10:45:46,2017-03-13 10:45:46
review_002264,order_002264,5,2017-12-17 07:01:05,2017-12-10 07:01:05
review_002265,order_002265,5,2017-02-03 08:47:23,2017-02-22 08:47:23
review_002266,order_002266,3,2018-03-06 07:06:28,2018-03-06 07:06:28
review_002267,order_002267,3,2017-05-22 06:46:38,2017-05-25 06:46:38
review_002268,order_002268,4,2017-04-24 07:49:10,2017-04-19 07:49:10
review_002269,order_002269,2,2017-02-24 16:10:48,2017-03-20 16:10:48
review_002270,order_002270,5,2017-07-17 00:23:56,2017-07-17 00:23:56
review_002271,order_002271,4,2018-09-07 08:42:33,2018-09-03 08:42:33
review_002272,order_002272,3,2018-09-15 04:04:38,2018-09-11 04:04:38
review_002273,order_002273,4,2017-03-11 15:33:19,2017-03-12 15:33:19
review_002274,order_002274,5,2018-09-16 23:52:12,2018-09-17 23:52:12
review_002275,order_002275,5,2017-12-29 18:54:28,2018-01-20 18:54:28
review_002276,order_002276,5,2017-07-26 05:58:29,2017-08-07 05:58:29
review_002277,order_002277,5,2018-08-15 12:18:58,2018-08-12 12:18:58
review_002278,order_002278,5,2017-06-04 00:28:40,2017-06-22 00:28:40
review_002279,order_002279,5,2017-05-04 09:54:35,2017-05-15 09:54:35
review_002280,order_002280,4,2017-06-10 06:41:05,2017-06-14 06:41:05
review_002281,order_002281,2,2017-04-11 12:02:30,2017-04-09 12:02:30
review_002282,order_002282,5,2017-11-07 09:48:04,2017-11-26 09:48:04
review_002283,order_002283,4,2017-04-28 16:23:01,2017-04-25 16:23:01
review_002284,order_002284,3,2017-06-12 13:08:48,2017-06-15 13:08:48
review_002285,order_002285,5,2017-09-16 22:32:00,2017-08-30 22:32:00
review_002286,order_002286,5,2018-02-11 01:38:44,2018-02-05 01:38:44
review_002287,order_002287,5,2018-07-03 22:40:11,2018-07-11 22:40:11
review_002288,order_002288,5,2017-03-19 18:58:13,2017-03-08 18:58:13
review_002289,order_002289,4,2018-01-31 17:06:33,2018-02-07 17:06:33
review_002290,order_002290,5,2017-03-13 19:48:43,2017-03-16 19:48:43
review_002291,order_002291,4,2018-09-02 01:12:33,2018-09-28 01:12:33
review_002292,order_002292,4,2017-07-22 05:06:57,2017-07-09 05:06:57
review_002293,order_002293,4,2018-06-11 00:01:09,2018-06-18 00:01:09
review_002294,order_002294,5,2018-05-06 19:09:43,2018-05-02 19:09:43
review_002295,order_002295,4,2017-07-23 08:30:38,2017-07-31 08:30:38
review_002296,order_002296,1,2017-07-29 08:40:27,2017-08-08 08:40:27
review_002297,order_002297,5,2017-08-15 14:39:20,2017-08-11 14:39:20
review_002298,order_002298,4,2017-10-23 10:09:16,2017-11-03 10:09:16
review_002299,order_002299,5,2017-10-06 15:17:36,2017-10-28 15:17:36
review_002300,order_002300,4,2018-02-09 22:28:23,2018-03-02 22:28:23
review_002301,order_002301,1,2017-11-05 07:58:11,2017-10-30 07:58:11
review_002302,order_002302,2,2018-05-06 21:24:20,2018-05-27 21:24:20
review_002303,order_002303,4,2017-10-25 12:46:38,2017-10-18 12:46:38
review_002304,order_002304,5,2017-08-02 09:00:09,2017-07-17 09:00:09
review_002305,order_002305,5,2017-08-14 22:03:33,2017-08-03 22:03:33
review_002306,order_002306,3,2018-04-09 11:42:52,2018-03-29 11:42:52
review_002307,order_002307,5,2017-04-25 03:03:56,2017-04-26 03:03:56
review_002308,order_002308,5,2017-07-15 06:52:35,2017-07-16 06:52:35
review_002309,order_002309,4,2017-07-21 20:17:32,2017-07-29 20:17:32
review_002310,order_002310,5,2018-02-07 12:22:13,2018-02-14 12:22:13
review_002311,order_002311,4,2017-04-04 13:26:26,2017-04-16 13:26:26
review_002312,order_002312,4,2017-10-07 16:21:56,2017-10-29 16:21:56
review_002313,order_002313,5,2018-03-06 04:40:01,2018-03-04 04:40:01
review_002314,order_002314,2,2018-07-26 02:13:26,2018-08-09 02:13:26
review_002315,order_002315,4,2017-09-30 10:34:10,2017-09-30 10:34:10
review_002316,order_002316,3,2018-08-31 22:04:34,2018-09-19 22:04:34
review_002317,order_002317,4,2018-01-10 03:03:05,2018-01-31 03:03:05
review_002318,order_002318,4,2018-04-25 17:15:10,2018-04-30 17:15:10
review_002319,order_002319,5,2017-06-26 23:30:03,2017-06-11 23:30:03
review_002320,order_002320,3,2018-08-12 02:19:19,2018-07-19 02:19:19
review_002321,order_002321,5,2017-06-25 03:11:42,2017-06-27 03:11:42
review_002322,order_002322,5,2017-04-13 20:51:20,2017-04-24 20:51:20
review_002323,order_002323,5,2017-03-09 02:36:14,2017-03-23 02:36:14
review_002324,order_002324,5,2018-02-25 17:50:54,2018-02-27 17:50:54
review_002325,order_002325,5,2018-02-10 19:08:01,2018-01-30 19:08:01
review_002326,order_002326,5,2017-05-15 07:30:54,2017-05-12 07:30:54
review_002327,order_002327,2,2018-07-03 06:59:59,2018-07-05 06:59:59
review_002328,order_002328,5,2017-07-13 12:30:51,2017-06-29 12:30:51
review_002329,order_002329,4,2018-02-02 12:09:24,2018-01-16 12:09:24
review_002330,order_002330,5,2017-11-25 20:38:35,2017-11-24 20:38:35
review_002331,order_002331,3,2018-01-01 14:13:00,2018-01-03 14:13:00
review_002332,order_002332,4,2018-04-02 23:14:06,2018-04-03 23:14:06
review_002333,order_002333,5,2018-07-26 05:45:29,2018-08-05 05:45:29
review_002334,order_002334,2,2018-03-31 06:44:45,2018-04-16 06:44:45
review_002335,order_002335,5,2018-08-07 05:47:07,2018-07-14 05:47:07
review_002336,order_002336,5,2018-07-05 15:36:48,2018-07-13 15:36:48
review_002337,order_002337,4,2017-09-07 00:48:14,2017-08-21 00:48:14
review_002338,order_002338,5,2018-01-07 20:38:45,2018-01-03 20:38:45
review_002339,order_002339,5,2017-05-08 18:31:25,2017-06-01 18:31:25
review_002340,order_002340,3,2018-07-27 23:42:57,2018-08-10 23:42:57
review_002341,order_002341,5,2018-09-01 23:00:10,2018-08-18 23:00:10
review_002342,order_002342,5,2018-07-26 01:41:50,2018-07-03 01:41:50
review_002343,order_002343,4,2018-04-23 17:56:40,2018-04-21 17:56:40
review_002344,order_002344,5,2018-06-19 12:05:12,2018-06-23 12:05:12
review_002345,order_002345,3,2018-05-10 17:39:07,2018-05-15 17:39:07
review_002346,order_002346,5,2017-06-02 20:58:04,2017-06-12 20:58:04
review_002347,order_002347,2,2017-06-15 13:59:46,2017-06-27 13:59:46
review_002348,order_002348,4,2017-12-13 00:04:32,2017-11-28 00:04:32
review_002349,order_002349,2,2017-10-07 20:45:14,2017-10-04 20:45:14
review_002350,order_002350,5,2018-04-13 10:29:37,2018-04-02 10:29:37
review_002351,order_002351,5,2018-04-21 11:00:35,2018-04-09 11:00:35
review_002352,order_002352,5,2018-09-12 14:01:14,2018-09-06 14:01:14
review_002353,order_002353,5,2018-05-21 21:52:42,2018-05-03 21:52:42
review_002354,order_002354,5,2017-01-14 12:38:08,2017-02-08 12:38:08
review_002355,order_002355,4,2017-08-06 04:59:02,2017-08-28 04:59:02
review_002356,order_002356,5,2017-08-18 17:35:11,2017-07-26 17:35:11
review_002357,order_002357,4,2018-02-12 15:11:32,2018-02-01 15:11:32
review_002358,order_002358,5,2017-08-05 01:34:21,2017-08-12 01:34:21
review_002359,order_002359,5,2018-08-29 12:47:02,2018-09-13 12:47:02
review_002360,order_002360,5,2017-07-28 18:51:00,2017-07-02 18:51:00
review_002361,order_002361,5,2017-10-17 21:13:06,2017-10-22 21:13:06
review_002362,order_002362,1,2018-05-30 06:47:45,2018-06-05 06:47:45
review_002363,order_002363,5,2017-08-31 12:32:26,2017-08-24 12:32:26
review_002364,order_002364,2,2017-02-19 19:46:53,2017-02-17 19:46:53
review_002365,order_002365,5,2017-08-13 14:00:36,2017-08-01 14:00:36
review_002366,order_002366,3,2017-08-29 10:04:03,2017-08-21 10:04:03
review_002367,order_002367,5,2018-01-22 04:25:18,2018-02-10 04:25:18
review_002368,order_002368,5,2018-03-15 01:01:48,2018-03-15 01:01:48
review_002369,order_002369,5,2017-12-20 16:33:43,2017-12-06 16:33:43
review_002370,order_002370,5,2017-09-27 23:08:02,2017-09-25 23:08:02
review_002371,order_002371,4,2017-11-22 14:25:10,2017-11-21 14:25:10
review_002372,order_002372,5,2017-05-02 18:43:59,2017-04-27 18:43:59
review_002373,order_002373,4,2017-05-01 16:15:07,2017-04-29 16:15:07
review_002374,order_002374,5,2018-02-03 08:20:51,2018-01-29 08:20:51
review_002375,order_002375,3,2018-06-16 12:32:51,2018-06-29 12:32:51
review_002376,order_002376,5,2017-11-28 06:28:50,2017-12-06 06:28:50
review_002377,order_002377,5,2017-03-02 05:21:25,2017-02-17 05:21:25
review_002378,order_002378,5,2018-09-08 14:08:06,2018-09-22 14:08:06
review_002379,order_002379,4,2017-07-29 15:30:15,2017-08-19 15:30:15
review_002380,order_002380,5,2018-04-20 23:41:42,2018-04-24 23:41:42
review_002381,order_002381,4,2018-07-20 05:40:07,2018-07-15 05:40:07
review_002382,order_002382,4,2018-08-31 06:57:50,2018-09-06 06:57:50
review_002383,order_002383,4,2017-03-17 03:59:13,2017-04-10 03:59:13
review_002384,order_002384,4,2017-05-05 22:45:30,2017-05-05 22:45:30
review_002385,order_002385,3,2018-02-10 18:45:19,2018-02-14 18:45:19
review_002386,order_002386,1,2018-04-29 07:55:45,2018-04-18 07:55:45
review_002387,order_002387,5,2018-05-29 23:15:16,2018-06-13 23:15:16
review_002388,order_002388,5,2017-12-18 16:53:54,2017-12-21 16:53:54
review_002389,order_002389,4,2017-04-20 11:25:58,2017-05-03 11:25:58
review_002390,order_002390,5,2018-04-02 09:09:41,2018-04-10 09:09:41
review_002391,order_002391,3,2018-03-09 13:39:39,2018-03-09 13:39:39
review_002392,order_002392,5,2017-11-08 02:02:28,2017-10-19 02:02:28
review_002393,order_002393,5,2018-02-15 04:07:46,2018-02-23 04:07:46
review_002394,order_002394,5,2017-05-30 22:28:06,2017-05-23 22:28:06
review_002395,order_002395,4,2018-05-18 04:57:33,2018-05-24 04:57:33
review_002396,order_002396,5,2017-02-20 03:56:03,2017-02-16 03:56:03
review_002397,order_002397,5,2018-06-03 20:38:16,2018-06-15 20:38:16
review_002398,order_002398,4,2018-06-11 22:40:21,2018-06-25 22:40:21
review_002399,order_002399,5,2018-03-02 19:37:54,2018-03-25 19:37:54
review_002400,order_002400,4,2018-05-24 02:28:45,2018-05-21 02:28:45
review_002401,order_002401,4,2018-08-09 20:08:02,2018-07-25 20:08:02
review_002402,order_002402,4,2017-04-14 06:24:24,2017-04-30 06:24:24
review_002403,order_002403,4,2017-12-11 00:15:51,2017-12-10 00:15:51
review_002404,order_002404,1,2018-02-04 22:06:07,2018-02-12 22:06:07
review_002405,order_002405,4,2018-08-31 06:25:24,2018-08-11 06:25:24
review_002406,order_002406,5,2018-04-25 15:48:17,2018-04-09 15:48:17
review_002407,order_002407,4,2018-01-18 01:46:16,2018-01-12 01:46:16
review_002408,order_002408,5,2017-12-16 04:32:51,2018-01-02 04:32:51
review_002409,order_002409,5,2017-05-02 21:08:19,2017-04-08 21:08:19
review_002410,order_002410,5,2017-07-19 14:12:36,2017-08-12 14:12:36
review_002411,order_002411,4,2017-10-03 23:58:02,2017-10-02 23:58:02
review_002412,order_002412,5,2018-07-11 04:19:45,2018-07-22 04:19:45
review_002413,order_002413,5,2018-07-11 21:22:39,2018-06-15 21:22:39
review_002414,order_002414,5,2018-02-04 20:59:11,2018-03-01 20:59:11
review_002415,order_002415,4,2017-04-07 22:10:49,2017-03-18 22:10:49
review_002416,order_002416,5,2018-03-25 01:11:45,2018-03-20 01:11:45
review_002417,order_002417,5,2017-10-17 02:30:31,2017-11-09 02:30:31
review_002418,order_002418,5,2018-03-07 12:42:52,2018-02-10 12:42:52
review_002419,order_002419,4,2017-10-25 02:46:36,2017-10-15 02:46:36
review_002420,order_002420,5,2018-03-23 01:31:24,2018-04-12 01:31:24
review_002421,order_002421,4,2017-05-28 19:28:24,2017-05-28 19:28:24
review_002422,order_002422,5,2017-04-15 16:40:49,2017-05-01 16:40:49
review_002423,order_002423,3,2017-05-23 20:15:23,2017-06-13 20:15:23
review_002424,order_002424,4,2018-08-16 22:27:32,2018-07-21 22:27:32
review_002425,order_002425,5,2017-03-02 03:25:19,2017-03-10 03:25:19
review_002426,order_002426,5,2017-07-22 19:56:44,2017-07-18 19:56:44
review_002427,order_002427,5,2017-08-04 01:03:02,2017-08-08 01:03:02
review_002428,order_002428,5,2018-06-09 08:55:17,2018-06-23 08:55:17
review_002429,order_002429,5,2017-08-29 07:08:27,2017-08-31 07:08:27
review_002430,order_002430,4,2018-07-08 05:41:08,2018-07-21 05:41:08
review_002431,order_002431,3,2018-09-15 17:14:42,2018-09-27 17:14:42
review_002432,order_002432,4,2018-02-17 02:54:16,2018-02-26 02:54:16
review_002433,order_002433,5,2017-08-11 19:25:05,2017-08-05 19:25:05
review_002434,order_002434,4,2018-01-15 20:58:01,2018-01-28 20:58:01
review_002435,order_002435,4,2018-02-25 15:58:34,2018-03-18 15:58:34
review_002436,order_002436,5,2017-03-21 01:56:47,2017-03-30 01:56:47
review_002437,order_002437,2,2018-05-28 14:19:08,2018-06-09 14:19:08
review_002438,order_002438,2,2017-10-14 15:05:30,2017-10-02 15:05:30
review_002439,order_002439,5,2018-06-23 08:57:10,2018-06-19 08:57:10
review_002440,order_002440,4,2018-02-09 08:48:51,2018-01-13 08:48:51
review_002441,order_002441,5,2018-06-20 11:15:36,2018-06-14 11:15:36
review_002442,order_002442,4,2017-03-09 23:53:55,2017-03-01 23:53:55
review_002443,order_002443,4,2017-02-14 00:05:15,2017-02-08 00:05:15
review_002444,order_002444,5,2017-04-02 12:12:42,2017-04-02 12:12:42
review_002445,order_002445,4,2018-07-06 07:36:22,2018-07-03 07:36:22
review_002446,order_002446,5,2018-09-15 13:10:15,2018-09-25 13:10:15
review_002447,order_002447,5,2018-09-28 00:05:42,2018-10-05 00:05:42
review_002448,order_002448,4,2017-07-30 22:01:45,2017-08-20 22:01:45
review_002449,order_002449,1,2017-07-03 10:58:04,2017-07-08 10:58:04
review_002450,order_002450,5,2017-08-11 23:16:16,2017-08-24 23:16:16
review_002451,order_002451,5,2018-06-15 03:42:04,2018-06-15 03:42:04
review_002452,order_002452,4,2017-06-27 14:00:26,2017-06-14 14:00:26
review_002453,order_002453,5,2017-12-22 16:18:56,2017-12-26 16:18:56
review_002454,order_002454,5,2018-02-28 19:06:30,2018-03-01 19:06:30
review_002455,order_002455,3,2017-08-23 00:12:58,2017-09-08 00:12:58
review_002456,order_002456,3,2017-10-22 15:14:03,2017-10-29 15:14:03
review_002457,order_002457,5,2018-03-12 03:32:51,2018-02-15 03:32:51
review_002458,order_002458,4,2018-05-28 10:15:27,2018-05-28 10:15:27
review_002459,order_002459,3,2017-05-16 01:16:51,2017-05-27 01:16:51
review_002460,order_002460,3,2017-11-26 01:22:32,2017-12-03 01:22:32
review_002461,order_002461,1,2017-04-14 18:23:30,2017-05-04 18:23:30
review_002462,order_002462,2,2017-01-22 17:13:33,2017-02-01 17:13:33
review_002463,order_002463,5,2018-02-18 21:29:12,2018-02-20 21:29:12
review_002464,order_002464,5,2017-10-31 16:48:22,2017-11-03 16:48:22
review_002465,order_002465,5,2017-06-15 14:18:00,2017-07-04 14:18:00
review_002466,order_002466,4,2017-02-16 02:48:03,2017-03-05 02:48:03
review_002467,order_002467,5,2018-08-14 18:21:45,2018-08-28 18:21:45
review_002468,order_002468,5,2018-05-30 05:31:17,2018-05-24 05:31:17
review_002469,order_002469,3,2018-07-28 02:33:33,2018-07-30 02:33:33
review_002470,order_002470,4,2017-03-25 17:34:15,2017-04-11 17:34:15
review_002471,order_002471,4,2017-01-16 14:06:46,2017-01-22 14:06:46
review_002472,order_002472,4,2017-06-08 03:35:35,2017-06-06 03:35:35
review_002473,order_002473,5,2017-03-14 13:10:54,2017-04-06 13:10:54
review_002474,order_002474,4,2017-10-12 16:34:56,2017-10-28 16:34:56
review_002475,order_002475,5,2018-02-20 11:58:23,2018-02-12 11:58:23
review_002476,order_002476,4,2017-05-15 17:13:53,2017-06-02 17:13:53
review_002477,order_002477,4,2017-09-18 12:06:30,2017-09-08 12:06:30
review_002478,order_002478,5,2017-12-17 08:28:48,2017-12-14 08:28:48
review_002479,order_002479,5,2017-07-29 05:21:43,2017-08-07 05:21:43
review_002480,order_002480,3,2017-10-16 06:11:46,2017-10-14 06:11:46
review_002481,order_002481,4,2018-01-16 19:25:07,2018-01-11 19:25:07
review_002482,order_002482,5,2018-08-24 08:57:10,2018-08-11 08:57:10
review_002483,order_002483,1,2017-07-18 17:11:17,2017-08-07 17:11:17
review_002484,order_002484,5,2017-03-22 08:37:14,2017-03-14 08:37:14
review_002485,order_002485,5,2018-07-08 12:36:39,2018-07-06 12:36:39
review_002486,order_002486,5,2018-01-11 14:34:06,2018-01-20 14:34:06
review_002487,order_002487,3,2017-11-05 11:27:55,2017-11-19 11:27:55
review_002488,order_002488,4,2018-04-08 17:51:08,2018-03-22 17:51:08
review_002489,order_002489,4,2018-08-29 22:10:45,2018-09-16 22:10:45
review_002490,order_002490,4,2017-03-27 20:40:55,2017-03-25 20:40:55
review_002491,order_002491,5,2018-06-29 22:06:51,2018-07-03 22:06:51
review_002492,order_002492,1,2018-02-18 00:43:11,2018-02-26 00:43:11
review_002493,order_002493,4,2017-12-30 18:13:24,2018-01-11 18:13:24
review_002494,order_002494,2,2018-07-03 17:26:14,2018-07-05 17:26:14
review_002495,order_002495,4,2017-07-29 09:53:51,2017-07-11 09:53:51
review_002496,order_002496,5,2018-05-28 07:32:25,2018-04-30 07:32:25
review_002497,order_002497,4,2017-12-24 01:16:32,2017-12-19 01:16:32
review_002498,order_002498,5,2018-08-20 20:07:38,2018-08-16 20:07:38
review_002499,order_002499,5,2017-10-18 20:09:52,2017-11-09 20:09:52
review_002500,order_002500,5,2018-04-12 01:49:01,2018-04-06 01:49:01
review_002501,order_002501,5,2017-11-09 13:58:16,2017-11-27 13:58:16
review_002502,order_002502,5,2017-09-15 13:13:41,2017-09-08 13:13:41
review_002503,order_002503,4,2017-09-05 04:08:16,2017-08-29 04:08:16
review_002504,order_002504,5,2018-08-16 13:10:05,2018-07-23 13:10:05
review_002505,order_002505,4,2018-06-20 19:28:54,2018-06-16 19:28:54
review_002506,order_002506,5,2017-06-06 07:50:10,2017-06-03 07:50:10
review_002507,order_002507,4,2018-06-27 17:25:04,2018-06-26 17:25:04
review_002508,order_002508,1,2018-01-24 23:17:14,2018-01-14 23:17:14
review_002509,order_002509,5,2017-03-20 10:54:52,2017-04-02 10:54:52
review_002510,order_002510,5,2018-05-11 02:33:58,2018-05-02 02:33:58
review_002511,order_002511,5,2017-04-27 07:08:12,2017-05-09 07:08:12
review_002512,order_002512,5,2018-06-25 03:16:24,2018-07-15 03:16:24
review_002513,order_002513,5,2017-11-03 08:27:56,2017-10-23 08:27:56
review_002514,order_002514,5,2018-07-19 15:27:44,2018-07-24 15:27:44
review_002515,order_002515,4,2017-11-19 04:51:48,2017-11-16 04:51:48
review_002516,order_002516,3,2017-03-21 12:20:35,2017-03-16 12:20:35
review_002517,order_002517,5,2018-05-14 23:57:13,2018-04-28 23:57:13
review_002518,order_002518,4,2018-04-21 06:20:49,2018-04-20 06:20:49
review_002519,order_002519,4,2017-07-31 21:07:01,2017-07-24 21:07:01
review_002520,order_002520,5,2017-05-11 07:18:09,2017-05-16 07:18:09
review_002521,order_002521,5,2018-06-28 14:44:17,2018-07-08 14:44:17
review_002522,order_002522,4,2018-05-18 03:46:06,2018-05-08 03:46:06
review_002523,order_002523,4,2017-07-23 06:26:03,2017-07-10 06:26:03
review_002524,order_002524,4,2018-03-23 20:49:34,2018-03-28 20:49:34
review_002525,order_002525,5,2017-06-17 14:09:13,2017-06-02 14:09:13
review_002526,order_002526,4,2017-05-02 13:40:06,2017-05-17 13:40:06
review_002527,order_002527,5,2018-03-14 12:15:26,2018-03-05 12:15:26
review_002528,order_002528,4,2018-06-01 05:52:33,2018-06-17 05:52:33
review_002529,order_002529,5,2018-08-09 22:18:00,2018-08-11 22:18:00
review_002530,order_002530,5,2017-10-15 09:26:31,2017-10-14 09:26:31
review_002531,order_002531,5,2017-04-19 00:16:29,2017-04-22 00:16:29
review_002532,order_002532,5,2017-12-31 21:45:37,2017-12-22 21:45:37
review_002533,order_002533,4,2018-03-14 01:07:02,2018-03-01 01:07:02
review_002534,order_002534,2,2018-09-12 21:17:03,2018-09-17 21:17:03
review_002535,order_002535,4,2017-04-12 06:23:02,2017-03-31 06:23:02
review_002536,order_002536,4,2018-02-26 01:39:30,2018-03-03 01:39:30
review_002537,order_002537,5,2017-11-18 05:17:22,2017-11-26 05:17:22
review_002538,order_002538,4,2018-01-18 15:41:54,2018-01-17 15:41:54
review_002539,order_002539,4,2017-03-31 13:05:56,2017-04-01 13:05:56
review_002540,order_002540,5,2017-02-06 03:40:16,2017-01-17 03:40:16
review_002541,order_002541,4,2018-01-19 07:12:15,2018-01-30 07:12:15
review_002542,order_002542,5,2017-05-12 05:03:40,2017-05-31 05:03:40
review_002543,order_002543,5,2018-01-24 15:40:41,2018-01-30 15:40:41
review_002544,order_002544,4,2017-02-13 20:44:27,2017-02-17 20:44:27
review_002545,order_002545,4,2018-05-14 06:07:20,2018-05-20 06:07:20
review_002546,order_002546,5,2017-08-03 21:29:04,2017-08-22 21:29:04
review_002547,order_002547,4,2017-10-17 09:47:39,2017-10-18 09:47:39
review_002548,order_002548,2,2017-08-11 01:59:04,2017-08-20 01:59:04
review_002549,order_002549,4,2017-10-02 07:44:17,2017-09-22 07:44:17
review_002550,order_002550,4,2017-12-14 20:58:26,2017-11-27 20:58:26
review_002551,order_002551,4,2018-02-07 19:24:14,2018-02-24 19:24:14
review_002552,order_002552,2,2018-03-25 17:29:01,2018-03-11 17:29:01
review_002553,order_002553,4,2018-09-05 09:34:12,2018-09-17 09:34:12
review_002554,order_002554,5,2017-05-16 18:37:01,2017-05-05 18:37:01
review_002555,order_002555,5,2018-06-27 17:02:48,2018-06-22 17:02:48
review_002556,order_002556,5,2018-01-23 19:00:12,2018-01-27 19:00:12
review_002557,order_002557,4,2017-07-13 13:23:11,2017-07-26 13:23:11
review_002558,order_002558,3,2018-07-22 12:10:24,2018-08-13 12:10:24
review_002559,order_002559,5,2018-03-30 23:12:08,2018-04-03 23:12:08
review_002560,order_002560,5,2017-05-02 22:43:32,2017-05-27 22:43:32
review_002561,order_002561,3,2017-04-28 12:52:04,2017-04-27 12:52:04
review_002562,order_002562,4,2018-03-04 04:48:31,2018-02-22 04:48:31
review_002563,order_002563,5,2018-04-20 09:48:55,2018-04-18 09:48:55
review_002564,order_002564,5,2017-02-26 12:07:08,2017-02-10 12:07:08
review_002565,order_002565,5,2018-02-02 16:15:03,2018-02-05 16:15:03
review_002566,order_002566,5,2017-12-11 07:38:42,2017-11-27 07:38:42
review_002567,order_002567,3,2018-08-31 01:05:23,2018-08-21 01:05:23
review_002568,order_002568,5,2018-04-04 19:44:18,2018-04-09 19:44:18
review_002569,order_002569,4,2018-08-08 22:46:34,2018-08-10 22:46:34
review_002570,order_002570,4,2017-02-18 01:59:05,2017-01-28 01:59:05
review_002571,order_002571,4,2018-04-15 07:38:37,2018-04-21 07:38:37
review_002572,order_002572,5,2017-07-27 10:24:29,2017-08-10 10:24:29
review_002573,order_002573,4,2017-12-29 18:15:00,2017-12-10 18:15:00
review_002574,order_002574,3,2018-07-02 18:33:48,2018-06-28 18:33:48
review_002575,order_002575,5,2018-07-03 08:14:22,2018-07-04 08:14:22
review_002576,order_002576,3,2017-06-05 07:29:46,2017-06-19 07:29:46
review_002577,order_002577,3,2017-06-19 09:43:27,2017-06-05 09:43:27
review_002578,order_002578,2,2018-04-14 05:46:17,2018-03-29 05:46:17
review_002579,order_002579,4,2018-07-22 10:28:35,2018-06-25 10:28:35
review_002580,order_002580,5,2018-01-20 06:18:04,2018-01-18 06:18:04
review_002581,order_002581,4,2017-02-11 01:26:44,2017-03-01 01:26:44
review_002582,order_002582,2,2017-04-23 17:07:34,2017-04-18 17:07:34
review_002583,order_002583,5,2018-04-26 18:53:29,2018-04-10 18:53:29
review_002584,order_002584,2,2018-04-09 06:52:58,2018-04-06 06:52:58
review_002585,order_002585,5,2018-07-26 09:37:11,2018-08-03 09:37:11
review_002586,order_002586,4,2017-12-01 09:39:51,2017-12-24 09:39:51
review_002587,order_002587,5,2017-10-05 00:31:52,2017-10-17 00:31:52
review_002588,order_002588,5,2017-03-18 13:05:45,2017-03-20 13:05:45
review_002589,order_002589,4,2018-05-01 11:00:07,2018-05-23 11:00:07
review_002590,order_002590,5,2018-09-04 22:34:41,2018-09-01 22:34:41
review_002591,order_002591,5,2017-02-07 08:55:20,2017-02-23 08:55:20
review_002592,order_002592,5,2017-11-13 19:03:51,2017-11-22 19:03:51
review_002593,order_002593,1,2017-08-22 09:22:28,2017-08-27 09:22:28
review_002594,order_002594,5,2018-04-24 04:26:48,2018-04-14 04:26:48
review_002595,order_002595,5,2018-05-05 08:22:04,2018-05-06 08:22:04
review_002596,order_002596,5,2017-06-02 21:11:38,2017-05-27 21:11:38
review_002597,order_002597,4,2018-08-23 06:09:05,2018-08-25 06:09:05
review_002598,order_002598,4,2017-04-22 20:16:27,2017-04-20 20:16:27
review_002599,order_002599,4,2018-04-28 15:58:16,2018-05-20 15:58:16
review_002600,order_002600,4,2018-04-07 17:53:07,2018-04-30 17:53:07
review_002601,order_002601,5,2017-04-15 18:03:36,2017-04-20 18:03:36
review_002602,order_002602,5,2018-02-28 12:24:20,2018-02-21 12:24:20
review_002603,order_002603,5,2017-06-30 14:26:40,2017-06-23 14:26:40
review_002604,order_002604,5,2017-06-24 01:40:32,2017-07-01 01:40:32
review_002605,order_002605,4,2017-03-02 16:46:38,2017-03-20 16:46:38
review_002606,order_002606,4,2018-04-18 17:04:34,2018-04-28 17:04:34
review_002607,order_002607,5,2018-05-15 02:29:19,2018-05-17 02:29:19
review_002608,order_002608,4,2017-11-30 12:26:24,2017-12-08 12:26:24
review_002609,order_002609,4,2018-05-12 12:12:53,2018-05-22 12:12:53
review_002610,order_002610,4,2017-08-22 07:26:04,2017-08-26 07:26:04
review_002611,order_002611,4,2017-12-29 01:35:13,2017-12-20 01:35:13
review_002612,order_002612,3,2018-05-25 00:14:18,2018-05-22 00:14:18
review_002613,order_002613,5,2017-10-13 05:00:18,2017-10-14 05:00:18
review_002614,order_002614,1,2018-02-11 05:32:42,2018-01-26 05:32:42
review_002615,order_002615,4,2017-04-14 05:05:10,2017-04-28 05:05:10
review_002616,order_002616,5,2017-11-25 14:32:11,2017-11-11 14:32:11
review_002617,order_002617,3,2018-06-09 10:06:27,2018-06-16 10:06:27
review_002618,order_002618,5,2018-05-05 02:41:43,2018-04-24 02:41:43
review_002619,order_002619,5,2017-07-08 02:00:50,2017-07-28 02:00:50
review_002620,order_002620,5,2017-12-14 15:43:48,2017-12-25 15:43:48
review_002621,order_002621,4,2018-01-17 22:25:44,2018-02-15 22:25:44
review_002622,order_002622,5,2018-08-06 19:40:19,2018-08-14 19:40:19
review_002623,order_002623,5,2018-06-18 18:11:09,2018-06-22 18:11:09
review_002624,order_002624,5,2018-06-08 07:38:10,2018-05-27 07:38:10
review_002625,order_002625,4,2018-05-06 16:53:44,2018-04-13 16:53:44
review_002626,order_002626,4,2017-09-08 01:58:03,2017-09-10 01:58:03
review_002627,order_002627,4,2017-08-27 04:06:46,2017-08-27 04:06:46
review_002628,order_002628,4,2017-10-20 03:21:09,2017-11-09 03:21:09
review_002629,order_002629,4,2017-10-20 04:24:30,2017-10-02 04:24:30
review_002630,order_002630,1,2018-09-04 08:35:23,2018-08-20 08:35:23
review_002631,order_002631,4,2018-06-29 01:02:50,2018-06-24 01:02:50
review_002632,order_002632,4,2018-07-13 19:31:20,2018-07-12 19:31:20
review_002633,order_002633,5,2018-01-29 17:09:38,2018-01-15 17:09:38
review_002634,order_002634,5,2017-05-18 15:13:21,2017-05-18 15:13:21
review_002635,order_002635,4,2017-04-14 04:12:40,2017-04-15 04:12:40
review_002636,order_002636,5,2017-07-01 20:49:45,2017-06-30 20:49:45
review_002637,order_002637,3,2018-02-23 00:09:11,2018-02-06 00:09:11
review_002638,order_002638,4,2017-09-11 23:51:58,2017-09-09 23:51:58
review_002639,order_002639,4,2018-03-05 17:26:34,2018-02-11 17:26:34
review_002640,order_002640,1,2018-07-16 04:51:41,2018-06-29 04:51:41
review_002641,order_002641,5,2017-08-22 04:43:21,2017-08-26 04:43:21
review_002642,order_002642,4,2018-07-24 16:40:32,2018-08-17 16:40:32
review_002643,order_002643,4,2017-12-09 19:23:44,2017-12-05 19:23:44
review_002644,order_002644,5,2018-05-19 11:11:47,2018-05-12 11:11:47
review_002645,order_002645,4,2017-02-18 01:26:31,2017-02-21 01:26:31
review_002646,order_002646,5,2017-07-17 11:50:36,2017-07-01 11:50:36
review_002647,order_002647,5,2018-08-17 11:30:23,2018-07-29 11:30:23
review_002648,order_002648,5,2018-07-01 07:48:50,2018-07-08 07:48:50
review_002649,order_002649,5,2017-12-29 21:40:18,2018-01-03 21:40:18
review_002650,order_002650,5,2017-02-14 08:13:13,2017-02-02 08:13:13
review_002651,order_002651,4,2017-02-16 05:50:44,2017-03-01 05:50:44
review_002652,order_002652,2,2017-09-25 16:13:50,2017-10-07 16:13:50
review_002653,order_002653,4,2018-07-14 14:50:20,2018-07-14 14:50:20
review_002654,order_002654,4,2017-09-01 14:53:57,2017-09-16 14:53:57
review_002655,order_002655,4,2018-07-07 12:05:49,2018-07-15 12:05:49
review_002656,order_002656,3,2017-12-20 07:38:38,2017-12-27 07:38:38
review_002657,order_002657,4,2017-04-13 06:10:57,2017-04-11 06:10:57
review_002658,order_002658,4,2017-12-25 02:50:45,2018-01-03 02:50:45
review_002659,order_002659,5,2017-09-02 04:27:21,2017-09-04 04:27:21
review_002660,order_002660,4,2017-06-21 13:52:40,2017-05-25 13:52:40
review_002661,order_002661,2,2018-03-03 09:44:48,2018-03-05 09:44:48
review_002662,order_002662,4,2017-05-24 17:44:43,2017-05-23 17:44:43
review_002663,order_002663,3,2018-08-03 19:18:10,2018-07-26 19:18:10
review_002664,order_002664,5,2018-05-15 13:24:24,2018-06-03 13:24:24
review_002665,order_002665,4,2018-04-27 02:30:41,2018-04-30 02:30:41
review_002666,order_002666,5,2017-03-11 00:05:15,2017-03-15 00:05:15
review_002667,order_002667,4,2018-09-08 05:28:59,2018-08-20 05:28:59
review_002668,order_002668,5,2017-11-19 06:46:32,2017-11-16 06:46:32
review_002669,order_002669,1,2018-04-17 01:46:03,2018-04-11 01:46:03
review_002670,order_002670,5,2017-05-07 18:41:09,2017-05-29 18:41:09
review_002671,order_002671,2,2018-04-27 08:48:36,2018-05-03 08:48:36
review_002672,order_002672,5,2017-07-28 17:49:16,2017-08-05 17:49:16
review_002673,order_002673,5,2018-03-29 05:00:41,2018-04-04 05:00:41
review_002674,order_002674,4,2017-06-30 00:14:59,2017-07-02 00:14:59
review_002675,order_002675,1,2018-08-07 03:17:14,2018-08-01 03:17:14
review_002676,order_002676,4,2018-03-16 11:17:13,2018-03-20 11:17:13
review_002677,order_002677,2,2017-10-10 11:30:45,2017-10-28 11:30:45
review_002678,order_002678,2,2017-10-19 10:29:44,2017-10-27 10:29:44
review_002679,order_002679,5,2017-02-03 23:01:37,2017-01-20 23:01:37
review_002680,order_002680,5,2017-07-09 15:39:17,2017-07-20 15:39:17
review_002681,order_002681,5,2018-05-10 17:33:59,2018-05-01 17:33:59
review_002682,order_002682,3,2018-06-11 02:59:58,2018-06-01 02:59:58
review_002683,order_002683,3,2018-09-30 11:10:25,2018-09-07 11:10:25
review_002684,order_002684,4,2017-02-28 14:54:50,2017-03-07 14:54:50
review_002685,order_002685,4,2017-06-30 14:02:05,2017-06-23 14:02:05
review_002686,order_002686,3,2018-05-07 22:43:33,2018-05-14 22:43:33
review_002687,order_002687,5,2017-09-04 11:25:02,2017-09-03 11:25:02
review_002688,order_002688,1,2017-06-23 08:55:19,2017-06-24 08:55:19
review_002689,order_002689,4,2017-06-27 22:39:54,2017-07-22 22:39:54
review_002690,order_002690,5,2018-07-18 08:05:47,2018-08-06 08:05:47
review_002691,order_002691,5,2018-07-06 13:41:05,2018-06-18 13:41:05
review_002692,order_002692,4,2017-02-03 00:40:42,2017-01-31 00:40:42
review_002693,order_002693,5,2018-06-15 03:58:25,2018-06-26 03:58:25
review_002694,order_002694,5,2017-12-21 01:22:38,2017-12-19 01:22:38
review_002695,order_002695,3,2018-06-29 10:01:41,2018-06-09 10:01:41
review_002696,order_002696,4,2018-02-12 22:21:27,2018-02-06 22:21:27
review_002697,order_002697,5,2018-03-11 01:42:38,2018-03-20 01:42:38
review_002698,order_002698,5,2017-12-27 23:24:43,2018-01-13 23:24:43
review_002699,order_002699,5,2018-04-16 20:51:18,2018-04-03 20:51:18
review_002700,order_002700,5,2018-06-11 00:08:07,2018-05-25 00:08:07
review_002701,order_002701,5,2017-11-20 00:22:13,2017-11-30 00:22:13
review_002702,order_002702,3,2017-03-19 21:36:58,2017-03-30 21:36:58
review_002703,order_002703,5,2017-03-24 14:02:48,2017-03-12 14:02:48
review_002704,order_002704,5,2017-09-16 04:10:30,2017-10-02 04:10:30
review_002705,order_002705,4,2017-11-18 22:53:30,2017-11-01 22:53:30
review_002706,order_002706,5,2018-06-26 13:28:21,2018-06-27 13:28:21
review_002707,order_002707,4,2017-02-04 15:14:42,2017-02-15 15:14:42
review_002708,order_002708,5,2018-07-29 16:16:31,2018-07-09 16:16:31
review_002709,order_002709,5,2017-02-17 04:50:19,2017-02-24 04:50:19
review_002710,order_002710,2,2017-11-09 08:37:02,2017-11-11 08:37:02
review_002711,order_002711,4,2017-10-11 03:05:17,2017-09-22 03:05:17
review_002712,order_002712,5,2017-12-28 12:41:44,2018-01-02 12:41:44
review_002713,order_002713,5,2017-02-14 23:41:44,2017-02-19 23:41:44
review_002714,order_002714,4,2018-04-15 15:03:39,2018-04-28 15:03:39
review_002715,order_002715,3,2017-04-05 16:36:28,2017-04-14 16:36:28
review_002716,order_002716,3,2018-05-15 04:39:15,2018-05-19 04:39:15
review_002717,order_002717,5,2018-01-14 13:00:24,2018-01-08 13:00:24
review_002718,order_002718,4,2018-06-30 23:51:43,2018-07-23 23:51:43
review_002719,order_002719,4,2018-08-25 02:06:52,2018-09-19 02:06:52
review_002720,order_002720,3,2018-06-04 04:53:35,2018-06-24 04:53:35
review_002721,order_002721,4,2017-11-02 17:16:37,2017-10-13 17:16:37
review_002722,order_002722,5,2017-09-30 00:14:53,2017-09-28 00:14:53
review_002723,order_002723,4,2018-02-14 04:57:29,2018-03-06 04:57:29
review_002724,order_002724,5,2018-02-24 22:39:46,2018-02-20 22:39:46
review_002725,order_002725,5,2018-05-20 00:27:35,2018-05-12 00:27:35
review_002726,order_002726,5,2017-10-30 10:17:56,2017-11-10 10:17:56
review_002727,order_002727,5,2017-10-24 07:55:06,2017-10-22 07:55:06
review_002728,order_002728,5,2017-03-27 09:34:00,2017-03-20 09:34:00
review_002729,order_002729,5,2017-05-08 06:11:36,2017-05-10 06:11:36
review_002730,order_002730,5,2018-06-03 06:36:58,2018-06-16 06:36:58
review_002731,order_002731,5,2018-09-18 18:15:27,2018-09-15 18:15:27
review_002732,order_002732,5,2018-01-23 00:37:11,2018-01-23 00:37:11
review_002733,order_002733,5,2017-08-11 03:06:33,2017-08-30 03:06:33
review_002734,order_002734,4,2017-02-10 06:20:58,2017-03-01 06:20:58
review_002735,order_002735,1,2017-02-11 19:50:08,2017-02-09 19:50:08
review_002736,order_002736,5,2018-03-07 09:26:21,2018-03-06 09:26:21
review_002737,order_002737,4,2018-02-22 00:50:08,2018-02-06 00:50:08
review_002738,order_002738,5,2017-07-21 12:29:16,2017-07-11 12:29:16
review_002739,order_002739,4,2017-04-30 15:03:22,2017-05-16 15:03:22
review_002740,order_002740,5,2017-03-16 10:59:00,2017-02-27 10:59:00
review_002741,order_002741,5,2018-03-07 02:07:38,2018-03-20 02:07:38
review_002742,order_002742,3,2018-02-02 21:05:48,2018-02-08 21:05:48
review_002743,order_002743,4,2017-08-01 20:35:47,2017-08-12 20:35:47
review_002744,order_002744,5,2018-04-22 21:52:18,2018-04-07 21:52:18
review_002745,order_002745,4,2018-06-17 23:08:03,2018-06-16 23:08:03
review_002746,order_002746,5,2017-12-05 07:36:42,2017-11-18 07:36:42
review_002747,order_002747,4,2017-06-20 10:07:11,2017-07-04 10:07:11
review_002748,order_002748,4,2017-02-05 23:01:45,2017-01-18 23:01:45
review_002749,order_002749,4,2018-05-24 10:47:39,2018-05-20 10:47:39
review_002750,order_002750,5,2017-12-30 20:45:30,2018-01-13 20:45:30
review_002751,order_002751,5,2017-08-28 15:32:42,2017-08-25 15:32:42
review_002752,order_002752,5,2017-01-15 22:15:47,2017-01-27 22:15:47
review_002753,order_002753,5,2018-05-23 00:14:59,2018-06-07 00:14:59
review_002754,order_002754,2,2018-07-28 16:57:06,2018-07-27 16:57:06
review_002755,order_002755,5,2017-11-10 19:13:12,2017-11-24 19:13:12
review_002756,order_002756,2,2017-07-09 04:45:30,2017-07-04 04:45:30
review_002757,order_002757,5,2018-01-31 17:38:59,2018-01-25 17:38:59
review_002758,order_002758,4,2018-07-08 04:41:07,2018-06-21 04:41:07
review_002759,order_002759,4,2018-01-05 21:42:56,2018-01-17 21:42:56
review_002760,order_002760,5,2017-02-05 21:48:27,2017-01-30 21:48:27
review_002761,order_002761,5,2017-05-26 00:05:20,2017-05-23 00:05:20
review_002762,order_002762,5,2017-04-02 12:10:08,2017-03-07 12:10:08
review_002763,order_002763,3,2017-09-21 09:10:47,2017-09-20 09:10:47
review_002764,order_002764,5,2017-10-14 21:22:16,2017-10-28 21:22:16
review_002765,order_002765,3,2017-12-14 07:41:11,2017-12-26 07:41:11
review_002766,order_002766,2,2018-04-14 17:17:35,2018-04-30 17:17:35
review_002767,order_002767,3,2017-04-09 02:48:04,2017-04-08 02:48:04
review_002768,order_002768,5,2018-08-14 05:06:01,2018-08-30 05:06:01
review_002769,order_002769,3,2017-07-04 23:38:43,2017-06-22 23:38:43
review_002770,order_002770,5,2017-11-25 09:14:03,2017-12-01 09:14:03
review_002771,order_002771,5,2017-05-25 18:22:48,2017-06-13 18:22:48
review_002772,order_002772,5,2017-08-25 23:13:40,2017-09-01 23:13:40
review_002773,order_002773,4,2018-06-11 23:09:55,2018-06-03 23:09:55
review_002774,order_002774,5,2017-02-22 00:28:11,2017-02-09 00:28:11
review_002775,order_002775,5,2017-11-21 05:35:03,2017-11-03 05:35:03
review_002776,order_002776,5,2018-01-18 17:09:00,2018-01-07 17:09:00
review_002777,order_002777,5,2018-01-06 22:14:35,2017-12-19 22:14:35
review_002778,order_002778,3,2017-08-26 23:29:26,2017-08-28 23:29:26
review_002779,order_002779,1,2017-09-08 17:17:10,2017-08-27 17:17:10
review_002780,order_002780,4,2018-07-15 02:29:58,2018-08-10 02:29:58
review_002781,order_002781,4,2017-06-13 17:49:13,2017-06-04 17:49:13
review_002782,order_002782,3,2017-11-21 06:31:40,2017-11-19 06:31:40
review_002783,order_002783,4,2017-09-06 19:24:24,2017-09-13 19:24:24
review_002784,order_002784,2,2018-04-22 13:07:41,2018-04-26 13:07:41
review_002785,order_002785,5,2018-05-15 04:24:46,2018-06-05 04:24:46
review_002786,order_002786,3,2018-06-13 20:15:01,2018-06-26 20:15:01
review_002787,order_002787,4,2017-03-19 23:43:56,2017-03-19 23:43:56
review_002788,order_002788,4,2017-03-15 12:09:22,2017-04-03 12:09:22
review_002789,order_002789,3,2017-09-07 19:30:05,2017-09-03 19:30:05
review_002790,order_002790,5,2017-10-16 01:25:49,2017-10-11 01:25:49
review_002791,order_002791,2,2017-02-15 06:30:31,2017-03-08 06:30:31
review_002792,order_002792,3,2018-07-22 03:03:08,2018-07-20 03:03:08
review_002793,order_002793,4,2018-07-30 06:48:51,2018-07-20 06:48:51
review_002794,order_002794,5,2017-10-04 09:01:21,2017-10-17 09:01:21
review_002795,order_002795,4,2018-05-05 10:21:09,2018-05-17 10:21:09
review_002796,order_002796,4,2018-01-05 07:44:27,2017-12-21 07:44:27
review_002797,order_002797,4,2018-02-27 13:04:27,2018-02-10 13:04:27
review_002798,order_002798,5,2018-06-29 05:16:20,2018-07-13 05:16:20
review_002799,order_002799,4,2017-03-19 08:20:48,2017-03-03 08:20:48
review_002800,order_002800,3,2017-06-12 20:09:47,2017-06-18 20:09:47
review_002801,order_002801,3,2017-10-20 13:29:37,2017-10-05 13:29:37
review_002802,order_002802,5,2018-07-30 00:38:42,2018-07-05 00:38:42
review_002803,order_002803,4,2018-01-16 07:52:42,2018-01-26 07:52:42
review_002804,order_002804,4,2017-10-01 19:54:15,2017-10-02 19:54:15
review_002805,order_002805,5,2017-02-14 04:19:25,2017-02-13 04:19:25
review_002806,order_002806,3,2018-01-13 22:07:13,2018-01-23 22:07:13
review_002807,order_002807,1,2017-07-04 07:06:03,2017-06-28 07:06:03
review_002808,order_002808,5,2017-08-11 15:07:21,2017-08-08 15:07:21
review_002809,order_002809,5,2018-09-27 11:24:00,2018-09-06 11:24:00
review_002810,order_002810,5,2017-11-27 15:00:30,2017-11-23 15:00:30
review_002811,order_002811,4,2017-04-23 19:08:11,2017-04-17 19:08:11
review_002812,order_002812,3,2017-03-04 03:34:35,2017-02-14 03:34:35
review_002813,order_002813,4,2017-09-28 08:27:11,2017-09-16 08:27:11
review_002814,order_002814,5,2017-02-14 13:38:22,2017-03-03 13:38:22
review_002815,order_002815,5,2017-10-10 06:15:15,2017-09-24 06:15:15
review_002816,order_002816,4,2017-09-29 09:00:15,2017-10-15 09:00:15
review_002817,order_002817,4,2018-07-04 21:15:36,2018-07-19 21:15:36
review_002818,order_002818,3,2017-08-14 05:29:49,2017-07-30 05:29:49
review_002819,order_002819,4,2017-07-19 04:33:11,2017-07-15 04:33:11
review_002820,order_002820,4,2018-01-15 13:59:59,2018-01-20 13:59:59
review_002821,order_002821,5,2018-02-17 02:23:37,2018-02-13 02:23:37
review_002822,order_002822,4,2017-02-05 00:01:42,2017-02-13 00:01:42
review_002823,order_002823,4,2017-03-15 20:52:16,2017-03-03 20:52:16
review_002824,order_002824,5,2017-05-09 06:38:02,2017-05-02 06:38:02
review_002825,order_002825,3,2018-05-15 02:53:29,2018-05-09 02:53:29
review_002826,order_002826,5,2017-05-16 15:44:42,2017-05-23 15:44:42
review_002827,order_002827,1,2018-09-16 11:32:30,2018-09-20 11:32:30
review_002828,order_002828,4,2017-10-21 10:55:15,2017-10-07 10:55:15
review_002829,order_002829,3,2018-08-17 10:31:15,2018-08-24 10:31:15
review_002830,order_002830,4,2017-06-16 03:29:43,2017-07-01 03:29:43
review_002831,order_002831,4,2017-10-19 20:36:18,2017-09-28 20:36:18
review_002832,order_002832,4,2017-04-05 00:01:53,2017-04-13 00:01:53
review_002833,order_002833,2,2018-06-25 11:35:46,2018-06-28 11:35:46
review_002834,order_002834,3,2018-01-10 06:29:25,2018-01-18 06:29:25
review_002835,order_002835,4,2017-03-15 15:24:05,2017-03-09 15:24:05
review_002836,order_002836,4,2018-04-13 13:10:38,2018-04-27 13:10:38
review_002837,order_002837,4,2018-07-20 09:14:11,2018-07-01 09:14:11
review_002838,order_002838,3,2018-02-28 12:49:44,2018-03-14 12:49:44
review_002839,order_002839,5,2018-05-31 05:26:52,2018-06-06 05:26:52
review_002840,order_002840,4,2017-07-09 03:08:44,2017-07-09 03:08:44
review_002841,order_002841,3,2017-10-14 21:43:38,2017-10-13 21:43:38
review_002842,order_002842,2,2018-07-07 14:43:43,2018-07-01 14:43:43
review_002843,order_002843,3,2018-02-08 15:41:31,2018-01-12 15:41:31
review_002844,order_002844,2,2018-01-27 23:58:27,2018-02-06 23:58:27
review_002845,order_002845,2,2018-05-06 21:41:57,2018-05-08 21:41:57
review_002846,order_002846,2,2018-01-17 14:02:12,2018-01-30 14:02:12
review_002847,order_002847,4,2017-03-24 19:00:58,2017-04-09 19:00:58
review_002848,order_002848,4,2017-05-26 12:39:47,2017-06-10 12:39:47
review_002849,order_002849,4,2018-04-30 05:42:34,2018-05-07 05:42:34
review_002850,order_002850,5,2017-06-17 14:56:35,2017-06-29 14:56:35
review_002851,order_002851,5,2018-02-22 21:54:47,2018-02-17 21:54:47
review_002852,order_002852,3,2017-11-02 21:06:43,2017-10-29 21:06:43
review_002853,order_002853,5,2018-02-07 12:07:27,2018-02-14 12:07:27
review_002854,order_002854,4,2017-06-11 22:42:14,2017-06-22 22:42:14
review_002855,order_002855,5,2017-07-17 04:44:30,2017-08-10 04:44:30
review_002856,order_002856,5,2018-03-14 00:59:05,2018-03-06 00:59:05
review_002857,order_002857,4,2017-05-16 09:40:41,2017-05-19 09:40:41
review_002858,order_002858,4,2017-08-04 04:55:11,2017-07-21 04:55:11
review_002859,order_002859,5,2018-09-09 22:59:02,2018-09-23 22:59:02
review_002860,order_002860,5,2017-05-02 02:46:42,2017-04-11 02:46:42
review_002861,order_002861,4,2018-01-17 12:49:52,2017-12-25 12:49:52
review_002862,order_002862,4,2017-04-27 18:32:11,2017-04-20 18:32:11
review_002863,order_002863,5,2018-04-07 02:39:39,2018-03-31 02:39:39
review_002864,order_002864,5,2017-04-10 01:05:36,2017-04-02 01:05:36
review_002865,order_002865,5,2018-01-18 13:17:10,2018-01-15 13:17:10
review_002866,order_002866,4,2017-10-03 21:39:47,2017-10-07 21:39:47
review_002867,order_002867,3,2018-03-02 00:23:27,2018-04-01 00:23:27
review_002868,order_002868,4,2017-01-19 00:29:35,2017-01-30 00:29:35
review_002869,order_002869,4,2017-11-29 22:12:44,2017-12-02 22:12:44
review_002870,order_002870,4,2017-12-18 14:27:40,2017-12-12 14:27:40
review_002871,order_002871,5,2017-06-24 16:50:00,2017-06-12 16:50:00
review_002872,order_002872,4,2017-07-29 06:36:49,2017-07-09 06:36:49
review_002873,order_002873,5,2018-04-07 07:29:45,2018-03-25 07:29:45
review_002874,order_002874,4,2017-12-15 11:17:36,2017-12-13 11:17:36
review_002875,order_002875,3,2018-01-07 05:08:12,2018-01-10 05:08:12
review_002876,order_002876,4,2018-08-15 10:36:18,2018-08-01 10:36:18
review_002877,order_002877,4,2017-09-16 22:53:43,2017-10-04 22:53:43
review_002878,order_002878,4,2018-07-04 17:58:24,2018-06-20 17:58:24
review_002879,order_002879,3,2018-08-31 20:51:28,2018-09-19 20:51:28
review_002880,order_002880,3,2018-01-02 11:55:09,2018-01-21 11:55:09
review_002881,order_002881,5,2017-05-26 18:54:00,2017-05-21 18:54:00
review_002882,order_002882,5,2017-10-01 10:06:33,2017-10-12 10:06:33
review_002883,order_002883,4,2017-02-26 14:49:06,2017-02-11 14:49:06
review_002884,order_002884,4,2018-03-08 17:31:35,2018-03-21 17:31:35
review_002885,order_002885,5,2017-07-19 19:47:48,2017-07-17 19:47:48
review_002886,order_002886,5,2018-07-27 22:13:09,2018-07-28 22:13:09
review_002887,order_002887,4,2018-02-20 02:31:55,2018-02-21 02:31:55
review_002888,order_002888,5,2017-11-21 19:03:14,2017-11-11 19:03:14
review_002889,order_002889,4,2017-05-27 17:01:55,2017-05-08 17:01:55
review_002890,order_002890,5,2017-03-08 17:40:52,2017-03-20 17:40:52
review_002891,order_002891,4,2018-03-10 00:21:08,2018-02-22 00:21:08
review_002892,order_002892,4,2018-05-02 11:42:19,2018-05-02 11:42:19
review_002893,order_002893,3,2017-06-29 23:03:37,2017-06-22 23:03:37
review_002894,order_002894,3,2017-01-24 21:36:18,2017-01-21 21:36:18
review_002895,order_002895,4,2017-07-22 05:32:24,2017-07-29 05:32:24
review_002896,order_002896,3,2018-04-18 11:40:17,2018-04-30 11:40:17
review_002897,order_002897,5,2018-01-08 20:44:01,2017-12-25 20:44:01
review_002898,order_002898,4,2017-03-20 22:19:36,2017-02-28 22:19:36
review_002899,order_002899,3,2017-03-27 07:56:50,2017-04-15 07:56:50
review_002900,order_002900,5,2017-04-01 19:16:12,2017-04-10 19:16:12
review_002901,order_002901,5,2018-04-14 20:02:03,2018-04-28 20:02:03
review_002902,order_002902,4,2018-05-14 03:36:22,2018-04-29 03:36:22
review_002903,order_002903,5,2017-10-07 00:46:01,2017-10-06 00:46:01
review_002904,order_002904,5,2018-03-01 01:07:40,2018-03-27 01:07:40
review_002905,order_002905,4,2017-01-21 03:29:19,2017-02-01 03:29:19
review_002906,order_002906,5,2018-01-02 17:46:49,2017-12-17 17:46:49
review_002907,order_002907,5,2017-07-18 09:20:53,2017-07-19 09:20:53
review_002908,order_002908,4,2018-06-07 16:27:36,2018-06-16 16:27:36
review_002909,order_002909,4,2017-10-30 02:09:24,2017-11-12 02:09:24
review_002910,order_002910,5,2018-06-11 14:27:00,2018-06-20 14:27:00
review_002911,order_002911,5,2017-12-19 17:52:55,2017-12-26 17:52:55
review_002912,order_002912,5,2017-10-14 23:25:47,2017-10-28 23:25:47
review_002913,order_002913,5,2018-08-25 07:39:47,2018-08-26 07:39:47
review_002914,order_002914,4,2018-09-11 13:05:22,2018-09-19 13:05:22
review_002915,order_002915,5,2017-11-07 11:35:39,2017-10-27 11:35:39
review_002916,order_002916,2,2017-08-16 08:20:58,2017-08-29 08:20:58
review_002917,order_002917,5,2018-02-03 15:21:18,2018-02-12 15:21:18
review_002918,order_002918,1,2017-05-14 13:33:33,2017-05-09 13:33:33
review_002919,order_002919,2,2017-09-04 19:59:29,2017-08-29 19:59:29
review_002920,order_002920,1,2018-06-26 00:40:54,2018-06-16 00:40:54
review_002921,order_002921,5,2018-07-22 05:19:33,2018-07-09 05:19:33
review_002922,order_002922,4,2017-10-07 13:54:08,2017-09-25 13:54:08
review_002923,order_002923,4,2017-09-28 13:46:13,2017-09-08 13:46:13
review_002924,order_002924,4,2018-06-24 21:39:29,2018-06-22 21:39:29
review_002925,order_002925,5,2017-05-20 16:11:47,2017-05-12 16:11:47
review_002926,order_002926,5,2017-02-15 00:06:14,2017-03-10 00:06:14
review_002927,order_002927,4,2017-03-08 11:44:21,2017-03-07 11:44:21
review_002928,order_002928,5,2017-04-10 20:17:14,2017-04-05 20:17:14
review_002929,order_002929,4,2018-07-04 20:57:19,2018-07-05 20:57:19
review_002930,order_002930,5,2017-02-14 19:14:46,2017-02-01 19:14:46
review_002931,order_002931,3,2017-07-30 11:27:29,2017-08-17 11:27:29
review_002932,order_002932,5,2018-01-10 02:32:47,2018-01-20 02:32:47
review_002933,order_002933,4,2018-01-11 05:07:11,2018-01-26 05:07:11
review_002934,order_002934,5,2018-06-06 20:19:26,2018-05-30 20:19:26
review_002935,order_002935,5,2018-09-14 08:10:29,2018-09-01 08:10:29
review_002936,order_002936,5,2017-09-07 18:19:30,2017-09-25 18:19:30
review_002937,order_002937,4,2017-06-22 00:52:06,2017-06-10 00:52:06
review_002938,order_002938,5,2017-03-20 11:47:06,2017-03-21 11:47:06
review_002939,order_002939,5,2018-07-05 22:48:33,2018-07-23 22:48:33
review_002940,order_002940,3,2017-09-04 05:53:06,2017-09-06 05:53:06
review_002941,order_002941,3,2018-07-23 00:43:57,2018-07-22 00:43:57
review_002942,order_002942,5,2017-08-31 06:54:51,2017-08-20 06:54:51
review_002943,order_002943,3,2018-05-02 01:30:46,2018-04-23 01:30:46
review_002944,order_002944,5,2018-02-26 14:41:40,2018-02-21 14:41:40
review_002945,order_002945,5,2018-03-23 04:36:08,2018-03-26 04:36:08
review_002946,order_002946,4,2018-02-07 05:54:40,2018-02-19 05:54:40
review_002947,order_002947,5,2017-07-22 14:06:15,2017-08-01 14:06:15
review_002948,order_002948,4,2017-04-04 07:48:30,2017-04-05 07:48:30
review_002949,order_002949,5,2017-02-08 15:36:44,2017-02-03 15:36:44
review_002950,order_002950,4,2017-10-01 22:20:24,2017-10-06 22:20:24
review_002951,order_002951,5,2018-07-12 22:21:02,2018-07-21 22:21:02
review_002952,order_002952,5,2018-02-17 17:30:13,2018-02-04 17:30:13
review_002953,order_002953,5,2018-02-27 23:14:56,2018-03-09 23:14:56
review_002954,order_002954,5,2017-06-15 17:39:56,2017-07-01 17:39:56
review_002955,order_002955,3,2017-10-30 01:37:43,2017-11-08 01:37:43
review_002956,order_002956,2,2017-10-09 22:56:32,2017-10-02 22:56:32
review_002957,order_002957,2,2017-04-16 13:36:11,2017-04-21 13:36:11
review_002958,order_002958,5,2018-02-06 00:08:20,2018-02-12 00:08:20
review_002959,order_002959,5,2017-08-28 14:53:32,2017-09-10 14:53:32
review_002960,order_002960,4,2017-09-16 05:52:03,2017-09-21 05:52:03
review_002961,order_002961,5,2018-01-31 12:49:33,2018-01-07 12:49:33
review_002962,order_002962,5,2017-02-22 15:47:28,2017-01-30 15:47:28
review_002963,order_002963,4,2018-08-15 00:39:59,2018-08-26 00:39:59
review_002964,order_002964,4,2017-06-17 10:31:06,2017-05-30 10:31:06
review_002965,order_002965,5,2018-03-01 01:19:55,2018-03-01 01:19:55
review_002966,order_002966,3,2018-04-25 02:42:26,2018-05-10 02:42:26
review_002967,order_002967,4,2017-04-10 05:04:17,2017-04-14 05:04:17
review_002968,order_002968,5,2017-06-16 18:44:58,2017-06-09 18:44:58
review_002969,order_002969,4,2017-10-09 09:54:54,2017-10-04 09:54:54
review_002970,order_002970,4,2018-05-20 01:07:47,2018-05-22 01:07:47
review_002971,order_002971,5,2018-02-18 17:55:47,2018-02-10 17:55:47
review_002972,order_002972,5,2017-10-21 13:03:08,2017-11-04 13:03:08
review_002973,order_002973,5,2018-06-23 03:23:55,2018-07-06 03:23:55
review_002974,order_002974,4,2017-11-14 13:29:56,2017-10-30 13:29:56
review_002975,order_002975,4,2018-07-11 05:58:13,2018-07-11 05:58:13
review_002976,order_002976,4,2018-05-06 15:15:47,2018-05-05 15:15:47
review_002977,order_002977,4,2017-04-21 22:44:31,2017-05-10 22:44:31
review_002978,order_002978,3,2017-09-24 07:34:30,2017-09-03 07:34:30
review_002979,order_002979,5,2017-02-07 17:53:27,2017-01-26 17:53:27
review_002980,order_002980,5,2017-06-15 00:33:59,2017-06-21 00:33:59
review_002981,order_002981,5,2017-01-22 09:46:17,2017-02-01 09:46:17
review_002982,order_002982,4,2017-03-13 21:20:08,2017-03-25 21:20:08
review_002983,order_002983,5,2017-01-30 01:47:26,2017-01-29 01:47:26
review_002984,order_002984,5,2018-03-19 22:18:03,2018-03-04 22:18:03
review_002985,order_002985,4,2017-10-08 02:14:50,2017-09-16 02:14:50
review_002986,order_002986,4,2017-10-30 11:34:03,2017-10-30 11:34:03
review_002987,order_002987,2,2018-05-12 04:20:42,2018-05-03 04:20:42
review_002988,order_002988,5,2018-06-02 00:29:43,2018-06-01 00:29:43
review_002989,order_002989,5,2017-11-27 08:22:58,2017-12-25 08:22:58
review_002990,order_002990,5,2017-10-27 13:56:27,2017-10-20 13:56:27
review_002991,order_002991,3,2018-02-17 17:20:13,2018-02-14 17:20:13
review_002992,order_002992,5,2017-10-05 07:34:56,2017-10-09 07:34:56
review_002993,order_002993,3,2017-10-20 11:49:05,2017-10-21 11:49:05
review_002994,order_002994,3,2017-07-17 04:22:46,2017-07-12 04:22:46
review_002995,order_002995,5,2017-05-14 17:30:37,2017-05-20 17:30:37
review_002996,order_002996,3,2017-05-10 04:03:17,2017-06-02 04:03:17
review_002997,order_002997,5,2018-02-27 20:39:53,2018-03-06 20:39:53
review_002998,order_002998,4,2018-06-09 04:18:07,2018-06-11 04:18:07
review_002999,order_002999,5,2017-10-05 15:56:14,2017-09-25 15:56:14
review_003000,order_003000,4,2017-03-31 07:56:24,2017-03-19 07:56:24
review_003001,order_003001,5,2018-01-15 23:54:57,2018-02-03 23:54:57
review_003002,order_003002,5,2018-07-16 06:44:05,2018-08-01 06:44:05
review_003003,order_003003,4,2017-11-26 22:46:10,2017-12-09 22:46:10
review_003004,order_003004,5,2017-02-04 20:04:27,2017-01-28 20:04:27
review_003005,order_003005,2,2017-03-15 11:13:52,2017-03-13 11:13:52
review_003006,order_003006,3,2017-12-01 11:53:15,2017-11-23 11:53:15
review_003007,order_003007,5,2018-07-07 08:29:27,2018-07-03 08:29:27
review_003008,order_003008,4,2017-02-11 10:15:48,2017-03-06 10:15:48
review_003009,order_003009,4,2018-04-09 11:11:01,2018-05-03 11:11:01
review_003010,order_003010,5,2018-05-24 03:30:00,2018-05-11 03:30:00
review_003011,order_003011,5,2017-02-16 07:44:58,2017-02-28 07:44:58
review_003012,order_003012,5,2017-06-12 21:01:16,2017-05-18 21:01:16
review_003013,order_003013,3,2017-01-14 23:29:37,2017-01-10 23:29:37
review_003014,order_003014,5,2017-12-31 01:18:56,2017-12-21 01:18:56
review_003015,order_003015,5,2017-05-20 17:34:33,2017-05-07 17:34:33
review_003016,order_003016,5,2018-07-19 05:44:55,2018-08-14 05:44:55
review_003017,order_003017,5,2017-03-11 15:41:35,2017-03-23 15:41:35
review_003018,order_003018,5,2018-02-22 14:54:55,2018-02-20 14:54:55
review_003019,order_003019,5,2018-05-12 21:05:35,2018-04-30 21:05:35
review_003020,order_003020,5,2017-05-05 16:51:19,2017-05-01 16:51:19
review_003021,order_003021,5,2017-06-29 19:46:00,2017-06-18 19:46:00
review_003022,order_003022,4,2018-05-14 19:13:39,2018-05-08 19:13:39
review_003023,order_003023,4,2017-03-06 15:32:14,2017-03-07 15:32:14
review_003024,order_003024,4,2017-10-16 09:50:49,2017-10-16 09:50:49
review_003025,order_003025,5,2017-06-15 08:05:25,2017-06-17 08:05:25
review_003026,order_003026,4,2017-01-16 08:19:18,2017-01-26 08:19:18
review_003027,order_003027,1,2017-11-02 08:36:28,2017-10-30 08:36:28
review_003028,order_003028,2,2017-10-30 06:55:30,2017-11-07 06:55:30
review_003029,order_003029,5,2017-08-24 07:27:25,2017-08-29 07:27:25
review_003030,order_003030,5,2018-05-27 13:38:03,2018-06-10 13:38:03
review_003031,order_003031,2,2017-03-19 06:29:02,2017-03-26 06:29:02
review_003032,order_003032,4,2017-10-14 08:22:02,2017-10-15 08:22:02
review_003033,order_003033,4,2017-05-14 17:01:05,2017-04-30 17:01:05
review_003034,order_003034,5,2018-04-19 07:52:27,2018-04-14 07:52:27
review_003035,order_003035,5,2017-12-29 02:33:26,2018-01-01 02:33:26
review_003036,order_003036,5,2018-03-16 00:24:19,2018-03-28 00:24:19
review_003037,order_003037,5,2017-03-19 18:21:48,2017-04-03 18:21:48
review_003038,order_003038,4,2017-11-06 22:45:34,2017-10-30 22:45:34
review_003039,order_003039,5,2017-03-05 16:22:52,2017-02-07 16:22:52
review_003040,order_003040,4,2017-07-28 01:27:15,2017-08-07 01:27:15
review_003041,order_003041,3,2018-08-13 13:31:13,2018-08-20 13:31:13
review_003042,order_003042,4,2018-04-06 06:30:03,2018-04-12 06:30:03
review_003043,order_003043,4,2017-03-06 07:41:56,2017-03-10 07:41:56
review_003044,order_003044,4,2017-08-26 22:06:50,2017-09-02 22:06:50
review_003045,order_003045,4,2018-06-22 19:47:07,2018-07-09 19:47:07
review_003046,order_003046,5,2017-05-14 17:38:54,2017-05-08 17:38:54
review_003047,order_003047,5,2018-04-26 12:01:17,2018-05-02 12:01:17
review_003048,order_003048,5,2017-07-27 13:52:31,2017-07-29 13:52:31
review_003049,order_003049,5,2017-11-10 21:58:54,2017-10-25 21:58:54
review_003050,order_003050,5,2018-06-25 15:51:34,2018-07-08 15:51:34
review_003051,order_003051,2,2018-03-05 13:53:44,2018-02-26 13:53:44
review_003052,order_003052,4,2017-07-19 02:19:45,2017-07-03 02:19:45
review_003053,order_003053,5,2017-02-02 23:54:53,2017-02-05 23:54:53
review_003054,order_003054,5,2017-06-16 19:24:27,2017-06-14 19:24:27
review_003055,order_003055,2,2017-09-27 08:45:13,2017-10-03 08:45:13
review_003056,order_003056,4,2017-04-26 06:00:09,2017-04-07 06:00:09
review_003057,order_003057,4,2018-07-13 23:13:39,2018-07-21 23:13:39
review_003058,order_003058,3,2017-03-01 22:56:56,2017-03-06 22:56:56
review_003059,order_003059,5,2017-12-06 10:05:11,2017-12-08 10:05:11
review_003060,order_003060,5,2018-08-26 05:33:10,2018-09-06 05:33:10
review_003061,order_003061,3,2017-08-25 19:08:51,2017-08-26 19:08:51
review_003062,order_003062,4,2017-12-23 15:00:31,2017-12-16 15:00:31
review_003063,order_003063,5,2017-03-13 21:36:07,2017-03-05 21:36:07
review_003064,order_003064,4,2018-03-31 13:05:16,2018-04-17 13:05:16
review_003065,order_003065,5,2018-08-30 13:14:39,2018-09-07 13:14:39
review_003066,order_003066,5,2018-05-04 03:26:04,2018-04-22 03:26:04
review_003067,order_003067,4,2017-04-08 14:28:28,2017-04-15 14:28:28
review_003068,order_003068,5,2017-08-22 08:42:36,2017-09-03 08:42:36
review_003069,order_003069,3,2018-03-26 04:55:52,2018-04-14 04:55:52
review_003070,order_003070,3,2018-05-27 18:45:03,2018-06-01 18:45:03
review_003071,order_003071,5,2017-09-12 08:17:56,2017-09-29 08:17:56
review_003072,order_003072,4,2018-08-14 05:06:07,2018-08-24 05:06:07
review_003073,order_003073,5,2017-05-30 23:03:12,2017-06-04 23:03:12
review_003074,order_003074,4,2018-04-19 23:06:30,2018-04-15 23:06:30
review_003075,order_003075,5,2017-11-03 11:52:09,2017-11-16 11:52:09
review_003076,order_003076,4,2018-04-02 07:05:29,2018-04-07 07:05:29
review_003077,order_003077,2,2018-01-10 03:53:00,2018-01-28 03:53:00
review_003078,order_003078,5,2017-10-24 15:02:28,2017-10-19 15:02:28
review_003079,order_003079,4,2018-05-28 14:39:33,2018-05-30 14:39:33
review_003080,order_003080,5,2018-06-06 14:51:10,2018-06-23 14:51:10
review_003081,order_003081,3,2018-05-17 18:25:33,2018-05-27 18:25:33
review_003082,order_003082,5,2017-03-04 11:17:55,2017-03-13 11:17:55
review_003083,order_003083,2,2017-09-27 16:23:58,2017-10-20 16:23:58
review_003084,order_003084,3,2018-04-17 15:43:43,2018-05-06 15:43:43
review_003085,order_003085,1,2018-07-09 19:05:40,2018-06-25 19:05:40
review_003086,order_003086,5,2017-08-27 17:50:45,2017-08-23 17:50:45
review_003087,order_003087,5,2018-04-26 00:51:45,2018-04-07 00:51:45
review_003088,order_003088,4,2017-12-26 14:51:21,2017-12-28 14:51:21
review_003089,order_003089,3,2017-06-02 23:24:35,2017-06-07 23:24:35
review_003090,order_003090,2,2018-07-29 13:26:23,2018-07-28 13:26:23
review_003091,order_003091,4,2017-10-24 12:42:51,2017-10-26 12:42:51
review_003092,order_003092,4,2018-02-06 14:33:32,2018-01-28 14:33:32
review_003093,order_003093,4,2017-07-25 13:26:23,2017-07-05 13:26:23
review_003094,order_003094,5,2017-01-23 09:38:48,2017-01-26 09:38:48
review_003095,order_003095,5,2017-10-10 23:51:17,2017-11-02 23:51:17
review_003096,order_003096,5,2018-03-22 01:42:03,2018-04-14 01:42:03
review_003097,order_003097,4,2017-08-16 19:32:31,2017-08-22 19:32:31
review_003098,order_003098,1,2018-08-14 03:49:57,2018-08-02 03:49:57
review_003099,order_003099,5,2018-05-02 04:57:18,2018-04-23 04:57:18
review_003100,order_003100,5,2018-02-23 14:33:39,2018-02-21 14:33:39
review_003101,order_003101,4,2018-06-01 15:18:37,2018-06-09 15:18:37
review_003102,order_003102,5,2018-06-15 22:15:07,2018-06-14 22:15:07
review_003103,order_003103,2,2018-04-01 07:03:49,2018-03-25 07:03:49
review_003104,order_003104,4,2018-06-20 00:37:03,2018-06-19 00:37:03
review_003105,order_003105,4,2018-03-30 06:07:15,2018-04-02 06:07:15
review_003106,order_003106,4,2018-06-14 13:03:24,2018-06-23 13:03:24
review_003107,order_003107,3,2017-03-14 08:34:36,2017-04-06 08:34:36
review_003108,order_003108,3,2017-08-14 06:02:58,2017-08-12 06:02:58
review_003109,order_003109,5,2018-07-21 21:56:19,2018-07-13 21:56:19
review_003110,order_003110,5,2017-11-14 13:28:54,2017-11-17 13:28:54
review_003111,order_003111,5,2017-02-05 16:07:42,2017-02-09 16:07:42
review_003112,order_003112,4,2018-06-24 17:59:30,2018-06-30 17:59:30
review_003113,order_003113,5,2018-02-26 09:49:12,2018-02-28 09:49:12
review_003114,order_003114,3,2018-07-29 17:39:03,2018-08-06 17:39:03
review_003115,order_003115,5,2017-02-08 23:07:48,2017-01-23 23:07:48
review_003116,order_003116,4,2017-04-26 17:23:50,2017-04-12 17:23:50
review_003117,order_003117,5,2017-11-14 07:07:28,2017-12-10 07:07:28
review_003118,order_003118,1,2017-05-24 18:41:38,2017-05-20 18:41:38
review_003119,order_003119,5,2017-12-03 05:40:00,2017-11-30 05:40:00
review_003120,order_003120,4,2017-08-09 01:44:33,2017-08-09 01:44:33
review_003121,order_003121,4,2017-05-22 10:39:32,2017-05-15 10:39:32
review_003122,order_003122,3,2018-05-13 12:13:47,2018-05-06 12:13:47
review_003123,order_003123,4,2017-02-15 11:16:29,2017-02-05 11:16:29
review_003124,order_003124,2,2018-07-17 06:16:57,2018-07-08 06:16:57
review_003125,order_003125,4,2017-04-09 06:33:01,2017-05-03 06:33:01
review_003126,order_003126,4,2018-01-08 22:06:37,2018-01-06 22:06:37
review_003127,order_003127,5,2018-09-08 06:59:50,2018-09-22 06:59:50
review_003128,order_003128,3,2017-04-06 18:47:20,2017-04-11 18:47:20
review_003129,order_003129,3,2018-07-25 06:10:56,2018-08-13 06:10:56
review_003130,order_003130,5,2017-07-11 02:34:51,2017-08-05 02:34:51
review_003131,order_003131,5,2018-04-14 01:31:02,2018-04-04 01:31:02
review_003132,order_003132,5,2018-07-07 05:50:16,2018-07-02 05:50:16
review_003133,order_003133,3,2017-06-22 20:11:27,2017-06-19 20:11:27
review_003134,order_003134,5,2017-08-15 10:55:31,2017-08-26 10:55:31
review_003135,order_003135,5,2018-06-14 16:40:50,2018-07-02 16:40:50
review_003136,order_003136,4,2017-03-15 23:06:35,2017-03-28 23:06:35
review_003137,order_003137,5,2017-04-09 01:09:16,2017-03-17 01:09:16
review_003138,order_003138,4,2017-07-26 02:37:55,2017-07-24 02:37:55
review_003139,order_003139,5,2018-01-27 22:04:57,2018-01-21 22:04:57
review_003140,order_003140,3,2018-05-16 13:37:52,2018-06-06 13:37:52
review_003141,order_003141,4,2018-01-09 14:49:46,2017-12-24 14:49:46
review_003142,order_003142,4,2017-11-21 08:11:27,2017-11-15 08:11:27
review_003143,order_003143,5,2018-07-12 19:50:35,2018-07-11 19:50:35
review_003144,order_003144,5,2017-05-01 15:30:43,2017-04-25 15:30:43
review_003145,order_003145,5,2018-07-20 06:11:06,2018-07-21 06:11:06
review_003146,order_003146,4,2017-07-15 15:34:08,2017-08-02 15:34:08
review_003147,order_003147,5,2017-07-05 00:05:35,2017-07-13 00:05:35
review_003148,order_003148,4,2018-08-30 05:46:27,2018-09-04 05:46:27
review_003149,order_003149,4,2018-02-02 04:53:39,2018-03-02 04:53:39
review_003150,order_003150,3,2017-10-21 18:51:33,2017-09-27 18:51:33
review_003151,order_003151,5,2017-08-09 17:38:35,2017-08-07 17:38:35
review_003152,order_003152,5,2017-10-23 02:11:25,2017-10-30 02:11:25
review_003153,order_003153,5,2018-05-17 21:45:17,2018-05-29 21:45:17
review_003154,order_003154,5,2017-04-29 19:38:07,2017-04-28 19:38:07
review_003155,order_003155,5,2017-05-14 10:26:05,2017-05-03 10:26:05
review_003156,order_003156,4,2017-07-27 05:05:13,2017-07-31 05:05:13
review_003157,order_003157,3,2017-11-12 10:05:11,2017-11-05 10:05:11
review_003158,order_003158,5,2018-05-23 14:08:59,2018-06-05 14:08:59
review_003159,order_003159,5,2017-05-22 15:07:19,2017-05-19 15:07:19
review_003160,order_003160,4,2018-05-22 08:20:07,2018-05-05 08:20:07
review_003161,order_003161,5,2018-07-17 02:26:17,2018-08-02 02:26:17
review_003162,order_003162,4,2017-10-15 14:38:04,2017-10-15 14:38:04
review_003163,order_003163,5,2018-09-05 16:55:24,2018-09-05 16:55:24
review_003164,order_003164,3,2018-07-20 06:25:04,2018-07-07 06:25:04
review_003165,order_003165,4,2018-05-20 15:20:54,2018-05-09 15:20:54
review_003166,order_003166,4,2017-09-03 13:39:18,2017-09-06 13:39:18
review_003167,order_003167,5,2017-07-10 12:01:57,2017-08-04 12:01:57
review_003168,order_003168,4,2018-06-19 00:11:48,2018-06-20 00:11:48
review_003169,order_003169,4,2017-10-24 07:22:30,2017-10-13 07:22:30
review_003170,order_003170,4,2017-01-29 08:59:12,2017-02-16 08:59:12
review_003171,order_003171,5,2018-03-29 20:00:44,2018-04-07 20:00:44
review_003172,order_003172,3,2017-09-01 19:50:00,2017-08-21 19:50:00
review_003173,order_003173,4,2018-08-05 20:58:12,2018-08-23 20:58:12
review_003174,order_003174,4,2018-06-19 11:06:43,2018-07-05 11:06:43
review_003175,order_003175,4,2017-03-13 07:50:46,2017-03-26 07:50:46
review_003176,order_003176,5,2018-07-21 11:58:56,2018-07-21 11:58:56
review_003177,order_003177,5,2018-08-11 19:00:02,2018-09-02 19:00:02
review_003178,order_003178,3,2018-04-28 14:55:04,2018-04-29 14:55:04
review_003179,order_003179,5,2017-06-23 14:25:46,2017-07-15 14:25:46
review_003180,order_003180,3,2018-02-28 10:25:15,2018-03-13 10:25:15
review_003181,order_003181,1,2018-07-08 16:42:55,2018-06-29 16:42:55
review_003182,order_003182,1,2018-05-30 20:48:35,2018-06-02 20:48:35
review_003183,order_003183,5,2017-10-13 16:01:52,2017-10-09 16:01:52
review_003184,order_003184,5,2018-03-21 09:40:47,2018-03-31 09:40:47
review_003185,order_003185,4,2017-09-25 20:09:31,2017-09-17 20:09:31
review_003186,order_003186,5,2017-07-02 22:37:16,2017-06-27 22:37:16
review_003187,order_003187,3,2018-02-23 19:07:04,2018-03-18 19:07:04
review_003188,order_003188,5,2017-11-11 21:02:47,2017-11-08 21:02:47
review_003189,order_003189,5,2017-05-31 06:22:18,2017-06-21 06:22:18
review_003190,order_003190,5,2018-02-21 10:06:21,2018-02-21 10:06:21
review_003191,order_003191,5,2017-08-08 05:59:03,2017-07-25 05:59:03
review_003192,order_003192,4,2018-01-12 08:46:45,2018-01-22 08:46:45
review_003193,order_003193,4,2017-08-29 17:36:13,2017-09-01 17:36:13
review_003194,order_003194,4,2018-07-18 16:14:20,2018-07-10 16:14:20
review_003195,order_003195,2,2018-06-23 00:04:35,2018-07-05 00:04:35
review_003196,order_003196,3,2017-10-25 18:07:38,2017-11-17 18:07:38
review_003197,order_003197,4,2018-03-15 04:36:35,2018-03-22 04:36:35
review_003198,order_003198,4,2017-05-11 04:27:38,2017-05-21 04:27:38
review_003199,order_003199,5,2018-09-04 13:02:48,2018-09-20 13:02:48
review_003200,order_003200,5,2017-06-09 05:47:06,2017-05-19 05:47:06
review_003201,order_003201,4,2018-07-08 23:06:40,2018-07-09 23:06:40
review_003202,order_003202,5,2018-06-22 03:30:36,2018-06-26 03:30:36
review_003203,order_003203,5,2017-05-15 03:38:22,2017-05-09 03:38:22
review_003204,order_003204,2,2017-01-22 18:15:23,2017-01-27 18:15:23
review_003205,order_003205,5,2018-03-30 06:52:40,2018-04-05 06:52:40
review_003206,order_003206,5,2018-07-12 17:08:44,2018-06-30 17:08:44
review_003207,order_003207,4,2018-04-10 16:21:20,2018-03-23 16:21:20
review_003208,order_003208,4,2017-02-26 04:32:14,2017-02-11 04:32:14
review_003209,order_003209,2,2018-02-25 13:55:03,2018-02-20 13:55:03
review_003210,order_003210,4,2017-09-03 12:53:05,2017-09-04 12:53:05
review_003211,order_003211,5,2018-07-22 02:16:13,2018-08-15 02:16:13
review_003212,order_003212,5,2018-05-13 18:20:30,2018-05-12 18:20:30
review_003213,order_003213,5,2018-05-22 20:34:39,2018-05-10 20:34:39
review_003214,order_003214,1,2017-09-30 22:43:43,2017-10-03 22:43:43
review_003215,order_003215,1,2017-07-27 02:06:34,2017-08-04 02:06:34
review_003216,order_003216,5,2018-06-02 04:17:04,2018-06-17 04:17:04
review_003217,order_003217,3,2017-04-11 19:48:08,2017-03-20 19:48:08
review_003218,order_003218,5,2017-03-18 07:18:14,2017-03-08 07:18:14
review_003219,order_003219,2,2017-02-17 15:00:46,2017-03-07 15:00:46
review_003220,order_003220,5,2017-12-12 08:21:36,2017-11-27 08:21:36
review_003221,order_003221,3,2017-03-16 05:13:19,2017-03-17 05:13:19
review_003222,order_003222,4,2018-01-23 14:59:58,2018-01-12 14:59:58
review_003223,order_003223,2,2017-05-06 04:55:57,2017-05-09 04:55:57
review_003224,order_003224,4,2018-07-21 03:16:26,2018-07-16 03:16:26
review_003225,order_003225,4,2017-09-30 12:43:51,2017-10-15 12:43:51
review_003226,order_003226,5,2017-03-23 04:38:32,2017-03-27 04:38:32
review_003227,order_003227,5,2018-03-28 04:36:50,2018-03-28 04:36:50
review_003228,order_003228,5,2017-08-19 18:43:49,2017-07-31 18:43:49
review_003229,order_003229,5,2017-07-08 12:41:22,2017-07-06 12:41:22
review_003230,order_003230,5,2018-02-11 13:00:33,2018-03-02 13:00:33
review_003231,order_003231,2,2018-08-29 03:26:30,2018-08-29 03:26:30
review_003232,order_003232,5,2018-08-27 03:50:57,2018-09-12 03:50:57
review_003233,order_003233,3,2017-10-11 09:22:39,2017-10-19 09:22:39
review_003234,order_003234,5,2018-06-07 09:19:20,2018-07-05 09:19:20
review_003235,order_003235,5,2017-05-31 10:50:20,2017-05-17 10:50:20
review_003236,order_003236,5,2018-06-19 03:13:40,2018-06-22 03:13:40
review_003237,order_003237,3,2018-08-21 21:33:44,2018-08-12 21:33:44
review_003238,order_003238,3,2017-12-05 08:42:16,2017-12-10 08:42:16
review_003239,order_003239,5,2017-11-22 19:35:21,2017-12-09 19:35:21
review_003240,order_003240,5,2018-01-11 09:36:17,2018-01-01 09:36:17
review_003241,order_003241,5,2017-03-03 11:19:55,2017-03-15 11:19:55
review_003242,order_003242,4,2018-06-12 02:41:26,2018-06-24 02:41:26
review_003243,order_003243,4,2018-04-27 16:14:25,2018-04-06 16:14:25
review_003244,order_003244,2,2018-07-13 01:26:09,2018-07-02 01:26:09
review_003245,order_003245,4,2017-04-09 17:56:56,2017-03-27 17:56:56
review_003246,order_003246,4,2018-05-30 21:09:30,2018-05-31 21:09:30
review_003247,order_003247,4,2017-08-16 08:40:43,2017-08-28 08:40:43
review_003248,order_003248,5,2018-05-27 21:18:12,2018-06-09 21:18:12
review_003249,order_003249,3,2018-09-27 16:46:16,2018-09-30 16:46:16
review_003250,order_003250,2,2018-06-26 00:03:42,2018-06-26 00:03:42
review_003251,order_003251,4,2018-07-17 04:52:10,2018-07-28 04:52:10
review_003252,order_003252,5,2017-03-18 15:23:20,2017-03-20 15:23:20
review_003253,order_003253,3,2017-08-13 16:50:23,2017-07-29 16:50:23
review_003254,order_003254,5,2017-07-25 02:14:53,2017-07-25 02:14:53
review_003255,order_003255,2,2017-11-24 16:25:52,2017-12-11 16:25:52
review_003256,order_003256,4,2018-09-18 19:26:36,2018-09-16 19:26:36
review_003257,order_003257,5,2018-03-06 02:12:19,2018-03-10 02:12:19
review_003258,order_003258,3,2017-12-12 21:06:34,2017-12-14 21:06:34
review_003259,order_003259,5,2018-05-24 12:47:38,2018-06-05 12:47:38
review_003260,order_003260,1,2017-05-04 14:47:55,2017-05-17 14:47:55
review_003261,order_003261,4,2018-02-13 01:12:48,2018-02-14 01:12:48
review_003262,order_003262,4,2017-11-24 14:42:56,2017-11-11 14:42:56
review_003263,order_003263,3,2017-06-07 10:54:26,2017-06-07 10:54:26
review_003264,order_003264,4,2018-02-13 08:54:56,2018-02-24 08:54:56
review_003265,order_003265,5,2018-06-29 18:43:39,2018-06-30 18:43:39
review_003266,order_003266,3,2018-06-18 05:59:14,2018-06-19 05:59:14
review_003267,order_003267,4,2018-06-07 01:26:23,2018-06-11 01:26:23
review_003268,order_003268,4,2018-06-12 11:58:56,2018-06-04 11:58:56
review_003269,order_003269,5,2017-11-15 17:50:57,2017-10-20 17:50:57
review_003270,order_003270,5,2017-02-24 03:12:33,2017-02-18 03:12:33
review_003271,order_003271,4,2018-09-12 23:37:54,2018-08-28 23:37:54
review_003272,order_003272,5,2017-10-17 16:08:00,2017-10-10 16:08:00
review_003273,order_003273,5,2018-01-28 22:25:03,2018-02-01 22:25:03
review_003274,order_003274,5,2017-01-22 11:16:55,2017-01-31 11:16:55
review_003275,order_003275,4,2018-06-30 02:57:24,2018-07-24 02:57:24
review_003276,order_003276,5,2018-07-24 04:15:44,2018-07-21 04:15:44
review_003277,order_003277,4,2018-08-07 12:00:55,2018-07-26 12:00:55
review_003278,order_003278,3,2017-05-05 14:07:10,2017-04-22 14:07:10
review_003279,order_003279,4,2018-06-12 17:37:09,2018-06-06 17:37:09
review_003280,order_003280,4,2018-02-04 19:05:16,2018-02-01 19:05:16
review_003281,order_003281,5,2017-04-18 18:18:20,2017-04-24 18:18:20
review_003282,order_003282,4,2017-12-31 14:07:52,2017-12-29 14:07:52
review_003283,order_003283,2,2017-11-06 00:25:59,2017-11-16 00:25:59
review_003284,order_003284,4,2018-01-28 12:42:42,2018-02-12 12:42:42
review_003285,order_003285,5,2017-03-19 19:39:58,2017-02-27 19:39:58
review_003286,order_003286,5,2017-12-14 20:20:42,2017-12-20 20:20:42
review_003287,order_003287,2,2018-03-11 20:01:36,2018-03-01 20:01:36
review_003288,order_003288,3,2018-03-20 00:15:29,2018-04-12 00:15:29
review_003289,order_003289,2,2018-05-03 10:26:51,2018-05-07 10:26:51
review_003290,order_003290,4,2018-02-08 14:48:06,2018-02-11 14:48:06
review_003291,order_003291,3,2018-03-23 05:56:24,2018-03-17 05:56:24
review_003292,order_003292,5,2017-03-30 09:49:57,2017-03-08 09:49:57
review_003293,order_003293,5,2018-06-03 02:20:12,2018-05-26 02:20:12
review_003294,order_003294,4,2017-09-13 04:38:44,2017-08-18 04:38:44
review_003295,order_003295,4,2017-12-12 00:08:20,2017-12-23 00:08:20
review_003296,order_003296,4,2018-01-02 23:30:35,2017-12-29 23:30:35
review_003297,order_003297,3,2018-08-27 20:37:58,2018-09-07 20:37:58
review_003298,order_003298,5,2017-08-01 09:41:29,2017-08-06 09:41:29
review_003299,order_003299,5,2017-09-05 00:06:13,2017-09-20 00:06:13
review_003300,order_003300,3,2018-04-19 08:02:46,2018-04-30 08:02:46
review_003301,order_003301,4,2018-02-18 10:25:03,2018-01-29 10:25:03
review_003302,order_003302,4,2017-08-09 04:03:22,2017-08-10 04:03:22
review_003303,order_003303,5,2017-08-11 15:52:49,2017-08-07 15:52:49
review_003304,order_003304,3,2018-06-13 23:56:46,2018-06-21 23:56:46
review_003305,order_003305,2,2018-06-17 20:15:14,2018-06-02 20:15:14
review_003306,order_003306,3,2017-05-03 20:32:42,2017-04-26 20:32:42
review_003307,order_003307,3,2017-09-17 19:56:32,2017-10-06 19:56:32
review_003308,order_003308,5,2018-04-23 01:40:45,2018-05-15 01:40:45
review_003309,order_003309,1,2017-03-30 13:14:08,2017-03-28 13:14:08
review_003310,order_003310,1,2017-04-28 13:34:41,2017-05-02 13:34:41
review_003311,order_003311,5,2017-05-04 02:25:19,2017-04-24 02:25:19
review_003312,order_003312,3,2017-12-22 03:32:15,2017-12-11 03:32:15
review_003313,order_003313,4,2017-10-12 13:33:54,2017-10-16 13:33:54
review_003314,order_003314,4,2017-08-14 17:10:43,2017-08-12 17:10:43
review_003315,order_003315,5,2017-04-16 05:01:06,2017-04-21 05:01:06
review_003316,order_003316,5,2018-02-16 11:37:04,2018-01-30 11:37:04
review_003317,order_003317,5,2018-05-28 01:48:17,2018-05-19 01:48:17
review_003318,order_003318,4,2017-05-19 02:38:57,2017-05-25 02:38:57
review_003319,order_003319,4,2018-03-11 13:55:31,2018-03-05 13:55:31
review_003320,order_003320,4,2018-05-11 13:22:08,2018-06-03 13:22:08
review_003321,order_003321,5,2018-01-06 18:00:07,2017-12-14 18:00:07
review_003322,order_003322,5,2018-01-14 21:51:22,2017-12-23 21:51:22
review_003323,order_003323,5,2017-04-21 04:33:35,2017-05-12 04:33:35
review_003324,order_003324,5,2018-08-24 08:11:19,2018-08-29 08:11:19
review_003325,order_003325,4,2018-08-17 20:32:27,2018-09-08 20:32:27
review_003326,order_003326,4,2018-04-08 01:13:09,2018-04-06 01:13:09
review_003327,order_003327,5,2018-07-12 19:52:43,2018-07-19 19:52:43
review_003328,order_003328,4,2018-01-16 22:41:05,2018-01-18 22:41:05
review_003329,order_003329,5,2018-03-13 02:23:55,2018-02-15 02:23:55
review_003330,order_003330,4,2018-06-15 03:24:11,2018-06-17 03:24:11
review_003331,order_003331,5,2017-02-16 16:25:20,2017-02-09 16:25:20
review_003332,order_003332,4,2017-05-21 11:24:04,2017-05-20 11:24:04
review_003333,order_003333,5,2017-06-06 23:42:07,2017-05-14 23:42:07
review_003334,order_003334,1,2018-01-30 13:04:20,2018-02-23 13:04:20
review_003335,order_003335,5,2017-06-30 15:43:20,2017-06-29 15:43:20
review_003336,order_003336,5,2017-09-16 05:41:24,2017-09-24 05:41:24
review_003337,order_003337,5,2017-11-29 07:47:15,2017-12-01 07:47:15
review_003338,order_003338,5,2018-04-16 04:15:28,2018-04-20 04:15:28
review_003339,order_003339,4,2017-11-23 03:31:29,2017-11-25 03:31:29
review_003340,order_003340,5,2017-01-23 02:42:55,2017-02-10 02:42:55
review_003341,order_003341,4,2018-03-14 21:25:34,2018-03-22 21:25:34
review_003342,order_003342,5,2017-10-11 01:40:44,2017-09-29 01:40:44
review_003343,order_003343,5,2017-03-22 12:23:42,2017-04-07 12:23:42
review_003344,order_003344,4,2018-02-15 12:11:42,2018-02-26 12:11:42
review_003345,order_003345,5,2017-07-01 01:20:30,2017-07-13 01:20:30
review_003346,order_003346,5,2017-10-16 20:12:30,2017-11-05 20:12:30
review_003347,order_003347,5,2018-08-29 12:00:59,2018-08-20 12:00:59
review_003348,order_003348,3,2017-06-09 03:02:31,2017-06-26 03:02:31
review_003349,order_003349,1,2018-07-25 03:05:20,2018-07-24 03:05:20
review_003350,order_003350,5,2017-10-23 16:48:53,2017-10-19 16:48:53
review_003351,order_003351,3,2018-08-15 14:52:20,2018-08-09 14:52:20
review_003352,order_003352,5,2018-06-29 09:54:10,2018-06-25 09:54:10
review_003353,order_003353,5,2018-06-18 09:43:25,2018-06-21 09:43:25
review_003354,order_003354,4,2017-05-24 00:50:43,2017-06-01 00:50:43
review_003355,order_003355,4,2018-05-23 00:45:52,2018-05-12 00:45:52
review_003356,order_003356,5,2017-08-30 12:51:48,2017-09-08 12:51:48
review_003357,order_003357,5,2018-07-29 08:43:39,2018-08-10 08:43:39
review_003358,order_003358,4,2018-09-15 06:02:53,2018-09-13 06:02:53
review_003359,order_003359,4,2018-01-22 09:05:54,2018-01-19 09:05:54
review_003360,order_003360,4,2018-07-24 14:31:33,2018-07-28 14:31:33
review_003361,order_003361,2,2017-12-21 07:02:12,2017-12-02 07:02:12
review_003362,order_003362,4,2017-01-29 08:23:01,2017-02-11 08:23:01
review_003363,order_003363,3,2018-07-01 06:47:13,2018-06-22 06:47:13
review_003364,order_003364,3,2017-12-08 15:59:41,2017-11-26 15:59:41
review_003365,order_003365,4,2017-02-16 01:18:53,2017-02-10 01:18:53
review_003366,order_003366,5,2017-02-19 22:02:38,2017-02-21 22:02:38
review_003367,order_003367,5,2018-03-25 13:18:29,2018-04-03 13:18:29
review_003368,order_003368,4,2018-08-09 05:52:08,2018-08-14 05:52:08
review_003369,order_003369,3,2018-03-23 18:13:37,2018-03-30 18:13:37
review_003370,order_003370,4,2017-10-06 22:33:22,2017-10-09 22:33:22
review_003371,order_003371,4,2017-07-25 01:23:49,2017-07-13 01:23:49
review_003372,order_003372,5,2017-10-07 04:54:12,2017-09-18 04:54:12
review_003373,order_003373,4,2017-08-16 03:27:14,2017-07-28 03:27:14
review_003374,order_003374,5,2017-06-20 01:41:48,2017-07-15 01:41:48
review_003375,order_003375,4,2017-04-03 17:43:44,2017-04-12 17:43:44
review_003376,order_003376,3,2018-01-08 04:37:29,2017-12-19 04:37:29
review_003377,order_003377,5,2017-05-27 09:12:17,2017-06-11 09:12:17
review_003378,order_003378,5,2017-04-08 19:33:28,2017-04-16 19:33:28
review_003379,order_003379,5,2017-06-25 14:40:56,2017-07-13 14:40:56
review_003380,order_003380,3,2018-05-24 16:15:40,2018-05-27 16:15:40
review_003381,order_003381,4,2018-01-03 02:20:41,2018-01-13 02:20:41
review_003382,order_003382,2,2017-11-07 23:18:00,2017-11-30 23:18:00
review_003383,order_003383,4,2018-01-22 01:59:06,2018-01-24 01:59:06
review_003384,order_003384,5,2017-12-21 17:02:09,2017-12-28 17:02:09
review_003385,order_003385,5,2017-11-23 15:20:48,2017-11-09 15:20:48
review_003386,order_003386,5,2018-06-28 09:54:11,2018-06-21 09:54:11
review_003387,order_003387,4,2018-03-28 20:06:54,2018-04-04 20:06:54
review_003388,order_003388,4,2017-05-12 21:25:06,2017-04-30 21:25:06
review_003389,order_003389,5,2018-05-26 01:41:11,2018-06-13 01:41:11
review_003390,order_003390,4,2017-05-15 22:59:42,2017-05-07 22:59:42
review_003391,order_003391,4,2017-03-03 05:47:12,2017-03-16 05:47:12
review_003392,order_003392,3,2017-10-11 18:59:58,2017-09-20 18:59:58
review_003393,order_003393,2,2017-09-19 19:41:52,2017-09-30 19:41:52
review_003394,order_003394,3,2018-05-21 13:21:33,2018-05-20 13:21:33
review_003395,order_003395,3,2018-03-27 20:43:07,2018-04-03 20:43:07
review_003396,order_003396,5,2017-03-03 19:49:06,2017-02-28 19:49:06
review_003397,order_003397,5,2017-12-04 12:32:35,2017-11-06 12:32:35
review_003398,order_003398,2,2018-05-28 04:17:49,2018-05-16 04:17:49
review_003399,order_003399,1,2018-04-03 10:25:46,2018-04-14 10:25:46
review_003400,order_003400,4,2017-11-09 21:36:30,2017-11-29 21:36:30
review_003401,order_003401,4,2018-01-20 04:51:54,2018-02-08 04:51:54
review_003402,order_003402,5,2017-12-25 23:59:21,2017-12-19 23:59:21
review_003403,order_003403,4,2017-06-07 04:21:39,2017-06-15 04:21:39
review_003404,order_003404,4,2018-01-06 15:57:48,2018-01-12 15:57:48
review_003405,order_003405,5,2018-03-12 15:23:01,2018-02-23 15:23:01
review_003406,order_003406,1,2017-02-13 04:42:04,2017-02-17 04:42:04
review_003407,order_003407,5,2018-03-25 11:20:07,2018-03-25 11:20:07
review_003408,order_003408,5,2017-06-24 03:27:59,2017-06-24 03:27:59
review_003409,order_003409,4,2017-02-03 08:45:16,2017-01-25 08:45:16
review_003410,order_003410,5,2018-04-23 23:01:33,2018-05-03 23:01:33
review_003411,order_003411,4,2017-09-09 01:18:10,2017-09-18 01:18:10
review_003412,order_003412,5,2017-09-21 20:54:44,2017-09-15 20:54:44
review_003413,order_003413,2,2018-02-14 16:15:37,2018-02-13 16:15:37
review_003414,order_003414,3,2017-12-19 17:58:05,2017-12-25 17:58:05
review_003415,order_003415,5,2018-02-07 06:46:15,2018-01-24 06:46:15
review_003416,order_003416,4,2018-08-16 22:46:43,2018-08-16 22:46:43
review_003417,order_003417,5,2018-02-05 06:04:54,2018-02-16 06:04:54
review_003418,order_003418,5,2017-02-18 12:04:54,2017-02-18 12:04:54
review_003419,order_003419,5,2017-06-19 00:52:58,2017-05-23 00:52:58
review_003420,order_003420,3,2017-10-15 21:18:21,2017-10-12 21:18:21
review_003421,order_003421,3,2017-10-27 16:54:32,2017-11-07 16:54:32
review_003422,order_003422,5,2017-08-28 03:54:27,2017-08-24 03:54:27
review_003423,order_003423,4,2017-04-30 15:53:25,2017-05-01 15:53:25
review_003424,order_003424,5,2017-03-22 04:23:14,2017-03-19 04:23:14
review_003425,order_003425,5,2017-04-17 10:39:56,2017-04-12 10:39:56
review_003426,order_003426,5,2018-08-19 12:17:46,2018-09-02 12:17:46
review_003427,order_003427,5,2017-09-19 22:21:02,2017-09-26 22:21:02
review_003428,order_003428,5,2018-08-27 07:58:48,2018-09-04 07:58:48
review_003429,order_003429,5,2017-08-11 00:18:27,2017-08-01 00:18:27
review_003430,order_003430,5,2017-07-23 10:22:49,2017-07-22 10:22:49
review_003431,order_003431,4,2017-11-22 22:14:13,2017-11-10 22:14:13
review_003432,order_003432,4,2018-08-14 19:09:24,2018-08-20 19:09:24
review_003433,order_003433,5,2017-12-17 01:25:03,2018-01-06 01:25:03
review_003434,order_003434,5,2017-02-16 01:16:54,2017-02-15 01:16:54
review_003435,order_003435,5,2017-07-14 18:09:50,2017-07-14 18:09:50
review_003436,order_003436,5,2018-08-25 17:18:00,2018-09-21 17:18:00
review_003437,order_003437,4,2017-04-23 13:22:22,2017-05-02 13:22:22
review_003438,order_003438,5,2018-05-31 02:07:03,2018-06-07 02:07:03
review_003439,order_003439,4,2018-07-26 06:43:16,2018-08-11 06:43:16
review_003440,order_003440,4,2017-06-08 20:20:24,2017-05-30 20:20:24
review_003441,order_003441,3,2018-01-09 03:20:48,2018-01-01 03:20:48
review_003442,order_003442,5,2018-01-05 04:50:44,2018-01-25 04:50:44
review_003443,order_003443,5,2018-05-29 10:51:09,2018-05-23 10:51:09
review_003444,order_003444,5,2018-05-13 17:38:18,2018-05-16 17:38:18
review_003445,order_003445,5,2017-02-20 19:52:41,2017-02-28 19:52:41
review_003446,order_003446,5,2017-08-01 14:12:18,2017-07-26 14:12:18
review_003447,order_003447,4,2018-08-15 11:49:11,2018-08-12 11:49:11
review_003448,order_003448,5,2017-08-13 09:15:17,2017-09-08 09:15:17
review_003449,order_003449,4,2017-06-11 01:02:56,2017-06-08 01:02:56
review_003450,order_003450,5,2018-02-05 06:25:15,2018-02-15 06:25:15
review_003451,order_003451,1,2017-05-19 05:09:14,2017-05-29 05:09:14
review_003452,order_003452,3,2017-04-17 01:22:44,2017-04-23 01:22:44
review_003453,order_003453,3,2018-05-13 17:52:54,2018-05-21 17:52:54
review_003454,order_003454,2,2017-03-25 08:28:52,2017-04-15 08:28:52
review_003455,order_003455,5,2018-07-12 12:13:49,2018-07-25 12:13:49
review_003456,order_003456,5,2017-06-17 04:48:45,2017-07-04 04:48:45
review_003457,order_003457,4,2017-03-19 14:11:22,2017-03-26 14:11:22
review_003458,order_003458,5,2018-04-07 03:15:42,2018-04-23 03:15:42
review_003459,order_003459,5,2017-05-06 16:15:55,2017-05-13 16:15:55
review_003460,order_003460,5,2017-09-10 17:43:26,2017-09-08 17:43:26
review_003461,order_003461,3,2017-08-09 07:28:27,2017-09-06 07:28:27
review_003462,order_003462,5,2017-11-13 05:06:01,2017-11-26 05:06:01
review_003463,order_003463,4,2017-11-05 18:43:25,2017-10-23 18:43:25
review_003464,order_003464,5,2017-05-27 05:21:20,2017-05-20 05:21:20
review_003465,order_003465,4,2017-06-03 04:16:38,2017-06-06 04:16:38
review_003466,order_003466,4,2017-05-13 08:10:17,2017-05-11 08:10:17
review_003467,order_003467,5,2017-02-13 23:11:51,2017-02-16 23:11:51
review_003468,order_003468,5,2018-03-02 11:06:13,2018-03-02 11:06:13
review_003469,order_003469,3,2017-10-29 06:18:14,2017-11-15 06:18:14
review_003470,order_003470,5,2017-03-21 12:19:44,2017-03-22 12:19:44
review_003471,order_003471,1,2017-08-16 08:21:41,2017-07-30 08:21:41
review_003472,order_003472,2,2018-02-19 15:56:56,2018-03-09 15:56:56
review_003473,order_003473,3,2017-07-08 10:31:56,2017-07-24 10:31:56
review_003474,order_003474,4,2017-09-16 14:07:28,2017-10-06 14:07:28
review_003475,order_003475,5,2018-04-25 10:28:18,2018-04-07 10:28:18
review_003476,order_003476,5,2018-02-23 11:33:37,2018-03-11 11:33:37
review_003477,order_003477,4,2018-04-06 10:43:54,2018-04-07 10:43:54
review_003478,order_003478,5,2017-09-06 09:27:16,2017-09-20 09:27:16
review_003479,order_003479,5,2017-11-24 23:07:51,2017-11-01 23:07:51
review_003480,order_003480,4,2018-06-08 06:22:43,2018-06-07 06:22:43
review_003481,order_003481,5,2018-06-26 19:19:48,2018-06-22 19:19:48
review_003482,order_003482,3,2017-02-10 17:02:19,2017-02-28 17:02:19
review_003483,order_003483,5,2018-06-26 12:40:16,2018-06-27 12:40:16
review_003484,order_003484,4,2018-07-22 07:37:12,2018-07-23 07:37:12
review_003485,order_003485,5,2018-08-27 11:36:42,2018-08-30 11:36:42
review_003486,order_003486,4,2017-06-20 20:23:23,2017-06-24 20:23:23
review_003487,order_003487,3,2017-11-06 04:22:00,2017-11-20 04:22:00
review_003488,order_003488,4,2017-02-15 14:04:04,2017-02-02 14:04:04
review_003489,order_003489,4,2017-04-11 18:21:23,2017-04-01 18:21:23
review_003490,order_003490,4,2017-12-23 15:12:52,2018-01-10 15:12:52
review_003491,order_003491,5,2017-06-08 03:27:34,2017-05-17 03:27:34
review_003492,order_003492,4,2017-06-16 12:12:39,2017-06-21 12:12:39
review_003493,order_003493,5,2017-07-27 04:23:31,2017-08-03 04:23:31
review_003494,order_003494,4,2017-11-08 22:17:07,2017-11-04 22:17:07
review_003495,order_003495,1,2017-04-26 08:26:30,2017-05-04 08:26:30
review_003496,order_003496,5,2018-05-26 10:07:05,2018-05-11 10:07:05
review_003497,order_003497,4,2018-03-17 20:34:47,2018-03-15 20:34:47
review_003498,order_003498,5,2018-05-13 10:14:50,2018-05-12 10:14:50
review_003499,order_003499,5,2018-07-28 04:39:16,2018-08-18 04:39:16
review_003500,order_003500,5,2018-01-21 21:25:56,2018-01-28 21:25:56
review_003501,order_003501,4,2017-09-05 15:33:06,2017-08-30 15:33:06
review_003502,order_003502,5,2018-08-28 14:31:03,2018-09-19 14:31:03
review_003503,order_003503,5,2018-01-11 01:48:50,2017-12-25 01:48:50
review_003504,order_003504,5,2017-11-09 10:46:46,2017-10-19 10:46:46
review_003505,order_003505,5,2017-09-29 11:01:24,2017-10-15 11:01:24
review_003506,order_003506,3,2017-02-25 06:17:29,2017-02-26 06:17:29
review_003507,order_003507,4,2018-08-18 13:32:48,2018-08-22 13:32:48
review_003508,order_003508,5,2018-06-12 05:52:51,2018-06-12 05:52:51
review_003509,order_003509,5,2018-03-20 11:18:09,2018-04-06 11:18:09
review_003510,order_003510,4,2017-06-14 19:14:03,2017-05-28 19:14:03
review_003511,order_003511,4,2018-08-22 17:38:47,2018-07-31 17:38:47
review_003512,order_003512,5,2017-04-26 06:42:25,2017-05-19 06:42:25
review_003513,order_003513,5,2017-06-23 04:58:50,2017-06-19 04:58:50
review_003514,order_003514,4,2017-02-27 00:08:15,2017-02-18 00:08:15
review_003515,order_003515,5,2017-07-16 08:17:35,2017-07-17 08:17:35
review_003516,order_003516,1,2017-08-14 00:28:01,2017-07-28 00:28:01
review_003517,order_003517,4,2018-05-07 03:04:39,2018-05-12 03:04:39
review_003518,order_003518,4,2017-08-14 23:28:53,2017-08-22 23:28:53
review_003519,order_003519,2,2018-08-30 20:32:09,2018-08-18 20:32:09
review_003520,order_003520,5,2017-07-24 13:26:09,2017-07-19 13:26:09
review_003521,order_003521,5,2017-11-27 18:35:20,2017-12-14 18:35:20
review_003522,order_003522,5,2018-01-10 11:44:11,2018-01-16 11:44:11
review_003523,order_003523,4,2018-06-23 14:25:53,2018-06-04 14:25:53
review_003524,order_003524,5,2018-05-03 22:01:44,2018-05-05 22:01:44
review_003525,order_003525,5,2018-07-02 01:53:12,2018-07-08 01:53:12
review_003526,order_003526,5,2018-08-23 08:26:25,2018-08-13 08:26:25
review_003527,order_003527,4,2017-04-05 02:51:24,2017-04-03 02:51:24
review_003528,order_003528,5,2017-03-21 19:04:47,2017-03-06 19:04:47
review_003529,order_003529,3,2017-11-04 19:44:30,2017-10-12 19:44:30
review_003530,order_003530,5,2017-04-08 17:19:24,2017-05-06 17:19:24
review_003531,order_003531,3,2017-11-24 14:36:52,2017-11-11 14:36:52
review_003532,order_003532,5,2018-01-04 11:27:01,2018-01-23 11:27:01
review_003533,order_003533,5,2017-07-07 00:33:50,2017-07-03 00:33:50
review_003534,order_003534,1,2017-03-22 18:35:28,2017-03-17 18:35:28
review_003535,order_003535,4,2018-08-31 21:27:20,2018-08-24 21:27:20
review_003536,order_003536,4,2017-09-10 23:10:43,2017-08-22 23:10:43
review_003537,order_003537,5,2018-06-27 08:12:15,2018-06-04 08:12:15
review_003538,order_003538,4,2018-01-25 04:48:52,2018-01-22 04:48:52
review_003539,order_003539,3,2018-03-12 15:41:45,2018-02-13 15:41:45
review_003540,order_003540,5,2018-05-06 00:25:12,2018-05-19 00:25:12
review_003541,order_003541,5,2017-06-30 01:26:46,2017-07-10 01:26:46
review_003542,order_003542,4,2017-06-01 19:42:53,2017-05-28 19:42:53
review_003543,order_003543,5,2018-09-14 22:57:51,2018-09-12 22:57:51
review_003544,order_003544,4,2018-02-28 09:41:09,2018-02-27 09:41:09
review_003545,order_003545,4,2017-07-25 12:11:14,2017-07-29 12:11:14
review_003546,order_003546,5,2018-02-02 13:03:56,2018-02-25 13:03:56
review_003547,order_003547,4,2017-09-06 03:19:25,2017-09-03 03:19:25
review_003548,order_003548,5,2018-06-27 05:20:20,2018-07-06 05:20:20
review_003549,order_003549,5,2017-11-22 07:09:45,2017-12-05 07:09:45
review_003550,order_003550,4,2017-08-04 20:12:10,2017-07-28 20:12:10
review_003551,order_003551,5,2018-03-01 10:30:54,2018-03-10 10:30:54
review_003552,order_003552,5,2018-04-16 17:18:32,2018-04-29 17:18:32
review_003553,order_003553,4,2017-09-14 04:40:00,2017-09-10 04:40:00
review_003554,order_003554,4,2018-04-15 22:52:50,2018-04-27 22:52:50
review_003555,order_003555,5,2017-05-29 21:12:08,2017-06-18 21:12:08
review_003556,order_003556,4,2017-06-07 11:24:21,2017-06-03 11:24:21
review_003557,order_003557,4,2018-06-08 05:24:49,2018-05-30 05:24:49
review_003558,order_003558,3,2018-02-04 23:26:15,2018-02-09 23:26:15
review_003559,order_003559,4,2017-02-25 19:23:41,2017-02-03 19:23:41
review_003560,order_003560,4,2018-03-21 12:15:37,2018-02-22 12:15:37
review_003561,order_003561,4,2017-07-19 06:25:16,2017-08-05 06:25:16
review_003562,order_003562,5,2017-06-24 14:54:50,2017-07-13 14:54:50
review_003563,order_003563,5,2017-10-14 08:53:19,2017-09-27 08:53:19
review_003564,order_003564,4,2017-11-02 16:10:44,2017-11-05 16:10:44
review_003565,order_003565,5,2018-07-06 19:58:44,2018-07-06 19:58:44
review_003566,order_003566,5,2017-10-23 11:45:16,2017-10-16 11:45:16
review_003567,order_003567,5,2017-07-08 01:09:21,2017-07-26 01:09:21
review_003568,order_003568,4,2018-05-10 13:30:24,2018-05-04 13:30:24
review_003569,order_003569,4,2017-12-07 20:36:27,2017-12-08 20:36:27
review_003570,order_003570,4,2017-01-28 05:21:33,2017-01-07 05:21:33
review_003571,order_003571,5,2018-02-18 23:01:31,2018-02-16 23:01:31
review_003572,order_003572,4,2017-11-30 08:41:48,2017-12-02 08:41:48
review_003573,order_003573,4,2018-01-08 16:25:07,2018-01-04 16:25:07
review_003574,order_003574,4,2017-05-13 16:50:52,2017-05-08 16:50:52
review_003575,order_003575,5,2017-11-16 04:22:11,2017-11-03 04:22:11
review_003576,order_003576,5,2018-03-03 00:56:08,2018-02-27 00:56:08
review_003577,order_003577,4,2018-03-01 22:46:13,2018-02-23 22:46:13
review_003578,order_003578,2,2018-02-28 16:48:35,2018-03-25 16:48:35
review_003579,order_003579,2,2018-09-09 15:09:05,2018-09-13 15:09:05
review_003580,order_003580,4,2017-11-25 07:17:26,2017-12-06 07:17:26
review_003581,order_003581,1,2017-10-10 02:35:39,2017-10-02 02:35:39
review_003582,order_003582,3,2017-12-15 06:31:26,2017-12-14 06:31:26
review_003583,order_003583,5,2017-07-25 13:08:43,2017-08-16 13:08:43
review_003584,order_003584,3,2017-07-23 16:38:37,2017-07-23 16:38:37
review_003585,order_003585,5,2018-03-15 07:39:25,2018-03-17 07:39:25
review_003586,order_003586,5,2017-07-24 05:09:31,2017-07-26 05:09:31
review_003587,order_003587,3,2018-05-04 05:59:18,2018-05-04 05:59:18
review_003588,order_003588,3,2018-04-18 23:04:49,2018-04-13 23:04:49
review_003589,order_003589,1,2018-08-27 15:07:57,2018-08-11 15:07:57
review_003590,order_003590,1,2017-04-23 23:46:34,2017-04-21 23:46:34
review_003591,order_003591,5,2017-08-29 00:09:02,2017-08-30 00:09:02
review_003592,order_003592,5,2018-04-22 10:59:39,2018-04-26 10:59:39
review_003593,order_003593,5,2017-09-28 10:58:38,2017-10-01 10:58:38
review_003594,order_003594,4,2018-02-15 09:38:02,2018-02-13 09:38:02
review_003595,order_003595,2,2018-04-11 09:23:52,2018-04-12 09:23:52
review_003596,order_003596,5,2018-06-27 01:53:48,2018-07-03 01:53:48
review_003597,order_003597,4,2017-06-08 00:46:19,2017-05-29 00:46:19
review_003598,order_003598,3,2017-07-05 18:40:38,2017-06-19 18:40:38
review_003599,order_003599,4,2017-11-03 10:34:20,2017-10-29 10:34:20
review_003600,order_003600,2,2017-12-02 03:54:19,2017-11-24 03:54:19
review_003601,order_003601,1,2018-07-26 08:20:27,2018-07-31 08:20:27
review_003602,order_003602,4,2017-02-23 22:23:35,2017-02-22 22:23:35
review_003603,order_003603,5,2017-07-02 11:13:28,2017-06-29 11:13:28
review_003604,order_003604,5,2018-08-03 23:46:27,2018-08-07 23:46:27
review_003605,order_003605,1,2018-01-19 03:52:33,2018-01-31 03:52:33
review_003606,order_003606,2,2018-03-14 02:56:16,2018-03-16 02:56:16
review_003607,order_003607,3,2017-06-17 13:31:53,2017-06-16 13:31:53
review_003608,order_003608,4,2018-02-14 16:23:31,2018-01-26 16:23:31
review_003609,order_003609,5,2017-08-22 23:33:04,2017-08-29 23:33:04
review_003610,order_003610,1,2018-04-13 11:11:01,2018-04-08 11:11:01
review_003611,order_003611,3,2017-03-14 04:48:14,2017-03-18 04:48:14
review_003612,order_003612,5,2017-07-14 12:59:15,2017-07-25 12:59:15
review_003613,order_003613,4,2018-02-03 07:22:01,2018-02-18 07:22:01
review_003614,order_003614,4,2018-02-05 04:18:35,2018-02-04 04:18:35
review_003615,order_003615,2,2018-06-10 02:07:18,2018-06-25 02:07:18
review_003616,order_003616,4,2018-05-15 17:21:52,2018-05-12 17:21:52
review_003617,order_003617,4,2017-01-25 15:25:34,2017-02-12 15:25:34
review_003618,order_003618,5,2017-03-10 03:59:55,2017-03-10 03:59:55
review_003619,order_003619,4,2017-08-30 13:24:47,2017-08-16 13:24:47
review_003620,order_003620,3,2018-08-22 21:14:49,2018-08-13 21:14:49
review_003621,order_003621,5,2017-11-19 19:38:02,2017-11-20 19:38:02
review_003622,order_003622,5,2018-07-10 10:53:43,2018-07-08 10:53:43
review_003623,order_003623,1,2017-02-26 01:22:29,2017-03-01 01:22:29
review_003624,order_003624,4,2018-09-07 15:14:12,2018-08-24 15:14:12
review_003625,order_003625,4,2017-03-07 12:23:20,2017-02-23 12:23:20
review_003626,order_003626,5,2018-06-03 22:07:22,2018-05-30 22:07:22
review_003627,order_003627,2,2018-07-05 13:16:47,2018-06-29 13:16:47
review_003628,order_003628,3,2017-08-01 17:42:37,2017-07-16 17:42:37
review_003629,order_003629,4,2017-07-15 12:40:57,2017-07-27 12:40:57
review_003630,order_003630,4,2018-01-19 12:58:49,2018-01-10 12:58:49
review_003631,order_003631,5,2018-03-25 07:37:06,2018-04-11 07:37:06
review_003632,order_003632,5,2017-04-04 09:39:51,2017-04-18 09:39:51
review_003633,order_003633,5,2017-06-10 07:06:08,2017-06-26 07:06:08
review_003634,order_003634,5,2018-04-30 11:05:28,2018-04-16 11:05:28
review_003635,order_003635,5,2018-06-02 22:50:11,2018-05-21 22:50:11
review_003636,order_003636,5,2017-04-09 08:12:00,2017-04-12 08:12:00
review_003637,order_003637,5,2018-07-18 11:07:05,2018-07-17 11:07:05
review_003638,order_003638,5,2018-07-14 22:42:30,2018-07-06 22:42:30
review_003639,order_003639,4,2018-06-23 03:37:45,2018-07-07 03:37:45
review_003640,order_003640,3,2017-06-24 06:04:06,2017-06-04 06:04:06
review_003641,order_003641,5,2018-03-10 11:50:09,2018-03-12 11:50:09
review_003642,order_003642,3,2017-04-13 09:49:27,2017-04-21 09:49:27
review_003643,order_003643,4,2017-05-07 08:11:14,2017-05-31 08:11:14
review_003644,order_003644,5,2017-03-01 18:40:38,2017-02-27 18:40:38
review_003645,order_003645,3,2017-11-05 11:58:23,2017-11-24 11:58:23
review_003646,order_003646,3,2018-03-23 08:44:39,2018-03-19 08:44:39
review_003647,order_003647,5,2017-05-11 11:29:42,2017-05-15 11:29:42
review_003648,order_003648,4,2017-05-23 21:16:43,2017-05-10 21:16:43
review_003649,order_003649,4,2017-07-13 23:36:53,2017-07-09 23:36:53
review_003650,order_003650,4,2017-05-11 05:50:01,2017-05-22 05:50:01
review_003651,order_003651,4,2018-06-04 00:57:52,2018-06-12 00:57:52
review_003652,order_003652,5,2017-05-09 00:45:08,2017-05-11 00:45:08
review_003653,order_003653,5,2017-07-20 10:41:22,2017-07-24 10:41:22
review_003654,order_003654,4,2017-08-08 15:05:24,2017-07-11 15:05:24
review_003655,order_003655,4,2017-05-11 01:13:52,2017-05-26 01:13:52
review_003656,order_003656,5,2018-08-19 12:11:53,2018-08-31 12:11:53
review_003657,order_003657,4,2017-06-10 09:35:28,2017-05-15 09:35:28
review_003658,order_003658,5,2017-11-23 22:23:36,2017-11-22 22:23:36
review_003659,order_003659,5,2017-12-16 14:29:08,2018-01-08 14:29:08
review_003660,order_003660,3,2017-06-14 10:09:18,2017-07-09 10:09:18
review_003661,order_003661,4,2017-11-15 14:04:46,2017-10-31 14:04:46
review_003662,order_003662,3,2017-04-26 03:15:14,2017-05-08 03:15:14
review_003663,order_003663,2,2017-10-29 11:24:01,2017-11-11 11:24:01
review_003664,order_003664,5,2017-01-21 07:54:50,2017-01-30 07:54:50
review_003665,order_003665,4,2017-09-29 04:20:37,2017-10-22 04:20:37
review_003666,order_003666,4,2017-08-27 09:26:13,2017-09-02 09:26:13
review_003667,order_003667,4,2017-08-15 15:20:08,2017-09-05 15:20:08
review_003668,order_003668,5,2017-03-15 13:59:42,2017-04-07 13:59:42
review_003669,order_003669,4,2018-09-15 23:08:05,2018-09-30 23:08:05
review_003670,order_003670,4,2017-01-31 06:35:16,2017-02-09 06:35:16
review_003671,order_003671,5,2017-04-26 16:47:31,2017-04-12 16:47:31
review_003672,order_003672,2,2017-03-14 13:12:27,2017-03-29 13:12:27
review_003673,order_003673,3,2018-09-18 20:58:18,2018-08-30 20:58:18
review_003674,order_003674,4,2017-07-21 21:47:35,2017-07-24 21:47:35
review_003675,order_003675,4,2017-10-06 16:58:49,2017-10-25 16:58:49
review_003676,order_003676,5,2018-05-06 10:10:10,2018-04-16 10:10:10
review_003677,order_003677,2,2017-02-12 12:48:05,2017-02-12 12:48:05
review_003678,order_003678,4,2017-03-11 15:38:15,2017-03-03 15:38:15
review_003679,order_003679,1,2017-05-04 19:20:29,2017-05-01 19:20:29
review_003680,order_003680,1,2018-02-24 05:29:36,2018-03-21 05:29:36
review_003681,order_003681,2,2018-09-18 20:57:05,2018-09-19 20:57:05
review_003682,order_003682,4,2018-02-10 19:13:54,2018-02-05 19:13:54
review_003683,order_003683,4,2018-06-21 02:06:56,2018-07-04 02:06:56
review_003684,order_003684,4,2018-07-11 06:28:19,2018-07-10 06:28:19
review_003685,order_003685,4,2017-07-06 05:39:33,2017-06-25 05:39:33
review_003686,order_003686,2,2017-05-18 13:54:54,2017-05-09 13:54:54
review_003687,order_003687,5,2017-04-19 05:00:25,2017-05-01 05:00:25
review_003688,order_003688,4,2018-05-12 07:12:21,2018-05-22 07:12:21
review_003689,order_003689,4,2018-02-27 04:32:24,2018-03-01 04:32:24
review_003690,order_003690,5,2018-07-09 01:37:03,2018-07-07 01:37:03
review_003691,order_003691,5,2017-11-17 11:01:28,2017-11-24 11:01:28
review_003692,order_003692,5,2018-08-30 07:40:18,2018-09-06 07:40:18
review_003693,order_003693,4,2018-07-26 12:06:30,2018-07-21 12:06:30
review_003694,order_003694,3,2018-05-17 05:05:19,2018-06-10 05:05:19
review_003695,order_003695,4,2018-05-16 06:52:22,2018-06-08 06:52:22
review_003696,order_003696,5,2017-04-03 21:25:27,2017-04-09 21:25:27
review_003697,order_003697,5,2018-04-30 19:19:14,2018-04-07 19:19:14
review_003698,order_003698,4,2018-08-14 06:23:16,2018-08-13 06:23:16
review_003699,order_003699,5,2017-07-23 03:52:58,2017-07-10 03:52:58
review_003700,order_003700,3,2018-05-24 23:23:10,2018-06-12 23:23:10
review_003701,order_003701,1,2017-08-14 16:20:27,2017-09-01 16:20:27
review_003702,order_003702,5,2017-06-13 11:48:58,2017-05-24 11:48:58
review_003703,order_003703,5,2018-03-27 16:47:07,2018-03-31 16:47:07
review_003704,order_003704,5,2017-04-20 05:18:20,2017-04-29 05:18:20
review_003705,order_003705,4,2017-10-30 10:16:30,2017-11-24 10:16:30
review_003706,order_003706,2,2018-08-02 09:23:32,2018-07-30 09:23:32
review_003707,order_003707,1,2017-04-26 17:18:03,2017-04-21 17:18:03
review_003708,order_003708,1,2017-04-14 04:24:08,2017-04-15 04:24:08
review_003709,order_003709,4,2018-08-26 11:44:17,2018-08-21 11:44:17
review_003710,order_003710,4,2018-05-12 20:00:30,2018-05-19 20:00:30
review_003711,order_003711,4,2017-10-24 04:42:42,2017-10-19 04:42:42
review_003712,order_003712,5,2017-09-21 02:52:45,2017-09-21 02:52:45
review_003713,order_003713,3,2018-08-27 19:42:33,2018-08-25 19:42:33
review_003714,order_003714,3,2018-04-05 20:57:52,2018-03-26 20:57:52
review_003715,order_003715,4,2018-08-08 10:20:00,2018-07-29 10:20:00
review_003716,order_003716,5,2017-03-10 01:06:07,2017-03-07 01:06:07
review_003717,order_003717,4,2017-12-06 12:58:35,2017-12-23 12:58:35
review_003718,order_003718,5,2018-04-01 07:11:26,2018-04-01 07:11:26
review_003719,order_003719,5,2017-02-01 14:05:53,2017-02-08 14:05:53
review_003720,order_003720,3,2017-12-01 03:21:26,2017-12-03 03:21:26
review_003721,order_003721,5,2017-02-13 19:19:25,2017-03-08 19:19:25
review_003722,order_003722,3,2018-07-28 16:26:46,2018-07-11 16:26:46
review_003723,order_003723,5,2018-03-21 15:29:07,2018-03-03 15:29:07
review_003724,order_003724,5,2017-05-19 12:17:44,2017-05-30 12:17:44
review_003725,order_003725,3,2017-12-03 05:17:06,2017-11-21 05:17:06
review_003726,order_003726,3,2017-04-03 22:32:38,2017-03-20 22:32:38
review_003727,order_003727,5,2018-06-01 06:22:43,2018-06-04 06:22:43
review_003728,order_003728,5,2017-05-19 08:47:18,2017-06-02 08:47:18
review_003729,order_003729,4,2018-01-27 22:13:49,2018-02-01 22:13:49
review_003730,order_003730,3,2017-03-03 00:58:40,2017-03-12 00:58:40
review_003731,order_003731,5,2017-04-18 03:00:08,2017-04-16 03:00:08
review_003732,order_003732,4,2018-08-25 18:16:47,2018-08-28 18:16:47
review_003733,order_003733,4,2017-09-04 08:49:51,2017-08-29 08:49:51
review_003734,order_003734,5,2017-03-31 13:54:28,2017-03-29 13:54:28
review_003735,order_003735,3,2018-03-11 13:55:58,2018-04-01 13:55:58
review_003736,order_003736,5,2017-06-03 19:51:30,2017-05-19 19:51:30
review_003737,order_003737,5,2018-01-02 14:53:12,2018-01-05 14:53:12
review_003738,order_003738,3,2018-05-22 10:13:38,2018-05-20 10:13:38
review_003739,order_003739,4,2018-03-15 13:10:55,2018-03-12 13:10:55
review_003740,order_003740,4,2017-06-09 17:42:58,2017-06-18 17:42:58
review_003741,order_003741,4,2017-06-22 09:05:55,2017-06-25 09:05:55
review_003742,order_003742,4,2017-06-10 04:06:20,2017-06-16 04:06:20
review_003743,order_003743,5,2018-02-14 11:40:17,2018-02-12 11:40:17
review_003744,order_003744,4,2018-03-13 23:59:19,2018-03-20 23:59:19
review_003745,order_003745,3,2017-12-15 02:41:30,2017-12-16 02:41:30
review_003746,order_003746,5,2017-09-20 04:10:03,2017-09-08 04:10:03
review_003747,order_003747,4,2017-03-11 23:52:56,2017-02-14 23:52:56
review_003748,order_003748,3,2018-06-25 19:54:54,2018-06-02 19:54:54
review_003749,order_003749,5,2018-03-11 02:48:31,2018-02-24 02:48:31
review_003750,order_003750,5,2018-02-24 05:05:54,2018-02-12 05:05:54
review_003751,order_003751,4,2017-04-02 16:34:47,2017-03-16 16:34:47
review_003752,order_003752,4,2017-07-29 18:46:48,2017-07-21 18:46:48
review_003753,order_003753,4,2017-07-23 17:36:53,2017-07-22 17:36:53
review_003754,order_003754,5,2018-01-09 20:40:12,2018-01-09 20:40:12
review_003755,order_003755,5,2018-05-09 12:09:43,2018-05-22 12:09:43
review_003756,order_003756,4,2018-06-23 21:02:21,2018-07-09 21:02:21
review_003757,order_003757,5,2017-11-21 14:18:14,2017-12-16 14:18:14
review_003758,order_003758,4,2017-08-30 11:25:02,2017-09-14 11:25:02
review_003759,order_003759,5,2017-10-09 15:16:28,2017-09-16 15:16:28
review_003760,order_003760,5,2018-04-24 10:17:29,2018-04-06 10:17:29
review_003761,order_003761,4,2017-07-26 14:33:12,2017-07-29 14:33:12
review_003762,order_003762,3,2017-09-26 20:00:39,2017-10-13 20:00:39
review_003763,order_003763,5,2018-05-03 22:59:48,2018-05-13 22:59:48
review_003764,order_003764,5,2017-12-15 13:54:27,2017-12-30 13:54:27
review_003765,order_003765,4,2017-10-19 00:08:15,2017-10-25 00:08:15
review_003766,order_003766,5,2018-03-31 14:54:38,2018-04-07 14:54:38
review_003767,order_003767,4,2017-07-07 06:02:43,2017-07-06 06:02:43
review_003768,order_003768,1,2017-03-04 05:39:56,2017-02-22 05:39:56
review_003769,order_003769,5,2018-05-25 21:08:55,2018-05-25 21:08:55
review_003770,order_003770,4,2017-11-03 10:42:27,2017-10-19 10:42:27
review_003771,order_003771,5,2017-08-19 18:58:11,2017-08-18 18:58:11
review_003772,order_003772,1,2017-03-07 08:52:00,2017-03-11 08:52:00
review_003773,order_003773,5,2018-07-30 14:33:50,2018-07-24 14:33:50
review_003774,order_003774,3,2018-04-06 15:58:03,2018-04-08 15:58:03
review_003775,order_003775,2,2017-07-16 21:26:17,2017-07-19 21:26:17
review_003776,order_003776,4,2018-01-12 04:42:56,2018-01-18 04:42:56
review_003777,order_003777,3,2017-11-01 13:28:09,2017-11-08 13:28:09
review_003778,order_003778,5,2017-07-27 09:44:16,2017-08-21 09:44:16
review_003779,order_003779,5,2017-07-22 11:07:54,2017-07-23 11:07:54
review_003780,order_003780,5,2017-03-14 20:22:10,2017-02-25 20:22:10
review_003781,order_003781,5,2018-08-29 03:15:35,2018-09-10 03:15:35
review_003782,order_003782,4,2018-08-13 13:06:52,2018-08-13 13:06:52
review_003783,order_003783,5,2018-06-30 09:18:28,2018-07-03 09:18:28
review_003784,order_003784,5,2017-08-13 21:30:18,2017-08-04 21:30:18
review_003785,order_003785,4,2018-09-08 05:11:38,2018-09-11 05:11:38
review_003786,order_003786,4,2017-06-28 05:34:50,2017-07-02 05:34:50
review_003787,order_003787,3,2018-06-10 02:10:49,2018-05-26 02:10:49
review_003788,order_003788,5,2017-04-06 10:33:27,2017-03-24 10:33:27
review_003789,order_003789,5,2017-07-14 00:15:34,2017-07-31 00:15:34
review_003790,order_003790,5,2018-01-10 12:00:35,2018-01-18 12:00:35
review_003791,order_003791,1,2018-09-12 05:21:57,2018-08-19 05:21:57
review_003792,order_003792,4,2017-07-11 09:36:49,2017-07-10 09:36:49
review_003793,order_003793,5,2017-10-17 14:31:27,2017-10-20 14:31:27
review_003794,order_003794,2,2018-06-17 16:25:40,2018-06-26 16:25:40
review_003795,order_003795,4,2017-10-30 01:28:10,2017-11-09 01:28:10
review_003796,order_003796,2,2018-03-15 03:34:09,2018-03-19 03:34:09
review_003797,order_003797,5,2017-10-01 07:37:35,2017-10-07 07:37:35
review_003798,order_003798,5,2017-01-17 12:27:56,2017-01-15 12:27:56
review_003799,order_003799,5,2017-07-09 21:12:15,2017-07-14 21:12:15
review_003800,order_003800,4,2017-12-19 03:19:49,2017-12-24 03:19:49
review_003801,order_003801,4,2017-02-14 01:37:44,2017-02-05 01:37:44
review_003802,order_003802,5,2017-05-30 15:06:02,2017-06-20 15:06:02
review_003803,order_003803,2,2018-08-22 23:29:35,2018-09-05 23:29:35
review_003804,order_003804,5,2017-01-27 19:55:33,2017-02-05 19:55:33
review_003805,order_003805,4,2017-07-03 13:34:14,2017-06-22 13:34:14
review_003806,order_003806,4,2018-01-31 00:28:47,2018-01-24 00:28:47
review_003807,order_003807,5,2018-01-06 13:49:44,2017-12-23 13:49:44
review_003808,order_003808,1,2017-05-26 10:57:59,2017-05-15 10:57:59
review_003809,order_003809,4,2017-03-06 10:43:36,2017-03-05 10:43:36
review_003810,order_003810,4,2018-07-17 11:49:29,2018-07-21 11:49:29
review_003811,order_003811,3,2017-12-27 13:28:35,2017-12-17 13:28:35
review_003812,order_003812,3,2018-01-16 17:17:09,2018-01-06 17:17:09
review_003813,order_003813,4,2017-03-02 04:36:39,2017-03-08 04:36:39
review_003814,order_003814,5,2017-05-25 01:47:35,2017-05-25 01:47:35
review_003815,order_003815,5,2017-03-02 01:14:03,2017-03-05 01:14:03
review_003816,order_003816,4,2018-09-08 09:44:40,2018-09-04 09:44:40
review_003817,order_003817,5,2018-04-22 12:11:26,2018-04-28 12:11:26
review_003818,order_003818,4,2017-12-09 18:51:05,2017-12-19 18:51:05
review_003819,order_003819,1,2018-03-10 10:24:11,2018-02-26 10:24:11
review_003820,order_003820,5,2017-04-23 12:46:17,2017-04-19 12:46:17
review_003821,order_003821,5,2018-09-21 23:26:28,2018-09-09 23:26:28
review_003822,order_003822,5,2017-11-26 17:59:46,2017-12-10 17:59:46
review_003823,order_003823,3,2017-11-19 16:34:55,2017-12-02 16:34:55
review_003824,order_003824,4,2018-08-25 08:44:10,2018-08-26 08:44:10
review_003825,order_003825,4,2017-03-19 03:39:10,2017-03-08 03:39:10
review_003826,order_003826,4,2017-09-28 22:04:55,2017-09-23 22:04:55
review_003827,order_003827,4,2017-03-07 13:17:01,2017-03-30 13:17:01
review_003828,order_003828,1,2017-10-08 01:51:22,2017-10-07 01:51:22
review_003829,order_003829,3,2017-06-30 11:34:29,2017-07-06 11:34:29
review_003830,order_003830,2,2017-11-03 02:11:16,2017-10-24 02:11:16
review_003831,order_003831,4,2018-03-14 23:33:06,2018-03-31 23:33:06
review_003832,order_003832,3,2017-07-19 12:41:01,2017-07-19 12:41:01
review_003833,order_003833,4,2017-02-26 18:50:21,2017-02-09 18:50:21
review_003834,order_003834,3,2017-04-18 11:17:59,2017-04-30 11:17:59
review_003835,order_003835,5,2018-04-05 00:28:25,2018-03-30 00:28:25
review_003836,order_003836,5,2018-01-05 15:19:23,2018-01-18 15:19:23
review_003837,order_003837,5,2018-09-05 15:40:28,2018-09-05 15:40:28
review_003838,order_003838,2,2018-07-20 05:29:50,2018-07-10 05:29:50
review_003839,order_003839,3,2017-04-20 17:11:41,2017-05-04 17:11:41
review_003840,order_003840,5,2018-04-25 05:25:28,2018-04-08 05:25:28
review_003841,order_003841,4,2017-03-09 16:35:51,2017-03-16 16:35:51
review_003842,order_003842,5,2017-04-01 17:58:43,2017-03-13 17:58:43
review_003843,order_003843,5,2018-05-08 03:17:55,2018-05-11 03:17:55
review_003844,order_003844,3,2017-09-12 07:00:08,2017-10-05 07:00:08
review_003845,order_003845,4,2018-10-02 03:55:09,2018-09-27 03:55:09
review_003846,order_003846,5,2017-01-27 17:27:18,2017-01-19 17:27:18
review_003847,order_003847,1,2017-11-13 05:39:11,2017-11-28 05:39:11
review_003848,order_003848,4,2017-07-26 15:22:37,2017-07-28 15:22:37
review_003849,order_003849,3,2018-09-09 10:01:18,2018-09-10 10:01:18
review_003850,order_003850,4,2018-03-10 01:59:59,2018-02-21 01:59:59
review_003851,order_003851,4,2018-05-05 21:11:05,2018-05-17 21:11:05
review_003852,order_003852,4,2017-07-03 17:04:01,2017-07-02 17:04:01
review_003853,order_003853,4,2018-07-23 06:16:45,2018-07-08 06:16:45
review_003854,order_003854,3,2018-06-25 21:06:30,2018-06-16 21:06:30
review_003855,order_003855,4,2018-05-19 17:00:43,2018-05-13 17:00:43
review_003856,order_003856,4,2017-10-29 19:35:58,2017-11-10 19:35:58
review_003857,order_003857,4,2018-07-31 04:16:29,2018-08-15 04:16:29
review_003858,order_003858,4,2018-02-17 00:12:45,2018-03-18 00:12:45
review_003859,order_003859,4,2017-03-01 01:28:59,2017-03-08 01:28:59
review_003860,order_003860,4,2018-07-06 12:57:11,2018-07-27 12:57:11
review_003861,order_003861,4,2017-02-14 18:52:48,2017-02-03 18:52:48
review_003862,order_003862,5,2018-03-04 21:55:12,2018-03-24 21:55:12
review_003863,order_003863,4,2017-06-09 23:03:47,2017-06-09 23:03:47
review_003864,order_003864,2,2018-07-26 14:22:09,2018-07-23 14:22:09
review_003865,order_003865,3,2018-04-07 15:09:00,2018-03-27 15:09:00
review_003866,order_003866,4,2018-05-31 06:58:04,2018-06-05 06:58:04
review_003867,order_003867,1,2018-03-12 00:01:40,2018-03-28 00:01:40
review_003868,order_003868,3,2018-01-11 04:40:08,2017-12-29 04:40:08
review_003869,order_003869,3,2018-06-16 01:20:00,2018-06-29 01:20:00
review_003870,order_003870,5,2017-07-16 16:26:19,2017-08-04 16:26:19
review_003871,order_003871,4,2017-11-27 12:04:28,2017-12-06 12:04:28
review_003872,order_003872,5,2017-07-27 18:30:36,2017-08-05 18:30:36
review_003873,order_003873,4,2017-03-23 03:33:14,2017-03-28 03:33:14
review_003874,order_003874,5,2018-07-05 21:54:07,2018-07-20 21:54:07
review_003875,order_003875,4,2017-11-20 17:16:08,2017-11-10 17:16:08
review_003876,order_003876,3,2017-02-14 21:44:13,2017-02-11 21:44:13
review_003877,order_003877,5,2018-06-14 15:33:45,2018-06-08 15:33:45
review_003878,order_003878,5,2018-08-08 08:08:33,2018-08-29 08:08:33
review_003879,order_003879,5,2018-03-12 15:01:41,2018-02-24 15:01:41
review_003880,order_003880,5,2017-08-11 14:29:34,2017-08-04 14:29:34
review_003881,order_003881,4,2018-07-10 04:20:31,2018-06-15 04:20:31
review_003882,order_003882,3,2018-04-02 02:26:11,2018-04-17 02:26:11
review_003883,order_003883,4,2017-07-24 15:36:23,2017-07-26 15:36:23
review_003884,order_003884,5,2017-08-23 02:16:01,2017-08-04 02:16:01
review_003885,order_003885,4,2018-09-13 02:24:29,2018-09-13 02:24:29
review_003886,order_003886,5,2018-09-03 01:42:54,2018-08-19 01:42:54
review_003887,order_003887,5,2018-03-05 14:55:54,2018-03-01 14:55:54
review_003888,order_003888,3,2017-02-10 22:15:05,2017-02-03 22:15:05
review_003889,order_003889,2,2017-06-07 11:55:42,2017-06-16 11:55:42
review_003890,order_003890,3,2017-08-27 03:39:30,2017-08-25 03:39:30
review_003891,order_003891,4,2017-12-25 12:18:14,2017-12-23 12:18:14
review_003892,order_003892,5,2018-06-23 11:34:32,2018-06-25 11:34:32
review_003893,order_003893,5,2018-06-22 14:14:26,2018-06-14 14:14:26
review_003894,order_003894,5,2017-07-05 10:23:37,2017-07-12 10:23:37
review_003895,order_003895,4,2017-04-04 12:46:14,2017-04-10 12:46:14
review_003896,order_003896,5,2017-07-05 07:47:40,2017-06-26 07:47:40
review_003897,order_003897,5,2017-05-30 21:44:52,2017-06-16 21:44:52
review_003898,order_003898,5,2018-07-30 12:54:19,2018-07-10 12:54:19
review_003899,order_003899,1,2017-02-12 07:27:31,2017-01-22 07:27:31
review_003900,order_003900,4,2018-06-22 00:04:01,2018-05-26 00:04:01
review_003901,order_003901,4,2018-02-24 16:17:20,2018-03-03 16:17:20
review_003902,order_003902,4,2017-03-21 09:07:24,2017-04-01 09:07:24
review_003903,order_003903,5,2018-03-16 05:58:34,2018-03-17 05:58:34
review_003904,order_003904,5,2018-01-18 11:30:15,2018-01-21 11:30:15
review_003905,order_003905,5,2017-02-01 11:38:34,2017-02-05 11:38:34
review_003906,order_003906,4,2017-06-06 19:16:45,2017-06-07 19:16:45
review_003907,order_003907,1,2017-08-07 13:01:18,2017-09-01 13:01:18
review_003908,order_003908,2,2017-05-23 16:49:23,2017-05-19 16:49:23
review_003909,order_003909,3,2017-12-23 15:31:48,2018-01-11 15:31:48
review_003910,order_003910,4,2018-01-30 20:23:39,2018-02-07 20:23:39
review_003911,order_003911,5,2017-05-17 00:08:56,2017-05-09 00:08:56
review_003912,order_003912,5,2017-04-09 09:01:52,2017-04-02 09:01:52
review_003913,order_003913,5,2018-02-14 17:10:10,2018-02-15 17:10:10
review_003914,order_003914,1,2017-10-19 03:22:54,2017-10-19 03:22:54
review_003915,order_003915,5,2017-06-19 10:36:17,2017-07-09 10:36:17
review_003916,order_003916,4,2017-06-20 09:37:31,2017-06-11 09:37:31
review_003917,order_003917,4,2017-02-26 19:20:07,2017-02-23 19:20:07
review_003918,order_003918,5,2018-06-10 23:06:48,2018-07-07 23:06:48
review_003919,order_003919,3,2018-06-12 02:33:07,2018-07-01 02:33:07
review_003920,order_003920,1,2017-12-20 05:08:37,2017-12-18 05:08:37
review_003921,order_003921,4,2017-08-31 18:34:51,2017-08-13 18:34:51
review_003922,order_003922,5,2017-06-03 04:11:38,2017-06-08 04:11:38
review_003923,order_003923,4,2017-08-07 11:55:36,2017-07-28 11:55:36
review_003924,order_003924,5,2018-08-17 22:39:50,2018-07-30 22:39:50
review_003925,order_003925,3,2017-03-06 23:24:25,2017-03-31 23:24:25
review_003926,order_003926,4,2018-06-08 22:47:53,2018-06-04 22:47:53
review_003927,order_003927,5,2017-07-12 03:13:32,2017-08-01 03:13:32
review_003928,order_003928,4,2017-07-05 03:34:54,2017-06-25 03:34:54
review_003929,order_003929,5,2018-05-14 04:13:27,2018-05-23 04:13:27
review_003930,order_003930,1,2018-09-01 18:28:00,2018-09-12 18:28:00
review_003931,order_003931,5,2018-09-08 04:17:47,2018-09-02 04:17:47
review_003932,order_003932,5,2017-07-08 10:18:49,2017-07-01 10:18:49
review_003933,order_003933,5,2018-01-05 19:38:26,2018-01-30 19:38:26
review_003934,order_003934,4,2017-07-10 11:48:47,2017-08-01 11:48:47
review_003935,order_003935,4,2017-05-30 22:34:27,2017-05-23 22:34:27
review_003936,order_003936,3,2017-09-15 11:58:06,2017-08-31 11:58:06
review_003937,order_003937,5,2017-03-11 09:06:50,2017-03-09 09:06:50
review_003938,order_003938,5,2017-05-08 23:14:27,2017-04-23 23:14:27
review_003939,order_003939,3,2018-01-16 13:07:45,2018-01-06 13:07:45
review_003940,order_003940,4,2018-03-10 04:25:54,2018-03-18 04:25:54
review_003941,order_003941,3,2017-06-29 15:13:37,2017-07-07 15:13:37
review_003942,order_003942,3,2017-12-24 18:33:12,2017-12-18 18:33:12
review_003943,order_003943,5,2018-04-27 20:07:24,2018-05-13 20:07:24
review_003944,order_003944,5,2018-07-06 00:08:10,2018-07-22 00:08:10
review_003945,order_003945,4,2018-01-11 02:36:04,2018-01-05 02:36:04
review_003946,order_003946,5,2017-06-08 15:05:11,2017-06-06 15:05:11
review_003947,order_003947,5,2018-03-19 17:48:21,2018-03-27 17:48:21
review_003948,order_003948,5,2017-04-24 15:39:51,2017-05-07 15:39:51
review_003949,order_003949,5,2017-04-04 09:11:16,2017-04-09 09:11:16
review_003950,order_003950,2,2017-08-30 18:05:20,2017-08-30 18:05:20
review_003951,order_003951,5,2017-08-01 13:54:02,2017-07-27 13:54:02
review_003952,order_003952,3,2017-04-04 22:13:23,2017-04-25 22:13:23
review_003953,order_003953,5,2017-02-23 08:49:27,2017-02-07 08:49:27
review_003954,order_003954,5,2018-08-17 18:05:31,2018-08-28 18:05:31
review_003955,order_003955,4,2018-03-14 03:27:02,2018-03-04 03:27:02
review_003956,order_003956,4,2018-03-23 17:34:17,2018-04-15 17:34:17
review_003957,order_003957,4,2017-03-16 17:33:34,2017-03-05 17:33:34
review_003958,order_003958,3,2018-05-08 06:05:27,2018-05-16 06:05:27
review_003959,order_003959,1,2017-08-16 01:28:47,2017-09-11 01:28:47
review_003960,order_003960,5,2018-04-15 23:49:41,2018-04-24 23:49:41
review_003961,order_003961,5,2017-11-10 01:50:10,2017-11-30 01:50:10
review_003962,order_003962,4,2017-06-29 11:14:30,2017-06-07 11:14:30
review_003963,order_003963,5,2017-06-23 00:01:36,2017-06-17 00:01:36
review_003964,order_003964,5,2017-04-19 10:01:07,2017-04-30 10:01:07
review_003965,order_003965,4,2018-05-26 19:42:10,2018-06-03 19:42:10
review_003966,order_003966,4,2017-10-11 12:02:42,2017-10-16 12:02:42
review_003967,order_003967,5,2018-05-18 05:45:13,2018-04-26 05:45:13
review_003968,order_003968,4,2018-06-15 09:27:26,2018-05-29 09:27:26
review_003969,order_003969,5,2017-04-29 02:12:58,2017-04-28 02:12:58
review_003970,order_003970,5,2017-08-10 14:14:50,2017-08-19 14:14:50
review_003971,order_003971,5,2017-04-09 00:05:54,2017-04-11 00:05:54
review_003972,order_003972,3,2017-01-23 08:23:27,2017-01-14 08:23:27
review_003973,order_003973,4,2018-09-10 01:27:24,2018-09-10 01:27:24
review_003974,order_003974,3,2018-03-11 05:45:31,2018-02-22 05:45:31
review_003975,order_003975,4,2017-10-17 01:37:06,2017-11-01 01:37:06
review_003976,order_003976,5,2017-06-03 22:16:18,2017-05-10 22:16:18
review_003977,order_003977,5,2018-01-04 18:31:43,2018-01-03 18:31:43
review_003978,order_003978,4,2017-12-16 22:16:04,2017-12-12 22:16:04
review_003979,order_003979,4,2017-06-16 16:23:37,2017-06-10 16:23:37
review_003980,order_003980,3,2017-01-21 11:54:35,2017-02-08 11:54:35
review_003981,order_003981,3,2017-10-21 04:10:37,2017-11-17 04:10:37
review_003982,order_003982,3,2017-11-30 23:05:29,2017-12-07 23:05:29
review_003983,order_003983,4,2018-05-23 22:01:13,2018-05-12 22:01:13
review_003984,order_003984,4,2017-09-16 09:58:37,2017-09-14 09:58:37
review_003985,order_003985,4,2017-04-04 05:24:52,2017-04-04 05:24:52
review_003986,order_003986,3,2018-07-06 09:17:49,2018-07-12 09:17:49
review_003987,order_003987,4,2017-09-22 09:27:31,2017-10-08 09:27:31
review_003988,order_003988,4,2018-03-31 22:00:20,2018-04-11 22:00:20
review_003989,order_003989,2,2017-02-15 01:36:17,2017-02-11 01:36:17
review_003990,order_003990,2,2017-02-16 15:11:24,2017-02-10 15:11:24
review_003991,order_003991,5,2017-02-11 18:26:41,2017-02-02 18:26:41
review_003992,order_003992,3,2018-05-12 18:18:01,2018-05-30 18:18:01
review_003993,order_003993,4,2017-06-08 04:38:12,2017-06-05 04:38:12
review_003994,order_003994,2,2018-05-20 09:54:21,2018-05-07 09:54:21
review_003995,order_003995,3,2018-08-09 08:12:33,2018-08-24 08:12:33
review_003996,order_003996,5,2018-02-17 09:46:04,2018-03-04 09:46:04
review_003997,order_003997,5,2018-08-31 02:05:23,2018-09-14 02:05:23
review_003998,order_003998,4,2018-08-01 01:59:57,2018-08-10 01:59:57
review_003999,order_003999,3,2018-03-21 00:34:46,2018-03-27 00:34:46
review_004000,order_004000,5,2018-05-28 23:12:06,2018-05-17 23:12:06
review_004001,order_004001,3,2018-01-15 10:00:11,2018-01-23 10:00:11
review_004002,order_004002,5,2017-05-21 05:28:15,2017-05-21 05:28:15
review_004003,order_004003,5,2017-03-29 19:08:39,2017-04-07 19:08:39
review_004004,order_004004,5,2017-09-20 11:51:44,2017-09-24 11:51:44
review_004005,order_004005,4,2017-10-23 08:44:56,2017-11-20 08:44:56
review_004006,order_004006,4,2017-08-12 02:45:02,2017-08-27 02:45:02
review_004007,order_004007,4,2017-04-01 09:15:53,2017-04-02 09:15:53
review_004008,order_004008,5,2017-12-01 15:31:36,2017-11-15 15:31:36
review_004009,order_004009,5,2017-11-17 14:57:44,2017-11-10 14:57:44
review_004010,order_004010,4,2018-08-22 09:22:51,2018-08-28 09:22:51
review_004011,order_004011,4,2018-08-25 14:42:47,2018-08-20 14:42:47
review_004012,order_004012,5,2018-01-30 18:25:25,2018-02-12 18:25:25
review_004013,order_004013,4,2018-06-16 22:19:37,2018-06-26 22:19:37
review_004014,order_004014,3,2017-08-08 12:40:51,2017-07-23 12:40:51
review_004015,order_004015,4,2018-09-06 05:28:00,2018-08-24 05:28:00
review_004016,order_004016,5,2018-08-15 03:06:27,2018-08-08 03:06:27
review_004017,order_004017,4,2017-04-14 03:47:05,2017-04-19 03:47:05
review_004018,order_004018,5,2018-03-14 00:15:27,2018-04-02 00:15:27
review_004019,order_004019,5,2017-10-13 13:23:40,2017-11-01 13:23:40
review_004020,order_004020,4,2017-06-24 05:05:55,2017-07-05 05:05:55
review_004021,order_004021,5,2017-10-09 05:25:34,2017-09-22 05:25:34
review_004022,order_004022,5,2018-08-01 17:23:03,2018-07-19 17:23:03
review_004023,order_004023,4,2018-08-07 07:40:20,2018-08-17 07:40:20
review_004024,order_004024,4,2017-08-19 19:53:03,2017-08-18 19:53:03
review_004025,order_004025,1,2017-11-01 03:17:20,2017-11-03 03:17:20
review_004026,order_004026,5,2017-12-12 08:11:31,2017-12-14 08:11:31
review_004027,order_004027,5,2018-04-11 01:14:16,2018-04-21 01:14:16
review_004028,order_004028,3,2017-11-02 12:51:43,2017-11-13 12:51:43
review_004029,order_004029,5,2017-09-05 02:59:46,2017-09-23 02:59:46
review_004030,order_004030,5,2018-07-23 05:45:37,2018-08-13 05:45:37
review_004031,order_004031,2,2017-09-02 17:39:05,2017-09-18 17:39:05
review_004032,order_004032,4,2017-07-05 21:07:50,2017-07-07 21:07:50
review_004033,order_004033,5,2017-07-28 13:05:25,2017-08-18 13:05:25
review_004034,order_004034,1,2017-07-31 23:09:53,2017-08-25 23:09:53
review_004035,order_004035,5,2017-12-24 18:09:36,2018-01-07 18:09:36
review_004036,order_004036,5,2018-02-15 18:04:14,2018-03-04 18:04:14
review_004037,order_004037,5,2017-04-24 23:46:28,2017-04-25 23:46:28
review_004038,order_004038,4,2018-07-24 02:07:59,2018-07-14 02:07:59
review_004039,order_004039,4,2017-06-23 05:34:21,2017-06-28 05:34:21
review_004040,order_004040,3,2017-04-08 10:29:27,2017-04-07 10:29:27
review_004041,order_004041,2,2018-02-22 14:50:24,2018-03-14 14:50:24
review_004042,order_004042,4,2017-05-17 23:46:19,2017-05-19 23:46:19
review_004043,order_004043,5,2018-04-22 02:22:34,2018-04-19 02:22:34
review_004044,order_004044,3,2018-08-28 05:30:18,2018-08-29 05:30:18
review_004045,order_004045,3,2018-03-13 07:09:22,2018-03-06 07:09:22
review_004046,order_004046,3,2018-04-29 16:05:28,2018-05-06 16:05:28
review_004047,order_004047,5,2017-11-29 22:50:25,2017-11-17 22:50:25
review_004048,order_004048,5,2017-08-17 22:31:31,2017-08-17 22:31:31
review_004049,order_004049,5,2018-01-25 17:56:36,2018-01-17 17:56:36
review_004050,order_004050,3,2017-08-19 18:33:24,2017-08-30 18:33:24
review_004051,order_004051,5,2018-07-15 09:58:23,2018-06-29 09:58:23
review_004052,order_004052,4,2017-10-24 14:36:45,2017-10-22 14:36:45
review_004053,order_004053,5,2017-11-19 04:06:07,2017-11-23 04:06:07
review_004054,order_004054,5,2018-02-21 12:09:39,2018-02-21 12:09:39
review_004055,order_004055,2,2017-05-08 07:01:25,2017-05-09 07:01:25
review_004056,order_004056,4,2018-01-11 22:17:29,2018-01-08 22:17:29
review_004057,order_004057,5,2018-04-28 08:49:13,2018-04-10 08:49:13
review_004058,order_004058,5,2018-04-29 09:28:24,2018-04-24 09:28:24
review_004059,order_004059,4,2017-05-22 09:40:00,2017-05-31 09:40:00
review_004060,order_004060,4,2017-02-16 21:37:49,2017-02-14 21:37:49
review_004061,order_004061,4,2017-05-28 22:22:50,2017-05-21 22:22:50
review_004062,order_004062,4,2018-06-06 10:20:42,2018-05-25 10:20:42
review_004063,order_004063,2,2017-07-12 23:53:49,2017-07-01 23:53:49
review_004064,order_004064,4,2017-03-03 18:09:25,2017-02-13 18:09:25
review_004065,order_004065,3,2018-01-20 20:18:53,2018-01-14 20:18:53
review_004066,order_004066,3,2018-07-24 21:58:37,2018-07-04 21:58:37
review_004067,order_004067,3,2017-05-29 07:58:49,2017-06-13 07:58:49
review_004068,order_004068,3,2017-02-05 13:12:55,2017-02-06 13:12:55
review_004069,order_004069,4,2017-04-06 06:50:30,2017-04-09 06:50:30
review_004070,order_004070,5,2017-04-11 07:26:13,2017-04-16 07:26:13
review_004071,order_004071,5,2017-05-31 11:08:37,2017-06-01 11:08:37
review_004072,order_004072,4,2017-05-16 01:13:25,2017-05-06 01:13:25
review_004073,order_004073,2,2018-02-03 05:09:50,2018-02-04 05:09:50
review_004074,order_004074,4,2017-06-11 19:25:20,2017-06-18 19:25:20
review_004075,order_004075,4,2017-12-20 03:58:43,2017-12-08 03:58:43
review_004076,order_004076,5,2017-10-06 14:55:41,2017-10-04 14:55:41
review_004077,order_004077,3,2018-03-04 18:22:31,2018-02-18 18:22:31
review_004078,order_004078,5,2018-02-11 06:18:47,2018-02-17 06:18:47
review_004079,order_004079,5,2018-01-23 10:59:59,2018-01-27 10:59:59
review_004080,order_004080,5,2018-07-05 21:03:28,2018-07-30 21:03:28
review_004081,order_004081,5,2017-05-05 20:03:05,2017-05-28 20:03:05
review_004082,order_004082,3,2017-11-25 22:05:14,2017-11-22 22:05:14
review_004083,order_004083,5,2017-09-23 15:04:48,2017-09-24 15:04:48
review_004084,order_004084,4,2017-12-21 21:17:31,2017-12-21 21:17:31
review_004085,order_004085,5,2017-04-01 09:33:47,2017-04-04 09:33:47
review_004086,order_004086,2,2017-08-17 14:26:11,2017-08-16 14:26:11
review_004087,order_004087,5,2018-08-10 16:00:49,2018-08-07 16:00:49
review_004088,order_004088,5,2018-05-15 23:26:16,2018-05-23 23:26:16
review_004089,order_004089,4,2017-10-03 08:50:15,2017-10-12 08:50:15
review_004090,order_004090,4,2017-03-15 20:59:43,2017-03-24 20:59:43
review_004091,order_004091,3,2018-02-18 12:13:25,2018-02-25 12:13:25
review_004092,order_004092,4,2017-07-29 02:30:08,2017-07-19 02:30:08
review_004093,order_004093,3,2017-08-13 15:43:59,2017-08-07 15:43:59
review_004094,order_004094,5,2017-03-26 23:32:47,2017-03-07 23:32:47
review_004095,order_004095,5,2017-07-29 10:52:53,2017-07-28 10:52:53
review_004096,order_004096,3,2017-05-31 13:10:16,2017-05-24 13:10:16
review_004097,order_004097,5,2017-01-31 22:15:18,2017-02-25 22:15:18
review_004098,order_004098,5,2018-01-05 22:04:51,2018-01-06 22:04:51
review_004099,order_004099,5,2018-09-07 09:36:07,2018-08-23 09:36:07
review_004100,order_004100,3,2017-04-11 18:14:53,2017-04-04 18:14:53
review_004101,order_004101,5,2017-02-11 15:08:36,2017-02-13 15:08:36
review_004102,order_004102,5,2017-03-29 15:32:29,2017-03-31 15:32:29
review_004103,order_004103,5,2017-12-12 17:17:32,2018-01-02 17:17:32
review_004104,order_004104,4,2018-05-26 07:50:24,2018-06-11 07:50:24
review_004105,order_004105,5,2017-08-06 07:18:56,2017-08-07 07:18:56
review_004106,order_004106,4,2017-03-27 00:38:55,2017-04-13 00:38:55
review_004107,order_004107,5,2017-03-07 20:33:08,2017-03-12 20:33:08
review_004108,order_004108,2,2018-02-07 06:38:30,2018-02-08 06:38:30
review_004109,order_004109,4,2017-08-10 16:10:55,2017-09-06 16:10:55
review_004110,order_004110,4,2017-08-14 16:27:34,2017-09-06 16:27:34
review_004111,order_004111,5,2017-06-10 16:53:04,2017-06-20 16:53:04
review_004112,order_004112,5,2018-07-20 20:42:53,2018-08-01 20:42:53
review_004113,order_004113,5,2017-09-03 20:49:44,2017-09-07 20:49:44
review_004114,order_004114,5,2018-03-21 00:03:22,2018-04-03 00:03:22
review_004115,order_004115,3,2018-04-14 20:09:44,2018-04-25 20:09:44
review_004116,order_004116,5,2017-03-06 04:59:28,2017-03-10 04:59:28
review_004117,order_004117,5,2017-06-23 15:29:22,2017-06-13 15:29:22
review_004118,order_004118,4,2018-07-17 16:09:13,2018-07-06 16:09:13
review_004119,order_004119,5,2018-07-18 01:17:19,2018-07-09 01:17:19
review_004120,order_004120,2,2017-09-28 06:48:26,2017-10-09 06:48:26
review_004121,order_004121,3,2017-04-29 21:50:36,2017-04-23 21:50:36
review_004122,order_004122,4,2017-07-25 03:24:03,2017-07-18 03:24:03
review_004123,order_004123,4,2018-08-28 05:33:54,2018-08-18 05:33:54
review_004124,order_004124,4,2018-02-28 01:57:59,2018-03-11 01:57:59
review_004125,order_004125,1,2017-03-07 04:00:07,2017-02-23 04:00:07
review_004126,order_004126,5,2018-03-24 15:18:32,2018-04-13 15:18:32
review_004127,order_004127,4,2017-04-18 20:11:27,2017-04-18 20:11:27
review_004128,order_004128,5,2017-07-09 14:16:35,2017-07-29 14:16:35
review_004129,order_004129,3,2017-10-28 06:49:46,2017-10-30 06:49:46
review_004130,order_004130,5,2017-08-16 20:36:24,2017-09-05 20:36:24
review_004131,order_004131,4,2018-04-04 08:48:58,2018-03-25 08:48:58
review_004132,order_004132,1,2017-05-02 07:33:21,2017-04-17 07:33:21
review_004133,order_004133,5,2018-07-12 12:07:55,2018-07-21 12:07:55
review_004134,order_004134,1,2018-01-25 03:16:52,2018-01-18 03:16:52
review_004135,order_004135,2,2017-07-16 08:33:06,2017-08-02 08:33:06
review_004136,order_004136,5,2018-09-08 19:10:46,2018-09-03 19:10:46
review_004137,order_004137,4,2017-11-12 14:35:55,2017-11-06 14:35:55
review_004138,order_004138,5,2017-09-28 23:42:59,2017-09-26 23:42:59
review_004139,order_004139,4,2017-02-03 18:37:01,2017-02-02 18:37:01
review_004140,order_004140,5,2018-09-13 08:38:57,2018-09-29 08:38:57
review_004141,order_004141,1,2018-06-16 18:24:04,2018-06-23 18:24:04
review_004142,order_004142,5,2017-05-20 20:46:06,2017-04-25 20:46:06
review_004143,order_004143,3,2018-08-23 15:08:23,2018-09-03 15:08:23
review_004144,order_004144,3,2018-05-20 18:18:03,2018-05-19 18:18:03
review_004145,order_004145,4,2017-09-24 12:04:48,2017-10-17 12:04:48
review_004146,order_004146,5,2018-08-17 21:52:40,2018-07-26 21:52:40
review_004147,order_004147,5,2018-01-09 05:42:10,2018-01-02 05:42:10
review_004148,order_004148,4,2018-03-24 10:11:05,2018-03-01 10:11:05
review_004149,order_004149,5,2017-05-10 06:05:37,2017-05-11 06:05:37
review_004150,order_004150,4,2017-04-08 02:25:52,2017-04-06 02:25:52
review_004151,order_004151,3,2017-12-09 14:47:02,2017-11-29 14:47:02
review_004152,order_004152,1,2017-08-03 02:50:25,2017-07-26 02:50:25
review_004153,order_004153,5,2018-08-28 05:25:39,2018-08-31 05:25:39
review_004154,order_004154,5,2017-03-16 18:19:00,2017-03-06 18:19:00
review_004155,order_004155,4,2018-05-10 05:47:03,2018-04-15 05:47:03
review_004156,order_004156,4,2018-02-04 20:43:11,2018-02-04 20:43:11
review_004157,order_004157,4,2018-07-14 01:10:45,2018-07-05 01:10:45
review_004158,order_004158,3,2018-09-13 10:58:06,2018-09-23 10:58:06
review_004159,order_004159,5,2018-06-21 01:36:44,2018-06-21 01:36:44
review_004160,order_004160,5,2017-09-10 01:25:46,2017-09-16 01:25:46
review_004161,order_004161,3,2018-03-16 18:58:58,2018-03-25 18:58:58
review_004162,order_004162,5,2017-04-27 01:36:03,2017-05-01 01:36:03
review_004163,order_004163,4,2017-11-04 21:24:51,2017-11-02 21:24:51
review_004164,order_004164,5,2017-06-20 14:21:59,2017-07-02 14:21:59
review_004165,order_004165,4,2017-06-21 11:34:52,2017-07-02 11:34:52
review_004166,order_004166,3,2017-12-30 22:02:49,2018-01-08 22:02:49
review_004167,order_004167,4,2017-04-05 09:18:15,2017-04-03 09:18:15
review_004168,order_004168,3,2017-12-20 09:35:24,2017-12-22 09:35:24
review_004169,order_004169,1,2017-09-29 09:50:18,2017-10-02 09:50:18
review_004170,order_004170,1,2017-06-12 15:36:53,2017-06-22 15:36:53
review_004171,order_004171,5,2017-12-30 20:20:03,2017-12-14 20:20:03
review_004172,order_004172,5,2018-04-08 13:00:29,2018-04-13 13:00:29
review_004173,order_004173,1,2018-01-24 06:44:43,2018-01-15 06:44:43
review_004174,order_004174,3,2017-03-10 21:21:15,2017-03-29 21:21:15
review_004175,order_004175,4,2017-12-18 14:22:29,2018-01-06 14:22:29
review_004176,order_004176,5,2018-02-15 19:58:38,2018-02-05 19:58:38
review_004177,order_004177,3,2018-03-25 10:22:28,2018-03-17 10:22:28
review_004178,order_004178,3,2017-10-18 04:47:03,2017-10-03 04:47:03
review_004179,order_004179,4,2017-03-13 22:40:04,2017-03-09 22:40:04
review_004180,order_004180,2,2017-03-29 16:15:39,2017-04-20 16:15:39
review_004181,order_004181,4,2017-07-27 07:23:12,2017-08-23 07:23:12
review_004182,order_004182,5,2018-02-11 20:20:24,2018-02-03 20:20:24
review_004183,order_004183,5,2018-04-08 00:13:03,2018-04-21 00:13:03
review_004184,order_004184,4,2018-03-18 22:19:33,2018-03-19 22:19:33
review_004185,order_004185,4,2017-07-19 13:53:13,2017-07-30 13:53:13
review_004186,order_004186,5,2017-10-28 14:09:29,2017-10-01 14:09:29
review_004187,order_004187,5,2017-02-14 00:19:16,2017-02-25 00:19:16
review_004188,order_004188,4,2018-06-01 04:13:18,2018-05-20 04:13:18
review_004189,order_004189,5,2017-09-01 17:17:41,2017-08-27 17:17:41
review_004190,order_004190,4,2017-12-01 13:23:51,2017-12-03 13:23:51
review_004191,order_004191,4,2017-10-17 03:03:49,2017-10-07 03:03:49
review_004192,order_004192,5,2017-07-20 15:58:46,2017-07-24 15:58:46
review_004193,order_004193,4,2017-05-01 17:54:50,2017-05-15 17:54:50
review_004194,order_004194,4,2018-09-05 06:32:23,2018-08-15 06:32:23
review_004195,order_004195,5,2017-04-11 16:32:41,2017-04-14 16:32:41
review_004196,order_004196,5,2018-08-18 23:21:07,2018-08-21 23:21:07
review_004197,order_004197,4,2017-03-30 11:34:44,2017-04-02 11:34:44
review_004198,order_004198,5,2017-03-07 05:30:13,2017-03-24 05:30:13
review_004199,order_004199,3,2018-07-30 23:05:11,2018-07-25 23:05:11
review_004200,order_004200,5,2018-08-28 21:52:20,2018-09-03 21:52:20
review_004201,order_004201,4,2018-07-18 10:57:51,2018-07-29 10:57:51
review_004202,order_004202,3,2018-05-05 10:12:15,2018-05-08 10:12:15
review_004203,order_004203,4,2017-11-11 20:00:50,2017-11-06 20:00:50
review_004204,order_004204,1,2017-03-27 00:00:47,2017-04-06 00:00:47
review_004205,order_004205,4,2018-01-15 07:29:43,2018-01-29 07:29:43
review_004206,order_004206,3,2017-12-12 13:02:20,2017-12-11 13:02:20
review_004207,order_004207,4,2018-04-27 15:41:49,2018-04-27 15:41:49
review_004208,order_004208,4,2017-02-04 15:04:43,2017-02-16 15:04:43
review_004209,order_004209,5,2017-02-25 08:53:34,2017-03-07 08:53:34
review_004210,order_004210,3,2018-01-14 20:51:52,2018-01-13 20:51:52
review_004211,order_004211,4,2018-07-05 15:35:28,2018-06-27 15:35:28
review_004212,order_004212,2,2018-08-02 12:58:24,2018-07-28 12:58:24
review_004213,order_004213,5,2018-01-04 22:31:40,2018-01-06 22:31:40
review_004214,order_004214,5,2017-08-19 02:15:32,2017-08-19 02:15:32
review_004215,order_004215,5,2017-11-17 17:02:08,2017-11-12 17:02:08
review_004216,order_004216,4,2017-11-15 22:14:36,2017-12-05 22:14:36
review_004217,order_004217,5,2018-01-24 15:53:01,2018-02-11 15:53:01
review_004218,order_004218,4,2017-05-31 13:34:06,2017-06-03 13:34:06
review_004219,order_004219,3,2017-09-10 08:44:44,2017-09-21 08:44:44
review_004220,order_004220,5,2017-12-23 06:31:00,2017-12-09 06:31:00
review_004221,order_004221,2,2018-06-10 13:06:04,2018-07-02 13:06:04
review_004222,order_004222,5,2018-05-12 21:34:21,2018-05-19 21:34:21
review_004223,order_004223,5,2018-04-10 11:05:35,2018-04-18 11:05:35
review_004224,order_004224,4,2017-05-18 02:54:06,2017-05-19 02:54:06
review_004225,order_004225,4,2017-09-23 11:36:24,2017-09-25 11:36:24
review_004226,order_004226,2,2017-12-13 02:20:22,2017-12-12 02:20:22
review_004227,order_004227,4,2018-08-19 22:27:58,2018-09-13 22:27:58
review_004228,order_004228,5,2017-08-29 12:50:24,2017-08-29 12:50:24
review_004229,order_004229,4,2018-08-05 05:07:59,2018-08-08 05:07:59
review_004230,order_004230,4,2018-04-06 14:59:49,2018-05-05 14:59:49
review_004231,order_004231,4,2018-02-11 12:54:23,2018-02-18 12:54:23
review_004232,order_004232,5,2018-03-19 12:15:46,2018-03-16 12:15:46
review_004233,order_004233,5,2018-05-31 14:12:27,2018-05-17 14:12:27
review_004234,order_004234,4,2018-03-27 22:17:44,2018-03-09 22:17:44
review_004235,order_004235,5,2018-03-17 20:32:39,2018-03-06 20:32:39
review_004236,order_004236,5,2017-09-11 06:18:27,2017-09-11 06:18:27
review_004237,order_004237,5,2017-10-01 05:45:15,2017-09-28 05:45:15
review_004238,order_004238,5,2018-01-17 23:45:56,2018-01-29 23:45:56
review_004239,order_004239,5,2018-06-29 15:28:37,2018-06-22 15:28:37
review_004240,order_004240,4,2018-02-26 00:27:51,2018-02-17 00:27:51
review_004241,order_004241,5,2018-08-30 12:42:36,2018-09-16 12:42:36
review_004242,order_004242,4,2018-03-01 02:50:41,2018-03-04 02:50:41
review_004243,order_004243,4,2017-10-01 00:42:56,2017-10-10 00:42:56
review_004244,order_004244,2,2018-01-02 04:27:22,2018-01-08 04:27:22
review_004245,order_004245,5,2018-02-05 06:06:38,2018-02-04 06:06:38
review_004246,order_004246,5,2018-06-30 01:54:35,2018-06-29 01:54:35
review_004247,order_004247,1,2017-06-20 20:03:08,2017-06-25 20:03:08
review_004248,order_004248,5,2017-06-16 10:31:02,2017-06-24 10:31:02
review_004249,order_004249,5,2017-06-01 13:14:45,2017-05-24 13:14:45
review_004250,order_004250,4,2017-02-21 20:46:08,2017-03-02 20:46:08
review_004251,order_004251,5,2018-03-02 20:05:28,2018-03-19 20:05:28
review_004252,order_004252,5,2018-09-10 19:41:53,2018-08-29 19:41:53
review_004253,order_004253,5,2018-01-29 04:42:39,2018-01-31 04:42:39
review_004254,order_004254,2,2017-03-04 17:52:26,2017-03-13 17:52:26
review_004255,order_004255,4,2017-09-04 23:53:49,2017-08-30 23:53:49
review_004256,order_004256,1,2018-07-15 00:10:40,2018-07-23 00:10:40
review_004257,order_004257,5,2017-02-14 20:50:03,2017-02-15 20:50:03
review_004258,order_004258,4,2018-01-28 20:46:37,2018-02-02 20:46:37
review_004259,order_004259,5,2017-10-03 20:11:32,2017-10-30 20:11:32
review_004260,order_004260,5,2018-07-27 09:30:57,2018-08-08 09:30:57
review_004261,order_004261,2,2017-12-04 04:46:28,2017-12-05 04:46:28
review_004262,order_004262,5,2017-12-21 17:33:33,2018-01-14 17:33:33
review_004263,order_004263,4,2018-03-26 14:57:12,2018-03-25 14:57:12
review_004264,order_004264,5,2018-06-17 17:26:45,2018-05-30 17:26:45
review_004265,order_004265,3,2017-11-21 06:08:33,2017-11-19 06:08:33
review_004266,order_004266,4,2018-04-07 04:15:37,2018-04-17 04:15:37
review_004267,order_004267,4,2018-05-15 21:38:16,2018-05-27 21:38:16
review_004268,order_004268,5,2017-12-17 12:22:10,2017-12-13 12:22:10
review_004269,order_004269,2,2018-04-08 20:25:52,2018-04-06 20:25:52
review_004270,order_004270,4,2017-09-04 22:13:42,2017-09-08 22:13:42
review_004271,order_004271,3,2017-08-18 11:01:21,2017-08-19 11:01:21
review_004272,order_004272,3,2017-01-26 06:18:47,2017-01-15 06:18:47
review_004273,order_004273,5,2018-03-10 21:30:01,2018-02-17 21:30:01
review_004274,order_004274,4,2017-06-26 17:09:38,2017-07-07 17:09:38
review_004275,order_004275,4,2018-06-01 15:59:01,2018-06-03 15:59:01
review_004276,order_004276,5,2018-08-23 22:59:35,2018-08-24 22:59:35
review_004277,order_004277,5,2018-07-07 05:54:37,2018-06-27 05:54:37
review_004278,order_004278,1,2017-07-09 08:39:18,2017-07-12 08:39:18
review_004279,order_004279,3,2018-03-05 00:56:10,2018-02-23 00:56:10
review_004280,order_004280,4,2018-04-15 09:18:11,2018-05-08 09:18:11
review_004281,order_004281,5,2017-11-26 10:42:59,2017-12-07 10:42:59
review_004282,order_004282,4,2017-12-05 10:51:41,2017-11-13 10:51:41
review_004283,order_004283,4,2017-10-06 03:37:17,2017-10-14 03:37:17
review_004284,order_004284,2,2017-07-15 19:25:00,2017-08-02 19:25:00
review_004285,order_004285,3,2018-01-18 11:44:33,2017-12-25 11:44:33
review_004286,order_004286,4,2018-09-23 10:32:34,2018-09-26 10:32:34
review_004287,order_004287,4,2017-05-28 20:44:03,2017-06-04 20:44:03
review_004288,order_004288,5,2017-02-04 11:40:11,2017-03-05 11:40:11
review_004289,order_004289,4,2017-02-23 21:24:42,2017-02-12 21:24:42
review_004290,order_004290,3,2018-01-15 05:20:08,2018-01-05 05:20:08
review_004291,order_004291,5,2017-06-30 20:24:55,2017-07-14 20:24:55
review_004292,order_004292,5,2017-11-03 23:43:13,2017-10-25 23:43:13
review_004293,order_004293,5,2018-08-28 18:00:39,2018-08-22 18:00:39
review_004294,order_004294,4,2017-03-01 21:24:59,2017-02-25 21:24:59
review_004295,order_004295,5,2017-05-05 17:45:50,2017-05-04 17:45:50
review_004296,order_004296,3,2017-06-08 14:24:21,2017-05-20 14:24:21
review_004297,order_004297,4,2017-10-20 18:19:50,2017-10-27 18:19:50
review_004298,order_004298,4,2018-03-14 23:03:12,2018-03-29 23:03:12
review_004299,order_004299,5,2017-05-16 14:31:14,2017-05-03 14:31:14
review_004300,order_004300,3,2017-03-23 16:29:16,2017-03-13 16:29:16
review_004301,order_004301,3,2017-03-13 01:54:02,2017-03-09 01:54:02
review_004302,order_004302,4,2018-05-25 23:01:06,2018-06-04 23:01:06
review_004303,order_004303,5,2017-01-23 18:39:55,2017-02-03 18:39:55
review_004304,order_004304,5,2018-02-10 03:52:36,2018-01-31 03:52:36
review_004305,order_004305,5,2018-01-11 06:57:09,2018-01-11 06:57:09
review_004306,order_004306,5,2017-03-31 05:24:39,2017-04-02 05:24:39
review_004307,order_004307,3,2017-12-11 07:40:14,2017-12-25 07:40:14
review_004308,order_004308,5,2017-06-29 21:14:39,2017-07-07 21:14:39
review_004309,order_004309,4,2017-12-13 11:08:29,2017-11-19 11:08:29
review_004310,order_004310,2,2017-03-31 10:04:37,2017-04-17 10:04:37
review_004311,order_004311,4,2018-03-10 18:41:43,2018-03-15 18:41:43
review_004312,order_004312,4,2018-05-26 08:54:28,2018-05-29 08:54:28
review_004313,order_004313,3,2017-01-18 21:15:35,2017-01-15 21:15:35
review_004314,order_004314,3,2017-12-06 18:06:14,2017-12-02 18:06:14
review_004315,order_004315,5,2018-02-04 06:10:05,2018-03-02 06:10:05
review_004316,order_004316,4,2017-01-31 15:07:40,2017-02-01 15:07:40
review_004317,order_004317,4,2018-03-31 11:35:06,2018-04-02 11:35:06
review_004318,order_004318,5,2017-12-30 08:15:27,2017-12-21 08:15:27
review_004319,order_004319,4,2017-07-30 21:45:04,2017-07-27 21:45:04
review_004320,order_004320,4,2017-10-26 09:32:55,2017-10-30 09:32:55
review_004321,order_004321,3,2018-03-22 02:48:05,2018-03-11 02:48:05
review_004322,order_004322,2,2018-02-27 09:48:04,2018-02-13 09:48:04
review_004323,order_004323,3,2018-05-15 12:24:10,2018-05-13 12:24:10
review_004324,order_004324,5,2017-02-23 03:01:55,2017-02-07 03:01:55
review_004325,order_004325,4,2018-05-22 17:49:29,2018-05-07 17:49:29
review_004326,order_004326,5,2017-02-14 05:30:33,2017-02-12 05:30:33
review_004327,order_004327,4,2018-02-08 02:13:05,2018-02-25 02:13:05
review_004328,order_004328,4,2017-08-19 12:54:02,2017-08-14 12:54:02
review_004329,order_004329,5,2017-02-19 03:51:47,2017-02-26 03:51:47
review_004330,order_004330,4,2018-03-11 18:45:49,2018-03-30 18:45:49
review_004331,order_004331,4,2017-12-30 01:38:30,2017-12-30 01:38:30
review_004332,order_004332,4,2018-03-12 10:03:25,2018-03-01 10:03:25
review_004333,order_004333,3,2017-09-02 01:14:30,2017-09-08 01:14:30
review_004334,order_004334,5,2017-06-29 09:12:01,2017-07-23 09:12:01
review_004335,order_004335,2,2018-02-14 22:23:55,2018-02-13 22:23:55
review_004336,order_004336,3,2017-06-05 15:36:44,2017-06-09 15:36:44
review_004337,order_004337,5,2018-05-15 12:50:36,2018-06-10 12:50:36
review_004338,order_004338,5,2018-03-09 03:46:26,2018-03-01 03:46:26
review_004339,order_004339,4,2018-09-23 07:30:30,2018-09-18 07:30:30
review_004340,order_004340,1,2017-01-25 09:08:16,2017-02-16 09:08:16
review_004341,order_004341,5,2018-01-12 13:53:12,2018-01-03 13:53:12
review_004342,order_004342,2,2017-12-25 04:59:42,2017-12-17 04:59:42
review_004343,order_004343,4,2018-07-05 23:59:55,2018-06-14 23:59:55
review_004344,order_004344,4,2017-10-01 15:38:22,2017-10-19 15:38:22
review_004345,order_004345,5,2018-08-03 07:29:00,2018-08-09 07:29:00
review_004346,order_004346,5,2017-06-12 02:41:48,2017-06-04 02:41:48
review_004347,order_004347,4,2018-06-14 14:16:48,2018-06-27 14:16:48
review_004348,order_004348,5,2017-12-11 10:44:51,2017-12-15 10:44:51
review_004349,order_004349,4,2018-08-16 16:10:24,2018-08-24 16:10:24
review_004350,order_004350,4,2017-06-02 14:18:30,2017-05-19 14:18:30
review_004351,order_004351,4,2017-07-01 15:22:06,2017-07-03 15:22:06
review_004352,order_004352,5,2018-01-09 20:00:29,2017-12-27 20:00:29
review_004353,order_004353,4,2017-12-11 12:36:15,2017-12-13 12:36:15
review_004354,order_004354,5,2017-04-07 17:23:21,2017-05-04 17:23:21
review_004355,order_004355,5,2018-03-05 08:37:00,2018-02-21 08:37:00
review_004356,order_004356,4,2017-10-07 22:37:43,2017-10-05 22:37:43
review_004357,order_004357,1,2017-05-02 09:47:28,2017-05-01 09:47:28
review_004358,order_004358,4,2017-11-17 16:19:01,2017-11-23 16:19:01
review_004359,order_004359,4,2018-03-09 23:57:46,2018-03-30 23:57:46
review_004360,order_004360,4,2017-02-04 08:22:49,2017-02-04 08:22:49
review_004361,order_004361,4,2018-08-13 02:26:17,2018-08-06 02:26:17
review_004362,order_004362,5,2018-02-07 05:33:40,2018-02-02 05:33:40
review_004363,order_004363,5,2017-07-10 05:51:03,2017-06-17 05:51:03
review_004364,order_004364,4,2018-04-15 01:21:28,2018-05-03 01:21:28
review_004365,order_004365,5,2018-06-09 13:03:12,2018-06-16 13:03:12
review_004366,order_004366,4,2018-08-18 06:39:43,2018-09-07 06:39:43
review_004367,order_004367,4,2018-05-26 02:19:45,2018-05-02 02:19:45
review_004368,order_004368,2,2017-05-11 03:17:03,2017-06-04 03:17:03
review_004369,order_004369,2,2017-05-01 06:33:41,2017-05-06 06:33:41
review_004370,order_004370,3,2017-05-15 08:51:41,2017-06-09 08:51:41
review_004371,order_004371,5,2018-07-16 23:23:14,2018-07-04 23:23:14
review_004372,order_004372,5,2017-07-18 16:51:42,2017-07-15 16:51:42
review_004373,order_004373,5,2017-08-12 17:09:13,2017-07-31 17:09:13
review_004374,order_004374,2,2018-07-13 16:36:31,2018-07-25 16:36:31
review_004375,order_004375,5,2017-05-18 19:16:38,2017-05-17 19:16:38
review_004376,order_004376,4,2017-10-03 07:38:09,2017-09-15 07:38:09
review_004377,order_004377,5,2017-07-25 02:23:05,2017-07-06 02:23:05
review_004378,order_004378,5,2017-08-01 12:12:18,2017-07-09 12:12:18
review_004379,order_004379,4,2018-01-23 00:01:53,2018-01-29 00:01:53
review_004380,order_004380,4,2018-04-23 05:12:09,2018-04-14 05:12:09
review_004381,order_004381,5,2017-07-07 18:04:19,2017-06-17 18:04:19
review_004382,order_004382,5,2017-02-01 12:04:17,2017-02-28 12:04:17
review_004383,order_004383,4,2018-02-20 16:34:33,2018-02-09 16:34:33
review_004384,order_004384,5,2017-12-16 12:14:31,2017-12-31 12:14:31
review_004385,order_004385,5,2018-03-01 13:01:30,2018-03-02 13:01:30
review_004386,order_004386,3,2017-10-08 07:13:52,2017-10-18 07:13:52
review_004387,order_004387,4,2018-05-06 05:14:40,2018-05-18 05:14:40
review_004388,order_004388,3,2018-01-30 06:13:38,2018-01-30 06:13:38
review_004389,order_004389,3,2018-04-20 19:09:11,2018-05-10 19:09:11
review_004390,order_004390,4,2018-04-07 23:30:35,2018-03-29 23:30:35
review_004391,order_004391,3,2017-12-01 01:57:50,2017-11-13 01:57:50
review_004392,order_004392,4,2017-08-11 12:53:27,2017-08-20 12:53:27
review_004393,order_004393,4,2018-01-18 11:17:23,2017-12-26 11:17:23
review_004394,order_004394,4,2018-02-13 13:29:23,2018-01-30 13:29:23
review_004395,order_004395,4,2018-01-13 05:35:22,2018-01-11 05:35:22
review_004396,order_004396,4,2017-12-12 00:11:13,2017-11-30 00:11:13
review_004397,order_004397,3,2017-08-04 04:52:48,2017-08-18 04:52:48
review_004398,order_004398,4,2017-04-16 04:21:51,2017-04-09 04:21:51
review_004399,order_004399,5,2017-10-04 01:15:23,2017-10-05 01:15:23
review_004400,order_004400,5,2018-07-10 08:33:32,2018-07-25 08:33:32
review_004401,order_004401,4,2018-03-27 16:24:49,2018-04-08 16:24:49
review_004402,order_004402,4,2018-04-11 23:11:00,2018-04-18 23:11:00
review_004403,order_004403,4,2018-04-25 15:46:25,2018-04-29 15:46:25
review_004404,order_004404,5,2018-07-26 04:12:20,2018-07-28 04:12:20
review_004405,order_004405,4,2017-06-01 08:41:32,2017-05-30 08:41:32
review_004406,order_004406,5,2018-04-07 07:16:44,2018-04-11 07:16:44
review_004407,order_004407,1,2017-03-17 05:05:30,2017-03-08 05:05:30
review_004408,order_004408,4,2017-06-11 23:45:49,2017-06-05 23:45:49
review_004409,order_004409,5,2017-02-16 15:44:06,2017-02-10 15:44:06
review_004410,order_004410,5,2017-09-27 11:32:47,2017-10-12 11:32:47
review_004411,order_004411,2,2017-04-27 10:28:53,2017-04-20 10:28:53
review_004412,order_004412,4,2017-09-04 07:38:30,2017-09-05 07:38:30
review_004413,order_004413,5,2017-03-31 10:00:07,2017-04-13 10:00:07
review_004414,order_004414,4,2017-02-13 15:13:28,2017-01-30 15:13:28
review_004415,order_004415,5,2017-11-21 22:16:37,2017-11-22 22:16:37
review_004416,order_004416,5,2017-10-10 11:54:40,2017-10-12 11:54:40
review_004417,order_004417,5,2017-09-27 04:26:21,2017-09-24 04:26:21
review_004418,order_004418,5,2017-08-06 22:58:43,2017-08-15 22:58:43
review_004419,order_004419,5,2017-09-13 07:33:34,2017-10-08 07:33:34
review_004420,order_004420,4,2017-01-13 01:59:48,2017-01-20 01:59:48
review_004421,order_004421,1,2017-11-10 13:03:35,2017-11-12 13:03:35
review_004422,order_004422,5,2018-06-18 18:58:23,2018-07-04 18:58:23
review_004423,order_004423,4,2017-04-25 06:10:56,2017-04-28 06:10:56
review_004424,order_004424,5,2017-04-05 06:41:53,2017-04-22 06:41:53
review_004425,order_004425,4,2018-05-16 06:56:30,2018-05-19 06:56:30
review_004426,order_004426,3,2017-12-04 19:21:36,2017-12-02 19:21:36
review_004427,order_004427,5,2017-07-02 22:58:38,2017-07-01 22:58:38
review_004428,order_004428,5,2018-05-26 20:20:43,2018-05-09 20:20:43
review_004429,order_004429,2,2017-08-19 05:25:39,2017-07-24 05:25:39
review_004430,order_004430,3,2018-01-18 20:22:52,2018-02-05 20:22:52
review_004431,order_004431,3,2018-01-08 07:25:52,2017-12-29 07:25:52
review_004432,order_004432,3,2017-04-23 20:48:02,2017-04-21 20:48:02
review_004433,order_004433,4,2018-05-04 23:47:36,2018-04-17 23:47:36
review_004434,order_004434,2,2018-02-13 17:14:06,2018-01-18 17:14:06
review_004435,order_004435,5,2017-06-04 22:55:21,2017-05-23 22:55:21
review_004436,order_004436,3,2018-05-04 03:25:03,2018-04-18 03:25:03
review_004437,order_004437,2,2018-01-28 15:42:57,2018-01-30 15:42:57
review_004438,order_004438,4,2018-06-30 01:14:44,2018-07-08 01:14:44
review_004439,order_004439,4,2018-06-01 15:39:14,2018-06-15 15:39:14
review_004440,order_004440,5,2017-07-23 08:10:42,2017-08-13 08:10:42
review_004441,order_004441,5,2018-08-13 23:16:41,2018-08-27 23:16:41
review_004442,order_004442,5,2017-02-21 11:52:54,2017-01-29 11:52:54
review_004443,order_004443,4,2017-08-11 18:17:54,2017-08-21 18:17:54
review_004444,order_004444,2,2018-01-24 07:15:46,2018-02-04 07:15:46
review_004445,order_004445,5,2017-12-21 01:47:48,2017-12-02 01:47:48
review_004446,order_004446,5,2017-06-21 17:48:46,2017-06-03 17:48:46
review_004447,order_004447,4,2017-06-05 05:19:18,2017-05-19 05:19:18
review_004448,order_004448,4,2018-05-21 17:20:19,2018-05-13 17:20:19
review_004449,order_004449,3,2018-06-28 11:09:05,2018-06-23 11:09:05
review_004450,order_004450,4,2018-03-02 23:19:34,2018-02-26 23:19:34
review_004451,order_004451,4,2017-12-17 08:27:45,2017-12-20 08:27:45
review_004452,order_004452,4,2018-05-14 09:36:49,2018-05-04 09:36:49
review_004453,order_004453,4,2017-06-18 17:46:20,2017-06-05 17:46:20
review_004454,order_004454,4,2018-09-06 18:51:26,2018-08-26 18:51:26
review_004455,order_004455,5,2017-04-12 03:01:06,2017-04-11 03:01:06
review_004456,order_004456,5,2018-01-01 17:47:19,2017-12-31 17:47:19
review_004457,order_004457,3,2017-08-16 11:47:40,2017-08-17 11:47:40
review_004458,order_004458,5,2018-07-27 23:43:47,2018-08-02 23:43:47
review_004459,order_004459,4,2017-06-23 15:08:42,2017-06-11 15:08:42
review_004460,order_004460,4,2018-02-06 18:34:00,2018-02-10 18:34:00
review_004461,order_004461,3,2017-04-29 08:15:13,2017-04-29 08:15:13
review_004462,order_004462,3,2017-05-08 06:48:20,2017-05-18 06:48:20
review_004463,order_004463,5,2017-10-05 18:50:30,2017-09-26 18:50:30
review_004464,order_004464,4,2018-05-13 00:21:59,2018-06-04 00:21:59
review_004465,order_004465,4,2017-07-22 13:55:49,2017-07-04 13:55:49
review_004466,order_004466,5,2018-03-14 23:14:09,2018-03-19 23:14:09
review_004467,order_004467,5,2017-12-20 23:47:17,2017-12-23 23:47:17
review_004468,order_004468,4,2018-08-31 17:11:08,2018-09-15 17:11:08
review_004469,order_004469,3,2017-07-15 11:56:07,2017-07-24 11:56:07
review_004470,order_004470,4,2017-06-13 19:30:09,2017-06-23 19:30:09
review_004471,order_004471,5,2018-07-27 00:21:07,2018-08-04 00:21:07
review_004472,order_004472,4,2017-07-28 19:02:16,2017-08-05 19:02:16
review_004473,order_004473,4,2017-05-27 04:33:33,2017-05-27 04:33:33
review_004474,order_004474,5,2018-05-24 17:39:29,2018-05-30 17:39:29
review_004475,order_004475,5,2018-05-28 08:21:08,2018-06-02 08:21:08
review_004476,order_004476,4,2017-02-23 18:02:07,2017-02-22 18:02:07
review_004477,order_004477,5,2018-06-22 14:28:44,2018-06-22 14:28:44
review_004478,order_004478,4,2018-02-05 22:18:25,2018-02-03 22:18:25
review_004479,order_004479,4,2017-07-17 18:53:53,2017-07-03 18:53:53
review_004480,order_004480,3,2017-12-23 21:56:19,2017-11-30 21:56:19
review_004481,order_004481,4,2017-06-01 03:37:46,2017-06-15 03:37:46
review_004482,order_004482,5,2017-04-29 09:06:05,2017-05-11 09:06:05
review_004483,order_004483,5,2017-04-09 10:29:52,2017-04-04 10:29:52
review_004484,order_004484,5,2017-04-27 00:44:35,2017-05-09 00:44:35
review_004485,order_004485,5,2018-01-15 00:32:47,2018-01-16 00:32:47
review_004486,order_004486,4,2018-06-03 00:55:42,2018-05-15 00:55:42
review_004487,order_004487,5,2017-11-09 18:24:48,2017-11-25 18:24:48
review_004488,order_004488,5,2017-02-01 10:43:09,2017-01-22 10:43:09
review_004489,order_004489,5,2017-09-24 18:02:27,2017-10-06 18:02:27
review_004490,order_004490,5,2018-04-10 20:02:22,2018-04-10 20:02:22
review_004491,order_004491,4,2018-06-25 00:52:00,2018-06-18 00:52:00
review_004492,order_004492,5,2018-04-13 20:20:33,2018-04-09 20:20:33
review_004493,order_004493,3,2017-08-29 05:24:57,2017-08-26 05:24:57
review_004494,order_004494,4,2018-03-06 09:42:19,2018-02-22 09:42:19
review_004495,order_004495,5,2017-03-16 23:06:36,2017-03-04 23:06:36
review_004496,order_004496,3,2017-09-12 07:14:19,2017-09-20 07:14:19
review_004497,order_004497,5,2017-12-25 22:33:23,2017-12-16 22:33:23
review_004498,order_004498,4,2017-01-27 12:09:30,2017-02-13 12:09:30
review_004499,order_004499,5,2017-01-18 00:19:12,2017-02-09 00:19:12
review_004500,order_004500,5,2018-05-11 19:58:51,2018-06-04 19:58:51
review_004501,order_004501,4,2017-06-07 01:03:50,2017-06-09 01:03:50
review_004502,order_004502,1,2017-04-08 15:16:33,2017-04-17 15:16:33
review_004503,order_004503,2,2018-01-08 11:00:03,2018-01-09 11:00:03
review_004504,order_004504,2,2017-07-20 03:21:19,2017-07-19 03:21:19
review_004505,order_004505,4,2018-08-30 12:21:02,2018-09-17 12:21:02
review_004506,order_004506,1,2018-08-15 08:41:37,2018-08-24 08:41:37
review_004507,order_004507,4,2018-06-06 02:21:52,2018-06-16 02:21:52
review_004508,order_004508,5,2017-08-04 13:19:48,2017-07-31 13:19:48
review_004509,order_004509,5,2018-07-08 01:03:08,2018-07-09 01:03:08
review_004510,order_004510,5,2017-07-05 12:55:05,2017-06-28 12:55:05
review_004511,order_004511,1,2017-06-26 05:25:26,2017-06-18 05:25:26
review_004512,order_004512,5,2018-09-05 19:56:06,2018-08-31 19:56:06
review_004513,order_004513,5,2018-03-11 22:48:22,2018-03-12 22:48:22
review_004514,order_004514,5,2017-03-11 22:22:19,2017-03-24 22:22:19
review_004515,order_004515,3,2018-07-21 22:30:16,2018-07-14 22:30:16
review_004516,order_004516,4,2017-04-22 02:24:40,2017-05-07 02:24:40
review_004517,order_004517,4,2018-03-19 12:14:02,2018-03-14 12:14:02
review_004518,order_004518,4,2017-10-03 05:23:08,2017-10-20 05:23:08
review_004519,order_004519,4,2017-01-18 02:19:15,2017-02-06 02:19:15
review_004520,order_004520,3,2018-04-30 09:24:42,2018-05-01 09:24:42
review_004521,order_004521,4,2018-03-09 10:18:12,2018-03-08 10:18:12
review_004522,order_004522,5,2018-07-01 07:06:48,2018-07-19 07:06:48
review_004523,order_004523,4,2018-01-30 02:44:23,2018-01-15 02:44:23
review_004524,order_004524,5,2018-04-27 09:47:56,2018-04-17 09:47:56
review_004525,order_004525,4,2018-08-02 03:43:43,2018-07-20 03:43:43
review_004526,order_004526,5,2018-08-30 00:58:38,2018-09-16 00:58:38
review_004527,order_004527,4,2018-01-05 10:49:52,2017-12-24 10:49:52
review_004528,order_004528,5,2017-02-09 01:35:03,2017-02-12 01:35:03
review_004529,order_004529,2,2017-08-30 23:10:58,2017-08-31 23:10:58
review_004530,order_004530,2,2018-02-10 20:07:14,2018-02-06 20:07:14
review_004531,order_004531,4,2017-04-02 22:13:16,2017-04-10 22:13:16
review_004532,order_004532,5,2017-03-19 02:27:43,2017-03-18 02:27:43
review_004533,order_004533,5,2017-09-07 11:09:34,2017-09-22 11:09:34
review_004534,order_004534,4,2018-08-09 19:46:40,2018-08-02 19:46:40
review_004535,order_004535,1,2017-07-28 13:48:45,2017-07-23 13:48:45
review_004536,order_004536,5,2018-08-25 07:21:22,2018-08-17 07:21:22
review_004537,order_004537,5,2018-05-27 19:57:25,2018-05-14 19:57:25
review_004538,order_004538,4,2017-07-26 07:25:16,2017-07-12 07:25:16
review_004539,order_004539,1,2017-06-13 23:22:18,2017-05-27 23:22:18
review_004540,order_004540,5,2018-06-03 02:25:04,2018-06-16 02:25:04
review_004541,order_004541,4,2018-04-10 16:56:38,2018-04-24 16:56:38
review_004542,order_004542,3,2018-01-31 00:19:05,2018-02-04 00:19:05
review_004543,order_004543,5,2018-09-06 21:56:33,2018-09-13 21:56:33
review_004544,order_004544,5,2017-03-15 08:31:36,2017-03-13 08:31:36
review_004545,order_004545,3,2017-09-26 00:29:22,2017-09-26 00:29:22
review_004546,order_004546,4,2018-01-21 20:02:54,2018-01-08 20:02:54
review_004547,order_004547,4,2017-02-19 23:13:08,2017-02-25 23:13:08
review_004548,order_004548,4,2018-09-02 22:04:44,2018-09-13 22:04:44
review_004549,order_004549,5,2017-12-30 11:39:27,2017-12-24 11:39:27
review_004550,order_004550,3,2017-08-01 01:28:40,2017-07-21 01:28:40
review_004551,order_004551,4,2017-06-17 05:27:59,2017-06-09 05:27:59
review_004552,order_004552,4,2017-01-18 00:44:30,2017-01-08 00:44:30
review_004553,order_004553,5,2018-01-29 01:03:47,2018-01-18 01:03:47
review_004554,order_004554,3,2018-09-09 03:48:40,2018-09-14 03:48:40
review_004555,order_004555,5,2017-01-30 13:30:57,2017-01-30 13:30:57
review_004556,order_004556,4,2017-09-23 18:23:27,2017-09-24 18:23:27
review_004557,order_004557,5,2018-03-09 14:02:10,2018-03-09 14:02:10
review_004558,order_004558,4,2017-10-15 04:55:01,2017-10-16 04:55:01
review_004559,order_004559,5,2018-02-14 14:26:30,2018-02-24 14:26:30
review_004560,order_004560,2,2018-03-23 05:32:22,2018-03-16 05:32:22
review_004561,order_004561,5,2018-08-24 11:03:58,2018-09-08 11:03:58
review_004562,order_004562,5,2018-01-25 21:20:04,2018-01-27 21:20:04
review_004563,order_004563,4,2018-03-21 03:13:44,2018-04-11 03:13:44
review_004564,order_004564,2,2017-07-21 20:59:55,2017-07-23 20:59:55
review_004565,order_004565,5,2017-05-03 06:30:13,2017-04-29 06:30:13
review_004566,order_004566,4,2017-03-25 16:05:12,2017-03-23 16:05:12
review_004567,order_004567,5,2017-03-17 06:16:14,2017-04-07 06:16:14
review_004568,order_004568,4,2018-06-10 03:56:10,2018-06-09 03:56:10
review_004569,order_004569,3,2017-02-01 10:48:34,2017-02-19 10:48:34
review_004570,order_004570,2,2017-11-11 09:08:51,2017-11-08 09:08:51
review_004571,order_004571,5,2018-02-05 12:10:45,2018-01-22 12:10:45
review_004572,order_004572,4,2018-03-01 05:40:05,2018-02-24 05:40:05
review_004573,order_004573,4,2017-03-13 23:28:47,2017-02-22 23:28:47
review_004574,order_004574,5,2018-07-10 16:07:27,2018-07-01 16:07:27
review_004575,order_004575,5,2017-10-05 20:10:27,2017-10-28 20:10:27
review_004576,order_004576,4,2017-01-25 18:43:06,2017-01-24 18:43:06
review_004577,order_004577,5,2017-04-25 17:22:47,2017-04-09 17:22:47
review_004578,order_004578,3,2018-06-18 03:24:40,2018-06-25 03:24:40
review_004579,order_004579,5,2018-08-29 14:06:50,2018-08-18 14:06:50
review_004580,order_004580,5,2018-04-21 21:33:03,2018-05-03 21:33:03
review_004581,order_004581,5,2017-07-30 02:18:23,2017-08-03 02:18:23
review_004582,order_004582,2,2018-09-01 11:06:28,2018-08-11 11:06:28
review_004583,order_004583,4,2017-06-26 04:25:26,2017-06-26 04:25:26
review_004584,order_004584,5,2017-06-15 19:04:48,2017-05-31 19:04:48
review_004585,order_004585,5,2018-04-27 22:21:11,2018-04-30 22:21:11
review_004586,order_004586,5,2017-08-19 01:14:21,2017-07-26 01:14:21
review_004587,order_004587,5,2017-12-08 19:13:56,2017-12-08 19:13:56
review_004588,order_004588,5,2018-03-08 08:39:14,2018-02-17 08:39:14
review_004589,order_004589,2,2017-04-16 23:08:00,2017-05-13 23:08:00
review_004590,order_004590,3,2018-08-01 00:21:17,2018-07-30 00:21:17
review_004591,order_004591,5,2017-05-05 04:35:41,2017-04-27 04:35:41
review_004592,order_004592,5,2018-09-11 17:14:37,2018-09-30 17:14:37
review_004593,order_004593,3,2017-07-18 18:40:54,2017-07-06 18:40:54
review_004594,order_004594,5,2017-10-10 01:54:24,2017-10-09 01:54:24
review_004595,order_004595,3,2017-06-22 03:50:30,2017-07-05 03:50:30
review_004596,order_004596,5,2017-12-10 08:07:07,2017-12-16 08:07:07
review_004597,order_004597,4,2017-01-08 00:50:08,2017-01-28 00:50:08
review_004598,order_004598,5,2017-05-14 18:45:43,2017-04-22 18:45:43
review_004599,order_004599,4,2017-11-22 16:04:18,2017-11-26 16:04:18
review_004600,order_004600,3,2018-03-26 17:58:30,2018-03-07 17:58:30
review_004601,order_004601,5,2018-09-01 11:16:14,2018-09-11 11:16:14
review_004602,order_004602,5,2018-06-17 15:22:01,2018-06-26 15:22:01
review_004603,order_004603,5,2018-08-07 13:44:49,2018-07-22 13:44:49
review_004604,order_004604,5,2018-05-20 16:39:23,2018-05-22 16:39:23
review_004605,order_004605,1,2018-04-27 10:48:50,2018-05-13 10:48:50
review_004606,order_004606,4,2017-08-31 15:37:46,2017-08-20 15:37:46
review_004607,order_004607,4,2018-07-28 15:29:20,2018-08-09 15:29:20
review_004608,order_004608,5,2018-09-11 15:23:26,2018-08-15 15:23:26
review_004609,order_004609,4,2017-11-23 20:56:20,2017-11-16 20:56:20
review_004610,order_004610,1,2017-03-27 08:23:30,2017-04-19 08:23:30
review_004611,order_004611,4,2017-02-03 21:05:37,2017-02-17 21:05:37
review_004612,order_004612,5,2017-11-16 00:40:33,2017-11-20 00:40:33
review_004613,order_004613,5,2018-02-11 11:40:06,2018-02-07 11:40:06
review_004614,order_004614,5,2017-12-27 10:36:13,2017-12-16 10:36:13
review_004615,order_004615,5,2018-07-24 20:50:02,2018-07-17 20:50:02
review_004616,order_004616,5,2017-12-22 01:05:27,2017-12-17 01:05:27
review_004617,order_004617,4,2018-02-18 05:12:07,2018-02-19 05:12:07
review_004618,order_004618,5,2018-04-12 11:15:10,2018-04-15 11:15:10
review_004619,order_004619,5,2018-07-27 19:34:14,2018-08-01 19:34:14
review_004620,order_004620,5,2018-01-31 11:08:16,2018-02-02 11:08:16
review_004621,order_004621,4,2017-12-11 15:20:05,2017-12-15 15:20:05
review_004622,order_004622,3,2017-03-11 04:17:21,2017-02-25 04:17:21
review_004623,order_004623,5,2018-02-08 22:38:20,2018-02-03 22:38:20
review_004624,order_004624,3,2017-05-18 18:49:20,2017-05-22 18:49:20
review_004625,order_004625,5,2017-08-31 01:01:53,2017-08-22 01:01:53
review_004626,order_004626,5,2017-12-03 16:54:03,2017-11-26 16:54:03
review_004627,order_004627,4,2017-03-11 03:06:21,2017-02-27 03:06:21
review_004628,order_004628,3,2018-03-17 13:25:44,2018-03-19 13:25:44
review_004629,order_004629,4,2017-07-13 17:00:09,2017-07-13 17:00:09
review_004630,order_004630,4,2017-12-05 22:13:18,2017-11-24 22:13:18
review_004631,order_004631,2,2017-08-15 01:41:31,2017-08-14 01:41:31
review_004632,order_004632,3,2017-08-22 06:53:32,2017-09-07 06:53:32
review_004633,order_004633,5,2017-09-06 16:34:08,2017-09-30 16:34:08
review_004634,order_004634,1,2017-03-06 06:17:19,2017-02-13 06:17:19
review_004635,order_004635,4,2017-06-02 17:06:08,2017-05-28 17:06:08
review_004636,order_004636,5,2018-05-03 04:24:08,2018-05-15 04:24:08
review_004637,order_004637,4,2017-03-24 03:55:33,2017-04-09 03:55:33
review_004638,order_004638,5,2017-11-13 13:03:59,2017-11-29 13:03:59
review_004639,order_004639,4,2017-04-01 16:32:18,2017-04-10 16:32:18
review_004640,order_004640,5,2017-12-13 04:55:42,2017-12-27 04:55:42
review_004641,order_004641,3,2018-02-17 20:58:29,2018-03-02 20:58:29
review_004642,order_004642,1,2017-11-02 20:51:12,2017-11-07 20:51:12
review_004643,order_004643,2,2018-04-24 01:56:56,2018-04-26 01:56:56
review_004644,order_004644,4,2017-07-13 07:18:12,2017-06-29 07:18:12
review_004645,order_004645,4,2017-12-30 13:20:48,2018-01-08 13:20:48
review_004646,order_004646,3,2017-07-19 11:46:56,2017-07-17 11:46:56
review_004647,order_004647,4,2017-11-30 06:07:11,2017-11-21 06:07:11
review_004648,order_004648,3,2017-02-22 12:42:29,2017-03-12 12:42:29
review_004649,order_004649,5,2017-07-03 23:06:24,2017-07-10 23:06:24
review_004650,order_004650,4,2018-03-13 07:23:00,2018-04-06 07:23:00
review_004651,order_004651,5,2018-05-04 05:15:23,2018-05-16 05:15:23
review_004652,order_004652,5,2017-07-16 17:43:19,2017-07-19 17:43:19
review_004653,order_004653,5,2017-07-01 13:41:46,2017-06-28 13:41:46
review_004654,order_004654,4,2017-07-15 16:36:35,2017-07-07 16:36:35
review_004655,order_004655,4,2017-07-11 15:30:47,2017-07-05 15:30:47
review_004656,order_004656,5,2018-09-06 18:15:34,2018-09-19 18:15:34
review_004657,order_004657,5,2018-02-13 17:30:09,2018-02-13 17:30:09
review_004658,order_004658,5,2017-09-07 14:32:31,2017-09-13 14:32:31
review_004659,order_004659,5,2017-10-16 10:54:27,2017-10-27 10:54:27
review_004660,order_004660,3,2017-11-27 11:02:39,2017-11-18 11:02:39
review_004661,order_004661,5,2017-12-11 06:22:09,2018-01-05 06:22:09
review_004662,order_004662,3,2017-09-13 10:46:26,2017-09-12 10:46:26
review_004663,order_004663,3,2018-09-07 14:31:12,2018-08-31 14:31:12
review_004664,order_004664,4,2017-07-11 17:11:48,2017-07-14 17:11:48
review_004665,order_004665,4,2017-10-05 18:33:00,2017-10-11 18:33:00
review_004666,order_004666,4,2017-01-19 09:02:55,2017-01-17 09:02:55
review_004667,order_004667,4,2017-11-20 17:35:27,2017-11-03 17:35:27
review_004668,order_004668,1,2018-06-25 10:29:39,2018-06-27 10:29:39
review_004669,order_004669,4,2018-09-05 08:36:01,2018-09-10 08:36:01
review_004670,order_004670,4,2017-11-12 03:55:41,2017-11-19 03:55:41
review_004671,order_004671,5,2017-04-29 06:22:52,2017-04-01 06:22:52
review_004672,order_004672,4,2018-03-30 16:18:40,2018-04-14 16:18:40
review_004673,order_004673,4,2018-02-15 05:11:40,2018-02-27 05:11:40
review_004674,order_004674,5,2018-08-30 01:50:46,2018-08-31 01:50:46
review_004675,order_004675,5,2017-11-15 06:31:37,2017-11-28 06:31:37
review_004676,order_004676,5,2017-01-27 23:46:20,2017-02-04 23:46:20
review_004677,order_004677,5,2018-07-13 03:35:40,2018-07-30 03:35:40
review_004678,order_004678,5,2018-02-22 03:26:58,2018-02-22 03:26:58
review_004679,order_004679,5,2018-06-02 09:40:34,2018-05-29 09:40:34
review_004680,order_004680,1,2017-04-10 09:11:29,2017-04-02 09:11:29
review_004681,order_004681,4,2017-10-12 22:05:13,2017-10-11 22:05:13
review_004682,order_004682,5,2017-10-13 05:42:24,2017-10-18 05:42:24
review_004683,order_004683,5,2017-06-20 10:00:50,2017-07-02 10:00:50
review_004684,order_004684,4,2018-06-30 06:58:32,2018-06-08 06:58:32
review_004685,order_004685,3,2017-05-23 05:59:50,2017-05-27 05:59:50
review_004686,order_004686,4,2017-03-19 07:44:19,2017-02-27 07:44:19
review_004687,order_004687,4,2017-06-25 06:10:14,2017-06-20 06:10:14
review_004688,order_004688,4,2018-09-23 17:14:24,2018-09-07 17:14:24
review_004689,order_004689,4,2017-03-28 18:57:47,2017-04-06 18:57:47
review_004690,order_004690,4,2018-01-18 04:14:31,2018-01-22 04:14:31
review_004691,order_004691,5,2017-04-29 11:54:06,2017-05-16 11:54:06
review_004692,order_004692,4,2017-09-07 06:19:57,2017-10-01 06:19:57
review_004693,order_004693,5,2017-12-27 20:49:19,2017-12-16 20:49:19
review_004694,order_004694,5,2017-01-17 02:25:44,2017-01-23 02:25:44
review_004695,order_004695,5,2017-06-09 09:49:11,2017-06-12 09:49:11
review_004696,order_004696,4,2018-01-06 07:57:18,2018-01-19 07:57:18
review_004697,order_004697,3,2017-02-11 08:43:23,2017-01-15 08:43:23
review_004698,order_004698,5,2017-11-05 22:35:23,2017-11-14 22:35:23
review_004699,order_004699,5,2018-02-03 12:58:42,2018-01-28 12:58:42
review_004700,order_004700,4,2017-06-07 09:07:21,2017-06-05 09:07:21
review_004701,order_004701,5,2017-05-10 19:23:27,2017-04-22 19:23:27
review_004702,order_004702,5,2017-11-23 18:39:22,2017-11-08 18:39:22
review_004703,order_004703,5,2018-03-18 03:28:32,2018-03-29 03:28:32
review_004704,order_004704,4,2017-01-15 11:04:51,2017-01-23 11:04:51
review_004705,order_004705,5,2017-08-27 09:53:25,2017-08-02 09:53:25
review_004706,order_004706,4,2018-09-16 10:47:25,2018-09-15 10:47:25
review_004707,order_004707,4,2017-08-18 08:22:26,2017-08-25 08:22:26
review_004708,order_004708,5,2017-08-22 19:46:31,2017-08-15 19:46:31
review_004709,order_004709,4,2018-03-31 23:54:10,2018-04-05 23:54:10
review_004710,order_004710,4,2017-11-02 00:38:37,2017-11-22 00:38:37
review_004711,order_004711,4,2017-09-21 20:33:34,2017-09-14 20:33:34
review_004712,order_004712,5,2018-05-14 20:45:26,2018-05-08 20:45:26
review_004713,order_004713,5,2017-02-20 08:46:27,2017-02-04 08:46:27
review_004714,order_004714,3,2018-03-29 11:38:42,2018-04-10 11:38:42
review_004715,order_004715,5,2017-09-04 02:26:58,2017-09-01 02:26:58
review_004716,order_004716,4,2018-07-09 08:25:37,2018-07-29 08:25:37
review_004717,order_004717,4,2018-04-11 05:43:04,2018-04-17 05:43:04
review_004718,order_004718,3,2018-08-08 21:45:50,2018-08-06 21:45:50
review_004719,order_004719,3,2017-04-03 02:34:12,2017-04-02 02:34:12
review_004720,order_004720,4,2017-05-13 08:09:23,2017-05-17 08:09:23
review_004721,order_004721,4,2018-07-28 11:32:30,2018-07-19 11:32:30
review_004722,order_004722,3,2017-08-31 23:27:53,2017-09-26 23:27:53
review_004723,order_004723,5,2018-05-31 19:36:58,2018-06-10 19:36:58
review_004724,order_004724,5,2018-03-13 22:28:21,2018-03-26 22:28:21
review_004725,order_004725,4,2017-11-08 07:26:39,2017-11-18 07:26:39
review_004726,order_004726,1,2017-02-12 06:25:48,2017-02-06 06:25:48
review_004727,order_004727,5,2017-02-19 13:42:45,2017-03-09 13:42:45
review_004728,order_004728,5,2018-04-15 08:10:28,2018-04-13 08:10:28
review_004729,order_004729,5,2017-03-28 00:22:46,2017-03-30 00:22:46
review_004730,order_004730,5,2017-02-01 19:29:31,2017-01-16 19:29:31
review_004731,order_004731,1,2017-05-25 02:16:36,2017-05-30 02:16:36
review_004732,order_004732,3,2018-07-28 04:41:40,2018-08-03 04:41:40
review_004733,order_004733,5,2018-02-02 22:38:15,2018-02-04 22:38:15
review_004734,order_004734,4,2018-03-20 17:34:00,2018-04-08 17:34:00
review_004735,order_004735,3,2018-03-04 15:25:11,2018-02-16 15:25:11
review_004736,order_004736,5,2017-12-16 03:05:58,2017-12-24 03:05:58
review_004737,order_004737,4,2017-07-05 06:01:07,2017-06-13 06:01:07
review_004738,order_004738,5,2017-09-27 04:56:04,2017-10-16 04:56:04
review_004739,order_004739,5,2017-12-22 15:23:31,2017-12-24 15:23:31
review_004740,order_004740,1,2018-09-27 12:00:43,2018-09-26 12:00:43
review_004741,order_004741,5,2018-07-14 08:39:10,2018-07-18 08:39:10
review_004742,order_004742,5,2018-04-05 17:54:04,2018-04-19 17:54:04
review_004743,order_004743,5,2018-05-18 18:40:16,2018-05-17 18:40:16
review_004744,order_004744,3,2018-06-09 17:44:46,2018-06-08 17:44:46
review_004745,order_004745,3,2018-02-20 02:32:19,2018-03-16 02:32:19
review_004746,order_004746,4,2018-06-14 14:36:50,2018-06-04 14:36:50
review_004747,order_004747,3,2017-03-19 05:02:26,2017-03-05 05:02:26
review_004748,order_004748,5,2017-02-09 06:31:50,2017-01-25 06:31:50
review_004749,order_004749,5,2017-10-21 23:28:46,2017-10-04 23:28:46
review_004750,order_004750,5,2017-02-10 09:58:08,2017-02-14 09:58:08
review_004751,order_004751,4,2017-08-12 18:54:08,2017-08-11 18:54:08
review_004752,order_004752,4,2017-05-25 05:54:32,2017-05-18 05:54:32
review_004753,order_004753,3,2018-09-08 23:20:11,2018-09-03 23:20:11
review_004754,order_004754,4,2018-02-17 06:38:54,2018-02-15 06:38:54
review_004755,order_004755,4,2017-02-15 04:22:02,2017-02-08 04:22:02
review_004756,order_004756,4,2018-01-20 07:45:26,2018-02-19 07:45:26
review_004757,order_004757,4,2018-04-08 04:09:45,2018-03-28 04:09:45
review_004758,order_004758,1,2017-08-08 14:22:20,2017-08-17 14:22:20
review_004759,order_004759,4,2018-06-29 03:27:23,2018-07-26 03:27:23
review_004760,order_004760,3,2018-09-15 04:58:56,2018-08-30 04:58:56
review_004761,order_004761,1,2018-08-27 16:51:05,2018-09-13 16:51:05
review_004762,order_004762,4,2017-03-25 01:01:18,2017-03-08 01:01:18
review_004763,order_004763,5,2017-10-26 10:34:16,2017-10-21 10:34:16
review_004764,order_004764,5,2018-05-18 16:37:08,2018-04-25 16:37:08
review_004765,order_004765,3,2017-10-03 10:41:28,2017-10-26 10:41:28
review_004766,order_004766,2,2017-11-22 00:31:24,2017-11-17 00:31:24
review_004767,order_004767,5,2017-07-26 03:47:32,2017-08-02 03:47:32
review_004768,order_004768,4,2017-10-16 23:17:55,2017-09-29 23:17:55
review_004769,order_004769,5,2018-04-01 18:31:51,2018-03-24 18:31:51
review_004770,order_004770,4,2017-01-26 08:24:24,2017-02-18 08:24:24
review_004771,order_004771,5,2018-05-24 20:58:06,2018-05-09 20:58:06
review_004772,order_004772,2,2018-04-14 00:09:28,2018-03-28 00:09:28
review_004773,order_004773,5,2017-04-26 01:08:10,2017-04-09 01:08:10
review_004774,order_004774,4,2018-04-25 21:13:48,2018-05-05 21:13:48
review_004775,order_004775,5,2017-11-24 16:10:52,2017-11-21 16:10:52
review_004776,order_004776,1,2017-08-05 14:23:43,2017-08-13 14:23:43
review_004777,order_004777,3,2017-11-06 08:16:05,2017-10-16 08:16:05
review_004778,order_004778,5,2017-12-03 19:37:02,2017-12-01 19:37:02
review_004779,order_004779,1,2017-06-04 14:35:46,2017-06-09 14:35:46
review_004780,order_004780,4,2018-02-03 10:26:26,2018-01-26 10:26:26
review_004781,order_004781,4,2018-02-01 09:07:58,2018-02-04 09:07:58
review_004782,order_004782,4,2017-08-28 08:30:01,2017-09-05 08:30:01
review_004783,order_004783,5,2017-11-09 13:48:27,2017-10-16 13:48:27
review_004784,order_004784,5,2018-01-21 15:43:28,2018-01-26 15:43:28
review_004785,order_004785,5,2017-11-11 19:18:53,2017-12-08 19:18:53
review_004786,order_004786,4,2017-09-27 09:44:38,2017-10-26 09:44:38
review_004787,order_004787,5,2018-09-05 06:05:34,2018-08-24 06:05:34
review_004788,order_004788,4,2018-07-14 13:20:56,2018-07-16 13:20:56
review_004789,order_004789,4,2017-09-12 14:00:07,2017-08-30 14:00:07
review_004790,order_004790,5,2018-03-27 06:40:03,2018-04-17 06:40:03
review_004791,order_004791,4,2018-05-28 01:45:32,2018-05-24 01:45:32
review_004792,order_004792,4,2017-03-28 07:59:00,2017-03-26 07:59:00
review_004793,order_004793,4,2018-01-26 01:41:37,2018-01-02 01:41:37
review_004794,order_004794,5,2018-06-05 01:58:21,2018-05-19 01:58:21
review_004795,order_004795,4,2017-02-09 23:10:56,2017-02-22 23:10:56
review_004796,order_004796,1,2017-08-17 18:45:10,2017-08-29 18:45:10
review_004797,order_004797,2,2018-05-22 00:51:02,2018-05-17 00:51:02
review_004798,order_004798,5,2018-08-15 08:22:20,2018-08-24 08:22:20
review_004799,order_004799,5,2018-09-16 06:06:39,2018-09-29 06:06:39
review_004800,order_004800,5,2018-02-04 23:23:59,2018-02-03 23:23:59
review_004801,order_004801,4,2017-02-04 10:30:10,2017-02-20 10:30:10
review_004802,order_004802,4,2017-01-28 06:14:03,2017-02-07 06:14:03
review_004803,order_004803,5,2018-05-21 15:14:03,2018-06-02 15:14:03
review_004804,order_004804,5,2018-04-17 11:24:04,2018-04-27 11:24:04
review_004805,order_004805,5,2017-05-08 04:29:43,2017-06-01 04:29:43
review_004806,order_004806,4,2017-04-03 07:19:57,2017-03-29 07:19:57
review_004807,order_004807,5,2017-04-11 03:03:23,2017-04-09 03:03:23
review_004808,order_004808,5,2018-06-30 16:39:15,2018-07-09 16:39:15
review_004809,order_004809,5,2018-05-06 23:17:45,2018-05-01 23:17:45
review_004810,order_004810,4,2018-08-10 19:24:02,2018-08-26 19:24:02
review_004811,order_004811,5,2017-04-13 09:00:30,2017-04-05 09:00:30
review_004812,order_004812,4,2018-03-07 11:41:17,2018-03-17 11:41:17
review_004813,order_004813,5,2018-08-09 01:27:36,2018-08-05 01:27:36
review_004814,order_004814,4,2017-11-25 08:48:22,2017-12-20 08:48:22
review_004815,order_004815,2,2018-05-07 00:46:11,2018-04-27 00:46:11
review_004816,order_004816,4,2018-01-07 17:52:26,2018-01-16 17:52:26
review_004817,order_004817,4,2017-01-24 21:49:17,2017-01-19 21:49:17
review_004818,order_004818,5,2017-09-29 04:35:41,2017-10-02 04:35:41
review_004819,order_004819,5,2017-06-17 16:10:32,2017-06-14 16:10:32
review_004820,order_004820,4,2017-03-05 14:23:13,2017-02-26 14:23:13
review_004821,order_004821,5,2018-01-25 10:01:41,2018-01-11 10:01:41
review_004822,order_004822,4,2018-08-01 17:36:25,2018-08-23 17:36:25
review_004823,order_004823,5,2017-03-06 16:18:50,2017-02-24 16:18:50
review_004824,order_004824,4,2017-08-19 06:27:44,2017-08-19 06:27:44
review_004825,order_004825,4,2018-02-28 19:09:49,2018-03-15 19:09:49
review_004826,order_004826,5,2017-07-28 15:44:12,2017-07-24 15:44:12
review_004827,order_004827,5,2017-03-20 07:29:59,2017-04-07 07:29:59
review_004828,order_004828,2,2017-05-02 17:38:43,2017-05-21 17:38:43
review_004829,order_004829,1,2017-02-09 15:22:31,2017-02-18 15:22:31
review_004830,order_004830,4,2018-09-25 02:49:04,2018-09-02 02:49:04
review_004831,order_004831,5,2017-11-22 03:59:34,2017-11-30 03:59:34
review_004832,order_004832,5,2018-08-21 07:46:25,2018-08-14 07:46:25
review_004833,order_004833,4,2018-03-02 01:03:51,2018-03-07 01:03:51
review_004834,order_004834,4,2017-08-25 09:45:04,2017-08-22 09:45:04
review_004835,order_004835,5,2018-08-08 11:04:37,2018-08-21 11:04:37
review_004836,order_004836,4,2017-07-09 18:37:22,2017-06-28 18:37:22
review_004837,order_004837,2,2017-05-05 04:06:56,2017-05-18 04:06:56
review_004838,order_004838,5,2018-05-11 13:37:12,2018-05-21 13:37:12
review_004839,order_004839,4,2017-12-17 15:57:02,2017-12-10 15:57:02
review_004840,order_004840,5,2017-10-01 10:47:22,2017-10-06 10:47:22
review_004841,order_004841,4,2018-01-06 21:46:33,2018-01-14 21:46:33
review_004842,order_004842,5,2018-08-20 07:39:01,2018-08-30 07:39:01
review_004843,order_004843,5,2017-07-12 09:47:24,2017-07-19 09:47:24
review_004844,order_004844,4,2018-07-15 00:05:50,2018-08-02 00:05:50
review_004845,order_004845,4,2018-08-07 09:51:28,2018-07-28 09:51:28
review_004846,order_004846,4,2018-04-25 00:29:07,2018-04-20 00:29:07
review_004847,order_004847,4,2017-04-28 23:36:45,2017-04-24 23:36:45
review_004848,order_004848,4,2017-03-05 05:46:14,2017-03-23 05:46:14
review_004849,order_004849,4,2017-03-24 19:29:29,2017-04-06 19:29:29
review_004850,order_004850,5,2018-03-30 02:48:02,2018-04-01 02:48:02
review_004851,order_004851,4,2017-09-10 06:34:53,2017-09-10 06:34:53
review_004852,order_004852,5,2018-09-21 02:52:12,2018-09-27 02:52:12
review_004853,order_004853,3,2017-02-07 08:50:57,2017-01-12 08:50:57
review_004854,order_004854,4,2017-08-31 14:27:56,2017-09-10 14:27:56
review_004855,order_004855,2,2017-06-15 10:04:34,2017-06-16 10:04:34
review_004856,order_004856,5,2018-07-14 14:31:51,2018-07-08 14:31:51
review_004857,order_004857,4,2017-04-17 19:21:06,2017-04-02 19:21:06
review_004858,order_004858,4,2017-09-26 01:04:28,2017-09-26 01:04:28
review_004859,order_004859,5,2018-06-29 10:10:59,2018-06-30 10:10:59
review_004860,order_004860,4,2018-09-10 14:15:16,2018-08-22 14:15:16
review_004861,order_004861,4,2018-07-17 12:33:46,2018-08-15 12:33:46
review_004862,order_004862,4,2018-02-17 03:29:58,2018-02-25 03:29:58
review_004863,order_004863,4,2017-04-22 04:57:35,2017-05-13 04:57:35
review_004864,order_004864,5,2017-03-05 09:03:12,2017-03-10 09:03:12
review_004865,order_004865,1,2017-09-30 15:37:54,2017-09-24 15:37:54
review_004866,order_004866,4,2017-11-07 23:45:08,2017-11-01 23:45:08
review_004867,order_004867,5,2017-11-20 08:50:32,2017-12-14 08:50:32
review_004868,order_004868,4,2017-02-12 12:31:41,2017-02-20 12:31:41
review_004869,order_004869,4,2018-03-19 07:21:20,2018-02-25 07:21:20
review_004870,order_004870,5,2017-09-19 00:49:13,2017-09-18 00:49:13
review_004871,order_004871,5,2017-03-13 09:33:39,2017-03-21 09:33:39
review_004872,order_004872,2,2018-07-23 08:20:37,2018-08-03 08:20:37
review_004873,order_004873,2,2017-08-20 03:36:45,2017-08-26 03:36:45
review_004874,order_004874,4,2017-06-20 16:06:05,2017-06-20 16:06:05
review_004875,order_004875,4,2017-11-11 06:12:13,2017-11-13 06:12:13
review_004876,order_004876,5,2018-08-20 05:23:25,2018-08-13 05:23:25
review_004877,order_004877,1,2018-06-12 09:20:30,2018-06-07 09:20:30
review_004878,order_004878,5,2017-03-08 23:08:48,2017-03-19 23:08:48
review_004879,order_004879,4,2018-03-28 15:16:23,2018-02-28 15:16:23
review_004880,order_004880,4,2018-02-18 10:12:25,2018-02-25 10:12:25
review_004881,order_004881,4,2018-07-26 19:41:45,2018-07-19 19:41:45
review_004882,order_004882,3,2018-09-03 00:30:21,2018-09-07 00:30:21
review_004883,order_004883,3,2018-04-16 08:05:00,2018-04-13 08:05:00
review_004884,order_004884,5,2018-03-07 12:58:24,2018-02-28 12:58:24
review_004885,order_004885,5,2017-08-28 11:43:41,2017-08-19 11:43:41
review_004886,order_004886,4,2018-07-26 16:13:42,2018-07-07 16:13:42
review_004887,order_004887,5,2018-08-29 16:50:31,2018-08-30 16:50:31
review_004888,order_004888,4,2018-09-07 10:56:37,2018-09-01 10:56:37
review_004889,order_004889,5,2018-08-31 22:18:38,2018-09-05 22:18:38
review_004890,order_004890,5,2018-02-06 22:16:33,2018-02-04 22:16:33
review_004891,order_004891,5,2018-08-14 11:24:15,2018-08-23 11:24:15
review_004892,order_004892,5,2018-05-09 21:38:46,2018-05-14 21:38:46
review_004893,order_004893,4,2017-06-28 15:22:50,2017-06-13 15:22:50
review_004894,order_004894,2,2017-02-13 03:20:06,2017-02-02 03:20:06
review_004895,order_004895,3,2018-09-07 02:52:11,2018-09-18 02:52:11
review_004896,order_004896,5,2017-09-27 01:55:07,2017-10-05 01:55:07
review_004897,order_004897,4,2018-07-03 05:04:58,2018-07-13 05:04:58
review_004898,order_004898,4,2017-07-19 07:29:43,2017-07-01 07:29:43
review_004899,order_004899,5,2017-08-15 01:39:32,2017-08-18 01:39:32
review_004900,order_004900,5,2018-06-03 14:35:42,2018-06-07 14:35:42
review_004901,order_004901,5,2017-12-16 09:52:09,2017-12-03 09:52:09
review_004902,order_004902,1,2018-02-22 14:26:17,2018-03-20 14:26:17
review_004903,order_004903,5,2017-08-15 12:04:22,2017-08-03 12:04:22
review_004904,order_004904,4,2018-02-02 06:31:09,2018-02-09 06:31:09
review_004905,order_004905,5,2017-11-24 14:45:30,2017-11-13 14:45:30
review_004906,order_004906,4,2018-08-13 22:49:35,2018-08-14 22:49:35
review_004907,order_004907,3,2017-11-06 07:36:07,2017-11-05 07:36:07
review_004908,order_004908,4,2017-03-24 07:22:33,2017-03-12 07:22:33
review_004909,order_004909,2,2018-04-01 12:23:11,2018-04-17 12:23:11
review_004910,order_004910,2,2018-08-09 19:18:02,2018-08-17 19:18:02
review_004911,order_004911,4,2018-07-02 12:45:18,2018-07-16 12:45:18
review_004912,order_004912,4,2017-03-11 19:58:03,2017-03-25 19:58:03
review_004913,order_004913,4,2018-09-12 01:46:40,2018-09-29 01:46:40
review_004914,order_004914,5,2017-08-04 02:21:44,2017-08-25 02:21:44
review_004915,order_004915,1,2018-06-07 09:45:05,2018-06-16 09:45:05
review_004916,order_004916,5,2018-02-20 05:34:52,2018-01-27 05:34:52
review_004917,order_004917,4,2018-09-04 00:33:26,2018-08-22 00:33:26
review_004918,order_004918,5,2017-08-23 05:09:52,2017-08-20 05:09:52
review_004919,order_004919,5,2018-02-08 06:30:23,2018-01-18 06:30:23
review_004920,order_004920,5,2018-03-10 22:04:17,2018-03-16 22:04:17
review_004921,order_004921,4,2017-04-20 18:46:30,2017-04-26 18:46:30
review_004922,order_004922,5,2018-05-10 08:25:35,2018-04-30 08:25:35
review_004923,order_004923,5,2017-04-09 22:59:34,2017-04-16 22:59:34
review_004924,order_004924,2,2018-06-21 20:04:31,2018-06-05 20:04:31
review_004925,order_004925,4,2017-03-29 06:00:56,2017-04-11 06:00:56
review_004926,order_004926,4,2017-05-22 11:28:20,2017-05-02 11:28:20
review_004927,order_004927,5,2017-11-19 22:07:14,2017-11-05 22:07:14
review_004928,order_004928,2,2017-05-05 10:58:23,2017-05-07 10:58:23
review_004929,order_004929,5,2017-03-13 08:54:06,2017-03-03 08:54:06
review_004930,order_004930,4,2017-02-27 21:40:55,2017-02-21 21:40:55
review_004931,order_004931,5,2017-07-12 15:51:02,2017-07-06 15:51:02
review_004932,order_004932,2,2017-11-15 10:34:53,2017-11-11 10:34:53
review_004933,order_004933,5,2017-02-25 20:52:24,2017-02-19 20:52:24
review_004934,order_004934,1,2017-04-21 17:52:35,2017-04-05 17:52:35
review_004935,order_004935,5,2018-01-12 08:20:50,2018-01-16 08:20:50
review_004936,order_004936,4,2017-08-08 10:11:06,2017-08-17 10:11:06
review_004937,order_004937,5,2018-04-29 01:08:15,2018-04-22 01:08:15
review_004938,order_004938,1,2018-06-12 02:26:41,2018-06-15 02:26:41
review_004939,order_004939,5,2017-02-11 22:54:18,2017-02-19 22:54:18
review_004940,order_004940,4,2018-08-13 01:16:27,2018-08-22 01:16:27
review_004941,order_004941,2,2018-03-23 20:04:56,2018-03-19 20:04:56
review_004942,order_004942,5,2018-06-04 04:59:51,2018-06-03 04:59:51
review_004943,order_004943,4,2017-10-29 12:59:50,2017-11-06 12:59:50
review_004944,order_004944,3,2017-01-20 17:20:03,2017-01-23 17:20:03
review_004945,order_004945,2,2018-07-09 23:47:17,2018-07-14 23:47:17
review_004946,order_004946,4,2017-12-22 08:58:03,2017-12-19 08:58:03
review_004947,order_004947,5,2017-02-11 22:12:06,2017-01-29 22:12:06
review_004948,order_004948,4,2017-04-25 10:53:54,2017-04-18 10:53:54
review_004949,order_004949,5,2017-05-26 20:48:40,2017-06-05 20:48:40
review_004950,order_004950,5,2017-08-25 02:26:42,2017-09-13 02:26:42
review_004951,order_004951,4,2017-10-09 06:25:59,2017-10-11 06:25:59
review_004952,order_004952,5,2017-10-01 14:57:10,2017-10-20 14:57:10
review_004953,order_004953,2,2018-07-02 16:56:47,2018-06-25 16:56:47
review_004954,order_004954,5,2018-08-02 19:16:57,2018-08-18 19:16:57
review_004955,order_004955,5,2018-02-26 08:35:24,2018-03-04 08:35:24
review_004956,order_004956,4,2018-02-11 14:59:32,2018-02-16 14:59:32
review_004957,order_004957,3,2018-06-26 14:53:53,2018-06-21 14:53:53
review_004958,order_004958,4,2017-06-18 23:37:50,2017-06-26 23:37:50
review_004959,order_004959,3,2018-01-08 02:48:45,2018-01-05 02:48:45
review_004960,order_004960,2,2018-02-25 00:23:31,2018-02-01 00:23:31
review_004961,order_004961,4,2017-07-03 13:47:56,2017-06-30 13:47:56
review_004962,order_004962,5,2018-08-13 00:22:33,2018-08-16 00:22:33
review_004963,order_004963,5,2017-06-02 04:42:01,2017-06-13 04:42:01
review_004964,order_004964,3,2017-03-06 12:00:00,2017-02-27 12:00:00
review_004965,order_004965,5,2017-07-21 06:25:38,2017-08-10 06:25:38
review_004966,order_004966,5,2018-06-15 06:23:37,2018-06-07 06:23:37
review_004967,order_004967,5,2017-09-11 08:18:37,2017-08-23 08:18:37
review_004968,order_004968,3,2017-05-17 16:28:34,2017-06-01 16:28:34
review_004969,order_004969,5,2018-07-08 08:46:48,2018-07-06 08:46:48
review_004970,order_004970,5,2017-05-01 19:02:13,2017-05-05 19:02:13
review_004971,order_004971,3,2017-04-18 03:48:59,2017-04-25 03:48:59
review_004972,order_004972,4,2018-07-08 02:27:30,2018-07-30 02:27:30
review_004973,order_004973,4,2017-08-01 03:59:45,2017-08-11 03:59:45
review_004974,order_004974,5,2017-01-12 22:00:58,2017-01-21 22:00:58
review_004975,order_004975,5,2017-10-01 06:39:31,2017-10-23 06:39:31
review_004976,order_004976,5,2018-04-21 00:43:05,2018-04-04 00:43:05
review_004977,order_004977,4,2018-05-01 07:34:02,2018-04-12 07:34:02
review_004978,order_004978,4,2017-03-26 16:31:18,2017-03-20 16:31:18
review_004979,order_004979,4,2017-06-30 08:41:16,2017-07-05 08:41:16
review_004980,order_004980,5,2018-01-17 09:13:40,2018-01-25 09:13:40
review_004981,order_004981,4,2018-03-05 02:04:27,2018-03-03 02:04:27
review_004982,order_004982,4,2018-02-07 16:01:06,2018-02-04 16:01:06
review_004983,order_004983,2,2017-08-09 05:17:34,2017-08-28 05:17:34
review_004984,order_004984,2,2018-06-27 02:20:35,2018-06-26 02:20:35
review_004985,order_004985,3,2017-03-08 17:09:21,2017-03-23 17:09:21
review_004986,order_004986,4,2018-06-11 22:29:23,2018-06-19 22:29:23
review_004987,order_004987,4,2018-08-24 14:39:10,2018-08-30 14:39:10
review_004988,order_004988,5,2018-03-21 22:29:52,2018-03-17 22:29:52
review_004989,order_004989,5,2017-10-09 09:39:07,2017-10-20 09:39:07
review_004990,order_004990,5,2017-09-06 12:27:56,2017-08-27 12:27:56
review_004991,order_004991,1,2017-10-08 08:34:21,2017-10-01 08:34:21
review_004992,order_004992,4,2017-05-14 12:13:48,2017-04-23 12:13:48
review_004993,order_004993,5,2017-05-31 21:25:45,2017-06-14 21:25:45
review_004994,order_004994,4,2018-02-11 15:14:07,2018-02-25 15:14:07
review_004995,order_004995,4,2017-12-21 00:38:28,2017-12-11 00:38:28
review_004996,order_004996,2,2017-11-28 13:55:17,2017-11-11 13:55:17
review_004997,order_004997,4,2017-10-25 09:03:13,2017-11-06 09:03:13
review_004998,order_004998,5,2017-02-23 13:02:42,2017-03-05 13:02:42
review_004999,order_004999,5,2018-06-25 13:23:09,2018-07-05 13:23:09
