customer_id,customer_unique_id,customer_zip_code_prefix,customer_city,customer_state
cust_00000,unique_00000,28458,brasilia,DF
cust_00001,unique_00001,31865,belo horizonte,MG
cust_00002,unique_00002,54972,goiania,GO
cust_00003,unique_00003,64522,florianopolis,SC
cust_00004,unique_00004,17236,sao paulo,SP
cust_00005,unique_00005,61841,vitoria,ES
cust_00006,unique_00006,92726,salvador,BA
cust_00007,unique_00007,2029,brasilia,DF
cust_00008,unique_00008,87956,santos,SP
cust_00009,unique_00009,61161,belo horizonte,MG
cust_00010,unique_00010,34879,rio de janeiro,RJ
cust_00011,unique_00011,73749,fortaleza,CE
cust_00012,unique_00012,62160,florianopolis,SC
cust_00013,unique_00013,77103,goiania,GO
cust_00014,unique_00014,9047,uberlandia,MG
cust_00015,unique_00015,6838,santos,SP
cust_00016,unique_00016,64558,maringa,PR
cust_00017,unique_00017,31061,santos,SP
cust_00018,unique_00018,24588,anapolis,GO
cust_00019,unique_00019,42705,pelotas,RS
cust_00020,unique_00020,72795,salvador,BA
cust_00021,unique_00021,18797,petropolis,RJ
cust_00022,unique_00022,97345,serra,ES
cust_00023,unique_00023,42652,olinda,PE
cust_00024,unique_00024,15907,brasilia,DF
cust_00025,unique_00025,8041,sorocaba,SP
cust_00026,unique_00026,85868,belo horizonte,MG
cust_00027,unique_00027,12208,sorocaba,SP
cust_00028,unique_00028,42476,santos,SP
cust_00029,unique_00029,67200,florianopolis,SC
cust_00030,unique_00030,51796,salvador,BA
cust_00031,unique_00031,26994,serra,ES
cust_00032,unique_00032,11684,niteroi,RJ
cust_00033,unique_00033,71428,rio de janeiro,RJ
cust_00034,unique_00034,49538,uberlandia,MG
cust_00035,unique_00035,5762,sorocaba,SP
cust_00036,unique_00036,18938,campinas,SP
cust_00037,unique_00037,56707,belo horizonte,MG
cust_00038,unique_00038,17669,campinas,SP
cust_00039,unique_00039,39753,florianopolis,SC
cust_00040,unique_00040,13327,contagem,MG
cust_00041,unique_00041,79899,anapolis,GO
cust_00042,unique_00042,63409,blumenau,SC
cust_00043,unique_00043,78610,niteroi,RJ
cust_00044,unique_00044,6192,anapolis,GO
cust_00045,unique_00045,38180,brasilia,DF
cust_00046,unique_00046,27493,niteroi,RJ
cust_00047,unique_00047,62648,niteroi,RJ
cust_00048,unique_00048,82327,florianopolis,SC
cust_00049,unique_00049,23527,santos,SP
cust_00050,unique_00050,77202,santos,SP
cust_00051,unique_00051,58459,sao paulo,SP
cust_00052,unique_00052,82580,brasilia,DF
cust_00053,unique_00053,9045,joinville,SC
cust_00054,unique_00054,99100,blumenau,SC
cust_00055,unique_00055,44025,brasilia,DF
cust_00056,unique_00056,28727,uberlandia,MG
cust_00057,unique_00057,19089,londrina,PR
cust_00058,unique_00058,98505,campinas,SP
cust_00059,unique_00059,88453,campinas,SP
cust_00060,unique_00060,13987,florianopolis,SC
cust_00061,unique_00061,45044,belo horizonte,MG
cust_00062,unique_00062,73619,maringa,PR
cust_00063,unique_00063,59486,feira de santana,BA
cust_00064,unique_00064,19714,caxias do sul,RS
cust_00065,unique_00065,36677,londrina,PR
cust_00066,unique_00066,37445,londrina,PR
cust_00067,unique_00067,29585,niteroi,RJ
cust_00068,unique_00068,96108,campinas,SP
cust_00069,unique_00069,21088,uberlandia,MG
cust_00070,unique_00070,70953,sorocaba,SP
cust_00071,unique_00071,91274,uberlandia,MG
cust_00072,unique_00072,79685,anapolis,GO
cust_00073,unique_00073,80146,campinas,SP
cust_00074,unique_00074,16722,campinas,SP
cust_00075,unique_00075,14192,rio de janeiro,RJ
cust_00076,unique_00076,78508,rio de janeiro,RJ
cust_00077,unique_00077,74925,joinville,SC
cust_00078,unique_00078,74446,maringa,PR
cust_00079,unique_00079,42434,brasilia,DF
cust_00080,unique_00080,52820,blumenau,SC
cust_00081,unique_00081,2524,contagem,MG
cust_00082,unique_00082,29811,goiania,GO
cust_00083,unique_00083,53307,sorocaba,SP
cust_00084,unique_00084,13446,sorocaba,SP
cust_00085,unique_00085,13874,campinas,SP
cust_00086,unique_00086,5476,salvador,BA
cust_00087,unique_00087,21783,uberlandia,MG
cust_00088,unique_00088,99293,santos,SP
cust_00089,unique_00089,69907,maringa,PR
cust_00090,unique_00090,94876,santos,SP
cust_00091,unique_00091,26456,joinville,SC
cust_00092,unique_00092,60285,uberlandia,MG
cust_00093,unique_00093,89296,rio de janeiro,RJ
cust_00094,unique_00094,35850,niteroi,RJ
cust_00095,unique_00095,66059,porto alegre,RS
cust_00096,unique_00096,69589,petropolis,RJ
cust_00097,unique_00097,83395,sorocaba,SP
cust_00098,unique_00098,96977,santos,SP
cust_00099,unique_00099,61903,vitoria,ES
cust_00100,unique_00100,58670,olinda,PE
cust_00101,unique_00101,87015,joinville,SC
cust_00102,unique_00102,68767,santos,SP
cust_00103,unique_00103,36806,serra,ES
cust_00104,unique_00104,63383,brasilia,DF
cust_00105,unique_00105,55364,salvador,BA
cust_00106,unique_00106,23646,belo horizonte,MG
cust_00107,unique_00107,52072,campinas,SP
cust_00108,unique_00108,62732,santos,SP
cust_00109,unique_00109,90474,recife,PE
cust_00110,unique_00110,58466,uberlandia,MG
cust_00111,unique_00111,17326,campinas,SP
cust_00112,unique_00112,98775,petropolis,RJ
cust_00113,unique_00113,58227,caxias do sul,RS
cust_00114,unique_00114,29423,sorocaba,SP
cust_00115,unique_00115,75687,goiania,GO
cust_00116,unique_00116,39085,salvador,BA
cust_00117,unique_00117,37634,feira de santana,BA
cust_00118,unique_00118,84103,belo horizonte,MG
cust_00119,unique_00119,86889,porto alegre,RS
cust_00120,unique_00120,52868,caxias do sul,RS
cust_00121,unique_00121,37928,blumenau,SC
cust_00122,unique_00122,86463,sao paulo,SP
cust_00123,unique_00123,18157,uberlandia,MG
cust_00124,unique_00124,74971,santos,SP
cust_00125,unique_00125,58820,maringa,PR
cust_00126,unique_00126,85550,niteroi,RJ
cust_00127,unique_00127,42635,sao paulo,SP
cust_00128,unique_00128,83369,sao paulo,SP
cust_00129,unique_00129,2503,caxias do sul,RS
cust_00130,unique_00130,76067,sorocaba,SP
cust_00131,unique_00131,7913,fortaleza,CE
cust_00132,unique_00132,64597,pelotas,RS
cust_00133,unique_00133,20332,petropolis,RJ
cust_00134,unique_00134,96382,porto alegre,RS
cust_00135,unique_00135,77162,campinas,SP
cust_00136,unique_00136,11356,fortaleza,CE
cust_00137,unique_00137,89311,contagem,MG
cust_00138,unique_00138,25941,brasilia,DF
cust_00139,unique_00139,55017,santos,SP
cust_00140,unique_00140,9442,belo horizonte,MG
cust_00141,unique_00141,11450,curitiba,PR
cust_00142,unique_00142,24889,sobral,CE
cust_00143,unique_00143,53906,porto alegre,RS
cust_00144,unique_00144,54746,belo horizonte,MG
cust_00145,unique_00145,85704,sao paulo,SP
cust_00146,unique_00146,17348,niteroi,RJ
cust_00147,unique_00147,75197,maringa,PR
cust_00148,unique_00148,1582,uberlandia,MG
cust_00149,unique_00149,29818,sao paulo,SP
cust_00150,unique_00150,18325,goiania,GO
cust_00151,unique_00151,13265,olinda,PE
cust_00152,unique_00152,58867,sao paulo,SP
cust_00153,unique_00153,90166,curitiba,PR
cust_00154,unique_00154,67030,sao paulo,SP
cust_00155,unique_00155,85553,blumenau,SC
cust_00156,unique_00156,59552,rio de janeiro,RJ
cust_00157,unique_00157,6317,joinville,SC
cust_00158,unique_00158,35252,feira de santana,BA
cust_00159,unique_00159,82542,feira de santana,BA
cust_00160,unique_00160,5376,campinas,SP
cust_00161,unique_00161,10623,fortaleza,CE
cust_00162,unique_00162,83545,sao paulo,SP
cust_00163,unique_00163,7265,sao paulo,SP
cust_00164,unique_00164,95984,maringa,PR
cust_00165,unique_00165,76100,rio de janeiro,RJ
cust_00166,unique_00166,66845,goiania,GO
cust_00167,unique_00167,54094,brasilia,DF
cust_00168,unique_00168,9844,petropolis,RJ
cust_00169,unique_00169,42039,fortaleza,CE
cust_00170,unique_00170,80967,niteroi,RJ
cust_00171,unique_00171,90481,maringa,PR
cust_00172,unique_00172,45250,santos,SP
cust_00173,unique_00173,84090,sobral,CE
cust_00174,unique_00174,77882,campinas,SP
cust_00175,unique_00175,6704,santos,SP
cust_00176,unique_00176,62396,contagem,MG
cust_00177,unique_00177,61992,vitoria,ES
cust_00178,unique_00178,54744,recife,PE
cust_00179,unique_00179,77453,feira de santana,BA
cust_00180,unique_00180,89059,recife,PE
cust_00181,unique_00181,55498,recife,PE
cust_00182,unique_00182,32718,londrina,PR
cust_00183,unique_00183,98316,petropolis,RJ
cust_00184,unique_00184,96398,brasilia,DF
cust_00185,unique_00185,68918,florianopolis,SC
cust_00186,unique_00186,64422,petropolis,RJ
cust_00187,unique_00187,11310,sorocaba,SP
cust_00188,unique_00188,40759,feira de santana,BA
cust_00189,unique_00189,20631,campinas,SP
cust_00190,unique_00190,51973,fortaleza,CE
cust_00191,unique_00191,82797,santos,SP
cust_00192,unique_00192,23228,sao paulo,SP
cust_00193,unique_00193,99677,anapolis,GO
cust_00194,unique_00194,13823,santos,SP
cust_00195,unique_00195,10735,campinas,SP
cust_00196,unique_00196,97471,caxias do sul,RS
cust_00197,unique_00197,10932,olinda,PE
cust_00198,unique_00198,73782,santos,SP
cust_00199,unique_00199,76574,petropolis,RJ
cust_00200,unique_00200,33680,brasilia,DF
cust_00201,unique_00201,7371,serra,ES
cust_00202,unique_00202,31539,maringa,PR
cust_00203,unique_00203,7787,santos,SP
cust_00204,unique_00204,67551,santos,SP
cust_00205,unique_00205,88991,campinas,SP
cust_00206,unique_00206,99710,sao paulo,SP
cust_00207,unique_00207,80243,joinville,SC
cust_00208,unique_00208,77687,sorocaba,SP
cust_00209,unique_00209,88273,curitiba,PR
cust_00210,unique_00210,77216,joinville,SC
cust_00211,unique_00211,65400,porto alegre,RS
cust_00212,unique_00212,99628,campinas,SP
cust_00213,unique_00213,32930,brasilia,DF
cust_00214,unique_00214,41862,salvador,BA
cust_00215,unique_00215,90724,feira de santana,BA
cust_00216,unique_00216,31791,sorocaba,SP
cust_00217,unique_00217,30573,sorocaba,SP
cust_00218,unique_00218,16056,sobral,CE
cust_00219,unique_00219,28275,belo horizonte,MG
cust_00220,unique_00220,59770,niteroi,RJ
cust_00221,unique_00221,88752,belo horizonte,MG
cust_00222,unique_00222,14489,joinville,SC
cust_00223,unique_00223,68400,sobral,CE
cust_00224,unique_00224,76866,petropolis,RJ
cust_00225,unique_00225,89670,fortaleza,CE
cust_00226,unique_00226,75254,sorocaba,SP
cust_00227,unique_00227,16434,londrina,PR
cust_00228,unique_00228,49401,pelotas,RS
cust_00229,unique_00229,95276,santos,SP
cust_00230,unique_00230,90931,santos,SP
cust_00231,unique_00231,61660,contagem,MG
cust_00232,unique_00232,96354,serra,ES
cust_00233,unique_00233,67134,porto alegre,RS
cust_00234,unique_00234,7424,sobral,CE
cust_00235,unique_00235,91491,brasilia,DF
cust_00236,unique_00236,17646,belo horizonte,MG
cust_00237,unique_00237,38694,brasilia,DF
cust_00238,unique_00238,24571,campinas,SP
cust_00239,unique_00239,72237,sorocaba,SP
cust_00240,unique_00240,3968,anapolis,GO
cust_00241,unique_00241,64393,brasilia,DF
cust_00242,unique_00242,86572,campinas,SP
cust_00243,unique_00243,78986,londrina,PR
cust_00244,unique_00244,31391,caxias do sul,RS
cust_00245,unique_00245,89796,recife,PE
cust_00246,unique_00246,36841,porto alegre,RS
cust_00247,unique_00247,68325,belo horizonte,MG
cust_00248,unique_00248,51159,niteroi,RJ
cust_00249,unique_00249,7696,uberlandia,MG
cust_00250,unique_00250,1290,blumenau,SC
cust_00251,unique_00251,19130,olinda,PE
cust_00252,unique_00252,93529,uberlandia,MG
cust_00253,unique_00253,95442,santos,SP
cust_00254,unique_00254,41600,sorocaba,SP
cust_00255,unique_00255,96895,salvador,BA
cust_00256,unique_00256,5896,goiania,GO
cust_00257,unique_00257,96772,sao paulo,SP
cust_00258,unique_00258,23860,sorocaba,SP
cust_00259,unique_00259,4643,pelotas,RS
cust_00260,unique_00260,76028,sao paulo,SP
cust_00261,unique_00261,38861,goiania,GO
cust_00262,unique_00262,29940,rio de janeiro,RJ
cust_00263,unique_00263,76206,sorocaba,SP
cust_00264,unique_00264,33972,fortaleza,CE
cust_00265,unique_00265,75534,sao paulo,SP
cust_00266,unique_00266,20329,rio de janeiro,RJ
cust_00267,unique_00267,9504,santos,SP
cust_00268,unique_00268,33166,sao paulo,SP
cust_00269,unique_00269,61338,santos,SP
cust_00270,unique_00270,23272,santos,SP
cust_00271,unique_00271,15143,sorocaba,SP
cust_00272,unique_00272,75165,sao paulo,SP
cust_00273,unique_00273,49827,porto alegre,RS
cust_00274,unique_00274,43713,florianopolis,SC
cust_00275,unique_00275,24728,contagem,MG
cust_00276,unique_00276,2751,niteroi,RJ
cust_00277,unique_00277,6262,londrina,PR
cust_00278,unique_00278,68467,olinda,PE
cust_00279,unique_00279,8921,anapolis,GO
cust_00280,unique_00280,25445,sao paulo,SP
cust_00281,unique_00281,91177,santos,SP
cust_00282,unique_00282,35053,santos,SP
cust_00283,unique_00283,74719,sao paulo,SP
cust_00284,unique_00284,34988,caxias do sul,RS
cust_00285,unique_00285,93249,uberlandia,MG
cust_00286,unique_00286,82363,sao paulo,SP
cust_00287,unique_00287,47528,rio de janeiro,RJ
cust_00288,unique_00288,68755,londrina,PR
cust_00289,unique_00289,41915,campinas,SP
cust_00290,unique_00290,94495,goiania,GO
cust_00291,unique_00291,36481,santos,SP
cust_00292,unique_00292,83808,fortaleza,CE
cust_00293,unique_00293,62013,campinas,SP
cust_00294,unique_00294,64724,anapolis,GO
cust_00295,unique_00295,35804,recife,PE
cust_00296,unique_00296,83453,vitoria,ES
cust_00297,unique_00297,74880,brasilia,DF
cust_00298,unique_00298,81713,brasilia,DF
cust_00299,unique_00299,80329,florianopolis,SC
cust_00300,unique_00300,16603,brasilia,DF
cust_00301,unique_00301,87707,sorocaba,SP
cust_00302,unique_00302,84341,curitiba,PR
cust_00303,unique_00303,25037,maringa,PR
cust_00304,unique_00304,98182,goiania,GO
cust_00305,unique_00305,53174,belo horizonte,MG
cust_00306,unique_00306,32869,niteroi,RJ
cust_00307,unique_00307,23120,pelotas,RS
cust_00308,unique_00308,37106,sao paulo,SP
cust_00309,unique_00309,4717,sao paulo,SP
cust_00310,unique_00310,69379,contagem,MG
cust_00311,unique_00311,71073,belo horizonte,MG
cust_00312,unique_00312,67109,sao paulo,SP
cust_00313,unique_00313,55348,petropolis,RJ
cust_00314,unique_00314,36911,rio de janeiro,RJ
cust_00315,unique_00315,72668,petropolis,RJ
cust_00316,unique_00316,87265,petropolis,RJ
cust_00317,unique_00317,9674,blumenau,SC
cust_00318,unique_00318,38904,rio de janeiro,RJ
cust_00319,unique_00319,99556,fortaleza,CE
cust_00320,unique_00320,86334,fortaleza,CE
cust_00321,unique_00321,99439,uberlandia,MG
cust_00322,unique_00322,19145,petropolis,RJ
cust_00323,unique_00323,47034,londrina,PR
cust_00324,unique_00324,13904,anapolis,GO
cust_00325,unique_00325,86738,blumenau,SC
cust_00326,unique_00326,52362,brasilia,DF
cust_00327,unique_00327,25113,maringa,PR
cust_00328,unique_00328,9941,porto alegre,RS
cust_00329,unique_00329,74018,rio de janeiro,RJ
cust_00330,unique_00330,81371,salvador,BA
cust_00331,unique_00331,88042,santos,SP
cust_00332,unique_00332,97165,florianopolis,SC
cust_00333,unique_00333,81651,olinda,PE
cust_00334,unique_00334,78844,sao paulo,SP
cust_00335,unique_00335,81364,pelotas,RS
cust_00336,unique_00336,99870,santos,SP
cust_00337,unique_00337,46839,salvador,BA
cust_00338,unique_00338,76098,sao paulo,SP
cust_00339,unique_00339,82178,fortaleza,CE
cust_00340,unique_00340,12511,campinas,SP
cust_00341,unique_00341,69379,fortaleza,CE
cust_00342,unique_00342,34544,brasilia,DF
cust_00343,unique_00343,14112,caxias do sul,RS
cust_00344,unique_00344,17865,brasilia,DF
cust_00345,unique_00345,12304,brasilia,DF
cust_00346,unique_00346,89875,fortaleza,CE
cust_00347,unique_00347,77419,sao paulo,SP
cust_00348,unique_00348,11112,pelotas,RS
cust_00349,unique_00349,62920,sorocaba,SP
cust_00350,unique_00350,66381,porto alegre,RS
cust_00351,unique_00351,52417,sorocaba,SP
cust_00352,unique_00352,61004,londrina,PR
cust_00353,unique_00353,90818,caxias do sul,RS
cust_00354,unique_00354,52365,belo horizonte,MG
cust_00355,unique_00355,66298,londrina,PR
cust_00356,unique_00356,57538,salvador,BA
cust_00357,unique_00357,40218,brasilia,DF
cust_00358,unique_00358,89193,londrina,PR
cust_00359,unique_00359,41978,porto alegre,RS
cust_00360,unique_00360,80194,fortaleza,CE
cust_00361,unique_00361,60918,campinas,SP
cust_00362,unique_00362,68809,sao paulo,SP
cust_00363,unique_00363,76266,sao paulo,SP
cust_00364,unique_00364,73857,joinville,SC
cust_00365,unique_00365,56870,contagem,MG
cust_00366,unique_00366,61932,brasilia,DF
cust_00367,unique_00367,51366,joinville,SC
cust_00368,unique_00368,34573,rio de janeiro,RJ
cust_00369,unique_00369,72962,olinda,PE
cust_00370,unique_00370,88008,feira de santana,BA
cust_00371,unique_00371,70820,santos,SP
cust_00372,unique_00372,77443,rio de janeiro,RJ
cust_00373,unique_00373,83203,niteroi,RJ
cust_00374,unique_00374,37368,sao paulo,SP
cust_00375,unique_00375,7192,santos,SP
cust_00376,unique_00376,34419,fortaleza,CE
cust_00377,unique_00377,75739,contagem,MG
cust_00378,unique_00378,81755,rio de janeiro,RJ
cust_00379,unique_00379,51861,feira de santana,BA
cust_00380,unique_00380,78079,curitiba,PR
cust_00381,unique_00381,8394,sobral,CE
cust_00382,unique_00382,64767,brasilia,DF
cust_00383,unique_00383,68221,uberlandia,MG
cust_00384,unique_00384,51275,petropolis,RJ
cust_00385,unique_00385,71936,serra,ES
cust_00386,unique_00386,49654,salvador,BA
cust_00387,unique_00387,52838,fortaleza,CE
cust_00388,unique_00388,60792,santos,SP
cust_00389,unique_00389,79585,goiania,GO
cust_00390,unique_00390,25621,porto alegre,RS
cust_00391,unique_00391,30724,santos,SP
cust_00392,unique_00392,42465,porto alegre,RS
cust_00393,unique_00393,20988,florianopolis,SC
cust_00394,unique_00394,34087,sao paulo,SP
cust_00395,unique_00395,35722,uberlandia,MG
cust_00396,unique_00396,32109,goiania,GO
cust_00397,unique_00397,41594,rio de janeiro,RJ
cust_00398,unique_00398,50972,uberlandia,MG
cust_00399,unique_00399,69896,belo horizonte,MG
cust_00400,unique_00400,30990,rio de janeiro,RJ
cust_00401,unique_00401,84705,fortaleza,CE
cust_00402,unique_00402,48462,brasilia,DF
cust_00403,unique_00403,72370,sao paulo,SP
cust_00404,unique_00404,12365,serra,ES
cust_00405,unique_00405,18224,recife,PE
cust_00406,unique_00406,45902,petropolis,RJ
cust_00407,unique_00407,37255,anapolis,GO
cust_00408,unique_00408,50115,sorocaba,SP
cust_00409,unique_00409,16682,serra,ES
cust_00410,unique_00410,47886,joinville,SC
cust_00411,unique_00411,68985,blumenau,SC
cust_00412,unique_00412,73116,sao paulo,SP
cust_00413,unique_00413,25568,olinda,PE
cust_00414,unique_00414,35098,campinas,SP
cust_00415,unique_00415,53012,sao paulo,SP
cust_00416,unique_00416,52279,sao paulo,SP
cust_00417,unique_00417,79390,brasilia,DF
cust_00418,unique_00418,39638,sao paulo,SP
cust_00419,unique_00419,67422,fortaleza,CE
cust_00420,unique_00420,88490,blumenau,SC
cust_00421,unique_00421,30538,sao paulo,SP
cust_00422,unique_00422,82473,sorocaba,SP
cust_00423,unique_00423,33953,campinas,SP
cust_00424,unique_00424,34104,pelotas,RS
cust_00425,unique_00425,65682,brasilia,DF
cust_00426,unique_00426,62556,campinas,SP
cust_00427,unique_00427,55396,goiania,GO
cust_00428,unique_00428,23891,sao paulo,SP
cust_00429,unique_00429,10542,brasilia,DF
cust_00430,unique_00430,90984,sobral,CE
cust_00431,unique_00431,87524,brasilia,DF
cust_00432,unique_00432,88779,blumenau,SC
cust_00433,unique_00433,51748,goiania,GO
cust_00434,unique_00434,88568,campinas,SP
cust_00435,unique_00435,47862,sorocaba,SP
cust_00436,unique_00436,8474,sorocaba,SP
cust_00437,unique_00437,20645,londrina,PR
cust_00438,unique_00438,27987,salvador,BA
cust_00439,unique_00439,38322,porto alegre,RS
cust_00440,unique_00440,93965,anapolis,GO
cust_00441,unique_00441,33949,santos,SP
cust_00442,unique_00442,61648,salvador,BA
cust_00443,unique_00443,27802,sao paulo,SP
cust_00444,unique_00444,64683,campinas,SP
cust_00445,unique_00445,57172,blumenau,SC
cust_00446,unique_00446,15892,vitoria,ES
cust_00447,unique_00447,46764,caxias do sul,RS
cust_00448,unique_00448,11434,sao paulo,SP
cust_00449,unique_00449,89029,porto alegre,RS
cust_00450,unique_00450,70708,santos,SP
cust_00451,unique_00451,94192,recife,PE
cust_00452,unique_00452,87685,florianopolis,SC
cust_00453,unique_00453,22727,sorocaba,SP
cust_00454,unique_00454,71014,sao paulo,SP
cust_00455,unique_00455,10910,sao paulo,SP
cust_00456,unique_00456,96098,serra,ES
cust_00457,unique_00457,78747,uberlandia,MG
cust_00458,unique_00458,68366,brasilia,DF
cust_00459,unique_00459,99490,porto alegre,RS
cust_00460,unique_00460,84843,caxias do sul,RS
cust_00461,unique_00461,86495,santos,SP
cust_00462,unique_00462,10912,fortaleza,CE
cust_00463,unique_00463,3346,niteroi,RJ
cust_00464,unique_00464,96148,caxias do sul,RS
cust_00465,unique_00465,25874,florianopolis,SC
cust_00466,unique_00466,43213,blumenau,SC
cust_00467,unique_00467,5290,fortaleza,CE
cust_00468,unique_00468,62682,sorocaba,SP
cust_00469,unique_00469,82256,curitiba,PR
cust_00470,unique_00470,84331,belo horizonte,MG
cust_00471,unique_00471,58558,contagem,MG
cust_00472,unique_00472,66470,sorocaba,SP
cust_00473,unique_00473,51857,sao paulo,SP
cust_00474,unique_00474,45167,sorocaba,SP
cust_00475,unique_00475,55889,rio de janeiro,RJ
cust_00476,unique_00476,93652,uberlandia,MG
cust_00477,unique_00477,25992,porto alegre,RS
cust_00478,unique_00478,47548,caxias do sul,RS
cust_00479,unique_00479,60561,contagem,MG
cust_00480,unique_00480,57443,contagem,MG
cust_00481,unique_00481,4036,sorocaba,SP
cust_00482,unique_00482,29445,porto alegre,RS
cust_00483,unique_00483,64954,petropolis,RJ
cust_00484,unique_00484,69714,campinas,SP
cust_00485,unique_00485,73708,uberlandia,MG
cust_00486,unique_00486,99144,contagem,MG
cust_00487,unique_00487,67628,santos,SP
cust_00488,unique_00488,58386,caxias do sul,RS
cust_00489,unique_00489,33879,londrina,PR
cust_00490,unique_00490,37671,joinville,SC
cust_00491,unique_00491,82799,blumenau,SC
cust_00492,unique_00492,47401,joinville,SC
cust_00493,unique_00493,71838,niteroi,RJ
cust_00494,unique_00494,13288,brasilia,DF
cust_00495,unique_00495,13701,curitiba,PR
cust_00496,unique_00496,22331,uberlandia,MG
cust_00497,unique_00497,20319,pelotas,RS
cust_00498,unique_00498,61091,niteroi,RJ
cust_00499,unique_00499,64073,curitiba,PR
cust_00500,unique_00500,56231,feira de santana,BA
cust_00501,unique_00501,29651,olinda,PE
cust_00502,unique_00502,58089,fortaleza,CE
cust_00503,unique_00503,12823,curitiba,PR
cust_00504,unique_00504,47810,londrina,PR
cust_00505,unique_00505,16341,brasilia,DF
cust_00506,unique_00506,8598,niteroi,RJ
cust_00507,unique_00507,17395,goiania,GO
cust_00508,unique_00508,12002,maringa,PR
cust_00509,unique_00509,48300,sorocaba,SP
cust_00510,unique_00510,55035,santos,SP
cust_00511,unique_00511,61130,goiania,GO
cust_00512,unique_00512,44531,sao paulo,SP
cust_00513,unique_00513,18463,petropolis,RJ
cust_00514,unique_00514,3068,petropolis,RJ
cust_00515,unique_00515,71536,campinas,SP
cust_00516,unique_00516,98291,niteroi,RJ
cust_00517,unique_00517,28819,feira de santana,BA
cust_00518,unique_00518,21265,santos,SP
cust_00519,unique_00519,31843,goiania,GO
cust_00520,unique_00520,22224,anapolis,GO
cust_00521,unique_00521,23126,petropolis,RJ
cust_00522,unique_00522,49958,sorocaba,SP
cust_00523,unique_00523,78734,caxias do sul,RS
cust_00524,unique_00524,71516,santos,SP
cust_00525,unique_00525,96020,rio de janeiro,RJ
cust_00526,unique_00526,36378,sobral,CE
cust_00527,unique_00527,49756,vitoria,ES
cust_00528,unique_00528,38650,brasilia,DF
cust_00529,unique_00529,5160,niteroi,RJ
cust_00530,unique_00530,39460,florianopolis,SC
cust_00531,unique_00531,26796,joinville,SC
cust_00532,unique_00532,48393,niteroi,RJ
cust_00533,unique_00533,16646,florianopolis,SC
cust_00534,unique_00534,74422,santos,SP
cust_00535,unique_00535,84432,campinas,SP
cust_00536,unique_00536,96119,maringa,PR
cust_00537,unique_00537,9400,sao paulo,SP
cust_00538,unique_00538,12645,santos,SP
cust_00539,unique_00539,96680,goiania,GO
cust_00540,unique_00540,84972,serra,ES
cust_00541,unique_00541,59262,londrina,PR
cust_00542,unique_00542,32831,goiania,GO
cust_00543,unique_00543,52255,serra,ES
cust_00544,unique_00544,54028,sorocaba,SP
cust_00545,unique_00545,84886,belo horizonte,MG
cust_00546,unique_00546,53409,contagem,MG
cust_00547,unique_00547,3727,sao paulo,SP
cust_00548,unique_00548,70258,salvador,BA
cust_00549,unique_00549,77937,belo horizonte,MG
cust_00550,unique_00550,30508,contagem,MG
cust_00551,unique_00551,12543,sao paulo,SP
cust_00552,unique_00552,15078,campinas,SP
cust_00553,unique_00553,84236,recife,PE
cust_00554,unique_00554,45306,sorocaba,SP
cust_00555,unique_00555,53387,campinas,SP
cust_00556,unique_00556,96100,petropolis,RJ
cust_00557,unique_00557,7051,maringa,PR
cust_00558,unique_00558,21387,pelotas,RS
cust_00559,unique_00559,83490,maringa,PR
cust_00560,unique_00560,54473,sao paulo,SP
cust_00561,unique_00561,3704,campinas,SP
cust_00562,unique_00562,70585,anapolis,GO
cust_00563,unique_00563,14698,porto alegre,RS
cust_00564,unique_00564,78431,florianopolis,SC
cust_00565,unique_00565,79983,florianopolis,SC
cust_00566,unique_00566,82615,feira de santana,BA
cust_00567,unique_00567,47021,santos,SP
cust_00568,unique_00568,27514,rio de janeiro,RJ
cust_00569,unique_00569,88256,maringa,PR
cust_00570,unique_00570,56317,petropolis,RJ
cust_00571,unique_00571,63906,anapolis,GO
cust_00572,unique_00572,14515,contagem,MG
cust_00573,unique_00573,62728,feira de santana,BA
cust_00574,unique_00574,58428,goiania,GO
cust_00575,unique_00575,29930,maringa,PR
cust_00576,unique_00576,76917,recife,PE
cust_00577,unique_00577,14234,caxias do sul,RS
cust_00578,unique_00578,72217,anapolis,GO
cust_00579,unique_00579,96155,niteroi,RJ
cust_00580,unique_00580,57157,londrina,PR
cust_00581,unique_00581,11374,maringa,PR
cust_00582,unique_00582,55776,sao paulo,SP
cust_00583,unique_00583,53371,belo horizonte,MG
cust_00584,unique_00584,55665,fortaleza,CE
cust_00585,unique_00585,27984,pelotas,RS
cust_00586,unique_00586,62981,campinas,SP
cust_00587,unique_00587,27149,niteroi,RJ
cust_00588,unique_00588,56228,santos,SP
cust_00589,unique_00589,59863,campinas,SP
cust_00590,unique_00590,64940,sobral,CE
cust_00591,unique_00591,79994,belo horizonte,MG
cust_00592,unique_00592,88370,rio de janeiro,RJ
cust_00593,unique_00593,77939,pelotas,RS
cust_00594,unique_00594,79790,campinas,SP
cust_00595,unique_00595,87010,sao paulo,SP
cust_00596,unique_00596,25004,joinville,SC
cust_00597,unique_00597,29997,caxias do sul,RS
cust_00598,unique_00598,53771,vitoria,ES
cust_00599,unique_00599,47108,porto alegre,RS
cust_00600,unique_00600,70509,contagem,MG
cust_00601,unique_00601,1924,salvador,BA
cust_00602,unique_00602,14759,recife,PE
cust_00603,unique_00603,74938,salvador,BA
cust_00604,unique_00604,82373,serra,ES
cust_00605,unique_00605,30931,brasilia,DF
cust_00606,unique_00606,31782,olinda,PE
cust_00607,unique_00607,56587,sorocaba,SP
cust_00608,unique_00608,48234,salvador,BA
cust_00609,unique_00609,17760,uberlandia,MG
cust_00610,unique_00610,50545,curitiba,PR
cust_00611,unique_00611,82119,joinville,SC
cust_00612,unique_00612,73224,vitoria,ES
cust_00613,unique_00613,81909,vitoria,ES
cust_00614,unique_00614,64737,petropolis,RJ
cust_00615,unique_00615,87866,salvador,BA
cust_00616,unique_00616,25732,salvador,BA
cust_00617,unique_00617,5547,rio de janeiro,RJ
cust_00618,unique_00618,12289,santos,SP
cust_00619,unique_00619,99252,sorocaba,SP
cust_00620,unique_00620,64410,brasilia,DF
cust_00621,unique_00621,25529,uberlandia,MG
cust_00622,unique_00622,85554,serra,ES
cust_00623,unique_00623,31633,uberlandia,MG
cust_00624,unique_00624,60130,vitoria,ES
cust_00625,unique_00625,25683,belo horizonte,MG
cust_00626,unique_00626,10393,brasilia,DF
cust_00627,unique_00627,27485,sao paulo,SP
cust_00628,unique_00628,23588,curitiba,PR
cust_00629,unique_00629,55712,brasilia,DF
cust_00630,unique_00630,3048,fortaleza,CE
cust_00631,unique_00631,24741,goiania,GO
cust_00632,unique_00632,57208,santos,SP
cust_00633,unique_00633,39982,rio de janeiro,RJ
cust_00634,unique_00634,63957,santos,SP
cust_00635,unique_00635,65904,campinas,SP
cust_00636,unique_00636,96571,blumenau,SC
cust_00637,unique_00637,83765,feira de santana,BA
cust_00638,unique_00638,23593,brasilia,DF
cust_00639,unique_00639,69580,olinda,PE
cust_00640,unique_00640,63095,salvador,BA
cust_00641,unique_00641,59837,brasilia,DF
cust_00642,unique_00642,80098,campinas,SP
cust_00643,unique_00643,15624,santos,SP
cust_00644,unique_00644,38142,caxias do sul,RS
cust_00645,unique_00645,81794,goiania,GO
cust_00646,unique_00646,89323,santos,SP
cust_00647,unique_00647,4690,londrina,PR
cust_00648,unique_00648,47674,florianopolis,SC
cust_00649,unique_00649,27154,campinas,SP
cust_00650,unique_00650,17627,contagem,MG
cust_00651,unique_00651,6648,olinda,PE
cust_00652,unique_00652,54266,florianopolis,SC
cust_00653,unique_00653,67074,sorocaba,SP
cust_00654,unique_00654,53594,anapolis,GO
cust_00655,unique_00655,37468,rio de janeiro,RJ
cust_00656,unique_00656,77358,anapolis,GO
cust_00657,unique_00657,65552,niteroi,RJ
cust_00658,unique_00658,90933,pelotas,RS
cust_00659,unique_00659,35355,uberlandia,MG
cust_00660,unique_00660,24657,santos,SP
cust_00661,unique_00661,46117,recife,PE
cust_00662,unique_00662,51179,campinas,SP
cust_00663,unique_00663,46337,santos,SP
cust_00664,unique_00664,83407,petropolis,RJ
cust_00665,unique_00665,5512,feira de santana,BA
cust_00666,unique_00666,53248,brasilia,DF
cust_00667,unique_00667,43591,serra,ES
cust_00668,unique_00668,21875,niteroi,RJ
cust_00669,unique_00669,64464,uberlandia,MG
cust_00670,unique_00670,80331,campinas,SP
cust_00671,unique_00671,55058,pelotas,RS
cust_00672,unique_00672,9410,vitoria,ES
cust_00673,unique_00673,8453,florianopolis,SC
cust_00674,unique_00674,42741,pelotas,RS
cust_00675,unique_00675,67136,uberlandia,MG
cust_00676,unique_00676,32037,fortaleza,CE
cust_00677,unique_00677,31577,maringa,PR
cust_00678,unique_00678,86150,sorocaba,SP
cust_00679,unique_00679,2429,rio de janeiro,RJ
cust_00680,unique_00680,8893,santos,SP
cust_00681,unique_00681,16403,campinas,SP
cust_00682,unique_00682,98374,santos,SP
cust_00683,unique_00683,50257,contagem,MG
cust_00684,unique_00684,16670,caxias do sul,RS
cust_00685,unique_00685,31729,petropolis,RJ
cust_00686,unique_00686,96971,uberlandia,MG
cust_00687,unique_00687,69743,sobral,CE
cust_00688,unique_00688,23145,salvador,BA
cust_00689,unique_00689,24824,londrina,PR
cust_00690,unique_00690,8420,niteroi,RJ
cust_00691,unique_00691,77506,olinda,PE
cust_00692,unique_00692,14602,santos,SP
cust_00693,unique_00693,29360,rio de janeiro,RJ
cust_00694,unique_00694,35488,recife,PE
cust_00695,unique_00695,62464,londrina,PR
cust_00696,unique_00696,61024,feira de santana,BA
cust_00697,unique_00697,80121,caxias do sul,RS
cust_00698,unique_00698,30429,joinville,SC
cust_00699,unique_00699,39169,petropolis,RJ
cust_00700,unique_00700,39473,santos,SP
cust_00701,unique_00701,5633,petropolis,RJ
cust_00702,unique_00702,74018,santos,SP
cust_00703,unique_00703,54008,olinda,PE
cust_00704,unique_00704,48091,petropolis,RJ
cust_00705,unique_00705,99544,londrina,PR
cust_00706,unique_00706,18705,brasilia,DF
cust_00707,unique_00707,96929,brasilia,DF
cust_00708,unique_00708,68356,belo horizonte,MG
cust_00709,unique_00709,22880,uberlandia,MG
cust_00710,unique_00710,68172,vitoria,ES
cust_00711,unique_00711,75813,joinville,SC
cust_00712,unique_00712,36884,goiania,GO
cust_00713,unique_00713,35149,olinda,PE
cust_00714,unique_00714,83682,brasilia,DF
cust_00715,unique_00715,16866,campinas,SP
cust_00716,unique_00716,2320,curitiba,PR
cust_00717,unique_00717,66924,sao paulo,SP
cust_00718,unique_00718,90746,joinville,SC
cust_00719,unique_00719,50585,fortaleza,CE
cust_00720,unique_00720,14362,maringa,PR
cust_00721,unique_00721,54383,contagem,MG
cust_00722,unique_00722,25936,santos,SP
cust_00723,unique_00723,82911,fortaleza,CE
cust_00724,unique_00724,61597,sorocaba,SP
cust_00725,unique_00725,34317,santos,SP
cust_00726,unique_00726,62830,campinas,SP
cust_00727,unique_00727,67041,sao paulo,SP
cust_00728,unique_00728,68194,uberlandia,MG
cust_00729,unique_00729,37252,maringa,PR
cust_00730,unique_00730,57491,rio de janeiro,RJ
cust_00731,unique_00731,5229,sao paulo,SP
cust_00732,unique_00732,40950,campinas,SP
cust_00733,unique_00733,38423,niteroi,RJ
cust_00734,unique_00734,53932,campinas,SP
cust_00735,unique_00735,95052,joinville,SC
cust_00736,unique_00736,95399,campinas,SP
cust_00737,unique_00737,48842,rio de janeiro,RJ
cust_00738,unique_00738,64967,belo horizonte,MG
cust_00739,unique_00739,11714,belo horizonte,MG
cust_00740,unique_00740,48743,santos,SP
cust_00741,unique_00741,69094,sorocaba,SP
cust_00742,unique_00742,68596,recife,PE
cust_00743,unique_00743,96373,sao paulo,SP
cust_00744,unique_00744,47157,londrina,PR
cust_00745,unique_00745,90885,contagem,MG
cust_00746,unique_00746,97891,rio de janeiro,RJ
cust_00747,unique_00747,57623,uberlandia,MG
cust_00748,unique_00748,10056,brasilia,DF
cust_00749,unique_00749,38251,anapolis,GO
cust_00750,unique_00750,76706,campinas,SP
cust_00751,unique_00751,58486,niteroi,RJ
cust_00752,unique_00752,93694,campinas,SP
cust_00753,unique_00753,81776,uberlandia,MG
cust_00754,unique_00754,7259,blumenau,SC
cust_00755,unique_00755,86261,santos,SP
cust_00756,unique_00756,36379,rio de janeiro,RJ
cust_00757,unique_00757,82064,fortaleza,CE
cust_00758,unique_00758,51270,campinas,SP
cust_00759,unique_00759,46091,contagem,MG
cust_00760,unique_00760,8172,salvador,BA
cust_00761,unique_00761,12766,sao paulo,SP
cust_00762,unique_00762,59933,santos,SP
cust_00763,unique_00763,57347,campinas,SP
cust_00764,unique_00764,55935,fortaleza,CE
cust_00765,unique_00765,16486,sao paulo,SP
cust_00766,unique_00766,51483,santos,SP
cust_00767,unique_00767,7034,santos,SP
cust_00768,unique_00768,15269,santos,SP
cust_00769,unique_00769,50367,porto alegre,RS
cust_00770,unique_00770,62078,santos,SP
cust_00771,unique_00771,65881,maringa,PR
cust_00772,unique_00772,98212,porto alegre,RS
cust_00773,unique_00773,85559,goiania,GO
cust_00774,unique_00774,38597,sao paulo,SP
cust_00775,unique_00775,78499,anapolis,GO
cust_00776,unique_00776,10468,porto alegre,RS
cust_00777,unique_00777,85865,sao paulo,SP
cust_00778,unique_00778,39277,brasilia,DF
cust_00779,unique_00779,76246,anapolis,GO
cust_00780,unique_00780,97091,sao paulo,SP
cust_00781,unique_00781,70619,sobral,CE
cust_00782,unique_00782,92103,uberlandia,MG
cust_00783,unique_00783,2003,caxias do sul,RS
cust_00784,unique_00784,17884,serra,ES
cust_00785,unique_00785,62983,niteroi,RJ
cust_00786,unique_00786,54517,goiania,GO
cust_00787,unique_00787,12927,petropolis,RJ
cust_00788,unique_00788,72117,brasilia,DF
cust_00789,unique_00789,6807,pelotas,RS
cust_00790,unique_00790,99085,sao paulo,SP
cust_00791,unique_00791,16484,contagem,MG
cust_00792,unique_00792,45101,rio de janeiro,RJ
cust_00793,unique_00793,82505,sorocaba,SP
cust_00794,unique_00794,51889,campinas,SP
cust_00795,unique_00795,74640,rio de janeiro,RJ
cust_00796,unique_00796,70660,santos,SP
cust_00797,unique_00797,94927,sorocaba,SP
cust_00798,unique_00798,46930,salvador,BA
cust_00799,unique_00799,97917,joinville,SC
cust_00800,unique_00800,52159,salvador,BA
cust_00801,unique_00801,89434,niteroi,RJ
cust_00802,unique_00802,73530,olinda,PE
cust_00803,unique_00803,14159,pelotas,RS
cust_00804,unique_00804,64718,sorocaba,SP
cust_00805,unique_00805,87959,santos,SP
cust_00806,unique_00806,13709,blumenau,SC
cust_00807,unique_00807,84024,sorocaba,SP
cust_00808,unique_00808,11438,curitiba,PR
cust_00809,unique_00809,87236,serra,ES
cust_00810,unique_00810,79101,sorocaba,SP
cust_00811,unique_00811,16016,sao paulo,SP
cust_00812,unique_00812,72919,serra,ES
cust_00813,unique_00813,12562,pelotas,RS
cust_00814,unique_00814,57234,campinas,SP
cust_00815,unique_00815,92456,recife,PE
cust_00816,unique_00816,21390,recife,PE
cust_00817,unique_00817,18208,maringa,PR
cust_00818,unique_00818,42864,pelotas,RS
cust_00819,unique_00819,37493,sorocaba,SP
cust_00820,unique_00820,5798,santos,SP
cust_00821,unique_00821,46142,porto alegre,RS
cust_00822,unique_00822,26695,petropolis,RJ
cust_00823,unique_00823,13319,florianopolis,SC
cust_00824,unique_00824,28327,goiania,GO
cust_00825,unique_00825,3042,sao paulo,SP
cust_00826,unique_00826,91588,pelotas,RS
cust_00827,unique_00827,99413,campinas,SP
cust_00828,unique_00828,37394,recife,PE
cust_00829,unique_00829,87788,sao paulo,SP
cust_00830,unique_00830,46672,caxias do sul,RS
cust_00831,unique_00831,91320,maringa,PR
cust_00832,unique_00832,18139,contagem,MG
cust_00833,unique_00833,29171,joinville,SC
cust_00834,unique_00834,74242,feira de santana,BA
cust_00835,unique_00835,22789,maringa,PR
cust_00836,unique_00836,82529,feira de santana,BA
cust_00837,unique_00837,43160,vitoria,ES
cust_00838,unique_00838,40985,contagem,MG
cust_00839,unique_00839,45878,londrina,PR
cust_00840,unique_00840,79987,sorocaba,SP
cust_00841,unique_00841,1554,brasilia,DF
cust_00842,unique_00842,75317,curitiba,PR
cust_00843,unique_00843,78145,belo horizonte,MG
cust_00844,unique_00844,82292,sorocaba,SP
cust_00845,unique_00845,99669,olinda,PE
cust_00846,unique_00846,78442,belo horizonte,MG
cust_00847,unique_00847,53339,blumenau,SC
cust_00848,unique_00848,47145,sao paulo,SP
cust_00849,unique_00849,39437,serra,ES
cust_00850,unique_00850,82887,sao paulo,SP
cust_00851,unique_00851,39882,sao paulo,SP
cust_00852,unique_00852,57690,anapolis,GO
cust_00853,unique_00853,10511,sobral,CE
cust_00854,unique_00854,32414,sao paulo,SP
cust_00855,unique_00855,27349,belo horizonte,MG
cust_00856,unique_00856,44066,feira de santana,BA
cust_00857,unique_00857,50710,recife,PE
cust_00858,unique_00858,71932,petropolis,RJ
cust_00859,unique_00859,43752,maringa,PR
cust_00860,unique_00860,15882,feira de santana,BA
cust_00861,unique_00861,54957,salvador,BA
cust_00862,unique_00862,6414,brasilia,DF
cust_00863,unique_00863,85056,curitiba,PR
cust_00864,unique_00864,77285,santos,SP
cust_00865,unique_00865,23298,recife,PE
cust_00866,unique_00866,27060,olinda,PE
cust_00867,unique_00867,3738,brasilia,DF
cust_00868,unique_00868,37076,campinas,SP
cust_00869,unique_00869,4784,santos,SP
cust_00870,unique_00870,93697,salvador,BA
cust_00871,unique_00871,14282,sorocaba,SP
cust_00872,unique_00872,66277,serra,ES
cust_00873,unique_00873,57477,rio de janeiro,RJ
cust_00874,unique_00874,24448,salvador,BA
cust_00875,unique_00875,81009,recife,PE
cust_00876,unique_00876,11778,uberlandia,MG
cust_00877,unique_00877,88792,rio de janeiro,RJ
cust_00878,unique_00878,74293,porto alegre,RS
cust_00879,unique_00879,63875,caxias do sul,RS
cust_00880,unique_00880,88085,uberlandia,MG
cust_00881,unique_00881,40910,porto alegre,RS
cust_00882,unique_00882,28881,fortaleza,CE
cust_00883,unique_00883,16296,belo horizonte,MG
cust_00884,unique_00884,92511,santos,SP
cust_00885,unique_00885,40740,niteroi,RJ
cust_00886,unique_00886,83108,belo horizonte,MG
cust_00887,unique_00887,33908,sao paulo,SP
cust_00888,unique_00888,95543,sorocaba,SP
cust_00889,unique_00889,87131,florianopolis,SC
cust_00890,unique_00890,31495,petropolis,RJ
cust_00891,unique_00891,49184,fortaleza,CE
cust_00892,unique_00892,79604,sao paulo,SP
cust_00893,unique_00893,23393,campinas,SP
cust_00894,unique_00894,3344,salvador,BA
cust_00895,unique_00895,29591,olinda,PE
cust_00896,unique_00896,59467,campinas,SP
cust_00897,unique_00897,14510,campinas,SP
cust_00898,unique_00898,34005,sao paulo,SP
cust_00899,unique_00899,91939,maringa,PR
cust_00900,unique_00900,8432,belo horizonte,MG
cust_00901,unique_00901,5984,santos,SP
cust_00902,unique_00902,42961,sorocaba,SP
cust_00903,unique_00903,2271,contagem,MG
cust_00904,unique_00904,3754,sobral,CE
cust_00905,unique_00905,19115,blumenau,SC
cust_00906,unique_00906,11123,curitiba,PR
cust_00907,unique_00907,81275,sorocaba,SP
cust_00908,unique_00908,13147,santos,SP
cust_00909,unique_00909,52822,niteroi,RJ
cust_00910,unique_00910,70822,salvador,BA
cust_00911,unique_00911,62957,olinda,PE
cust_00912,unique_00912,65732,olinda,PE
cust_00913,unique_00913,36415,serra,ES
cust_00914,unique_00914,88994,vitoria,ES
cust_00915,unique_00915,7799,fortaleza,CE
cust_00916,unique_00916,11624,santos,SP
cust_00917,unique_00917,85758,campinas,SP
cust_00918,unique_00918,7766,petropolis,RJ
cust_00919,unique_00919,19997,maringa,PR
cust_00920,unique_00920,18143,sao paulo,SP
cust_00921,unique_00921,4272,anapolis,GO
cust_00922,unique_00922,12583,porto alegre,RS
cust_00923,unique_00923,57697,londrina,PR
cust_00924,unique_00924,66457,campinas,SP
cust_00925,unique_00925,9245,sorocaba,SP
cust_00926,unique_00926,94295,sorocaba,SP
cust_00927,unique_00927,10480,goiania,GO
cust_00928,unique_00928,69013,caxias do sul,RS
cust_00929,unique_00929,80236,feira de santana,BA
cust_00930,unique_00930,52556,niteroi,RJ
cust_00931,unique_00931,49668,niteroi,RJ
cust_00932,unique_00932,11796,contagem,MG
cust_00933,unique_00933,24909,feira de santana,BA
cust_00934,unique_00934,85206,brasilia,DF
cust_00935,unique_00935,35513,sorocaba,SP
cust_00936,unique_00936,4410,fortaleza,CE
cust_00937,unique_00937,73194,campinas,SP
cust_00938,unique_00938,68681,recife,PE
cust_00939,unique_00939,7568,santos,SP
cust_00940,unique_00940,6056,santos,SP
cust_00941,unique_00941,12531,anapolis,GO
cust_00942,unique_00942,6039,campinas,SP
cust_00943,unique_00943,62009,belo horizonte,MG
cust_00944,unique_00944,14129,uberlandia,MG
cust_00945,unique_00945,61089,sorocaba,SP
cust_00946,unique_00946,18437,salvador,BA
cust_00947,unique_00947,97272,goiania,GO
cust_00948,unique_00948,72865,olinda,PE
cust_00949,unique_00949,38080,rio de janeiro,RJ
cust_00950,unique_00950,43442,londrina,PR
cust_00951,unique_00951,7442,sorocaba,SP
cust_00952,unique_00952,6433,campinas,SP
cust_00953,unique_00953,54215,campinas,SP
cust_00954,unique_00954,3253,fortaleza,CE
cust_00955,unique_00955,64195,recife,PE
cust_00956,unique_00956,38860,brasilia,DF
cust_00957,unique_00957,14820,curitiba,PR
cust_00958,unique_00958,54032,curitiba,PR
cust_00959,unique_00959,55732,londrina,PR
cust_00960,unique_00960,74882,londrina,PR
cust_00961,unique_00961,20578,belo horizonte,MG
cust_00962,unique_00962,55189,sorocaba,SP
cust_00963,unique_00963,84627,santos,SP
cust_00964,unique_00964,27728,fortaleza,CE
cust_00965,unique_00965,83680,contagem,MG
cust_00966,unique_00966,72611,fortaleza,CE
cust_00967,unique_00967,43532,santos,SP
cust_00968,unique_00968,88435,londrina,PR
cust_00969,unique_00969,96706,santos,SP
cust_00970,unique_00970,24447,sorocaba,SP
cust_00971,unique_00971,97996,sorocaba,SP
cust_00972,unique_00972,1238,campinas,SP
cust_00973,unique_00973,13795,sobral,CE
cust_00974,unique_00974,5274,petropolis,RJ
cust_00975,unique_00975,37403,pelotas,RS
cust_00976,unique_00976,93760,contagem,MG
cust_00977,unique_00977,60431,uberlandia,MG
cust_00978,unique_00978,62040,curitiba,PR
cust_00979,unique_00979,9398,santos,SP
cust_00980,unique_00980,52095,serra,ES
cust_00981,unique_00981,38882,anapolis,GO
cust_00982,unique_00982,48462,feira de santana,BA
cust_00983,unique_00983,26855,contagem,MG
cust_00984,unique_00984,20955,santos,SP
cust_00985,unique_00985,95252,fortaleza,CE
cust_00986,unique_00986,56282,niteroi,RJ
cust_00987,unique_00987,41746,campinas,SP
cust_00988,unique_00988,8306,petropolis,RJ
cust_00989,unique_00989,76503,brasilia,DF
cust_00990,unique_00990,47784,caxias do sul,RS
cust_00991,unique_00991,39283,feira de santana,BA
cust_00992,unique_00992,67027,brasilia,DF
cust_00993,unique_00993,14049,sao paulo,SP
cust_00994,unique_00994,53786,sobral,CE
cust_00995,unique_00995,86451,uberlandia,MG
cust_00996,unique_00996,46933,pelotas,RS
cust_00997,unique_00997,1041,campinas,SP
cust_00998,unique_00998,23761,vitoria,ES
cust_00999,unique_00999,6538,rio de janeiro,RJ
cust_01000,unique_01000,50518,sorocaba,SP
cust_01001,unique_01001,37073,contagem,MG
cust_01002,unique_01002,14109,sorocaba,SP
cust_01003,unique_01003,69002,sao paulo,SP
cust_01004,unique_01004,18484,porto alegre,RS
cust_01005,unique_01005,34828,contagem,MG
cust_01006,unique_01006,98781,fortaleza,CE
cust_01007,unique_01007,7564,niteroi,RJ
cust_01008,unique_01008,25522,salvador,BA
cust_01009,unique_01009,32465,contagem,MG
cust_01010,unique_01010,51364,blumenau,SC
cust_01011,unique_01011,25252,pelotas,RS
cust_01012,unique_01012,97031,belo horizonte,MG
cust_01013,unique_01013,1536,sobral,CE
cust_01014,unique_01014,94856,petropolis,RJ
cust_01015,unique_01015,53944,sorocaba,SP
cust_01016,unique_01016,4790,florianopolis,SC
cust_01017,unique_01017,12547,anapolis,GO
cust_01018,unique_01018,11202,campinas,SP
cust_01019,unique_01019,29461,belo horizonte,MG
cust_01020,unique_01020,33972,olinda,PE
cust_01021,unique_01021,64477,feira de santana,BA
cust_01022,unique_01022,31808,vitoria,ES
cust_01023,unique_01023,72785,curitiba,PR
cust_01024,unique_01024,30085,blumenau,SC
cust_01025,unique_01025,27081,petropolis,RJ
cust_01026,unique_01026,28260,fortaleza,CE
cust_01027,unique_01027,33589,petropolis,RJ
cust_01028,unique_01028,83935,feira de santana,BA
cust_01029,unique_01029,25443,contagem,MG
cust_01030,unique_01030,28052,curitiba,PR
cust_01031,unique_01031,95731,feira de santana,BA
cust_01032,unique_01032,65719,maringa,PR
cust_01033,unique_01033,19861,olinda,PE
cust_01034,unique_01034,86948,uberlandia,MG
cust_01035,unique_01035,19134,florianopolis,SC
cust_01036,unique_01036,17049,rio de janeiro,RJ
cust_01037,unique_01037,45058,belo horizonte,MG
cust_01038,unique_01038,69435,belo horizonte,MG
cust_01039,unique_01039,19741,sao paulo,SP
cust_01040,unique_01040,75579,sao paulo,SP
cust_01041,unique_01041,16513,blumenau,SC
cust_01042,unique_01042,78393,joinville,SC
cust_01043,unique_01043,10491,joinville,SC
cust_01044,unique_01044,46978,sorocaba,SP
cust_01045,unique_01045,64376,niteroi,RJ
cust_01046,unique_01046,27292,campinas,SP
cust_01047,unique_01047,61595,brasilia,DF
cust_01048,unique_01048,69175,recife,PE
cust_01049,unique_01049,65365,campinas,SP
cust_01050,unique_01050,40292,florianopolis,SC
cust_01051,unique_01051,77555,santos,SP
cust_01052,unique_01052,73433,sorocaba,SP
cust_01053,unique_01053,33309,santos,SP
cust_01054,unique_01054,73607,rio de janeiro,RJ
cust_01055,unique_01055,91923,blumenau,SC
cust_01056,unique_01056,81853,sobral,CE
cust_01057,unique_01057,73586,campinas,SP
cust_01058,unique_01058,76884,curitiba,PR
cust_01059,unique_01059,80665,blumenau,SC
cust_01060,unique_01060,29622,fortaleza,CE
cust_01061,unique_01061,72374,pelotas,RS
cust_01062,unique_01062,20742,campinas,SP
cust_01063,unique_01063,36486,caxias do sul,RS
cust_01064,unique_01064,93517,petropolis,RJ
cust_01065,unique_01065,29019,vitoria,ES
cust_01066,unique_01066,84517,belo horizonte,MG
cust_01067,unique_01067,42828,florianopolis,SC
cust_01068,unique_01068,21776,campinas,SP
cust_01069,unique_01069,10605,uberlandia,MG
cust_01070,unique_01070,55273,recife,PE
cust_01071,unique_01071,45676,caxias do sul,RS
cust_01072,unique_01072,51622,contagem,MG
cust_01073,unique_01073,5270,sobral,CE
cust_01074,unique_01074,27543,goiania,GO
cust_01075,unique_01075,1390,niteroi,RJ
cust_01076,unique_01076,30946,curitiba,PR
cust_01077,unique_01077,93217,uberlandia,MG
cust_01078,unique_01078,16078,pelotas,RS
cust_01079,unique_01079,69243,petropolis,RJ
cust_01080,unique_01080,1572,sao paulo,SP
cust_01081,unique_01081,56622,fortaleza,CE
cust_01082,unique_01082,92171,sobral,CE
cust_01083,unique_01083,34768,anapolis,GO
cust_01084,unique_01084,20518,vitoria,ES
cust_01085,unique_01085,57482,salvador,BA
cust_01086,unique_01086,28615,salvador,BA
cust_01087,unique_01087,89265,feira de santana,BA
cust_01088,unique_01088,85049,uberlandia,MG
cust_01089,unique_01089,65584,contagem,MG
cust_01090,unique_01090,64264,sorocaba,SP
cust_01091,unique_01091,60645,blumenau,SC
cust_01092,unique_01092,73793,rio de janeiro,RJ
cust_01093,unique_01093,46559,sorocaba,SP
cust_01094,unique_01094,97003,pelotas,RS
cust_01095,unique_01095,35223,uberlandia,MG
cust_01096,unique_01096,1884,santos,SP
cust_01097,unique_01097,70155,anapolis,GO
cust_01098,unique_01098,66559,olinda,PE
cust_01099,unique_01099,98116,santos,SP
cust_01100,unique_01100,40136,sao paulo,SP
cust_01101,unique_01101,43050,niteroi,RJ
cust_01102,unique_01102,56637,brasilia,DF
cust_01103,unique_01103,39827,anapolis,GO
cust_01104,unique_01104,78700,sao paulo,SP
cust_01105,unique_01105,43382,brasilia,DF
cust_01106,unique_01106,78577,sorocaba,SP
cust_01107,unique_01107,43128,belo horizonte,MG
cust_01108,unique_01108,23284,serra,ES
cust_01109,unique_01109,99070,santos,SP
cust_01110,unique_01110,53121,campinas,SP
cust_01111,unique_01111,70970,belo horizonte,MG
cust_01112,unique_01112,59534,porto alegre,RS
cust_01113,unique_01113,36558,sobral,CE
cust_01114,unique_01114,97240,vitoria,ES
cust_01115,unique_01115,37778,sorocaba,SP
cust_01116,unique_01116,99315,sao paulo,SP
cust_01117,unique_01117,43648,brasilia,DF
cust_01118,unique_01118,3242,sorocaba,SP
cust_01119,unique_01119,4634,olinda,PE
cust_01120,unique_01120,97391,florianopolis,SC
cust_01121,unique_01121,53253,santos,SP
cust_01122,unique_01122,39375,anapolis,GO
cust_01123,unique_01123,81325,campinas,SP
cust_01124,unique_01124,62097,belo horizonte,MG
cust_01125,unique_01125,66395,maringa,PR
cust_01126,unique_01126,68858,londrina,PR
cust_01127,unique_01127,20643,florianopolis,SC
cust_01128,unique_01128,9738,blumenau,SC
cust_01129,unique_01129,73074,serra,ES
cust_01130,unique_01130,3159,vitoria,ES
cust_01131,unique_01131,72225,curitiba,PR
cust_01132,unique_01132,13863,sao paulo,SP
cust_01133,unique_01133,26991,feira de santana,BA
cust_01134,unique_01134,71067,vitoria,ES
cust_01135,unique_01135,62663,petropolis,RJ
cust_01136,unique_01136,78371,uberlandia,MG
cust_01137,unique_01137,61483,uberlandia,MG
cust_01138,unique_01138,5737,sorocaba,SP
cust_01139,unique_01139,84138,blumenau,SC
cust_01140,unique_01140,22358,rio de janeiro,RJ
cust_01141,unique_01141,14471,brasilia,DF
cust_01142,unique_01142,87974,goiania,GO
cust_01143,unique_01143,20288,goiania,GO
cust_01144,unique_01144,54070,contagem,MG
cust_01145,unique_01145,49110,niteroi,RJ
cust_01146,unique_01146,77180,salvador,BA
cust_01147,unique_01147,5370,brasilia,DF
cust_01148,unique_01148,11562,curitiba,PR
cust_01149,unique_01149,42143,olinda,PE
cust_01150,unique_01150,47852,santos,SP
cust_01151,unique_01151,79032,recife,PE
cust_01152,unique_01152,60966,sorocaba,SP
cust_01153,unique_01153,15722,sorocaba,SP
cust_01154,unique_01154,97908,maringa,PR
cust_01155,unique_01155,46534,campinas,SP
cust_01156,unique_01156,96493,sorocaba,SP
cust_01157,unique_01157,98986,santos,SP
cust_01158,unique_01158,6115,uberlandia,MG
cust_01159,unique_01159,51085,brasilia,DF
cust_01160,unique_01160,42781,campinas,SP
cust_01161,unique_01161,50333,blumenau,SC
cust_01162,unique_01162,31683,anapolis,GO
cust_01163,unique_01163,56320,sao paulo,SP
cust_01164,unique_01164,49726,sorocaba,SP
cust_01165,unique_01165,19414,recife,PE
cust_01166,unique_01166,29562,anapolis,GO
cust_01167,unique_01167,15569,londrina,PR
cust_01168,unique_01168,84515,anapolis,GO
cust_01169,unique_01169,68057,sao paulo,SP
cust_01170,unique_01170,39365,uberlandia,MG
cust_01171,unique_01171,40180,feira de santana,BA
cust_01172,unique_01172,8830,sao paulo,SP
cust_01173,unique_01173,29700,feira de santana,BA
cust_01174,unique_01174,92516,maringa,PR
cust_01175,unique_01175,4107,feira de santana,BA
cust_01176,unique_01176,15466,uberlandia,MG
cust_01177,unique_01177,84758,rio de janeiro,RJ
cust_01178,unique_01178,52511,santos,SP
cust_01179,unique_01179,4200,campinas,SP
cust_01180,unique_01180,49486,feira de santana,BA
cust_01181,unique_01181,75247,santos,SP
cust_01182,unique_01182,35161,santos,SP
cust_01183,unique_01183,38816,sao paulo,SP
cust_01184,unique_01184,63499,sorocaba,SP
cust_01185,unique_01185,60269,anapolis,GO
cust_01186,unique_01186,90387,contagem,MG
cust_01187,unique_01187,25519,serra,ES
cust_01188,unique_01188,28330,sorocaba,SP
cust_01189,unique_01189,16384,blumenau,SC
cust_01190,unique_01190,66826,contagem,MG
cust_01191,unique_01191,53804,contagem,MG
cust_01192,unique_01192,35347,olinda,PE
cust_01193,unique_01193,69865,vitoria,ES
cust_01194,unique_01194,38291,recife,PE
cust_01195,unique_01195,20353,campinas,SP
cust_01196,unique_01196,54444,sorocaba,SP
cust_01197,unique_01197,44199,joinville,SC
cust_01198,unique_01198,41133,niteroi,RJ
cust_01199,unique_01199,45020,salvador,BA
cust_01200,unique_01200,91505,maringa,PR
cust_01201,unique_01201,22381,londrina,PR
cust_01202,unique_01202,28305,goiania,GO
cust_01203,unique_01203,56939,salvador,BA
cust_01204,unique_01204,5623,sorocaba,SP
cust_01205,unique_01205,15447,sao paulo,SP
cust_01206,unique_01206,57066,caxias do sul,RS
cust_01207,unique_01207,51464,uberlandia,MG
cust_01208,unique_01208,65628,sao paulo,SP
cust_01209,unique_01209,12229,belo horizonte,MG
cust_01210,unique_01210,85532,feira de santana,BA
cust_01211,unique_01211,49068,anapolis,GO
cust_01212,unique_01212,16347,curitiba,PR
cust_01213,unique_01213,31847,rio de janeiro,RJ
cust_01214,unique_01214,23517,campinas,SP
cust_01215,unique_01215,45771,maringa,PR
cust_01216,unique_01216,47468,petropolis,RJ
cust_01217,unique_01217,43940,curitiba,PR
cust_01218,unique_01218,46639,blumenau,SC
cust_01219,unique_01219,90884,sorocaba,SP
cust_01220,unique_01220,95954,sao paulo,SP
cust_01221,unique_01221,49503,sao paulo,SP
cust_01222,unique_01222,96338,olinda,PE
cust_01223,unique_01223,82030,joinville,SC
cust_01224,unique_01224,82175,sorocaba,SP
cust_01225,unique_01225,23339,recife,PE
cust_01226,unique_01226,44403,belo horizonte,MG
cust_01227,unique_01227,35855,belo horizonte,MG
cust_01228,unique_01228,10548,fortaleza,CE
cust_01229,unique_01229,8433,campinas,SP
cust_01230,unique_01230,62620,sao paulo,SP
cust_01231,unique_01231,42653,pelotas,RS
cust_01232,unique_01232,82745,santos,SP
cust_01233,unique_01233,67200,blumenau,SC
cust_01234,unique_01234,9432,santos,SP
cust_01235,unique_01235,83977,campinas,SP
cust_01236,unique_01236,50113,santos,SP
cust_01237,unique_01237,57025,belo horizonte,MG
cust_01238,unique_01238,96601,sorocaba,SP
cust_01239,unique_01239,64366,santos,SP
cust_01240,unique_01240,3206,recife,PE
cust_01241,unique_01241,18549,niteroi,RJ
cust_01242,unique_01242,43208,niteroi,RJ
cust_01243,unique_01243,4683,sao paulo,SP
cust_01244,unique_01244,17579,rio de janeiro,RJ
cust_01245,unique_01245,79376,sorocaba,SP
cust_01246,unique_01246,15135,porto alegre,RS
cust_01247,unique_01247,17536,santos,SP
cust_01248,unique_01248,50963,recife,PE
cust_01249,unique_01249,10025,sobral,CE
cust_01250,unique_01250,26312,sao paulo,SP
cust_01251,unique_01251,93817,campinas,SP
cust_01252,unique_01252,63515,santos,SP
cust_01253,unique_01253,96387,caxias do sul,RS
cust_01254,unique_01254,36070,santos,SP
cust_01255,unique_01255,62008,goiania,GO
cust_01256,unique_01256,24617,salvador,BA
cust_01257,unique_01257,38484,anapolis,GO
cust_01258,unique_01258,18290,londrina,PR
cust_01259,unique_01259,83489,vitoria,ES
cust_01260,unique_01260,19220,sorocaba,SP
cust_01261,unique_01261,21267,contagem,MG
cust_01262,unique_01262,46916,petropolis,RJ
cust_01263,unique_01263,43509,sobral,CE
cust_01264,unique_01264,32069,pelotas,RS
cust_01265,unique_01265,36344,brasilia,DF
cust_01266,unique_01266,30207,santos,SP
cust_01267,unique_01267,91356,serra,ES
cust_01268,unique_01268,58456,curitiba,PR
cust_01269,unique_01269,92057,londrina,PR
cust_01270,unique_01270,98693,vitoria,ES
cust_01271,unique_01271,65437,petropolis,RJ
cust_01272,unique_01272,82739,uberlandia,MG
cust_01273,unique_01273,11963,pelotas,RS
cust_01274,unique_01274,94991,santos,SP
cust_01275,unique_01275,48736,niteroi,RJ
cust_01276,unique_01276,71629,sorocaba,SP
cust_01277,unique_01277,25287,campinas,SP
cust_01278,unique_01278,10454,recife,PE
cust_01279,unique_01279,88605,caxias do sul,RS
cust_01280,unique_01280,45494,petropolis,RJ
cust_01281,unique_01281,14701,contagem,MG
cust_01282,unique_01282,66188,belo horizonte,MG
cust_01283,unique_01283,6376,caxias do sul,RS
cust_01284,unique_01284,45596,fortaleza,CE
cust_01285,unique_01285,70737,sobral,CE
cust_01286,unique_01286,72320,belo horizonte,MG
cust_01287,unique_01287,45874,petropolis,RJ
cust_01288,unique_01288,37626,contagem,MG
cust_01289,unique_01289,83997,curitiba,PR
cust_01290,unique_01290,19288,belo horizonte,MG
cust_01291,unique_01291,8388,joinville,SC
cust_01292,unique_01292,16527,curitiba,PR
cust_01293,unique_01293,80305,petropolis,RJ
cust_01294,unique_01294,47519,petropolis,RJ
cust_01295,unique_01295,4696,petropolis,RJ
cust_01296,unique_01296,17708,santos,SP
cust_01297,unique_01297,3778,sorocaba,SP
cust_01298,unique_01298,81627,salvador,BA
cust_01299,unique_01299,46669,rio de janeiro,RJ
cust_01300,unique_01300,7738,sao paulo,SP
cust_01301,unique_01301,22907,maringa,PR
cust_01302,unique_01302,62028,feira de santana,BA
cust_01303,unique_01303,59777,campinas,SP
cust_01304,unique_01304,82108,goiania,GO
cust_01305,unique_01305,3555,sobral,CE
cust_01306,unique_01306,7870,porto alegre,RS
cust_01307,unique_01307,4503,joinville,SC
cust_01308,unique_01308,40012,santos,SP
cust_01309,unique_01309,72986,fortaleza,CE
cust_01310,unique_01310,66636,belo horizonte,MG
cust_01311,unique_01311,21806,fortaleza,CE
cust_01312,unique_01312,66065,caxias do sul,RS
cust_01313,unique_01313,65984,campinas,SP
cust_01314,unique_01314,19947,campinas,SP
cust_01315,unique_01315,75241,joinville,SC
cust_01316,unique_01316,42806,curitiba,PR
cust_01317,unique_01317,6873,santos,SP
cust_01318,unique_01318,39667,salvador,BA
cust_01319,unique_01319,77204,goiania,GO
cust_01320,unique_01320,69924,curitiba,PR
cust_01321,unique_01321,27573,belo horizonte,MG
cust_01322,unique_01322,75932,sao paulo,SP
cust_01323,unique_01323,39564,brasilia,DF
cust_01324,unique_01324,46563,petropolis,RJ
cust_01325,unique_01325,9577,recife,PE
cust_01326,unique_01326,99708,petropolis,RJ
cust_01327,unique_01327,84023,maringa,PR
cust_01328,unique_01328,20297,sorocaba,SP
cust_01329,unique_01329,56511,sorocaba,SP
cust_01330,unique_01330,78254,brasilia,DF
cust_01331,unique_01331,50961,curitiba,PR
cust_01332,unique_01332,21868,londrina,PR
cust_01333,unique_01333,96885,serra,ES
cust_01334,unique_01334,27611,serra,ES
cust_01335,unique_01335,34115,goiania,GO
cust_01336,unique_01336,37790,santos,SP
cust_01337,unique_01337,89186,pelotas,RS
cust_01338,unique_01338,50500,olinda,PE
cust_01339,unique_01339,72248,niteroi,RJ
cust_01340,unique_01340,90219,sao paulo,SP
cust_01341,unique_01341,92923,goiania,GO
cust_01342,unique_01342,85785,belo horizonte,MG
cust_01343,unique_01343,90871,londrina,PR
cust_01344,unique_01344,94873,vitoria,ES
cust_01345,unique_01345,99110,caxias do sul,RS
cust_01346,unique_01346,64665,belo horizonte,MG
cust_01347,unique_01347,14035,rio de janeiro,RJ
cust_01348,unique_01348,12217,belo horizonte,MG
cust_01349,unique_01349,79804,sao paulo,SP
cust_01350,unique_01350,32297,brasilia,DF
cust_01351,unique_01351,80644,anapolis,GO
cust_01352,unique_01352,93537,petropolis,RJ
cust_01353,unique_01353,64792,petropolis,RJ
cust_01354,unique_01354,76664,olinda,PE
cust_01355,unique_01355,28606,sao paulo,SP
cust_01356,unique_01356,44018,maringa,PR
cust_01357,unique_01357,96548,uberlandia,MG
cust_01358,unique_01358,81867,blumenau,SC
cust_01359,unique_01359,21237,campinas,SP
cust_01360,unique_01360,93694,joinville,SC
cust_01361,unique_01361,50457,niteroi,RJ
cust_01362,unique_01362,84542,porto alegre,RS
cust_01363,unique_01363,52626,santos,SP
cust_01364,unique_01364,60784,contagem,MG
cust_01365,unique_01365,17020,curitiba,PR
cust_01366,unique_01366,34527,sao paulo,SP
cust_01367,unique_01367,72529,sorocaba,SP
cust_01368,unique_01368,84396,santos,SP
cust_01369,unique_01369,9797,petropolis,RJ
cust_01370,unique_01370,8609,santos,SP
cust_01371,unique_01371,69615,sobral,CE
cust_01372,unique_01372,45261,contagem,MG
cust_01373,unique_01373,85012,brasilia,DF
cust_01374,unique_01374,7753,serra,ES
cust_01375,unique_01375,35589,campinas,SP
cust_01376,unique_01376,4508,joinville,SC
cust_01377,unique_01377,71231,recife,PE
cust_01378,unique_01378,85926,caxias do sul,RS
cust_01379,unique_01379,16520,contagem,MG
cust_01380,unique_01380,33072,belo horizonte,MG
cust_01381,unique_01381,84748,santos,SP
cust_01382,unique_01382,5101,londrina,PR
cust_01383,unique_01383,95250,vitoria,ES
cust_01384,unique_01384,88811,fortaleza,CE
cust_01385,unique_01385,16116,santos,SP
cust_01386,unique_01386,14753,blumenau,SC
cust_01387,unique_01387,69493,petropolis,RJ
cust_01388,unique_01388,1999,recife,PE
cust_01389,unique_01389,51076,santos,SP
cust_01390,unique_01390,7525,fortaleza,CE
cust_01391,unique_01391,53617,goiania,GO
cust_01392,unique_01392,35669,campinas,SP
cust_01393,unique_01393,70941,sao paulo,SP
cust_01394,unique_01394,88189,anapolis,GO
cust_01395,unique_01395,49384,santos,SP
cust_01396,unique_01396,64534,curitiba,PR
cust_01397,unique_01397,60431,sobral,CE
cust_01398,unique_01398,98506,curitiba,PR
cust_01399,unique_01399,23858,uberlandia,MG
cust_01400,unique_01400,24654,belo horizonte,MG
cust_01401,unique_01401,38471,campinas,SP
cust_01402,unique_01402,73931,serra,ES
cust_01403,unique_01403,86657,petropolis,RJ
cust_01404,unique_01404,28529,sorocaba,SP
cust_01405,unique_01405,11880,petropolis,RJ
cust_01406,unique_01406,61255,vitoria,ES
cust_01407,unique_01407,60159,sao paulo,SP
cust_01408,unique_01408,38101,olinda,PE
cust_01409,unique_01409,19244,blumenau,SC
cust_01410,unique_01410,85136,goiania,GO
cust_01411,unique_01411,84806,vitoria,ES
cust_01412,unique_01412,75004,anapolis,GO
cust_01413,unique_01413,58324,fortaleza,CE
cust_01414,unique_01414,26880,sao paulo,SP
cust_01415,unique_01415,40901,brasilia,DF
cust_01416,unique_01416,7774,maringa,PR
cust_01417,unique_01417,25732,londrina,PR
cust_01418,unique_01418,45592,recife,PE
cust_01419,unique_01419,44247,serra,ES
cust_01420,unique_01420,8957,joinville,SC
cust_01421,unique_01421,95802,uberlandia,MG
cust_01422,unique_01422,27555,contagem,MG
cust_01423,unique_01423,51411,rio de janeiro,RJ
cust_01424,unique_01424,47059,niteroi,RJ
cust_01425,unique_01425,47478,contagem,MG
cust_01426,unique_01426,84657,campinas,SP
cust_01427,unique_01427,74880,sorocaba,SP
cust_01428,unique_01428,86895,brasilia,DF
cust_01429,unique_01429,38525,uberlandia,MG
cust_01430,unique_01430,27249,fortaleza,CE
cust_01431,unique_01431,43314,pelotas,RS
cust_01432,unique_01432,56587,santos,SP
cust_01433,unique_01433,34357,sorocaba,SP
cust_01434,unique_01434,46545,sorocaba,SP
cust_01435,unique_01435,15940,serra,ES
cust_01436,unique_01436,58799,sao paulo,SP
cust_01437,unique_01437,71666,londrina,PR
cust_01438,unique_01438,53187,sobral,CE
cust_01439,unique_01439,87429,serra,ES
cust_01440,unique_01440,99571,campinas,SP
cust_01441,unique_01441,90652,campinas,SP
cust_01442,unique_01442,10204,sorocaba,SP
cust_01443,unique_01443,88198,sao paulo,SP
cust_01444,unique_01444,34036,sao paulo,SP
cust_01445,unique_01445,45726,maringa,PR
cust_01446,unique_01446,41785,fortaleza,CE
cust_01447,unique_01447,29122,maringa,PR
cust_01448,unique_01448,87844,caxias do sul,RS
cust_01449,unique_01449,64153,sorocaba,SP
cust_01450,unique_01450,96728,brasilia,DF
cust_01451,unique_01451,95514,caxias do sul,RS
cust_01452,unique_01452,42555,olinda,PE
cust_01453,unique_01453,72977,sobral,CE
cust_01454,unique_01454,50733,rio de janeiro,RJ
cust_01455,unique_01455,49989,sorocaba,SP
cust_01456,unique_01456,74223,santos,SP
cust_01457,unique_01457,69191,belo horizonte,MG
cust_01458,unique_01458,91261,fortaleza,CE
cust_01459,unique_01459,77480,rio de janeiro,RJ
cust_01460,unique_01460,62591,brasilia,DF
cust_01461,unique_01461,92006,curitiba,PR
cust_01462,unique_01462,11135,campinas,SP
cust_01463,unique_01463,76557,petropolis,RJ
cust_01464,unique_01464,39835,joinville,SC
cust_01465,unique_01465,43885,florianopolis,SC
cust_01466,unique_01466,78385,uberlandia,MG
cust_01467,unique_01467,28086,sao paulo,SP
cust_01468,unique_01468,88478,feira de santana,BA
cust_01469,unique_01469,50487,sao paulo,SP
cust_01470,unique_01470,35550,sobral,CE
cust_01471,unique_01471,33489,campinas,SP
cust_01472,unique_01472,42670,sao paulo,SP
cust_01473,unique_01473,94332,maringa,PR
cust_01474,unique_01474,11161,londrina,PR
cust_01475,unique_01475,51288,maringa,PR
cust_01476,unique_01476,83664,uberlandia,MG
cust_01477,unique_01477,47733,serra,ES
cust_01478,unique_01478,57035,uberlandia,MG
cust_01479,unique_01479,35471,belo horizonte,MG
cust_01480,unique_01480,14484,belo horizonte,MG
cust_01481,unique_01481,64300,campinas,SP
cust_01482,unique_01482,92074,caxias do sul,RS
cust_01483,unique_01483,52484,sorocaba,SP
cust_01484,unique_01484,43771,caxias do sul,RS
cust_01485,unique_01485,13775,sorocaba,SP
cust_01486,unique_01486,94527,vitoria,ES
cust_01487,unique_01487,87050,uberlandia,MG
cust_01488,unique_01488,90292,olinda,PE
cust_01489,unique_01489,36541,belo horizonte,MG
cust_01490,unique_01490,62903,campinas,SP
cust_01491,unique_01491,43824,anapolis,GO
cust_01492,unique_01492,24230,joinville,SC
cust_01493,unique_01493,21360,brasilia,DF
cust_01494,unique_01494,39001,contagem,MG
cust_01495,unique_01495,55785,caxias do sul,RS
cust_01496,unique_01496,13078,anapolis,GO
cust_01497,unique_01497,70502,pelotas,RS
cust_01498,unique_01498,46318,petropolis,RJ
cust_01499,unique_01499,88234,florianopolis,SC
cust_01500,unique_01500,28600,joinville,SC
cust_01501,unique_01501,6109,vitoria,ES
cust_01502,unique_01502,31893,rio de janeiro,RJ
cust_01503,unique_01503,97358,belo horizonte,MG
cust_01504,unique_01504,32877,anapolis,GO
cust_01505,unique_01505,70677,londrina,PR
cust_01506,unique_01506,84485,feira de santana,BA
cust_01507,unique_01507,29145,belo horizonte,MG
cust_01508,unique_01508,64616,santos,SP
cust_01509,unique_01509,21242,feira de santana,BA
cust_01510,unique_01510,36858,sorocaba,SP
cust_01511,unique_01511,30312,sao paulo,SP
cust_01512,unique_01512,67565,pelotas,RS
cust_01513,unique_01513,87695,salvador,BA
cust_01514,unique_01514,25985,olinda,PE
cust_01515,unique_01515,29847,campinas,SP
cust_01516,unique_01516,82272,sorocaba,SP
cust_01517,unique_01517,46818,sobral,CE
cust_01518,unique_01518,51792,sorocaba,SP
cust_01519,unique_01519,70867,sorocaba,SP
cust_01520,unique_01520,14620,niteroi,RJ
cust_01521,unique_01521,87326,maringa,PR
cust_01522,unique_01522,37156,recife,PE
cust_01523,unique_01523,66197,feira de santana,BA
cust_01524,unique_01524,43785,florianopolis,SC
cust_01525,unique_01525,75557,santos,SP
cust_01526,unique_01526,61546,petropolis,RJ
cust_01527,unique_01527,18159,contagem,MG
cust_01528,unique_01528,19596,sorocaba,SP
cust_01529,unique_01529,87862,sao paulo,SP
cust_01530,unique_01530,52440,petropolis,RJ
cust_01531,unique_01531,28295,santos,SP
cust_01532,unique_01532,15182,maringa,PR
cust_01533,unique_01533,13709,blumenau,SC
cust_01534,unique_01534,92069,santos,SP
cust_01535,unique_01535,97647,belo horizonte,MG
cust_01536,unique_01536,39956,brasilia,DF
cust_01537,unique_01537,20962,feira de santana,BA
cust_01538,unique_01538,42468,anapolis,GO
cust_01539,unique_01539,14528,contagem,MG
cust_01540,unique_01540,55415,goiania,GO
cust_01541,unique_01541,62975,santos,SP
cust_01542,unique_01542,98542,niteroi,RJ
cust_01543,unique_01543,32567,sao paulo,SP
cust_01544,unique_01544,20583,belo horizonte,MG
cust_01545,unique_01545,14201,belo horizonte,MG
cust_01546,unique_01546,38339,santos,SP
cust_01547,unique_01547,60510,salvador,BA
cust_01548,unique_01548,7596,petropolis,RJ
cust_01549,unique_01549,76138,santos,SP
cust_01550,unique_01550,46550,sao paulo,SP
cust_01551,unique_01551,79525,belo horizonte,MG
cust_01552,unique_01552,46896,niteroi,RJ
cust_01553,unique_01553,16395,petropolis,RJ
cust_01554,unique_01554,3124,sao paulo,SP
cust_01555,unique_01555,56129,salvador,BA
cust_01556,unique_01556,54403,fortaleza,CE
cust_01557,unique_01557,81553,londrina,PR
cust_01558,unique_01558,87847,blumenau,SC
cust_01559,unique_01559,16947,olinda,PE
cust_01560,unique_01560,32153,vitoria,ES
cust_01561,unique_01561,21560,porto alegre,RS
cust_01562,unique_01562,11564,recife,PE
cust_01563,unique_01563,1238,olinda,PE
cust_01564,unique_01564,9148,brasilia,DF
cust_01565,unique_01565,52938,belo horizonte,MG
cust_01566,unique_01566,16034,santos,SP
cust_01567,unique_01567,20273,sorocaba,SP
cust_01568,unique_01568,12665,belo horizonte,MG
cust_01569,unique_01569,72699,curitiba,PR
cust_01570,unique_01570,63931,belo horizonte,MG
cust_01571,unique_01571,96258,maringa,PR
cust_01572,unique_01572,12037,londrina,PR
cust_01573,unique_01573,21666,goiania,GO
cust_01574,unique_01574,46113,sao paulo,SP
cust_01575,unique_01575,65259,sao paulo,SP
cust_01576,unique_01576,13877,brasilia,DF
cust_01577,unique_01577,21971,goiania,GO
cust_01578,unique_01578,42729,serra,ES
cust_01579,unique_01579,2782,recife,PE
cust_01580,unique_01580,40131,recife,PE
cust_01581,unique_01581,76096,niteroi,RJ
cust_01582,unique_01582,53136,contagem,MG
cust_01583,unique_01583,43966,campinas,SP
cust_01584,unique_01584,49303,porto alegre,RS
cust_01585,unique_01585,94730,fortaleza,CE
cust_01586,unique_01586,52522,petropolis,RJ
cust_01587,unique_01587,53893,maringa,PR
cust_01588,unique_01588,93149,petropolis,RJ
cust_01589,unique_01589,16590,santos,SP
cust_01590,unique_01590,10500,santos,SP
cust_01591,unique_01591,45527,campinas,SP
cust_01592,unique_01592,32539,fortaleza,CE
cust_01593,unique_01593,21086,uberlandia,MG
cust_01594,unique_01594,12830,anapolis,GO
cust_01595,unique_01595,87924,joinville,SC
cust_01596,unique_01596,61814,sorocaba,SP
cust_01597,unique_01597,69398,sorocaba,SP
cust_01598,unique_01598,12690,goiania,GO
cust_01599,unique_01599,34782,sao paulo,SP
cust_01600,unique_01600,62461,fortaleza,CE
cust_01601,unique_01601,53253,sorocaba,SP
cust_01602,unique_01602,69792,blumenau,SC
cust_01603,unique_01603,67277,goiania,GO
cust_01604,unique_01604,41919,sao paulo,SP
cust_01605,unique_01605,78502,santos,SP
cust_01606,unique_01606,26702,serra,ES
cust_01607,unique_01607,8934,sorocaba,SP
cust_01608,unique_01608,91423,contagem,MG
cust_01609,unique_01609,3229,belo horizonte,MG
cust_01610,unique_01610,29082,sao paulo,SP
cust_01611,unique_01611,12330,brasilia,DF
cust_01612,unique_01612,23950,brasilia,DF
cust_01613,unique_01613,40104,niteroi,RJ
cust_01614,unique_01614,13831,anapolis,GO
cust_01615,unique_01615,47203,sorocaba,SP
cust_01616,unique_01616,92804,santos,SP
cust_01617,unique_01617,14509,caxias do sul,RS
cust_01618,unique_01618,92730,vitoria,ES
cust_01619,unique_01619,41703,sao paulo,SP
cust_01620,unique_01620,59652,sorocaba,SP
cust_01621,unique_01621,44720,maringa,PR
cust_01622,unique_01622,32346,brasilia,DF
cust_01623,unique_01623,11799,sao paulo,SP
cust_01624,unique_01624,59740,contagem,MG
cust_01625,unique_01625,91748,salvador,BA
cust_01626,unique_01626,52557,niteroi,RJ
cust_01627,unique_01627,60314,sorocaba,SP
cust_01628,unique_01628,64729,sorocaba,SP
cust_01629,unique_01629,39464,belo horizonte,MG
cust_01630,unique_01630,12939,belo horizonte,MG
cust_01631,unique_01631,51183,olinda,PE
cust_01632,unique_01632,87022,blumenau,SC
cust_01633,unique_01633,32105,florianopolis,SC
cust_01634,unique_01634,87274,serra,ES
cust_01635,unique_01635,85577,uberlandia,MG
cust_01636,unique_01636,25235,uberlandia,MG
cust_01637,unique_01637,57925,fortaleza,CE
cust_01638,unique_01638,75007,santos,SP
cust_01639,unique_01639,49994,feira de santana,BA
cust_01640,unique_01640,70236,feira de santana,BA
cust_01641,unique_01641,91176,sorocaba,SP
cust_01642,unique_01642,63099,contagem,MG
cust_01643,unique_01643,83959,sorocaba,SP
cust_01644,unique_01644,80294,santos,SP
cust_01645,unique_01645,81466,contagem,MG
cust_01646,unique_01646,85382,petropolis,RJ
cust_01647,unique_01647,23335,brasilia,DF
cust_01648,unique_01648,2817,olinda,PE
cust_01649,unique_01649,16159,brasilia,DF
cust_01650,unique_01650,25717,santos,SP
cust_01651,unique_01651,69318,sorocaba,SP
cust_01652,unique_01652,51483,sao paulo,SP
cust_01653,unique_01653,47395,santos,SP
cust_01654,unique_01654,1898,fortaleza,CE
cust_01655,unique_01655,68686,contagem,MG
cust_01656,unique_01656,37060,sao paulo,SP
cust_01657,unique_01657,76301,anapolis,GO
cust_01658,unique_01658,12163,belo horizonte,MG
cust_01659,unique_01659,30235,sorocaba,SP
cust_01660,unique_01660,6415,sorocaba,SP
cust_01661,unique_01661,29180,porto alegre,RS
cust_01662,unique_01662,92411,brasilia,DF
cust_01663,unique_01663,49591,sorocaba,SP
cust_01664,unique_01664,44515,fortaleza,CE
cust_01665,unique_01665,28081,anapolis,GO
cust_01666,unique_01666,27221,anapolis,GO
cust_01667,unique_01667,67061,sao paulo,SP
cust_01668,unique_01668,98531,sao paulo,SP
cust_01669,unique_01669,74925,recife,PE
cust_01670,unique_01670,73961,rio de janeiro,RJ
cust_01671,unique_01671,47731,porto alegre,RS
cust_01672,unique_01672,10765,feira de santana,BA
cust_01673,unique_01673,72655,sorocaba,SP
cust_01674,unique_01674,81062,brasilia,DF
cust_01675,unique_01675,51532,fortaleza,CE
cust_01676,unique_01676,10059,salvador,BA
cust_01677,unique_01677,71573,belo horizonte,MG
cust_01678,unique_01678,92184,olinda,PE
cust_01679,unique_01679,23271,curitiba,PR
cust_01680,unique_01680,16784,salvador,BA
cust_01681,unique_01681,74144,goiania,GO
cust_01682,unique_01682,33850,salvador,BA
cust_01683,unique_01683,71796,niteroi,RJ
cust_01684,unique_01684,70613,campinas,SP
cust_01685,unique_01685,27393,sorocaba,SP
cust_01686,unique_01686,5183,londrina,PR
cust_01687,unique_01687,56040,maringa,PR
cust_01688,unique_01688,41368,caxias do sul,RS
cust_01689,unique_01689,85674,uberlandia,MG
cust_01690,unique_01690,36439,brasilia,DF
cust_01691,unique_01691,25702,fortaleza,CE
cust_01692,unique_01692,86156,santos,SP
cust_01693,unique_01693,73861,feira de santana,BA
cust_01694,unique_01694,62217,florianopolis,SC
cust_01695,unique_01695,95441,maringa,PR
cust_01696,unique_01696,78516,sorocaba,SP
cust_01697,unique_01697,86757,brasilia,DF
cust_01698,unique_01698,80100,serra,ES
cust_01699,unique_01699,40750,salvador,BA
cust_01700,unique_01700,7173,sobral,CE
cust_01701,unique_01701,61112,vitoria,ES
cust_01702,unique_01702,76723,rio de janeiro,RJ
cust_01703,unique_01703,99184,pelotas,RS
cust_01704,unique_01704,68478,belo horizonte,MG
cust_01705,unique_01705,57274,serra,ES
cust_01706,unique_01706,57995,campinas,SP
cust_01707,unique_01707,12387,belo horizonte,MG
cust_01708,unique_01708,1729,recife,PE
cust_01709,unique_01709,5497,petropolis,RJ
cust_01710,unique_01710,90581,brasilia,DF
cust_01711,unique_01711,79240,petropolis,RJ
cust_01712,unique_01712,26757,vitoria,ES
cust_01713,unique_01713,42938,olinda,PE
cust_01714,unique_01714,48877,rio de janeiro,RJ
cust_01715,unique_01715,25434,brasilia,DF
cust_01716,unique_01716,42844,niteroi,RJ
cust_01717,unique_01717,35419,porto alegre,RS
cust_01718,unique_01718,69783,joinville,SC
cust_01719,unique_01719,75979,goiania,GO
cust_01720,unique_01720,10744,campinas,SP
cust_01721,unique_01721,47059,santos,SP
cust_01722,unique_01722,99131,feira de santana,BA
cust_01723,unique_01723,86980,londrina,PR
cust_01724,unique_01724,79581,londrina,PR
cust_01725,unique_01725,73756,santos,SP
cust_01726,unique_01726,1428,rio de janeiro,RJ
cust_01727,unique_01727,97426,recife,PE
cust_01728,unique_01728,73782,santos,SP
cust_01729,unique_01729,88960,contagem,MG
cust_01730,unique_01730,90979,sobral,CE
cust_01731,unique_01731,26199,santos,SP
cust_01732,unique_01732,2367,feira de santana,BA
cust_01733,unique_01733,66246,sorocaba,SP
cust_01734,unique_01734,46438,olinda,PE
cust_01735,unique_01735,3033,salvador,BA
cust_01736,unique_01736,27809,olinda,PE
cust_01737,unique_01737,99118,santos,SP
cust_01738,unique_01738,36973,curitiba,PR
cust_01739,unique_01739,26839,brasilia,DF
cust_01740,unique_01740,65799,sorocaba,SP
cust_01741,unique_01741,66814,sorocaba,SP
cust_01742,unique_01742,33878,campinas,SP
cust_01743,unique_01743,85065,fortaleza,CE
cust_01744,unique_01744,58449,salvador,BA
cust_01745,unique_01745,16885,porto alegre,RS
cust_01746,unique_01746,33172,salvador,BA
cust_01747,unique_01747,84939,londrina,PR
cust_01748,unique_01748,9843,belo horizonte,MG
cust_01749,unique_01749,2212,belo horizonte,MG
cust_01750,unique_01750,65992,joinville,SC
cust_01751,unique_01751,44755,santos,SP
cust_01752,unique_01752,26030,recife,PE
cust_01753,unique_01753,47731,anapolis,GO
cust_01754,unique_01754,19174,rio de janeiro,RJ
cust_01755,unique_01755,38034,pelotas,RS
cust_01756,unique_01756,24156,santos,SP
cust_01757,unique_01757,59051,serra,ES
cust_01758,unique_01758,67688,recife,PE
cust_01759,unique_01759,91568,sobral,CE
cust_01760,unique_01760,7706,niteroi,RJ
cust_01761,unique_01761,33371,sao paulo,SP
cust_01762,unique_01762,27179,santos,SP
cust_01763,unique_01763,58346,sao paulo,SP
cust_01764,unique_01764,53779,sao paulo,SP
cust_01765,unique_01765,87867,sorocaba,SP
cust_01766,unique_01766,91981,vitoria,ES
cust_01767,unique_01767,77525,santos,SP
cust_01768,unique_01768,20692,sao paulo,SP
cust_01769,unique_01769,5032,goiania,GO
cust_01770,unique_01770,90015,porto alegre,RS
cust_01771,unique_01771,94335,brasilia,DF
cust_01772,unique_01772,25787,porto alegre,RS
cust_01773,unique_01773,5617,recife,PE
cust_01774,unique_01774,68378,caxias do sul,RS
cust_01775,unique_01775,59286,curitiba,PR
cust_01776,unique_01776,88993,salvador,BA
cust_01777,unique_01777,57959,belo horizonte,MG
cust_01778,unique_01778,76273,niteroi,RJ
cust_01779,unique_01779,78851,contagem,MG
cust_01780,unique_01780,1969,santos,SP
cust_01781,unique_01781,15695,brasilia,DF
cust_01782,unique_01782,78220,sorocaba,SP
cust_01783,unique_01783,18757,sao paulo,SP
cust_01784,unique_01784,21406,sao paulo,SP
cust_01785,unique_01785,75457,anapolis,GO
cust_01786,unique_01786,21246,rio de janeiro,RJ
cust_01787,unique_01787,15800,blumenau,SC
cust_01788,unique_01788,2335,goiania,GO
cust_01789,unique_01789,47474,sao paulo,SP
cust_01790,unique_01790,64043,feira de santana,BA
cust_01791,unique_01791,73432,niteroi,RJ
cust_01792,unique_01792,90651,sorocaba,SP
cust_01793,unique_01793,65472,joinville,SC
cust_01794,unique_01794,75886,recife,PE
cust_01795,unique_01795,21849,petropolis,RJ
cust_01796,unique_01796,34702,curitiba,PR
cust_01797,unique_01797,31091,niteroi,RJ
cust_01798,unique_01798,7438,londrina,PR
cust_01799,unique_01799,96927,pelotas,RS
cust_01800,unique_01800,24884,pelotas,RS
cust_01801,unique_01801,45417,caxias do sul,RS
cust_01802,unique_01802,36337,sorocaba,SP
cust_01803,unique_01803,5401,florianopolis,SC
cust_01804,unique_01804,90430,florianopolis,SC
cust_01805,unique_01805,22738,blumenau,SC
cust_01806,unique_01806,10941,santos,SP
cust_01807,unique_01807,34900,uberlandia,MG
cust_01808,unique_01808,15232,belo horizonte,MG
cust_01809,unique_01809,99948,campinas,SP
cust_01810,unique_01810,19710,santos,SP
cust_01811,unique_01811,30966,contagem,MG
cust_01812,unique_01812,27847,feira de santana,BA
cust_01813,unique_01813,3613,campinas,SP
cust_01814,unique_01814,2276,goiania,GO
cust_01815,unique_01815,51778,curitiba,PR
cust_01816,unique_01816,24039,salvador,BA
cust_01817,unique_01817,9276,uberlandia,MG
cust_01818,unique_01818,29846,londrina,PR
cust_01819,unique_01819,28132,porto alegre,RS
cust_01820,unique_01820,42983,fortaleza,CE
cust_01821,unique_01821,99244,londrina,PR
cust_01822,unique_01822,31381,maringa,PR
cust_01823,unique_01823,70758,pelotas,RS
cust_01824,unique_01824,77079,salvador,BA
cust_01825,unique_01825,6015,campinas,SP
cust_01826,unique_01826,50630,maringa,PR
cust_01827,unique_01827,45419,contagem,MG
cust_01828,unique_01828,51261,fortaleza,CE
cust_01829,unique_01829,17991,maringa,PR
cust_01830,unique_01830,47041,belo horizonte,MG
cust_01831,unique_01831,13171,vitoria,ES
cust_01832,unique_01832,94635,belo horizonte,MG
cust_01833,unique_01833,59118,sorocaba,SP
cust_01834,unique_01834,4416,sao paulo,SP
cust_01835,unique_01835,51059,sorocaba,SP
cust_01836,unique_01836,92706,campinas,SP
cust_01837,unique_01837,74543,belo horizonte,MG
cust_01838,unique_01838,28021,feira de santana,BA
cust_01839,unique_01839,89337,feira de santana,BA
cust_01840,unique_01840,19366,sao paulo,SP
cust_01841,unique_01841,25421,curitiba,PR
cust_01842,unique_01842,16344,sao paulo,SP
cust_01843,unique_01843,92375,fortaleza,CE
cust_01844,unique_01844,71973,sao paulo,SP
cust_01845,unique_01845,52280,pelotas,RS
cust_01846,unique_01846,67122,rio de janeiro,RJ
cust_01847,unique_01847,26624,blumenau,SC
cust_01848,unique_01848,7995,contagem,MG
cust_01849,unique_01849,84731,feira de santana,BA
cust_01850,unique_01850,96456,sorocaba,SP
cust_01851,unique_01851,4517,olinda,PE
cust_01852,unique_01852,6116,curitiba,PR
cust_01853,unique_01853,56390,salvador,BA
cust_01854,unique_01854,5259,anapolis,GO
cust_01855,unique_01855,72439,vitoria,ES
cust_01856,unique_01856,94589,santos,SP
cust_01857,unique_01857,28717,petropolis,RJ
cust_01858,unique_01858,30140,sorocaba,SP
cust_01859,unique_01859,86484,campinas,SP
cust_01860,unique_01860,36261,caxias do sul,RS
cust_01861,unique_01861,24787,vitoria,ES
cust_01862,unique_01862,9343,vitoria,ES
cust_01863,unique_01863,84146,curitiba,PR
cust_01864,unique_01864,92663,caxias do sul,RS
cust_01865,unique_01865,8775,goiania,GO
cust_01866,unique_01866,80491,sobral,CE
cust_01867,unique_01867,16832,sorocaba,SP
cust_01868,unique_01868,14747,maringa,PR
cust_01869,unique_01869,38717,goiania,GO
cust_01870,unique_01870,44231,niteroi,RJ
cust_01871,unique_01871,85550,contagem,MG
cust_01872,unique_01872,70274,vitoria,ES
cust_01873,unique_01873,15313,vitoria,ES
cust_01874,unique_01874,58822,olinda,PE
cust_01875,unique_01875,87667,brasilia,DF
cust_01876,unique_01876,66547,sorocaba,SP
cust_01877,unique_01877,23743,petropolis,RJ
cust_01878,unique_01878,13754,londrina,PR
cust_01879,unique_01879,45797,londrina,PR
cust_01880,unique_01880,47746,londrina,PR
cust_01881,unique_01881,35920,pelotas,RS
cust_01882,unique_01882,11816,uberlandia,MG
cust_01883,unique_01883,12694,salvador,BA
cust_01884,unique_01884,53369,rio de janeiro,RJ
cust_01885,unique_01885,94485,niteroi,RJ
cust_01886,unique_01886,60195,sao paulo,SP
cust_01887,unique_01887,44379,santos,SP
cust_01888,unique_01888,93196,anapolis,GO
cust_01889,unique_01889,69342,contagem,MG
cust_01890,unique_01890,72072,campinas,SP
cust_01891,unique_01891,57950,feira de santana,BA
cust_01892,unique_01892,76524,maringa,PR
cust_01893,unique_01893,50669,campinas,SP
cust_01894,unique_01894,62583,petropolis,RJ
cust_01895,unique_01895,62040,campinas,SP
cust_01896,unique_01896,75511,blumenau,SC
cust_01897,unique_01897,89934,campinas,SP
cust_01898,unique_01898,30132,campinas,SP
cust_01899,unique_01899,70231,sao paulo,SP
cust_01900,unique_01900,4133,pelotas,RS
cust_01901,unique_01901,53714,campinas,SP
cust_01902,unique_01902,89971,anapolis,GO
cust_01903,unique_01903,64872,sao paulo,SP
cust_01904,unique_01904,27501,caxias do sul,RS
cust_01905,unique_01905,61032,uberlandia,MG
cust_01906,unique_01906,36416,uberlandia,MG
cust_01907,unique_01907,43878,sao paulo,SP
cust_01908,unique_01908,23581,brasilia,DF
cust_01909,unique_01909,62851,recife,PE
cust_01910,unique_01910,20635,campinas,SP
cust_01911,unique_01911,44912,campinas,SP
cust_01912,unique_01912,93984,olinda,PE
cust_01913,unique_01913,76003,londrina,PR
cust_01914,unique_01914,42020,sao paulo,SP
cust_01915,unique_01915,96921,campinas,SP
cust_01916,unique_01916,2380,joinville,SC
cust_01917,unique_01917,96025,salvador,BA
cust_01918,unique_01918,35860,pelotas,RS
cust_01919,unique_01919,82252,fortaleza,CE
cust_01920,unique_01920,94803,londrina,PR
cust_01921,unique_01921,60573,rio de janeiro,RJ
cust_01922,unique_01922,61438,belo horizonte,MG
cust_01923,unique_01923,75183,petropolis,RJ
cust_01924,unique_01924,24734,campinas,SP
cust_01925,unique_01925,18626,campinas,SP
cust_01926,unique_01926,35022,niteroi,RJ
cust_01927,unique_01927,48422,salvador,BA
cust_01928,unique_01928,74543,santos,SP
cust_01929,unique_01929,26472,uberlandia,MG
cust_01930,unique_01930,56913,florianopolis,SC
cust_01931,unique_01931,1345,caxias do sul,RS
cust_01932,unique_01932,4061,brasilia,DF
cust_01933,unique_01933,96706,goiania,GO
cust_01934,unique_01934,85178,salvador,BA
cust_01935,unique_01935,86520,santos,SP
cust_01936,unique_01936,33542,contagem,MG
cust_01937,unique_01937,51855,porto alegre,RS
cust_01938,unique_01938,67795,sorocaba,SP
cust_01939,unique_01939,26160,santos,SP
cust_01940,unique_01940,74699,sorocaba,SP
cust_01941,unique_01941,69603,belo horizonte,MG
cust_01942,unique_01942,41319,contagem,MG
cust_01943,unique_01943,44044,campinas,SP
cust_01944,unique_01944,31427,anapolis,GO
cust_01945,unique_01945,80530,sobral,CE
cust_01946,unique_01946,98702,campinas,SP
cust_01947,unique_01947,99951,fortaleza,CE
cust_01948,unique_01948,77367,sao paulo,SP
cust_01949,unique_01949,35558,sobral,CE
cust_01950,unique_01950,78326,sobral,CE
cust_01951,unique_01951,25195,campinas,SP
cust_01952,unique_01952,89759,salvador,BA
cust_01953,unique_01953,27470,vitoria,ES
cust_01954,unique_01954,40883,recife,PE
cust_01955,unique_01955,10241,serra,ES
cust_01956,unique_01956,9054,curitiba,PR
cust_01957,unique_01957,40010,campinas,SP
cust_01958,unique_01958,55469,anapolis,GO
cust_01959,unique_01959,2725,porto alegre,RS
cust_01960,unique_01960,84769,pelotas,RS
cust_01961,unique_01961,12325,contagem,MG
cust_01962,unique_01962,99840,caxias do sul,RS
cust_01963,unique_01963,27897,santos,SP
cust_01964,unique_01964,38520,feira de santana,BA
cust_01965,unique_01965,16826,santos,SP
cust_01966,unique_01966,82617,salvador,BA
cust_01967,unique_01967,73483,goiania,GO
cust_01968,unique_01968,8776,uberlandia,MG
cust_01969,unique_01969,11454,curitiba,PR
cust_01970,unique_01970,61302,rio de janeiro,RJ
cust_01971,unique_01971,86732,serra,ES
cust_01972,unique_01972,11871,feira de santana,BA
cust_01973,unique_01973,22890,rio de janeiro,RJ
cust_01974,unique_01974,54988,sao paulo,SP
cust_01975,unique_01975,11750,sao paulo,SP
cust_01976,unique_01976,31150,uberlandia,MG
cust_01977,unique_01977,2000,sobral,CE
cust_01978,unique_01978,50416,salvador,BA
cust_01979,unique_01979,71804,campinas,SP
cust_01980,unique_01980,41785,anapolis,GO
cust_01981,unique_01981,26404,rio de janeiro,RJ
cust_01982,unique_01982,43011,goiania,GO
cust_01983,unique_01983,51439,sao paulo,SP
cust_01984,unique_01984,17405,caxias do sul,RS
cust_01985,unique_01985,12049,fortaleza,CE
cust_01986,unique_01986,18999,santos,SP
cust_01987,unique_01987,98543,joinville,SC
cust_01988,unique_01988,72571,vitoria,ES
cust_01989,unique_01989,13412,sorocaba,SP
cust_01990,unique_01990,30834,sorocaba,SP
cust_01991,unique_01991,41780,florianopolis,SC
cust_01992,unique_01992,18939,petropolis,RJ
cust_01993,unique_01993,85312,sao paulo,SP
cust_01994,unique_01994,94116,belo horizonte,MG
cust_01995,unique_01995,25243,feira de santana,BA
cust_01996,unique_01996,2638,rio de janeiro,RJ
cust_01997,unique_01997,27429,niteroi,RJ
cust_01998,unique_01998,58669,goiania,GO
cust_01999,unique_01999,81040,londrina,PR
cust_02000,unique_02000,34614,anapolis,GO
cust_02001,unique_02001,28060,contagem,MG
cust_02002,unique_02002,25637,fortaleza,CE
cust_02003,unique_02003,1284,joinville,SC
cust_02004,unique_02004,2387,campinas,SP
cust_02005,unique_02005,43363,recife,PE
cust_02006,unique_02006,62137,uberlandia,MG
cust_02007,unique_02007,2240,sorocaba,SP
cust_02008,unique_02008,20827,campinas,SP
cust_02009,unique_02009,91068,florianopolis,SC
cust_02010,unique_02010,99015,sorocaba,SP
cust_02011,unique_02011,64538,petropolis,RJ
cust_02012,unique_02012,52645,campinas,SP
cust_02013,unique_02013,58717,uberlandia,MG
cust_02014,unique_02014,37677,contagem,MG
cust_02015,unique_02015,20957,londrina,PR
cust_02016,unique_02016,38218,campinas,SP
cust_02017,unique_02017,70293,sorocaba,SP
cust_02018,unique_02018,66599,pelotas,RS
cust_02019,unique_02019,68047,niteroi,RJ
cust_02020,unique_02020,61262,florianopolis,SC
cust_02021,unique_02021,6985,campinas,SP
cust_02022,unique_02022,63019,santos,SP
cust_02023,unique_02023,88202,campinas,SP
cust_02024,unique_02024,65239,uberlandia,MG
cust_02025,unique_02025,58361,uberlandia,MG
cust_02026,unique_02026,23171,goiania,GO
cust_02027,unique_02027,79453,niteroi,RJ
cust_02028,unique_02028,45705,maringa,PR
cust_02029,unique_02029,27028,porto alegre,RS
cust_02030,unique_02030,49493,santos,SP
cust_02031,unique_02031,13082,maringa,PR
cust_02032,unique_02032,92712,rio de janeiro,RJ
cust_02033,unique_02033,70541,uberlandia,MG
cust_02034,unique_02034,33328,campinas,SP
cust_02035,unique_02035,79593,brasilia,DF
cust_02036,unique_02036,6363,fortaleza,CE
cust_02037,unique_02037,39216,santos,SP
cust_02038,unique_02038,65486,porto alegre,RS
cust_02039,unique_02039,3345,salvador,BA
cust_02040,unique_02040,71163,niteroi,RJ
cust_02041,unique_02041,82006,brasilia,DF
cust_02042,unique_02042,59818,pelotas,RS
cust_02043,unique_02043,21403,fortaleza,CE
cust_02044,unique_02044,75158,serra,ES
cust_02045,unique_02045,34563,sao paulo,SP
cust_02046,unique_02046,73852,uberlandia,MG
cust_02047,unique_02047,63194,londrina,PR
cust_02048,unique_02048,10247,campinas,SP
cust_02049,unique_02049,10895,rio de janeiro,RJ
cust_02050,unique_02050,2501,serra,ES
cust_02051,unique_02051,8127,campinas,SP
cust_02052,unique_02052,30665,contagem,MG
cust_02053,unique_02053,3544,anapolis,GO
cust_02054,unique_02054,93907,niteroi,RJ
cust_02055,unique_02055,91746,belo horizonte,MG
cust_02056,unique_02056,18087,serra,ES
cust_02057,unique_02057,31826,contagem,MG
cust_02058,unique_02058,74476,sorocaba,SP
cust_02059,unique_02059,66404,sorocaba,SP
cust_02060,unique_02060,58579,fortaleza,CE
cust_02061,unique_02061,98933,santos,SP
cust_02062,unique_02062,63349,londrina,PR
cust_02063,unique_02063,67274,sorocaba,SP
cust_02064,unique_02064,50706,contagem,MG
cust_02065,unique_02065,52983,sobral,CE
cust_02066,unique_02066,29812,curitiba,PR
cust_02067,unique_02067,52570,vitoria,ES
cust_02068,unique_02068,91898,santos,SP
cust_02069,unique_02069,38314,maringa,PR
cust_02070,unique_02070,14188,goiania,GO
cust_02071,unique_02071,60377,belo horizonte,MG
cust_02072,unique_02072,78733,sao paulo,SP
cust_02073,unique_02073,95919,anapolis,GO
cust_02074,unique_02074,54673,niteroi,RJ
cust_02075,unique_02075,79015,londrina,PR
cust_02076,unique_02076,25796,serra,ES
cust_02077,unique_02077,42998,sao paulo,SP
cust_02078,unique_02078,42484,petropolis,RJ
cust_02079,unique_02079,33911,campinas,SP
cust_02080,unique_02080,71899,contagem,MG
cust_02081,unique_02081,88468,sorocaba,SP
cust_02082,unique_02082,33331,joinville,SC
cust_02083,unique_02083,14442,campinas,SP
cust_02084,unique_02084,82716,florianopolis,SC
cust_02085,unique_02085,85108,sao paulo,SP
cust_02086,unique_02086,93555,petropolis,RJ
cust_02087,unique_02087,26252,rio de janeiro,RJ
cust_02088,unique_02088,72184,salvador,BA
cust_02089,unique_02089,71846,uberlandia,MG
cust_02090,unique_02090,79211,petropolis,RJ
cust_02091,unique_02091,80815,anapolis,GO
cust_02092,unique_02092,95297,caxias do sul,RS
cust_02093,unique_02093,48222,sorocaba,SP
cust_02094,unique_02094,8515,olinda,PE
cust_02095,unique_02095,20035,niteroi,RJ
cust_02096,unique_02096,88774,sao paulo,SP
cust_02097,unique_02097,84631,curitiba,PR
cust_02098,unique_02098,2095,campinas,SP
cust_02099,unique_02099,37382,sao paulo,SP
cust_02100,unique_02100,25272,salvador,BA
cust_02101,unique_02101,32747,campinas,SP
cust_02102,unique_02102,64240,brasilia,DF
cust_02103,unique_02103,51491,fortaleza,CE
cust_02104,unique_02104,48608,pelotas,RS
cust_02105,unique_02105,44073,feira de santana,BA
cust_02106,unique_02106,64519,feira de santana,BA
cust_02107,unique_02107,68621,vitoria,ES
cust_02108,unique_02108,5303,niteroi,RJ
cust_02109,unique_02109,14582,santos,SP
cust_02110,unique_02110,34775,londrina,PR
cust_02111,unique_02111,44132,londrina,PR
cust_02112,unique_02112,99624,campinas,SP
cust_02113,unique_02113,89277,caxias do sul,RS
cust_02114,unique_02114,65227,santos,SP
cust_02115,unique_02115,4570,fortaleza,CE
cust_02116,unique_02116,10968,santos,SP
cust_02117,unique_02117,46276,sao paulo,SP
cust_02118,unique_02118,59117,santos,SP
cust_02119,unique_02119,66392,sorocaba,SP
cust_02120,unique_02120,15051,santos,SP
cust_02121,unique_02121,88882,campinas,SP
cust_02122,unique_02122,49828,sorocaba,SP
cust_02123,unique_02123,59784,santos,SP
cust_02124,unique_02124,4891,niteroi,RJ
cust_02125,unique_02125,82623,rio de janeiro,RJ
cust_02126,unique_02126,54761,rio de janeiro,RJ
cust_02127,unique_02127,23046,rio de janeiro,RJ
cust_02128,unique_02128,32566,sao paulo,SP
cust_02129,unique_02129,35927,santos,SP
cust_02130,unique_02130,3678,santos,SP
cust_02131,unique_02131,94270,feira de santana,BA
cust_02132,unique_02132,80495,serra,ES
cust_02133,unique_02133,88710,sobral,CE
cust_02134,unique_02134,36010,londrina,PR
cust_02135,unique_02135,56236,londrina,PR
cust_02136,unique_02136,46367,petropolis,RJ
cust_02137,unique_02137,48072,brasilia,DF
cust_02138,unique_02138,59303,salvador,BA
cust_02139,unique_02139,45655,goiania,GO
cust_02140,unique_02140,77550,recife,PE
cust_02141,unique_02141,6820,uberlandia,MG
cust_02142,unique_02142,20071,salvador,BA
cust_02143,unique_02143,89344,brasilia,DF
cust_02144,unique_02144,88351,petropolis,RJ
cust_02145,unique_02145,81995,sobral,CE
cust_02146,unique_02146,37506,campinas,SP
cust_02147,unique_02147,46168,vitoria,ES
cust_02148,unique_02148,3501,brasilia,DF
cust_02149,unique_02149,28664,campinas,SP
cust_02150,unique_02150,72916,blumenau,SC
cust_02151,unique_02151,34948,sao paulo,SP
cust_02152,unique_02152,48545,brasilia,DF
cust_02153,unique_02153,13192,brasilia,DF
cust_02154,unique_02154,50141,pelotas,RS
cust_02155,unique_02155,72456,goiania,GO
cust_02156,unique_02156,57639,sorocaba,SP
cust_02157,unique_02157,56109,sorocaba,SP
cust_02158,unique_02158,91542,contagem,MG
cust_02159,unique_02159,24176,sorocaba,SP
cust_02160,unique_02160,30645,belo horizonte,MG
cust_02161,unique_02161,62676,santos,SP
cust_02162,unique_02162,48538,belo horizonte,MG
cust_02163,unique_02163,97942,belo horizonte,MG
cust_02164,unique_02164,6908,recife,PE
cust_02165,unique_02165,13116,santos,SP
cust_02166,unique_02166,34857,olinda,PE
cust_02167,unique_02167,46389,contagem,MG
cust_02168,unique_02168,89154,rio de janeiro,RJ
cust_02169,unique_02169,49921,curitiba,PR
cust_02170,unique_02170,44277,contagem,MG
cust_02171,unique_02171,17512,sorocaba,SP
cust_02172,unique_02172,43990,maringa,PR
cust_02173,unique_02173,53625,sao paulo,SP
cust_02174,unique_02174,58793,niteroi,RJ
cust_02175,unique_02175,60991,curitiba,PR
cust_02176,unique_02176,43533,contagem,MG
cust_02177,unique_02177,16576,goiania,GO
cust_02178,unique_02178,16120,sorocaba,SP
cust_02179,unique_02179,16317,vitoria,ES
cust_02180,unique_02180,62239,brasilia,DF
cust_02181,unique_02181,85777,vitoria,ES
cust_02182,unique_02182,88427,anapolis,GO
cust_02183,unique_02183,31827,campinas,SP
cust_02184,unique_02184,8883,londrina,PR
cust_02185,unique_02185,63402,santos,SP
cust_02186,unique_02186,4799,goiania,GO
cust_02187,unique_02187,63049,pelotas,RS
cust_02188,unique_02188,38926,campinas,SP
cust_02189,unique_02189,84077,fortaleza,CE
cust_02190,unique_02190,62911,campinas,SP
cust_02191,unique_02191,74248,curitiba,PR
cust_02192,unique_02192,41166,salvador,BA
cust_02193,unique_02193,84216,santos,SP
cust_02194,unique_02194,52987,porto alegre,RS
cust_02195,unique_02195,62895,goiania,GO
cust_02196,unique_02196,36701,santos,SP
cust_02197,unique_02197,45495,londrina,PR
cust_02198,unique_02198,84173,sao paulo,SP
cust_02199,unique_02199,39962,blumenau,SC
cust_02200,unique_02200,3116,sorocaba,SP
cust_02201,unique_02201,38523,fortaleza,CE
cust_02202,unique_02202,39803,recife,PE
cust_02203,unique_02203,42420,campinas,SP
cust_02204,unique_02204,7995,petropolis,RJ
cust_02205,unique_02205,13801,porto alegre,RS
cust_02206,unique_02206,33079,feira de santana,BA
cust_02207,unique_02207,42971,belo horizonte,MG
cust_02208,unique_02208,3872,sao paulo,SP
cust_02209,unique_02209,39554,sorocaba,SP
cust_02210,unique_02210,32692,vitoria,ES
cust_02211,unique_02211,4422,belo horizonte,MG
cust_02212,unique_02212,25790,olinda,PE
cust_02213,unique_02213,28237,uberlandia,MG
cust_02214,unique_02214,15209,fortaleza,CE
cust_02215,unique_02215,75438,santos,SP
cust_02216,unique_02216,8164,santos,SP
cust_02217,unique_02217,58216,sobral,CE
cust_02218,unique_02218,66867,fortaleza,CE
cust_02219,unique_02219,80809,niteroi,RJ
cust_02220,unique_02220,55012,rio de janeiro,RJ
cust_02221,unique_02221,54725,contagem,MG
cust_02222,unique_02222,76319,uberlandia,MG
cust_02223,unique_02223,85553,sao paulo,SP
cust_02224,unique_02224,21883,olinda,PE
cust_02225,unique_02225,79809,campinas,SP
cust_02226,unique_02226,46774,florianopolis,SC
cust_02227,unique_02227,10730,sorocaba,SP
cust_02228,unique_02228,61629,sorocaba,SP
cust_02229,unique_02229,97722,blumenau,SC
cust_02230,unique_02230,14929,niteroi,RJ
cust_02231,unique_02231,2459,blumenau,SC
cust_02232,unique_02232,91734,sao paulo,SP
cust_02233,unique_02233,60086,sobral,CE
cust_02234,unique_02234,22690,salvador,BA
cust_02235,unique_02235,79457,recife,PE
cust_02236,unique_02236,39973,sao paulo,SP
cust_02237,unique_02237,33857,rio de janeiro,RJ
cust_02238,unique_02238,29690,niteroi,RJ
cust_02239,unique_02239,60257,maringa,PR
cust_02240,unique_02240,14319,niteroi,RJ
cust_02241,unique_02241,36849,campinas,SP
cust_02242,unique_02242,31202,niteroi,RJ
cust_02243,unique_02243,7000,santos,SP
cust_02244,unique_02244,76551,rio de janeiro,RJ
cust_02245,unique_02245,1837,santos,SP
cust_02246,unique_02246,96011,santos,SP
cust_02247,unique_02247,10391,porto alegre,RS
cust_02248,unique_02248,36464,niteroi,RJ
cust_02249,unique_02249,10742,petropolis,RJ
cust_02250,unique_02250,37320,londrina,PR
cust_02251,unique_02251,61477,brasilia,DF
cust_02252,unique_02252,9660,rio de janeiro,RJ
cust_02253,unique_02253,53060,caxias do sul,RS
cust_02254,unique_02254,77415,serra,ES
cust_02255,unique_02255,46090,curitiba,PR
cust_02256,unique_02256,12132,olinda,PE
cust_02257,unique_02257,69499,brasilia,DF
cust_02258,unique_02258,19461,santos,SP
cust_02259,unique_02259,2665,belo horizonte,MG
cust_02260,unique_02260,44241,joinville,SC
cust_02261,unique_02261,27827,serra,ES
cust_02262,unique_02262,3819,uberlandia,MG
cust_02263,unique_02263,77961,santos,SP
cust_02264,unique_02264,60372,curitiba,PR
cust_02265,unique_02265,91086,sorocaba,SP
cust_02266,unique_02266,48556,feira de santana,BA
cust_02267,unique_02267,44394,maringa,PR
cust_02268,unique_02268,84419,feira de santana,BA
cust_02269,unique_02269,9066,recife,PE
cust_02270,unique_02270,36804,caxias do sul,RS
cust_02271,unique_02271,80073,pelotas,RS
cust_02272,unique_02272,29961,feira de santana,BA
cust_02273,unique_02273,88630,goiania,GO
cust_02274,unique_02274,29118,olinda,PE
cust_02275,unique_02275,41951,sorocaba,SP
cust_02276,unique_02276,89838,curitiba,PR
cust_02277,unique_02277,25091,sao paulo,SP
cust_02278,unique_02278,96842,olinda,PE
cust_02279,unique_02279,5353,blumenau,SC
cust_02280,unique_02280,27313,uberlandia,MG
cust_02281,unique_02281,59516,santos,SP
cust_02282,unique_02282,59816,petropolis,RJ
cust_02283,unique_02283,91076,florianopolis,SC
cust_02284,unique_02284,96020,sao paulo,SP
cust_02285,unique_02285,68110,sorocaba,SP
cust_02286,unique_02286,66313,recife,PE
cust_02287,unique_02287,32407,salvador,BA
cust_02288,unique_02288,80758,campinas,SP
cust_02289,unique_02289,64645,niteroi,RJ
cust_02290,unique_02290,3383,vitoria,ES
cust_02291,unique_02291,83373,blumenau,SC
cust_02292,unique_02292,36606,pelotas,RS
cust_02293,unique_02293,48106,rio de janeiro,RJ
cust_02294,unique_02294,49123,niteroi,RJ
cust_02295,unique_02295,82154,sao paulo,SP
cust_02296,unique_02296,27524,salvador,BA
cust_02297,unique_02297,39798,sorocaba,SP
cust_02298,unique_02298,4873,santos,SP
cust_02299,unique_02299,35501,feira de santana,BA
cust_02300,unique_02300,9748,sobral,CE
cust_02301,unique_02301,58715,feira de santana,BA
cust_02302,unique_02302,89425,contagem,MG
cust_02303,unique_02303,47003,contagem,MG
cust_02304,unique_02304,91297,uberlandia,MG
cust_02305,unique_02305,97733,niteroi,RJ
cust_02306,unique_02306,6326,curitiba,PR
cust_02307,unique_02307,52122,contagem,MG
cust_02308,unique_02308,53299,porto alegre,RS
cust_02309,unique_02309,39131,olinda,PE
cust_02310,unique_02310,83215,serra,ES
cust_02311,unique_02311,40098,sao paulo,SP
cust_02312,unique_02312,6463,petropolis,RJ
cust_02313,unique_02313,55245,sorocaba,SP
cust_02314,unique_02314,20988,niteroi,RJ
cust_02315,unique_02315,36135,niteroi,RJ
cust_02316,unique_02316,50686,sorocaba,SP
cust_02317,unique_02317,72567,feira de santana,BA
cust_02318,unique_02318,28537,curitiba,PR
cust_02319,unique_02319,38685,fortaleza,CE
cust_02320,unique_02320,7722,santos,SP
cust_02321,unique_02321,39029,campinas,SP
cust_02322,unique_02322,58442,belo horizonte,MG
cust_02323,unique_02323,62079,sorocaba,SP
cust_02324,unique_02324,30030,sao paulo,SP
cust_02325,unique_02325,7023,vitoria,ES
cust_02326,unique_02326,58153,campinas,SP
cust_02327,unique_02327,65879,sao paulo,SP
cust_02328,unique_02328,9431,caxias do sul,RS
cust_02329,unique_02329,50991,maringa,PR
cust_02330,unique_02330,10413,pelotas,RS
cust_02331,unique_02331,45849,petropolis,RJ
cust_02332,unique_02332,64442,goiania,GO
cust_02333,unique_02333,72205,sao paulo,SP
cust_02334,unique_02334,71663,contagem,MG
cust_02335,unique_02335,76066,joinville,SC
cust_02336,unique_02336,24882,olinda,PE
cust_02337,unique_02337,84778,rio de janeiro,RJ
cust_02338,unique_02338,35617,maringa,PR
cust_02339,unique_02339,38105,santos,SP
cust_02340,unique_02340,78970,sorocaba,SP
cust_02341,unique_02341,33376,sao paulo,SP
cust_02342,unique_02342,8412,salvador,BA
cust_02343,unique_02343,71719,petropolis,RJ
cust_02344,unique_02344,66547,salvador,BA
cust_02345,unique_02345,58598,santos,SP
cust_02346,unique_02346,15184,recife,PE
cust_02347,unique_02347,63547,anapolis,GO
cust_02348,unique_02348,20642,campinas,SP
cust_02349,unique_02349,55996,santos,SP
cust_02350,unique_02350,51283,sorocaba,SP
cust_02351,unique_02351,77495,anapolis,GO
cust_02352,unique_02352,97680,campinas,SP
cust_02353,unique_02353,19813,curitiba,PR
cust_02354,unique_02354,12356,uberlandia,MG
cust_02355,unique_02355,56014,brasilia,DF
cust_02356,unique_02356,95245,contagem,MG
cust_02357,unique_02357,16651,curitiba,PR
cust_02358,unique_02358,49250,serra,ES
cust_02359,unique_02359,41317,campinas,SP
cust_02360,unique_02360,32485,goiania,GO
cust_02361,unique_02361,66734,santos,SP
cust_02362,unique_02362,30252,uberlandia,MG
cust_02363,unique_02363,49813,recife,PE
cust_02364,unique_02364,84694,joinville,SC
cust_02365,unique_02365,38579,blumenau,SC
cust_02366,unique_02366,3089,sorocaba,SP
cust_02367,unique_02367,88611,uberlandia,MG
cust_02368,unique_02368,28175,niteroi,RJ
cust_02369,unique_02369,77508,maringa,PR
cust_02370,unique_02370,76514,belo horizonte,MG
cust_02371,unique_02371,53102,rio de janeiro,RJ
cust_02372,unique_02372,9693,niteroi,RJ
cust_02373,unique_02373,95054,santos,SP
cust_02374,unique_02374,68405,niteroi,RJ
cust_02375,unique_02375,43011,sao paulo,SP
cust_02376,unique_02376,85534,olinda,PE
cust_02377,unique_02377,79018,caxias do sul,RS
cust_02378,unique_02378,76269,sorocaba,SP
cust_02379,unique_02379,17625,blumenau,SC
cust_02380,unique_02380,63650,anapolis,GO
cust_02381,unique_02381,29293,santos,SP
cust_02382,unique_02382,8769,santos,SP
cust_02383,unique_02383,34470,sao paulo,SP
cust_02384,unique_02384,11299,campinas,SP
cust_02385,unique_02385,11476,feira de santana,BA
cust_02386,unique_02386,72976,vitoria,ES
cust_02387,unique_02387,50678,sao paulo,SP
cust_02388,unique_02388,40389,salvador,BA
cust_02389,unique_02389,20033,santos,SP
cust_02390,unique_02390,77323,caxias do sul,RS
cust_02391,unique_02391,63783,feira de santana,BA
cust_02392,unique_02392,58972,petropolis,RJ
cust_02393,unique_02393,19818,santos,SP
cust_02394,unique_02394,13231,caxias do sul,RS
cust_02395,unique_02395,13226,serra,ES
cust_02396,unique_02396,3479,sao paulo,SP
cust_02397,unique_02397,96938,santos,SP
cust_02398,unique_02398,37405,campinas,SP
cust_02399,unique_02399,66165,maringa,PR
cust_02400,unique_02400,98241,pelotas,RS
cust_02401,unique_02401,93707,brasilia,DF
cust_02402,unique_02402,32737,feira de santana,BA
cust_02403,unique_02403,49498,olinda,PE
cust_02404,unique_02404,46840,brasilia,DF
cust_02405,unique_02405,4306,santos,SP
cust_02406,unique_02406,77060,londrina,PR
cust_02407,unique_02407,57862,rio de janeiro,RJ
cust_02408,unique_02408,37773,rio de janeiro,RJ
cust_02409,unique_02409,56274,sobral,CE
cust_02410,unique_02410,73809,joinville,SC
cust_02411,unique_02411,2482,vitoria,ES
cust_02412,unique_02412,64957,contagem,MG
cust_02413,unique_02413,86262,maringa,PR
cust_02414,unique_02414,72913,uberlandia,MG
cust_02415,unique_02415,62376,sao paulo,SP
cust_02416,unique_02416,9963,sorocaba,SP
cust_02417,unique_02417,74723,curitiba,PR
cust_02418,unique_02418,75315,campinas,SP
cust_02419,unique_02419,49897,sobral,CE
cust_02420,unique_02420,58682,santos,SP
cust_02421,unique_02421,62221,sao paulo,SP
cust_02422,unique_02422,12991,salvador,BA
cust_02423,unique_02423,26489,campinas,SP
cust_02424,unique_02424,79437,olinda,PE
cust_02425,unique_02425,97401,feira de santana,BA
cust_02426,unique_02426,27739,sao paulo,SP
cust_02427,unique_02427,40670,florianopolis,SC
cust_02428,unique_02428,91613,pelotas,RS
cust_02429,unique_02429,17070,salvador,BA
cust_02430,unique_02430,26856,goiania,GO
cust_02431,unique_02431,6535,salvador,BA
cust_02432,unique_02432,24241,caxias do sul,RS
cust_02433,unique_02433,63980,rio de janeiro,RJ
cust_02434,unique_02434,35473,florianopolis,SC
cust_02435,unique_02435,98353,fortaleza,CE
cust_02436,unique_02436,89263,caxias do sul,RS
cust_02437,unique_02437,89682,florianopolis,SC
cust_02438,unique_02438,72910,belo horizonte,MG
cust_02439,unique_02439,70507,salvador,BA
cust_02440,unique_02440,51456,vitoria,ES
cust_02441,unique_02441,99068,campinas,SP
cust_02442,unique_02442,10441,santos,SP
cust_02443,unique_02443,72559,curitiba,PR
cust_02444,unique_02444,14885,uberlandia,MG
cust_02445,unique_02445,34585,caxias do sul,RS
cust_02446,unique_02446,26306,santos,SP
cust_02447,unique_02447,60519,uberlandia,MG
cust_02448,unique_02448,78933,pelotas,RS
cust_02449,unique_02449,8896,porto alegre,RS
cust_02450,unique_02450,60563,florianopolis,SC
cust_02451,unique_02451,22946,salvador,BA
cust_02452,unique_02452,8622,blumenau,SC
cust_02453,unique_02453,42336,brasilia,DF
cust_02454,unique_02454,58544,pelotas,RS
cust_02455,unique_02455,20979,maringa,PR
cust_02456,unique_02456,39590,caxias do sul,RS
cust_02457,unique_02457,95395,campinas,SP
cust_02458,unique_02458,35328,campinas,SP
cust_02459,unique_02459,99563,curitiba,PR
cust_02460,unique_02460,83587,recife,PE
cust_02461,unique_02461,37722,joinville,SC
cust_02462,unique_02462,58103,sao paulo,SP
cust_02463,unique_02463,71212,pelotas,RS
cust_02464,unique_02464,46999,sorocaba,SP
cust_02465,unique_02465,41368,salvador,BA
cust_02466,unique_02466,33643,anapolis,GO
cust_02467,unique_02467,14811,porto alegre,RS
cust_02468,unique_02468,3467,pelotas,RS
cust_02469,unique_02469,34355,petropolis,RJ
cust_02470,unique_02470,79777,belo horizonte,MG
cust_02471,unique_02471,24103,olinda,PE
cust_02472,unique_02472,18794,salvador,BA
cust_02473,unique_02473,33479,maringa,PR
cust_02474,unique_02474,60290,rio de janeiro,RJ
cust_02475,unique_02475,22286,sao paulo,SP
cust_02476,unique_02476,22818,campinas,SP
cust_02477,unique_02477,12122,sao paulo,SP
cust_02478,unique_02478,33888,rio de janeiro,RJ
cust_02479,unique_02479,22525,sobral,CE
cust_02480,unique_02480,83288,londrina,PR
cust_02481,unique_02481,90669,santos,SP
cust_02482,unique_02482,37679,sao paulo,SP
cust_02483,unique_02483,9436,rio de janeiro,RJ
cust_02484,unique_02484,9657,anapolis,GO
cust_02485,unique_02485,33150,rio de janeiro,RJ
cust_02486,unique_02486,46883,brasilia,DF
cust_02487,unique_02487,53316,brasilia,DF
cust_02488,unique_02488,31109,sao paulo,SP
cust_02489,unique_02489,36096,caxias do sul,RS
cust_02490,unique_02490,29084,fortaleza,CE
cust_02491,unique_02491,52242,uberlandia,MG
cust_02492,unique_02492,69992,sorocaba,SP
cust_02493,unique_02493,5298,fortaleza,CE
cust_02494,unique_02494,48392,olinda,PE
cust_02495,unique_02495,65207,londrina,PR
cust_02496,unique_02496,67582,londrina,PR
cust_02497,unique_02497,56783,santos,SP
cust_02498,unique_02498,52988,anapolis,GO
cust_02499,unique_02499,68414,curitiba,PR
cust_02500,unique_02500,38458,sao paulo,SP
cust_02501,unique_02501,57157,blumenau,SC
cust_02502,unique_02502,32626,fortaleza,CE
cust_02503,unique_02503,44352,anapolis,GO
cust_02504,unique_02504,13284,campinas,SP
cust_02505,unique_02505,35663,sorocaba,SP
cust_02506,unique_02506,15065,fortaleza,CE
cust_02507,unique_02507,23416,sobral,CE
cust_02508,unique_02508,42526,londrina,PR
cust_02509,unique_02509,50506,joinville,SC
cust_02510,unique_02510,94256,belo horizonte,MG
cust_02511,unique_02511,3579,uberlandia,MG
cust_02512,unique_02512,89956,santos,SP
cust_02513,unique_02513,33495,campinas,SP
cust_02514,unique_02514,72691,sorocaba,SP
cust_02515,unique_02515,68108,anapolis,GO
cust_02516,unique_02516,97112,sao paulo,SP
cust_02517,unique_02517,11762,sorocaba,SP
cust_02518,unique_02518,96750,curitiba,PR
cust_02519,unique_02519,7226,santos,SP
cust_02520,unique_02520,87852,campinas,SP
cust_02521,unique_02521,65565,londrina,PR
cust_02522,unique_02522,48709,petropolis,RJ
cust_02523,unique_02523,40379,pelotas,RS
cust_02524,unique_02524,10265,sobral,CE
cust_02525,unique_02525,80379,sorocaba,SP
cust_02526,unique_02526,73066,sobral,CE
cust_02527,unique_02527,93792,olinda,PE
cust_02528,unique_02528,73310,goiania,GO
cust_02529,unique_02529,95746,porto alegre,RS
cust_02530,unique_02530,88792,porto alegre,RS
cust_02531,unique_02531,43133,caxias do sul,RS
cust_02532,unique_02532,70667,joinville,SC
cust_02533,unique_02533,27168,sao paulo,SP
cust_02534,unique_02534,79727,fortaleza,CE
cust_02535,unique_02535,61252,pelotas,RS
cust_02536,unique_02536,44591,brasilia,DF
cust_02537,unique_02537,63190,petropolis,RJ
cust_02538,unique_02538,28441,sorocaba,SP
cust_02539,unique_02539,62611,curitiba,PR
cust_02540,unique_02540,48005,curitiba,PR
cust_02541,unique_02541,32855,belo horizonte,MG
cust_02542,unique_02542,97576,petropolis,RJ
cust_02543,unique_02543,7311,santos,SP
cust_02544,unique_02544,76011,maringa,PR
cust_02545,unique_02545,21790,niteroi,RJ
cust_02546,unique_02546,23029,vitoria,ES
cust_02547,unique_02547,16287,santos,SP
cust_02548,unique_02548,11138,petropolis,RJ
cust_02549,unique_02549,13266,niteroi,RJ
cust_02550,unique_02550,83433,londrina,PR
cust_02551,unique_02551,92701,maringa,PR
cust_02552,unique_02552,58892,joinville,SC
cust_02553,unique_02553,2370,sobral,CE
cust_02554,unique_02554,86584,niteroi,RJ
cust_02555,unique_02555,60583,blumenau,SC
cust_02556,unique_02556,52565,campinas,SP
cust_02557,unique_02557,94798,santos,SP
cust_02558,unique_02558,41569,belo horizonte,MG
cust_02559,unique_02559,36644,santos,SP
cust_02560,unique_02560,78201,porto alegre,RS
cust_02561,unique_02561,53182,joinville,SC
cust_02562,unique_02562,71970,feira de santana,BA
cust_02563,unique_02563,69881,londrina,PR
cust_02564,unique_02564,84103,caxias do sul,RS
cust_02565,unique_02565,32399,belo horizonte,MG
cust_02566,unique_02566,8130,santos,SP
cust_02567,unique_02567,48287,santos,SP
cust_02568,unique_02568,65107,joinville,SC
cust_02569,unique_02569,81892,vitoria,ES
cust_02570,unique_02570,27438,sao paulo,SP
cust_02571,unique_02571,74789,curitiba,PR
cust_02572,unique_02572,83386,feira de santana,BA
cust_02573,unique_02573,81035,anapolis,GO
cust_02574,unique_02574,80998,curitiba,PR
cust_02575,unique_02575,98745,porto alegre,RS
cust_02576,unique_02576,66453,blumenau,SC
cust_02577,unique_02577,37662,anapolis,GO
cust_02578,unique_02578,44211,campinas,SP
cust_02579,unique_02579,74961,sobral,CE
cust_02580,unique_02580,24416,sao paulo,SP
cust_02581,unique_02581,60675,goiania,GO
cust_02582,unique_02582,57699,campinas,SP
cust_02583,unique_02583,66993,sorocaba,SP
cust_02584,unique_02584,42705,sorocaba,SP
cust_02585,unique_02585,74246,belo horizonte,MG
cust_02586,unique_02586,8071,niteroi,RJ
cust_02587,unique_02587,75222,sorocaba,SP
cust_02588,unique_02588,81376,contagem,MG
cust_02589,unique_02589,88687,contagem,MG
cust_02590,unique_02590,92355,salvador,BA
cust_02591,unique_02591,35582,recife,PE
cust_02592,unique_02592,5592,florianopolis,SC
cust_02593,unique_02593,65694,sao paulo,SP
cust_02594,unique_02594,9931,rio de janeiro,RJ
cust_02595,unique_02595,28748,fortaleza,CE
cust_02596,unique_02596,70544,santos,SP
cust_02597,unique_02597,59861,uberlandia,MG
cust_02598,unique_02598,61057,fortaleza,CE
cust_02599,unique_02599,75365,fortaleza,CE
cust_02600,unique_02600,17307,belo horizonte,MG
cust_02601,unique_02601,79308,blumenau,SC
cust_02602,unique_02602,59066,uberlandia,MG
cust_02603,unique_02603,42591,salvador,BA
cust_02604,unique_02604,46901,sorocaba,SP
cust_02605,unique_02605,51362,sorocaba,SP
cust_02606,unique_02606,55485,pelotas,RS
cust_02607,unique_02607,34050,sao paulo,SP
cust_02608,unique_02608,23080,joinville,SC
cust_02609,unique_02609,17734,petropolis,RJ
cust_02610,unique_02610,34729,olinda,PE
cust_02611,unique_02611,26790,goiania,GO
cust_02612,unique_02612,52097,maringa,PR
cust_02613,unique_02613,91300,brasilia,DF
cust_02614,unique_02614,11701,campinas,SP
cust_02615,unique_02615,31587,londrina,PR
cust_02616,unique_02616,5865,santos,SP
cust_02617,unique_02617,97500,olinda,PE
cust_02618,unique_02618,70375,goiania,GO
cust_02619,unique_02619,24906,olinda,PE
cust_02620,unique_02620,42009,olinda,PE
cust_02621,unique_02621,72583,sobral,CE
cust_02622,unique_02622,95813,campinas,SP
cust_02623,unique_02623,57815,fortaleza,CE
cust_02624,unique_02624,27819,caxias do sul,RS
cust_02625,unique_02625,69989,contagem,MG
cust_02626,unique_02626,68888,londrina,PR
cust_02627,unique_02627,64751,petropolis,RJ
cust_02628,unique_02628,5550,niteroi,RJ
cust_02629,unique_02629,70967,santos,SP
cust_02630,unique_02630,2942,sao paulo,SP
cust_02631,unique_02631,90648,londrina,PR
cust_02632,unique_02632,88313,recife,PE
cust_02633,unique_02633,56782,pelotas,RS
cust_02634,unique_02634,64959,curitiba,PR
cust_02635,unique_02635,7716,contagem,MG
cust_02636,unique_02636,87567,belo horizonte,MG
cust_02637,unique_02637,27811,campinas,SP
cust_02638,unique_02638,26948,goiania,GO
cust_02639,unique_02639,71112,sao paulo,SP
cust_02640,unique_02640,93948,feira de santana,BA
cust_02641,unique_02641,49912,salvador,BA
cust_02642,unique_02642,51243,caxias do sul,RS
cust_02643,unique_02643,55306,olinda,PE
cust_02644,unique_02644,29822,niteroi,RJ
cust_02645,unique_02645,60060,recife,PE
cust_02646,unique_02646,96136,salvador,BA
cust_02647,unique_02647,38879,brasilia,DF
cust_02648,unique_02648,77534,joinville,SC
cust_02649,unique_02649,77614,goiania,GO
cust_02650,unique_02650,85231,vitoria,ES
cust_02651,unique_02651,72629,uberlandia,MG
cust_02652,unique_02652,92222,goiania,GO
cust_02653,unique_02653,71714,salvador,BA
cust_02654,unique_02654,97638,uberlandia,MG
cust_02655,unique_02655,71814,fortaleza,CE
cust_02656,unique_02656,83853,belo horizonte,MG
cust_02657,unique_02657,89144,londrina,PR
cust_02658,unique_02658,98356,sorocaba,SP
cust_02659,unique_02659,59943,santos,SP
cust_02660,unique_02660,71311,anapolis,GO
cust_02661,unique_02661,96739,contagem,MG
cust_02662,unique_02662,38643,uberlandia,MG
cust_02663,unique_02663,12799,sao paulo,SP
cust_02664,unique_02664,88542,londrina,PR
cust_02665,unique_02665,63563,brasilia,DF
cust_02666,unique_02666,43419,recife,PE
cust_02667,unique_02667,71975,campinas,SP
cust_02668,unique_02668,4232,porto alegre,RS
cust_02669,unique_02669,48244,belo horizonte,MG
cust_02670,unique_02670,27281,caxias do sul,RS
cust_02671,unique_02671,29532,contagem,MG
cust_02672,unique_02672,96961,contagem,MG
cust_02673,unique_02673,55453,contagem,MG
cust_02674,unique_02674,14902,porto alegre,RS
cust_02675,unique_02675,37109,londrina,PR
cust_02676,unique_02676,25022,uberlandia,MG
cust_02677,unique_02677,91002,goiania,GO
cust_02678,unique_02678,29835,salvador,BA
cust_02679,unique_02679,36322,niteroi,RJ
cust_02680,unique_02680,34081,brasilia,DF
cust_02681,unique_02681,18394,goiania,GO
cust_02682,unique_02682,78237,sorocaba,SP
cust_02683,unique_02683,58061,pelotas,RS
cust_02684,unique_02684,44260,rio de janeiro,RJ
cust_02685,unique_02685,40202,salvador,BA
cust_02686,unique_02686,67001,santos,SP
cust_02687,unique_02687,10493,blumenau,SC
cust_02688,unique_02688,93244,sorocaba,SP
cust_02689,unique_02689,56918,londrina,PR
cust_02690,unique_02690,23537,sobral,CE
cust_02691,unique_02691,54246,petropolis,RJ
cust_02692,unique_02692,85352,olinda,PE
cust_02693,unique_02693,18146,vitoria,ES
cust_02694,unique_02694,52860,olinda,PE
cust_02695,unique_02695,60165,campinas,SP
cust_02696,unique_02696,81192,goiania,GO
cust_02697,unique_02697,57167,sorocaba,SP
cust_02698,unique_02698,73903,contagem,MG
cust_02699,unique_02699,77586,recife,PE
cust_02700,unique_02700,89220,joinville,SC
cust_02701,unique_02701,36795,londrina,PR
cust_02702,unique_02702,70682,rio de janeiro,RJ
cust_02703,unique_02703,25626,anapolis,GO
cust_02704,unique_02704,84584,florianopolis,SC
cust_02705,unique_02705,95169,uberlandia,MG
cust_02706,unique_02706,30126,recife,PE
cust_02707,unique_02707,56559,santos,SP
cust_02708,unique_02708,82410,sorocaba,SP
cust_02709,unique_02709,3686,joinville,SC
cust_02710,unique_02710,70796,serra,ES
cust_02711,unique_02711,82249,sorocaba,SP
cust_02712,unique_02712,87250,sorocaba,SP
cust_02713,unique_02713,20478,sorocaba,SP
cust_02714,unique_02714,75958,recife,PE
cust_02715,unique_02715,78816,santos,SP
cust_02716,unique_02716,1282,maringa,PR
cust_02717,unique_02717,70810,vitoria,ES
cust_02718,unique_02718,62995,santos,SP
cust_02719,unique_02719,96911,curitiba,PR
cust_02720,unique_02720,5258,maringa,PR
cust_02721,unique_02721,96591,brasilia,DF
cust_02722,unique_02722,57570,niteroi,RJ
cust_02723,unique_02723,28166,contagem,MG
cust_02724,unique_02724,39359,sorocaba,SP
cust_02725,unique_02725,76877,salvador,BA
cust_02726,unique_02726,99607,brasilia,DF
cust_02727,unique_02727,32368,campinas,SP
cust_02728,unique_02728,98386,contagem,MG
cust_02729,unique_02729,63289,recife,PE
cust_02730,unique_02730,20009,sorocaba,SP
cust_02731,unique_02731,60176,rio de janeiro,RJ
cust_02732,unique_02732,80374,londrina,PR
cust_02733,unique_02733,6399,niteroi,RJ
cust_02734,unique_02734,8812,santos,SP
cust_02735,unique_02735,1512,contagem,MG
cust_02736,unique_02736,57466,campinas,SP
cust_02737,unique_02737,6718,curitiba,PR
cust_02738,unique_02738,93277,joinville,SC
cust_02739,unique_02739,13666,caxias do sul,RS
cust_02740,unique_02740,8089,sorocaba,SP
cust_02741,unique_02741,26507,anapolis,GO
cust_02742,unique_02742,76554,campinas,SP
cust_02743,unique_02743,90787,feira de santana,BA
cust_02744,unique_02744,25849,rio de janeiro,RJ
cust_02745,unique_02745,52344,brasilia,DF
cust_02746,unique_02746,77601,sao paulo,SP
cust_02747,unique_02747,79891,sao paulo,SP
cust_02748,unique_02748,16138,maringa,PR
cust_02749,unique_02749,83992,sao paulo,SP
cust_02750,unique_02750,86859,santos,SP
cust_02751,unique_02751,73758,feira de santana,BA
cust_02752,unique_02752,53197,anapolis,GO
cust_02753,unique_02753,39746,sorocaba,SP
cust_02754,unique_02754,89050,recife,PE
cust_02755,unique_02755,86521,brasilia,DF
cust_02756,unique_02756,52303,recife,PE
cust_02757,unique_02757,74462,joinville,SC
cust_02758,unique_02758,40589,blumenau,SC
cust_02759,unique_02759,74571,londrina,PR
cust_02760,unique_02760,9843,joinville,SC
cust_02761,unique_02761,90254,fortaleza,CE
cust_02762,unique_02762,52038,sao paulo,SP
cust_02763,unique_02763,60267,niteroi,RJ
cust_02764,unique_02764,19749,campinas,SP
cust_02765,unique_02765,53328,sobral,CE
cust_02766,unique_02766,1312,contagem,MG
cust_02767,unique_02767,89125,joinville,SC
cust_02768,unique_02768,75137,anapolis,GO
cust_02769,unique_02769,45991,vitoria,ES
cust_02770,unique_02770,83747,santos,SP
cust_02771,unique_02771,81344,brasilia,DF
cust_02772,unique_02772,12788,recife,PE
cust_02773,unique_02773,6330,sao paulo,SP
cust_02774,unique_02774,26102,salvador,BA
cust_02775,unique_02775,1127,petropolis,RJ
cust_02776,unique_02776,57739,blumenau,SC
cust_02777,unique_02777,53300,londrina,PR
cust_02778,unique_02778,54259,sorocaba,SP
cust_02779,unique_02779,8287,sao paulo,SP
cust_02780,unique_02780,91900,campinas,SP
cust_02781,unique_02781,97676,sorocaba,SP
cust_02782,unique_02782,59462,porto alegre,RS
cust_02783,unique_02783,1544,niteroi,RJ
cust_02784,unique_02784,40201,sao paulo,SP
cust_02785,unique_02785,72096,florianopolis,SC
cust_02786,unique_02786,75123,joinville,SC
cust_02787,unique_02787,25094,londrina,PR
cust_02788,unique_02788,82446,sobral,CE
cust_02789,unique_02789,96786,petropolis,RJ
cust_02790,unique_02790,51358,anapolis,GO
cust_02791,unique_02791,38772,santos,SP
cust_02792,unique_02792,53086,salvador,BA
cust_02793,unique_02793,3701,vitoria,ES
cust_02794,unique_02794,52821,goiania,GO
cust_02795,unique_02795,3666,pelotas,RS
cust_02796,unique_02796,4444,porto alegre,RS
cust_02797,unique_02797,55783,niteroi,RJ
cust_02798,unique_02798,51567,blumenau,SC
cust_02799,unique_02799,98683,brasilia,DF
cust_02800,unique_02800,51259,serra,ES
cust_02801,unique_02801,97996,londrina,PR
cust_02802,unique_02802,80903,sao paulo,SP
cust_02803,unique_02803,34389,caxias do sul,RS
cust_02804,unique_02804,92689,santos,SP
cust_02805,unique_02805,48787,campinas,SP
cust_02806,unique_02806,59899,petropolis,RJ
cust_02807,unique_02807,10945,feira de santana,BA
cust_02808,unique_02808,22046,campinas,SP
cust_02809,unique_02809,52694,campinas,SP
cust_02810,unique_02810,27852,campinas,SP
cust_02811,unique_02811,60369,olinda,PE
cust_02812,unique_02812,8911,florianopolis,SC
cust_02813,unique_02813,25854,sorocaba,SP
cust_02814,unique_02814,66850,sorocaba,SP
cust_02815,unique_02815,61598,londrina,PR
cust_02816,unique_02816,98381,niteroi,RJ
cust_02817,unique_02817,90068,pelotas,RS
cust_02818,unique_02818,81251,contagem,MG
cust_02819,unique_02819,1094,fortaleza,CE
cust_02820,unique_02820,60643,rio de janeiro,RJ
cust_02821,unique_02821,23664,joinville,SC
cust_02822,unique_02822,27424,sao paulo,SP
cust_02823,unique_02823,21781,fortaleza,CE
cust_02824,unique_02824,46133,serra,ES
cust_02825,unique_02825,13264,salvador,BA
cust_02826,unique_02826,53646,uberlandia,MG
cust_02827,unique_02827,17443,sao paulo,SP
cust_02828,unique_02828,50544,goiania,GO
cust_02829,unique_02829,62964,salvador,BA
cust_02830,unique_02830,18787,campinas,SP
cust_02831,unique_02831,11166,belo horizonte,MG
cust_02832,unique_02832,80818,uberlandia,MG
cust_02833,unique_02833,74113,goiania,GO
cust_02834,unique_02834,26883,joinville,SC
cust_02835,unique_02835,88814,joinville,SC
cust_02836,unique_02836,22894,florianopolis,SC
cust_02837,unique_02837,92731,campinas,SP
cust_02838,unique_02838,12215,rio de janeiro,RJ
cust_02839,unique_02839,66356,campinas,SP
cust_02840,unique_02840,2897,brasilia,DF
cust_02841,unique_02841,20542,contagem,MG
cust_02842,unique_02842,41064,contagem,MG
cust_02843,unique_02843,9444,campinas,SP
cust_02844,unique_02844,46239,sorocaba,SP
cust_02845,unique_02845,23970,caxias do sul,RS
cust_02846,unique_02846,10796,sao paulo,SP
cust_02847,unique_02847,96232,sorocaba,SP
cust_02848,unique_02848,98200,salvador,BA
cust_02849,unique_02849,96271,niteroi,RJ
cust_02850,unique_02850,16255,niteroi,RJ
cust_02851,unique_02851,38809,belo horizonte,MG
cust_02852,unique_02852,33414,anapolis,GO
cust_02853,unique_02853,33253,niteroi,RJ
cust_02854,unique_02854,42243,salvador,BA
cust_02855,unique_02855,51490,fortaleza,CE
cust_02856,unique_02856,49028,blumenau,SC
cust_02857,unique_02857,29876,belo horizonte,MG
cust_02858,unique_02858,98001,salvador,BA
cust_02859,unique_02859,97985,contagem,MG
cust_02860,unique_02860,33790,belo horizonte,MG
cust_02861,unique_02861,22900,londrina,PR
cust_02862,unique_02862,53738,petropolis,RJ
cust_02863,unique_02863,37544,sorocaba,SP
cust_02864,unique_02864,98726,uberlandia,MG
cust_02865,unique_02865,43507,santos,SP
cust_02866,unique_02866,4938,contagem,MG
cust_02867,unique_02867,13381,maringa,PR
cust_02868,unique_02868,8382,fortaleza,CE
cust_02869,unique_02869,38899,santos,SP
cust_02870,unique_02870,32333,porto alegre,RS
cust_02871,unique_02871,85815,contagem,MG
cust_02872,unique_02872,89167,sao paulo,SP
cust_02873,unique_02873,14895,sao paulo,SP
cust_02874,unique_02874,94513,sao paulo,SP
cust_02875,unique_02875,58817,santos,SP
cust_02876,unique_02876,31373,sao paulo,SP
cust_02877,unique_02877,41256,belo horizonte,MG
cust_02878,unique_02878,44695,londrina,PR
cust_02879,unique_02879,17882,sorocaba,SP
cust_02880,unique_02880,86873,santos,SP
cust_02881,unique_02881,2221,campinas,SP
cust_02882,unique_02882,7902,londrina,PR
cust_02883,unique_02883,28060,niteroi,RJ
cust_02884,unique_02884,15215,londrina,PR
cust_02885,unique_02885,7121,santos,SP
cust_02886,unique_02886,38955,sao paulo,SP
cust_02887,unique_02887,38299,fortaleza,CE
cust_02888,unique_02888,13431,santos,SP
cust_02889,unique_02889,81209,campinas,SP
cust_02890,unique_02890,88373,sao paulo,SP
cust_02891,unique_02891,72248,vitoria,ES
cust_02892,unique_02892,52695,pelotas,RS
cust_02893,unique_02893,94790,porto alegre,RS
cust_02894,unique_02894,35699,vitoria,ES
cust_02895,unique_02895,43274,santos,SP
cust_02896,unique_02896,2491,serra,ES
cust_02897,unique_02897,71071,campinas,SP
cust_02898,unique_02898,10157,pelotas,RS
cust_02899,unique_02899,66868,belo horizonte,MG
cust_02900,unique_02900,78459,niteroi,RJ
cust_02901,unique_02901,22487,sobral,CE
cust_02902,unique_02902,61589,santos,SP
cust_02903,unique_02903,31054,vitoria,ES
cust_02904,unique_02904,40433,petropolis,RJ
cust_02905,unique_02905,53452,blumenau,SC
cust_02906,unique_02906,25697,vitoria,ES
cust_02907,unique_02907,79868,sao paulo,SP
cust_02908,unique_02908,40067,sobral,CE
cust_02909,unique_02909,46718,curitiba,PR
cust_02910,unique_02910,81653,blumenau,SC
cust_02911,unique_02911,23546,sao paulo,SP
cust_02912,unique_02912,45772,maringa,PR
cust_02913,unique_02913,99352,blumenau,SC
cust_02914,unique_02914,40572,uberlandia,MG
cust_02915,unique_02915,12442,campinas,SP
cust_02916,unique_02916,29157,campinas,SP
cust_02917,unique_02917,95632,anapolis,GO
cust_02918,unique_02918,76153,sorocaba,SP
cust_02919,unique_02919,81094,florianopolis,SC
cust_02920,unique_02920,26103,serra,ES
cust_02921,unique_02921,84049,sorocaba,SP
cust_02922,unique_02922,39941,campinas,SP
cust_02923,unique_02923,79696,blumenau,SC
cust_02924,unique_02924,88206,sao paulo,SP
cust_02925,unique_02925,21608,pelotas,RS
cust_02926,unique_02926,93909,florianopolis,SC
cust_02927,unique_02927,63625,porto alegre,RS
cust_02928,unique_02928,73356,niteroi,RJ
cust_02929,unique_02929,75917,joinville,SC
cust_02930,unique_02930,17676,porto alegre,RS
cust_02931,unique_02931,74822,santos,SP
cust_02932,unique_02932,22080,curitiba,PR
cust_02933,unique_02933,27884,olinda,PE
cust_02934,unique_02934,12538,florianopolis,SC
cust_02935,unique_02935,18930,uberlandia,MG
cust_02936,unique_02936,97912,petropolis,RJ
cust_02937,unique_02937,33483,sao paulo,SP
cust_02938,unique_02938,39313,sao paulo,SP
cust_02939,unique_02939,48504,santos,SP
cust_02940,unique_02940,71580,vitoria,ES
cust_02941,unique_02941,57803,sorocaba,SP
cust_02942,unique_02942,54077,goiania,GO
cust_02943,unique_02943,83857,sorocaba,SP
cust_02944,unique_02944,50097,rio de janeiro,RJ
cust_02945,unique_02945,77133,belo horizonte,MG
cust_02946,unique_02946,91177,petropolis,RJ
cust_02947,unique_02947,67938,brasilia,DF
cust_02948,unique_02948,4496,sobral,CE
cust_02949,unique_02949,27085,olinda,PE
cust_02950,unique_02950,62156,campinas,SP
cust_02951,unique_02951,48408,brasilia,DF
cust_02952,unique_02952,29191,campinas,SP
cust_02953,unique_02953,34207,sobral,CE
cust_02954,unique_02954,8757,londrina,PR
cust_02955,unique_02955,24257,rio de janeiro,RJ
cust_02956,unique_02956,78494,campinas,SP
cust_02957,unique_02957,2014,santos,SP
cust_02958,unique_02958,83845,sao paulo,SP
cust_02959,unique_02959,34606,fortaleza,CE
cust_02960,unique_02960,80979,brasilia,DF
cust_02961,unique_02961,26355,vitoria,ES
cust_02962,unique_02962,83048,sao paulo,SP
cust_02963,unique_02963,57617,porto alegre,RS
cust_02964,unique_02964,85292,campinas,SP
cust_02965,unique_02965,7167,curitiba,PR
cust_02966,unique_02966,79944,niteroi,RJ
cust_02967,unique_02967,27781,niteroi,RJ
cust_02968,unique_02968,36525,pelotas,RS
cust_02969,unique_02969,5432,sao paulo,SP
cust_02970,unique_02970,95450,uberlandia,MG
cust_02971,unique_02971,64499,florianopolis,SC
cust_02972,unique_02972,98110,campinas,SP
cust_02973,unique_02973,57250,fortaleza,CE
cust_02974,unique_02974,16660,maringa,PR
cust_02975,unique_02975,34410,goiania,GO
cust_02976,unique_02976,44548,blumenau,SC
cust_02977,unique_02977,15585,salvador,BA
cust_02978,unique_02978,93218,salvador,BA
cust_02979,unique_02979,95833,recife,PE
cust_02980,unique_02980,56785,caxias do sul,RS
cust_02981,unique_02981,58854,sao paulo,SP
cust_02982,unique_02982,70644,sao paulo,SP
cust_02983,unique_02983,68231,porto alegre,RS
cust_02984,unique_02984,7204,sorocaba,SP
cust_02985,unique_02985,53602,sorocaba,SP
cust_02986,unique_02986,77934,sao paulo,SP
cust_02987,unique_02987,80845,maringa,PR
cust_02988,unique_02988,60007,sao paulo,SP
cust_02989,unique_02989,89740,caxias do sul,RS
cust_02990,unique_02990,59033,brasilia,DF
cust_02991,unique_02991,38887,goiania,GO
cust_02992,unique_02992,44823,niteroi,RJ
cust_02993,unique_02993,69311,maringa,PR
cust_02994,unique_02994,88760,maringa,PR
cust_02995,unique_02995,23758,uberlandia,MG
cust_02996,unique_02996,30055,joinville,SC
cust_02997,unique_02997,65532,santos,SP
cust_02998,unique_02998,76592,vitoria,ES
cust_02999,unique_02999,40516,campinas,SP
cust_03000,unique_03000,64674,goiania,GO
cust_03001,unique_03001,1671,pelotas,RS
cust_03002,unique_03002,29882,campinas,SP
cust_03003,unique_03003,95596,feira de santana,BA
cust_03004,unique_03004,58072,santos,SP
cust_03005,unique_03005,86974,brasilia,DF
cust_03006,unique_03006,22547,porto alegre,RS
cust_03007,unique_03007,29792,sao paulo,SP
cust_03008,unique_03008,97517,sorocaba,SP
cust_03009,unique_03009,99776,salvador,BA
cust_03010,unique_03010,87806,rio de janeiro,RJ
cust_03011,unique_03011,32395,recife,PE
cust_03012,unique_03012,80343,feira de santana,BA
cust_03013,unique_03013,46425,florianopolis,SC
cust_03014,unique_03014,84548,sorocaba,SP
cust_03015,unique_03015,85273,joinville,SC
cust_03016,unique_03016,44050,sobral,CE
cust_03017,unique_03017,31154,santos,SP
cust_03018,unique_03018,97509,rio de janeiro,RJ
cust_03019,unique_03019,45603,santos,SP
cust_03020,unique_03020,43734,uberlandia,MG
cust_03021,unique_03021,66892,salvador,BA
cust_03022,unique_03022,93729,uberlandia,MG
cust_03023,unique_03023,13916,porto alegre,RS
cust_03024,unique_03024,98461,petropolis,RJ
cust_03025,unique_03025,42812,sorocaba,SP
cust_03026,unique_03026,3533,sao paulo,SP
cust_03027,unique_03027,31631,goiania,GO
cust_03028,unique_03028,46786,caxias do sul,RS
cust_03029,unique_03029,67999,rio de janeiro,RJ
cust_03030,unique_03030,57069,brasilia,DF
cust_03031,unique_03031,14460,campinas,SP
cust_03032,unique_03032,49334,campinas,SP
cust_03033,unique_03033,24040,sao paulo,SP
cust_03034,unique_03034,27684,serra,ES
cust_03035,unique_03035,71425,joinville,SC
cust_03036,unique_03036,80524,pelotas,RS
cust_03037,unique_03037,16466,santos,SP
cust_03038,unique_03038,60634,sorocaba,SP
cust_03039,unique_03039,42779,pelotas,RS
cust_03040,unique_03040,34329,niteroi,RJ
cust_03041,unique_03041,71574,fortaleza,CE
cust_03042,unique_03042,25633,salvador,BA
cust_03043,unique_03043,76780,contagem,MG
cust_03044,unique_03044,40673,salvador,BA
cust_03045,unique_03045,10393,serra,ES
cust_03046,unique_03046,79431,belo horizonte,MG
cust_03047,unique_03047,85346,blumenau,SC
cust_03048,unique_03048,56743,sobral,CE
cust_03049,unique_03049,72672,campinas,SP
cust_03050,unique_03050,15607,olinda,PE
cust_03051,unique_03051,34589,campinas,SP
cust_03052,unique_03052,35639,florianopolis,SC
cust_03053,unique_03053,76615,brasilia,DF
cust_03054,unique_03054,35851,pelotas,RS
cust_03055,unique_03055,73100,maringa,PR
cust_03056,unique_03056,31377,pelotas,RS
cust_03057,unique_03057,60487,campinas,SP
cust_03058,unique_03058,21770,campinas,SP
cust_03059,unique_03059,56289,sao paulo,SP
cust_03060,unique_03060,9000,pelotas,RS
cust_03061,unique_03061,73734,belo horizonte,MG
cust_03062,unique_03062,3881,sorocaba,SP
cust_03063,unique_03063,99925,olinda,PE
cust_03064,unique_03064,84056,rio de janeiro,RJ
cust_03065,unique_03065,58276,contagem,MG
cust_03066,unique_03066,91047,belo horizonte,MG
cust_03067,unique_03067,81062,campinas,SP
cust_03068,unique_03068,15134,salvador,BA
cust_03069,unique_03069,74682,contagem,MG
cust_03070,unique_03070,38352,santos,SP
cust_03071,unique_03071,85724,serra,ES
cust_03072,unique_03072,86516,anapolis,GO
cust_03073,unique_03073,95497,feira de santana,BA
cust_03074,unique_03074,45647,olinda,PE
cust_03075,unique_03075,20115,olinda,PE
cust_03076,unique_03076,13382,niteroi,RJ
cust_03077,unique_03077,17380,caxias do sul,RS
cust_03078,unique_03078,99187,pelotas,RS
cust_03079,unique_03079,59048,sorocaba,SP
cust_03080,unique_03080,35827,sorocaba,SP
cust_03081,unique_03081,45479,santos,SP
cust_03082,unique_03082,18115,blumenau,SC
cust_03083,unique_03083,57500,brasilia,DF
cust_03084,unique_03084,43140,feira de santana,BA
cust_03085,unique_03085,80005,petropolis,RJ
cust_03086,unique_03086,3094,sao paulo,SP
cust_03087,unique_03087,93238,uberlandia,MG
cust_03088,unique_03088,7005,maringa,PR
cust_03089,unique_03089,42323,sobral,CE
cust_03090,unique_03090,34721,olinda,PE
cust_03091,unique_03091,72074,fortaleza,CE
cust_03092,unique_03092,66162,goiania,GO
cust_03093,unique_03093,20482,serra,ES
cust_03094,unique_03094,49581,contagem,MG
cust_03095,unique_03095,53920,sao paulo,SP
cust_03096,unique_03096,46923,campinas,SP
cust_03097,unique_03097,3158,contagem,MG
cust_03098,unique_03098,18632,sao paulo,SP
cust_03099,unique_03099,50870,sorocaba,SP
cust_03100,unique_03100,26785,fortaleza,CE
cust_03101,unique_03101,54987,sao paulo,SP
cust_03102,unique_03102,17203,sobral,CE
cust_03103,unique_03103,73808,feira de santana,BA
cust_03104,unique_03104,19656,joinville,SC
cust_03105,unique_03105,65298,blumenau,SC
cust_03106,unique_03106,83824,rio de janeiro,RJ
cust_03107,unique_03107,36480,joinville,SC
cust_03108,unique_03108,14808,santos,SP
cust_03109,unique_03109,1567,sobral,CE
cust_03110,unique_03110,36694,rio de janeiro,RJ
cust_03111,unique_03111,12432,santos,SP
cust_03112,unique_03112,88301,salvador,BA
cust_03113,unique_03113,97332,joinville,SC
cust_03114,unique_03114,98081,contagem,MG
cust_03115,unique_03115,92310,caxias do sul,RS
cust_03116,unique_03116,59084,santos,SP
cust_03117,unique_03117,33183,blumenau,SC
cust_03118,unique_03118,45208,sorocaba,SP
cust_03119,unique_03119,26626,sorocaba,SP
cust_03120,unique_03120,84183,santos,SP
cust_03121,unique_03121,44204,rio de janeiro,RJ
cust_03122,unique_03122,39126,petropolis,RJ
cust_03123,unique_03123,69303,uberlandia,MG
cust_03124,unique_03124,38004,sao paulo,SP
cust_03125,unique_03125,36325,campinas,SP
cust_03126,unique_03126,23504,curitiba,PR
cust_03127,unique_03127,7662,sorocaba,SP
cust_03128,unique_03128,4759,florianopolis,SC
cust_03129,unique_03129,40876,sobral,CE
cust_03130,unique_03130,99531,uberlandia,MG
cust_03131,unique_03131,26798,recife,PE
cust_03132,unique_03132,64465,santos,SP
cust_03133,unique_03133,33167,sorocaba,SP
cust_03134,unique_03134,30967,feira de santana,BA
cust_03135,unique_03135,17132,feira de santana,BA
cust_03136,unique_03136,56778,goiania,GO
cust_03137,unique_03137,66224,sao paulo,SP
cust_03138,unique_03138,35669,brasilia,DF
cust_03139,unique_03139,53135,rio de janeiro,RJ
cust_03140,unique_03140,48139,niteroi,RJ
cust_03141,unique_03141,27815,santos,SP
cust_03142,unique_03142,69479,vitoria,ES
cust_03143,unique_03143,55831,sorocaba,SP
cust_03144,unique_03144,7519,anapolis,GO
cust_03145,unique_03145,49777,porto alegre,RS
cust_03146,unique_03146,39548,feira de santana,BA
cust_03147,unique_03147,79800,salvador,BA
cust_03148,unique_03148,31355,anapolis,GO
cust_03149,unique_03149,95641,campinas,SP
cust_03150,unique_03150,61884,campinas,SP
cust_03151,unique_03151,13936,caxias do sul,RS
cust_03152,unique_03152,40933,petropolis,RJ
cust_03153,unique_03153,88506,campinas,SP
cust_03154,unique_03154,26203,sorocaba,SP
cust_03155,unique_03155,70774,niteroi,RJ
cust_03156,unique_03156,78551,campinas,SP
cust_03157,unique_03157,69562,santos,SP
cust_03158,unique_03158,9947,sobral,CE
cust_03159,unique_03159,38055,niteroi,RJ
cust_03160,unique_03160,35472,vitoria,ES
cust_03161,unique_03161,35046,vitoria,ES
cust_03162,unique_03162,88019,santos,SP
cust_03163,unique_03163,1558,salvador,BA
cust_03164,unique_03164,54362,porto alegre,RS
cust_03165,unique_03165,98237,blumenau,SC
cust_03166,unique_03166,87673,sao paulo,SP
cust_03167,unique_03167,61043,campinas,SP
cust_03168,unique_03168,99795,sorocaba,SP
cust_03169,unique_03169,40830,porto alegre,RS
cust_03170,unique_03170,61523,vitoria,ES
cust_03171,unique_03171,54832,florianopolis,SC
cust_03172,unique_03172,5685,feira de santana,BA
cust_03173,unique_03173,5012,serra,ES
cust_03174,unique_03174,89789,blumenau,SC
cust_03175,unique_03175,18191,sorocaba,SP
cust_03176,unique_03176,36127,recife,PE
cust_03177,unique_03177,62712,rio de janeiro,RJ
cust_03178,unique_03178,57977,campinas,SP
cust_03179,unique_03179,51911,curitiba,PR
cust_03180,unique_03180,97937,sobral,CE
cust_03181,unique_03181,78919,sao paulo,SP
cust_03182,unique_03182,94234,maringa,PR
cust_03183,unique_03183,66214,santos,SP
cust_03184,unique_03184,97932,campinas,SP
cust_03185,unique_03185,60541,sorocaba,SP
cust_03186,unique_03186,54630,feira de santana,BA
cust_03187,unique_03187,81710,recife,PE
cust_03188,unique_03188,87011,sao paulo,SP
cust_03189,unique_03189,7757,niteroi,RJ
cust_03190,unique_03190,91146,santos,SP
cust_03191,unique_03191,69397,sorocaba,SP
cust_03192,unique_03192,89864,curitiba,PR
cust_03193,unique_03193,71842,blumenau,SC
cust_03194,unique_03194,92764,florianopolis,SC
cust_03195,unique_03195,28240,rio de janeiro,RJ
cust_03196,unique_03196,19576,londrina,PR
cust_03197,unique_03197,20369,sao paulo,SP
cust_03198,unique_03198,25963,campinas,SP
cust_03199,unique_03199,22171,fortaleza,CE
cust_03200,unique_03200,44719,salvador,BA
cust_03201,unique_03201,20615,sobral,CE
cust_03202,unique_03202,16658,fortaleza,CE
cust_03203,unique_03203,52853,blumenau,SC
cust_03204,unique_03204,79540,sobral,CE
cust_03205,unique_03205,14426,uberlandia,MG
cust_03206,unique_03206,51618,campinas,SP
cust_03207,unique_03207,66268,sorocaba,SP
cust_03208,unique_03208,70852,sao paulo,SP
cust_03209,unique_03209,11402,campinas,SP
cust_03210,unique_03210,73640,petropolis,RJ
cust_03211,unique_03211,3662,joinville,SC
cust_03212,unique_03212,24455,brasilia,DF
cust_03213,unique_03213,32609,pelotas,RS
cust_03214,unique_03214,85446,sao paulo,SP
cust_03215,unique_03215,19993,feira de santana,BA
cust_03216,unique_03216,78461,petropolis,RJ
cust_03217,unique_03217,98876,santos,SP
cust_03218,unique_03218,96032,niteroi,RJ
cust_03219,unique_03219,30996,petropolis,RJ
cust_03220,unique_03220,10475,campinas,SP
cust_03221,unique_03221,22984,goiania,GO
cust_03222,unique_03222,77112,salvador,BA
cust_03223,unique_03223,20480,blumenau,SC
cust_03224,unique_03224,64912,santos,SP
cust_03225,unique_03225,38011,brasilia,DF
cust_03226,unique_03226,76917,blumenau,SC
cust_03227,unique_03227,60978,santos,SP
cust_03228,unique_03228,58964,florianopolis,SC
cust_03229,unique_03229,78411,uberlandia,MG
cust_03230,unique_03230,95531,contagem,MG
cust_03231,unique_03231,37092,sao paulo,SP
cust_03232,unique_03232,53355,londrina,PR
cust_03233,unique_03233,62970,sorocaba,SP
cust_03234,unique_03234,82481,campinas,SP
cust_03235,unique_03235,48723,sorocaba,SP
cust_03236,unique_03236,38079,sobral,CE
cust_03237,unique_03237,84802,niteroi,RJ
cust_03238,unique_03238,95365,niteroi,RJ
cust_03239,unique_03239,57334,niteroi,RJ
cust_03240,unique_03240,11246,olinda,PE
cust_03241,unique_03241,29698,maringa,PR
cust_03242,unique_03242,46831,fortaleza,CE
cust_03243,unique_03243,70654,petropolis,RJ
cust_03244,unique_03244,67304,santos,SP
cust_03245,unique_03245,82185,londrina,PR
cust_03246,unique_03246,3969,rio de janeiro,RJ
cust_03247,unique_03247,47078,brasilia,DF
cust_03248,unique_03248,70404,recife,PE
cust_03249,unique_03249,98731,uberlandia,MG
cust_03250,unique_03250,15092,vitoria,ES
cust_03251,unique_03251,88029,curitiba,PR
cust_03252,unique_03252,1769,sorocaba,SP
cust_03253,unique_03253,20498,uberlandia,MG
cust_03254,unique_03254,84851,santos,SP
cust_03255,unique_03255,78888,brasilia,DF
cust_03256,unique_03256,97301,sao paulo,SP
cust_03257,unique_03257,60493,rio de janeiro,RJ
cust_03258,unique_03258,61980,maringa,PR
cust_03259,unique_03259,53945,sao paulo,SP
cust_03260,unique_03260,51658,sorocaba,SP
cust_03261,unique_03261,51879,blumenau,SC
cust_03262,unique_03262,29959,campinas,SP
cust_03263,unique_03263,85486,contagem,MG
cust_03264,unique_03264,36305,niteroi,RJ
cust_03265,unique_03265,61475,sorocaba,SP
cust_03266,unique_03266,67255,sao paulo,SP
cust_03267,unique_03267,54232,salvador,BA
cust_03268,unique_03268,61531,fortaleza,CE
cust_03269,unique_03269,5837,sorocaba,SP
cust_03270,unique_03270,32278,fortaleza,CE
cust_03271,unique_03271,45381,pelotas,RS
cust_03272,unique_03272,40026,florianopolis,SC
cust_03273,unique_03273,90895,florianopolis,SC
cust_03274,unique_03274,89816,joinville,SC
cust_03275,unique_03275,71461,goiania,GO
cust_03276,unique_03276,35875,uberlandia,MG
cust_03277,unique_03277,6044,maringa,PR
cust_03278,unique_03278,75757,petropolis,RJ
cust_03279,unique_03279,88514,sao paulo,SP
cust_03280,unique_03280,49473,joinville,SC
cust_03281,unique_03281,82839,santos,SP
cust_03282,unique_03282,93135,sao paulo,SP
cust_03283,unique_03283,55121,santos,SP
cust_03284,unique_03284,21746,santos,SP
cust_03285,unique_03285,3218,pelotas,RS
cust_03286,unique_03286,75936,porto alegre,RS
cust_03287,unique_03287,56679,belo horizonte,MG
cust_03288,unique_03288,16217,santos,SP
cust_03289,unique_03289,6404,contagem,MG
cust_03290,unique_03290,96977,rio de janeiro,RJ
cust_03291,unique_03291,32717,salvador,BA
cust_03292,unique_03292,33381,caxias do sul,RS
cust_03293,unique_03293,63261,maringa,PR
cust_03294,unique_03294,37079,belo horizonte,MG
cust_03295,unique_03295,91377,vitoria,ES
cust_03296,unique_03296,68412,feira de santana,BA
cust_03297,unique_03297,36421,maringa,PR
cust_03298,unique_03298,27396,contagem,MG
cust_03299,unique_03299,86141,sorocaba,SP
cust_03300,unique_03300,59581,sobral,CE
cust_03301,unique_03301,91916,rio de janeiro,RJ
cust_03302,unique_03302,35164,campinas,SP
cust_03303,unique_03303,3083,vitoria,ES
cust_03304,unique_03304,90011,salvador,BA
cust_03305,unique_03305,24703,sorocaba,SP
cust_03306,unique_03306,84701,santos,SP
cust_03307,unique_03307,71275,sao paulo,SP
cust_03308,unique_03308,23945,porto alegre,RS
cust_03309,unique_03309,75926,sao paulo,SP
cust_03310,unique_03310,9076,fortaleza,CE
cust_03311,unique_03311,39848,fortaleza,CE
cust_03312,unique_03312,36298,curitiba,PR
cust_03313,unique_03313,66018,pelotas,RS
cust_03314,unique_03314,53916,rio de janeiro,RJ
cust_03315,unique_03315,61603,santos,SP
cust_03316,unique_03316,48144,salvador,BA
cust_03317,unique_03317,74236,campinas,SP
cust_03318,unique_03318,16847,sorocaba,SP
cust_03319,unique_03319,72146,petropolis,RJ
cust_03320,unique_03320,5952,sao paulo,SP
cust_03321,unique_03321,9501,uberlandia,MG
cust_03322,unique_03322,72640,florianopolis,SC
cust_03323,unique_03323,16666,brasilia,DF
cust_03324,unique_03324,77242,caxias do sul,RS
cust_03325,unique_03325,14139,anapolis,GO
cust_03326,unique_03326,15523,uberlandia,MG
cust_03327,unique_03327,93314,goiania,GO
cust_03328,unique_03328,18554,curitiba,PR
cust_03329,unique_03329,91439,campinas,SP
cust_03330,unique_03330,35463,fortaleza,CE
cust_03331,unique_03331,79943,campinas,SP
cust_03332,unique_03332,94003,santos,SP
cust_03333,unique_03333,12555,sao paulo,SP
cust_03334,unique_03334,33716,rio de janeiro,RJ
cust_03335,unique_03335,57852,niteroi,RJ
cust_03336,unique_03336,86685,maringa,PR
cust_03337,unique_03337,19535,recife,PE
cust_03338,unique_03338,19489,rio de janeiro,RJ
cust_03339,unique_03339,37469,londrina,PR
cust_03340,unique_03340,21252,niteroi,RJ
cust_03341,unique_03341,27441,anapolis,GO
cust_03342,unique_03342,13854,sao paulo,SP
cust_03343,unique_03343,83063,sao paulo,SP
cust_03344,unique_03344,79873,londrina,PR
cust_03345,unique_03345,15300,joinville,SC
cust_03346,unique_03346,54137,brasilia,DF
cust_03347,unique_03347,64971,pelotas,RS
cust_03348,unique_03348,63127,brasilia,DF
cust_03349,unique_03349,98404,uberlandia,MG
cust_03350,unique_03350,64484,campinas,SP
cust_03351,unique_03351,69017,sao paulo,SP
cust_03352,unique_03352,4253,sao paulo,SP
cust_03353,unique_03353,8844,petropolis,RJ
cust_03354,unique_03354,62273,curitiba,PR
cust_03355,unique_03355,90876,niteroi,RJ
cust_03356,unique_03356,40504,maringa,PR
cust_03357,unique_03357,64664,contagem,MG
cust_03358,unique_03358,21796,florianopolis,SC
cust_03359,unique_03359,46174,florianopolis,SC
cust_03360,unique_03360,75376,petropolis,RJ
cust_03361,unique_03361,66308,petropolis,RJ
cust_03362,unique_03362,12304,porto alegre,RS
cust_03363,unique_03363,88024,caxias do sul,RS
cust_03364,unique_03364,92785,rio de janeiro,RJ
cust_03365,unique_03365,48235,petropolis,RJ
cust_03366,unique_03366,34733,blumenau,SC
cust_03367,unique_03367,53600,florianopolis,SC
cust_03368,unique_03368,80334,campinas,SP
cust_03369,unique_03369,45791,uberlandia,MG
cust_03370,unique_03370,3983,recife,PE
cust_03371,unique_03371,8186,sao paulo,SP
cust_03372,unique_03372,81344,anapolis,GO
cust_03373,unique_03373,78919,campinas,SP
cust_03374,unique_03374,77430,curitiba,PR
cust_03375,unique_03375,13514,belo horizonte,MG
cust_03376,unique_03376,17896,campinas,SP
cust_03377,unique_03377,40062,sobral,CE
cust_03378,unique_03378,23854,uberlandia,MG
cust_03379,unique_03379,39295,sobral,CE
cust_03380,unique_03380,56288,niteroi,RJ
cust_03381,unique_03381,28723,olinda,PE
cust_03382,unique_03382,13224,sobral,CE
cust_03383,unique_03383,40847,curitiba,PR
cust_03384,unique_03384,72535,sao paulo,SP
cust_03385,unique_03385,62182,blumenau,SC
cust_03386,unique_03386,32824,maringa,PR
cust_03387,unique_03387,31827,fortaleza,CE
cust_03388,unique_03388,58784,uberlandia,MG
cust_03389,unique_03389,18078,sorocaba,SP
cust_03390,unique_03390,83530,sorocaba,SP
cust_03391,unique_03391,87066,florianopolis,SC
cust_03392,unique_03392,3516,serra,ES
cust_03393,unique_03393,97111,santos,SP
cust_03394,unique_03394,3318,feira de santana,BA
cust_03395,unique_03395,46399,fortaleza,CE
cust_03396,unique_03396,67064,santos,SP
cust_03397,unique_03397,33374,sao paulo,SP
cust_03398,unique_03398,21158,joinville,SC
cust_03399,unique_03399,5700,florianopolis,SC
cust_03400,unique_03400,73011,campinas,SP
cust_03401,unique_03401,4648,anapolis,GO
cust_03402,unique_03402,48936,londrina,PR
cust_03403,unique_03403,39894,recife,PE
cust_03404,unique_03404,96799,recife,PE
cust_03405,unique_03405,93093,goiania,GO
cust_03406,unique_03406,81933,maringa,PR
cust_03407,unique_03407,73339,campinas,SP
cust_03408,unique_03408,54746,curitiba,PR
cust_03409,unique_03409,35577,santos,SP
cust_03410,unique_03410,17499,blumenau,SC
cust_03411,unique_03411,96835,campinas,SP
cust_03412,unique_03412,39104,curitiba,PR
cust_03413,unique_03413,43446,sao paulo,SP
cust_03414,unique_03414,14979,petropolis,RJ
cust_03415,unique_03415,28402,sorocaba,SP
cust_03416,unique_03416,63824,porto alegre,RS
cust_03417,unique_03417,43208,brasilia,DF
cust_03418,unique_03418,59000,sao paulo,SP
cust_03419,unique_03419,21942,goiania,GO
cust_03420,unique_03420,9125,recife,PE
cust_03421,unique_03421,88677,petropolis,RJ
cust_03422,unique_03422,43771,florianopolis,SC
cust_03423,unique_03423,36755,contagem,MG
cust_03424,unique_03424,29323,sao paulo,SP
cust_03425,unique_03425,66138,maringa,PR
cust_03426,unique_03426,56744,campinas,SP
cust_03427,unique_03427,39515,olinda,PE
cust_03428,unique_03428,93160,fortaleza,CE
cust_03429,unique_03429,90270,goiania,GO
cust_03430,unique_03430,20654,curitiba,PR
cust_03431,unique_03431,64595,maringa,PR
cust_03432,unique_03432,96866,vitoria,ES
cust_03433,unique_03433,49336,campinas,SP
cust_03434,unique_03434,3988,santos,SP
cust_03435,unique_03435,14082,londrina,PR
cust_03436,unique_03436,67099,niteroi,RJ
cust_03437,unique_03437,90288,niteroi,RJ
cust_03438,unique_03438,13711,sao paulo,SP
cust_03439,unique_03439,55134,porto alegre,RS
cust_03440,unique_03440,50188,sao paulo,SP
cust_03441,unique_03441,29219,santos,SP
cust_03442,unique_03442,63535,santos,SP
cust_03443,unique_03443,87913,petropolis,RJ
cust_03444,unique_03444,24684,olinda,PE
cust_03445,unique_03445,6389,rio de janeiro,RJ
cust_03446,unique_03446,36541,blumenau,SC
cust_03447,unique_03447,32093,feira de santana,BA
cust_03448,unique_03448,72991,niteroi,RJ
cust_03449,unique_03449,54145,anapolis,GO
cust_03450,unique_03450,2771,florianopolis,SC
cust_03451,unique_03451,34641,curitiba,PR
cust_03452,unique_03452,73774,sao paulo,SP
cust_03453,unique_03453,48196,santos,SP
cust_03454,unique_03454,56722,vitoria,ES
cust_03455,unique_03455,27167,brasilia,DF
cust_03456,unique_03456,32619,fortaleza,CE
cust_03457,unique_03457,13878,recife,PE
cust_03458,unique_03458,9081,sao paulo,SP
cust_03459,unique_03459,4648,brasilia,DF
cust_03460,unique_03460,62814,uberlandia,MG
cust_03461,unique_03461,16606,brasilia,DF
cust_03462,unique_03462,57802,santos,SP
cust_03463,unique_03463,95340,niteroi,RJ
cust_03464,unique_03464,70024,salvador,BA
cust_03465,unique_03465,57964,brasilia,DF
cust_03466,unique_03466,12569,porto alegre,RS
cust_03467,unique_03467,49406,rio de janeiro,RJ
cust_03468,unique_03468,89225,petropolis,RJ
cust_03469,unique_03469,39047,serra,ES
cust_03470,unique_03470,82791,belo horizonte,MG
cust_03471,unique_03471,71132,belo horizonte,MG
cust_03472,unique_03472,27410,curitiba,PR
cust_03473,unique_03473,14984,contagem,MG
cust_03474,unique_03474,2682,curitiba,PR
cust_03475,unique_03475,28336,contagem,MG
cust_03476,unique_03476,33956,goiania,GO
cust_03477,unique_03477,65933,recife,PE
cust_03478,unique_03478,57684,sobral,CE
cust_03479,unique_03479,48426,londrina,PR
cust_03480,unique_03480,72565,contagem,MG
cust_03481,unique_03481,77238,florianopolis,SC
cust_03482,unique_03482,71634,goiania,GO
cust_03483,unique_03483,89812,londrina,PR
cust_03484,unique_03484,36613,joinville,SC
cust_03485,unique_03485,82513,salvador,BA
cust_03486,unique_03486,42654,joinville,SC
cust_03487,unique_03487,19236,feira de santana,BA
cust_03488,unique_03488,15433,sorocaba,SP
cust_03489,unique_03489,10055,curitiba,PR
cust_03490,unique_03490,95601,pelotas,RS
cust_03491,unique_03491,17774,santos,SP
cust_03492,unique_03492,83689,goiania,GO
cust_03493,unique_03493,78568,porto alegre,RS
cust_03494,unique_03494,44484,sorocaba,SP
cust_03495,unique_03495,91468,goiania,GO
cust_03496,unique_03496,90920,salvador,BA
cust_03497,unique_03497,92618,salvador,BA
cust_03498,unique_03498,50191,uberlandia,MG
cust_03499,unique_03499,30523,anapolis,GO
cust_03500,unique_03500,5336,uberlandia,MG
cust_03501,unique_03501,84192,pelotas,RS
cust_03502,unique_03502,87422,sorocaba,SP
cust_03503,unique_03503,54086,florianopolis,SC
cust_03504,unique_03504,8023,salvador,BA
cust_03505,unique_03505,82455,curitiba,PR
cust_03506,unique_03506,30531,londrina,PR
cust_03507,unique_03507,55287,brasilia,DF
cust_03508,unique_03508,66285,joinville,SC
cust_03509,unique_03509,15443,sorocaba,SP
cust_03510,unique_03510,7212,fortaleza,CE
cust_03511,unique_03511,8842,florianopolis,SC
cust_03512,unique_03512,95945,serra,ES
cust_03513,unique_03513,95763,vitoria,ES
cust_03514,unique_03514,43255,sobral,CE
cust_03515,unique_03515,43154,feira de santana,BA
cust_03516,unique_03516,41273,pelotas,RS
cust_03517,unique_03517,35701,sorocaba,SP
cust_03518,unique_03518,54836,curitiba,PR
cust_03519,unique_03519,36273,feira de santana,BA
cust_03520,unique_03520,61999,londrina,PR
cust_03521,unique_03521,38514,olinda,PE
cust_03522,unique_03522,63361,santos,SP
cust_03523,unique_03523,94553,niteroi,RJ
cust_03524,unique_03524,21375,curitiba,PR
cust_03525,unique_03525,7207,contagem,MG
cust_03526,unique_03526,53136,santos,SP
cust_03527,unique_03527,12786,sorocaba,SP
cust_03528,unique_03528,23906,goiania,GO
cust_03529,unique_03529,79174,contagem,MG
cust_03530,unique_03530,42370,campinas,SP
cust_03531,unique_03531,55390,campinas,SP
cust_03532,unique_03532,77838,contagem,MG
cust_03533,unique_03533,13725,campinas,SP
cust_03534,unique_03534,48385,florianopolis,SC
cust_03535,unique_03535,4411,brasilia,DF
cust_03536,unique_03536,50415,sorocaba,SP
cust_03537,unique_03537,23198,pelotas,RS
cust_03538,unique_03538,91212,campinas,SP
cust_03539,unique_03539,26820,rio de janeiro,RJ
cust_03540,unique_03540,20816,recife,PE
cust_03541,unique_03541,2407,curitiba,PR
cust_03542,unique_03542,14194,olinda,PE
cust_03543,unique_03543,22392,campinas,SP
cust_03544,unique_03544,23575,petropolis,RJ
cust_03545,unique_03545,74092,belo horizonte,MG
cust_03546,unique_03546,88866,uberlandia,MG
cust_03547,unique_03547,85687,serra,ES
cust_03548,unique_03548,95678,santos,SP
cust_03549,unique_03549,89924,goiania,GO
cust_03550,unique_03550,46093,recife,PE
cust_03551,unique_03551,39601,londrina,PR
cust_03552,unique_03552,65278,niteroi,RJ
cust_03553,unique_03553,32621,maringa,PR
cust_03554,unique_03554,60765,niteroi,RJ
cust_03555,unique_03555,99985,brasilia,DF
cust_03556,unique_03556,20613,londrina,PR
cust_03557,unique_03557,77163,fortaleza,CE
cust_03558,unique_03558,93612,porto alegre,RS
cust_03559,unique_03559,54197,londrina,PR
cust_03560,unique_03560,36246,salvador,BA
cust_03561,unique_03561,26222,maringa,PR
cust_03562,unique_03562,17631,olinda,PE
cust_03563,unique_03563,32808,sao paulo,SP
cust_03564,unique_03564,74908,serra,ES
cust_03565,unique_03565,52020,goiania,GO
cust_03566,unique_03566,22924,recife,PE
cust_03567,unique_03567,54665,uberlandia,MG
cust_03568,unique_03568,81096,anapolis,GO
cust_03569,unique_03569,2354,rio de janeiro,RJ
cust_03570,unique_03570,3038,salvador,BA
cust_03571,unique_03571,95979,santos,SP
cust_03572,unique_03572,75076,rio de janeiro,RJ
cust_03573,unique_03573,57984,uberlandia,MG
cust_03574,unique_03574,90693,rio de janeiro,RJ
cust_03575,unique_03575,59326,rio de janeiro,RJ
cust_03576,unique_03576,52548,anapolis,GO
cust_03577,unique_03577,21935,santos,SP
cust_03578,unique_03578,81254,salvador,BA
cust_03579,unique_03579,76732,campinas,SP
cust_03580,unique_03580,30264,salvador,BA
cust_03581,unique_03581,73988,brasilia,DF
cust_03582,unique_03582,72982,uberlandia,MG
cust_03583,unique_03583,10420,salvador,BA
cust_03584,unique_03584,16880,sobral,CE
cust_03585,unique_03585,59903,brasilia,DF
cust_03586,unique_03586,62734,uberlandia,MG
cust_03587,unique_03587,66160,uberlandia,MG
cust_03588,unique_03588,37948,brasilia,DF
cust_03589,unique_03589,83720,niteroi,RJ
cust_03590,unique_03590,45119,brasilia,DF
cust_03591,unique_03591,21402,rio de janeiro,RJ
cust_03592,unique_03592,12396,brasilia,DF
cust_03593,unique_03593,87884,sao paulo,SP
cust_03594,unique_03594,71007,sao paulo,SP
cust_03595,unique_03595,46686,vitoria,ES
cust_03596,unique_03596,21720,recife,PE
cust_03597,unique_03597,10555,olinda,PE
cust_03598,unique_03598,16125,fortaleza,CE
cust_03599,unique_03599,11456,belo horizonte,MG
cust_03600,unique_03600,53411,petropolis,RJ
cust_03601,unique_03601,20582,sorocaba,SP
cust_03602,unique_03602,13653,maringa,PR
cust_03603,unique_03603,28992,campinas,SP
cust_03604,unique_03604,70240,fortaleza,CE
cust_03605,unique_03605,50143,sao paulo,SP
cust_03606,unique_03606,16217,sao paulo,SP
cust_03607,unique_03607,75125,sorocaba,SP
cust_03608,unique_03608,49466,sorocaba,SP
cust_03609,unique_03609,19485,sorocaba,SP
cust_03610,unique_03610,69430,blumenau,SC
cust_03611,unique_03611,99271,niteroi,RJ
cust_03612,unique_03612,54482,caxias do sul,RS
cust_03613,unique_03613,16990,olinda,PE
cust_03614,unique_03614,31646,pelotas,RS
cust_03615,unique_03615,60337,joinville,SC
cust_03616,unique_03616,99938,petropolis,RJ
cust_03617,unique_03617,92964,campinas,SP
cust_03618,unique_03618,93387,niteroi,RJ
cust_03619,unique_03619,83417,serra,ES
cust_03620,unique_03620,57906,caxias do sul,RS
cust_03621,unique_03621,65140,sorocaba,SP
cust_03622,unique_03622,73659,uberlandia,MG
cust_03623,unique_03623,71833,goiania,GO
cust_03624,unique_03624,64233,florianopolis,SC
cust_03625,unique_03625,14286,londrina,PR
cust_03626,unique_03626,88094,recife,PE
cust_03627,unique_03627,1956,joinville,SC
cust_03628,unique_03628,43169,blumenau,SC
cust_03629,unique_03629,43980,sao paulo,SP
cust_03630,unique_03630,99607,sao paulo,SP
cust_03631,unique_03631,9862,serra,ES
cust_03632,unique_03632,48103,caxias do sul,RS
cust_03633,unique_03633,36417,uberlandia,MG
cust_03634,unique_03634,10672,porto alegre,RS
cust_03635,unique_03635,23150,santos,SP
cust_03636,unique_03636,42785,goiania,GO
cust_03637,unique_03637,91717,santos,SP
cust_03638,unique_03638,39432,brasilia,DF
cust_03639,unique_03639,88124,curitiba,PR
cust_03640,unique_03640,73641,santos,SP
cust_03641,unique_03641,82074,santos,SP
cust_03642,unique_03642,85519,goiania,GO
cust_03643,unique_03643,71679,sao paulo,SP
cust_03644,unique_03644,73608,sorocaba,SP
cust_03645,unique_03645,16252,feira de santana,BA
cust_03646,unique_03646,71987,niteroi,RJ
cust_03647,unique_03647,5788,petropolis,RJ
cust_03648,unique_03648,74001,santos,SP
cust_03649,unique_03649,65734,goiania,GO
cust_03650,unique_03650,75935,niteroi,RJ
cust_03651,unique_03651,64582,sorocaba,SP
cust_03652,unique_03652,37499,rio de janeiro,RJ
cust_03653,unique_03653,37572,sorocaba,SP
cust_03654,unique_03654,60018,rio de janeiro,RJ
cust_03655,unique_03655,47795,campinas,SP
cust_03656,unique_03656,34716,campinas,SP
cust_03657,unique_03657,49425,uberlandia,MG
cust_03658,unique_03658,54122,recife,PE
cust_03659,unique_03659,24752,sao paulo,SP
cust_03660,unique_03660,64181,santos,SP
cust_03661,unique_03661,32102,recife,PE
cust_03662,unique_03662,27506,olinda,PE
cust_03663,unique_03663,42420,blumenau,SC
cust_03664,unique_03664,11225,campinas,SP
cust_03665,unique_03665,60714,uberlandia,MG
cust_03666,unique_03666,73604,campinas,SP
cust_03667,unique_03667,95625,campinas,SP
cust_03668,unique_03668,29076,petropolis,RJ
cust_03669,unique_03669,54309,porto alegre,RS
cust_03670,unique_03670,50851,rio de janeiro,RJ
cust_03671,unique_03671,73384,porto alegre,RS
cust_03672,unique_03672,62859,petropolis,RJ
cust_03673,unique_03673,80892,rio de janeiro,RJ
cust_03674,unique_03674,85212,brasilia,DF
cust_03675,unique_03675,12237,recife,PE
cust_03676,unique_03676,36149,niteroi,RJ
cust_03677,unique_03677,65658,porto alegre,RS
cust_03678,unique_03678,54831,campinas,SP
cust_03679,unique_03679,48728,sao paulo,SP
cust_03680,unique_03680,18142,feira de santana,BA
cust_03681,unique_03681,57670,sorocaba,SP
cust_03682,unique_03682,74316,contagem,MG
cust_03683,unique_03683,4803,belo horizonte,MG
cust_03684,unique_03684,59564,santos,SP
cust_03685,unique_03685,90714,santos,SP
cust_03686,unique_03686,57798,petropolis,RJ
cust_03687,unique_03687,95324,fortaleza,CE
cust_03688,unique_03688,35904,pelotas,RS
cust_03689,unique_03689,1344,rio de janeiro,RJ
cust_03690,unique_03690,68523,santos,SP
cust_03691,unique_03691,22066,pelotas,RS
cust_03692,unique_03692,1958,sao paulo,SP
cust_03693,unique_03693,18839,curitiba,PR
cust_03694,unique_03694,93467,feira de santana,BA
cust_03695,unique_03695,78348,belo horizonte,MG
cust_03696,unique_03696,28226,petropolis,RJ
cust_03697,unique_03697,60209,santos,SP
cust_03698,unique_03698,34594,campinas,SP
cust_03699,unique_03699,18555,contagem,MG
cust_03700,unique_03700,98848,olinda,PE
cust_03701,unique_03701,81582,campinas,SP
cust_03702,unique_03702,36984,porto alegre,RS
cust_03703,unique_03703,35993,florianopolis,SC
cust_03704,unique_03704,81742,sao paulo,SP
cust_03705,unique_03705,46624,sorocaba,SP
cust_03706,unique_03706,38317,niteroi,RJ
cust_03707,unique_03707,39342,blumenau,SC
cust_03708,unique_03708,45233,belo horizonte,MG
cust_03709,unique_03709,52616,feira de santana,BA
cust_03710,unique_03710,4967,olinda,PE
cust_03711,unique_03711,48533,feira de santana,BA
cust_03712,unique_03712,44556,vitoria,ES
cust_03713,unique_03713,28183,feira de santana,BA
cust_03714,unique_03714,36183,anapolis,GO
cust_03715,unique_03715,43030,goiania,GO
cust_03716,unique_03716,37240,feira de santana,BA
cust_03717,unique_03717,90924,brasilia,DF
cust_03718,unique_03718,53322,fortaleza,CE
cust_03719,unique_03719,50786,contagem,MG
cust_03720,unique_03720,27030,pelotas,RS
cust_03721,unique_03721,91721,maringa,PR
cust_03722,unique_03722,3295,anapolis,GO
cust_03723,unique_03723,55462,uberlandia,MG
cust_03724,unique_03724,17711,anapolis,GO
cust_03725,unique_03725,77112,brasilia,DF
cust_03726,unique_03726,38448,vitoria,ES
cust_03727,unique_03727,30065,santos,SP
cust_03728,unique_03728,6737,florianopolis,SC
cust_03729,unique_03729,79250,salvador,BA
cust_03730,unique_03730,40251,sobral,CE
cust_03731,unique_03731,27167,recife,PE
cust_03732,unique_03732,84584,pelotas,RS
cust_03733,unique_03733,2935,caxias do sul,RS
cust_03734,unique_03734,47414,campinas,SP
cust_03735,unique_03735,16912,vitoria,ES
cust_03736,unique_03736,13570,santos,SP
cust_03737,unique_03737,3143,feira de santana,BA
cust_03738,unique_03738,19517,brasilia,DF
cust_03739,unique_03739,94758,belo horizonte,MG
cust_03740,unique_03740,45106,santos,SP
cust_03741,unique_03741,99996,santos,SP
cust_03742,unique_03742,27462,goiania,GO
cust_03743,unique_03743,76460,maringa,PR
cust_03744,unique_03744,9870,santos,SP
cust_03745,unique_03745,11704,salvador,BA
cust_03746,unique_03746,2623,santos,SP
cust_03747,unique_03747,89994,olinda,PE
cust_03748,unique_03748,67489,petropolis,RJ
cust_03749,unique_03749,74633,sao paulo,SP
cust_03750,unique_03750,92805,campinas,SP
cust_03751,unique_03751,33891,curitiba,PR
cust_03752,unique_03752,72530,uberlandia,MG
cust_03753,unique_03753,50725,feira de santana,BA
cust_03754,unique_03754,54722,uberlandia,MG
cust_03755,unique_03755,66513,petropolis,RJ
cust_03756,unique_03756,47523,santos,SP
cust_03757,unique_03757,3380,campinas,SP
cust_03758,unique_03758,8430,fortaleza,CE
cust_03759,unique_03759,50652,campinas,SP
cust_03760,unique_03760,57420,serra,ES
cust_03761,unique_03761,73506,niteroi,RJ
cust_03762,unique_03762,57645,sorocaba,SP
cust_03763,unique_03763,19634,santos,SP
cust_03764,unique_03764,37314,santos,SP
cust_03765,unique_03765,44934,brasilia,DF
cust_03766,unique_03766,98409,londrina,PR
cust_03767,unique_03767,53719,niteroi,RJ
cust_03768,unique_03768,63862,florianopolis,SC
cust_03769,unique_03769,73820,porto alegre,RS
cust_03770,unique_03770,36861,fortaleza,CE
cust_03771,unique_03771,96479,serra,ES
cust_03772,unique_03772,67815,joinville,SC
cust_03773,unique_03773,84978,goiania,GO
cust_03774,unique_03774,75172,brasilia,DF
cust_03775,unique_03775,62529,curitiba,PR
cust_03776,unique_03776,4056,blumenau,SC
cust_03777,unique_03777,58779,santos,SP
cust_03778,unique_03778,13821,salvador,BA
cust_03779,unique_03779,60714,vitoria,ES
cust_03780,unique_03780,70437,santos,SP
cust_03781,unique_03781,54972,anapolis,GO
cust_03782,unique_03782,31535,fortaleza,CE
cust_03783,unique_03783,6876,sorocaba,SP
cust_03784,unique_03784,67433,londrina,PR
cust_03785,unique_03785,70130,fortaleza,CE
cust_03786,unique_03786,48314,serra,ES
cust_03787,unique_03787,71916,sorocaba,SP
cust_03788,unique_03788,78131,rio de janeiro,RJ
cust_03789,unique_03789,51735,florianopolis,SC
cust_03790,unique_03790,5719,campinas,SP
cust_03791,unique_03791,87167,rio de janeiro,RJ
cust_03792,unique_03792,47206,sorocaba,SP
cust_03793,unique_03793,67570,sorocaba,SP
cust_03794,unique_03794,91179,londrina,PR
cust_03795,unique_03795,36903,blumenau,SC
cust_03796,unique_03796,62576,florianopolis,SC
cust_03797,unique_03797,2949,brasilia,DF
cust_03798,unique_03798,88618,uberlandia,MG
cust_03799,unique_03799,6856,campinas,SP
