customer_zip_code_prefix,customer_city,customer_state,geolocation_lat,geolocation_lng,geolocation_city,geolocation_state
28458,brasilia,DF,-14.209206576662655,-62.979706171244075,brasilia,DF
31865,belo horizonte,MG,-29.258133443467337,-59.422927786379226,belo horizonte,MG
54972,goiania,GO,-10.154480480465757,-60.34650060615126,goiania,GO
64522,florianopolis,SC,-30.89769289868207,-63.00990710092998,florianopolis,SC
17236,sao paulo,SP,-4.258835578801605,-68.00113667063017,sao paulo,SP
61841,vitoria,ES,-17.518845378538394,-42.7293039493171,vitoria,ES
92726,salvador,BA,-23.237980724684867,-36.21476681588636,salvador,BA
2029,brasilia,DF,-27.0600278427237,-67.09504972937312,brasilia,DF
87956,santos,SP,-5.280988211749907,-50.52297040258193,santos,SP
61161,belo horizonte,MG,-11.569866586961925,-55.85344013231196,belo horizonte,MG
34879,rio de janeiro,RJ,-16.309816799596003,-55.49859143815709,rio de janeiro,RJ
73749,fortaleza,CE,-11.309943411977752,-43.5349234863068,fortaleza,CE
62160,florianopolis,SC,-7.063851709381424,-43.59112727940841,florianopolis,SC
77103,goiania,GO,-18.85723441193698,-70.553595830675,goiania,GO
9047,uberlandia,MG,-4.141553308882052,-38.21577202741162,uberlandia,MG
6838,santos,SP,-26.12071382414973,-72.47045695775391,santos,SP
64558,maringa,PR,-9.516509811636212,-55.89998792100635,maringa,PR
31061,santos,SP,-13.937235361058349,-69.34253185551219,santos,SP
24588,anapolis,GO,-3.005421607250753,-47.02166621317391,anapolis,GO
42705,pelotas,RS,-7.3965102330322985,-56.77066361159384,pelotas,RS
72795,salvador,BA,-3.359983267470895,-67.54166428385771,salvador,BA
18797,petropolis,RJ,-12.183127771917118,-59.814674780065644,petropolis,RJ
97345,serra,ES,-15.749494084736405,-62.873395246936234,serra,ES
42652,olinda,PE,-19.61191631126649,-47.50087096369727,olinda,PE
15907,brasilia,DF,-20.11588456129924,-46.892020953289,brasilia,DF
8041,sorocaba,SP,-11.50412918288967,-51.573484826995724,sorocaba,SP
85868,belo horizonte,MG,-28.42561212806138,-42.61985355444878,belo horizonte,MG
12208,sorocaba,SP,-24.908736939127486,-72.12936774023758,sorocaba,SP
42476,santos,SP,-19.930070028799744,-47.42030819700524,santos,SP
67200,florianopolis,SC,-7.586239743418034,-47.52883802023574,florianopolis,SC
51796,salvador,BA,-32.449316902015234,-54.971120747259306,salvador,BA
26994,serra,ES,-27.867084085123647,-40.30968287505828,serra,ES
11684,niteroi,RJ,-7.306242529721711,-70.11405979351343,niteroi,RJ
71428,rio de janeiro,RJ,-17.70617508549592,-43.3237059330735,rio de janeiro,RJ
49538,uberlandia,MG,-20.884010491026196,-60.75230989942413,uberlandia,MG
5762,sorocaba,SP,-31.878805826807035,-71.7686270238506,sorocaba,SP
18938,campinas,SP,-15.493405888032761,-72.08356843347221,campinas,SP
56707,belo horizonte,MG,-12.904962393694106,-63.45518324282622,belo horizonte,MG
17669,campinas,SP,-29.140673870728147,-50.12582437902195,campinas,SP
39753,florianopolis,SC,-13.214557374888503,-48.965107009573806,florianopolis,SC
13327,contagem,MG,-4.3853745263678015,-68.54870002085211,contagem,MG
79899,anapolis,GO,-16.534358475708537,-61.689366073893616,anapolis,GO
63409,blumenau,SC,-26.262464781948836,-68.98480718213123,blumenau,SC
78610,niteroi,RJ,-9.876866052497093,-40.380479182570056,niteroi,RJ
6192,anapolis,GO,-28.51135156705816,-39.73180579119086,anapolis,GO
38180,brasilia,DF,-27.021436699792314,-65.03817709312447,brasilia,DF
27493,niteroi,RJ,-10.7000022979339,-37.95108214771267,niteroi,RJ
62648,niteroi,RJ,-6.916775856588199,-69.79012711630355,niteroi,RJ
82327,florianopolis,SC,-23.69513613999551,-52.015470787586715,florianopolis,SC
23527,santos,SP,-16.41173768013564,-45.02508672437858,santos,SP
77202,santos,SP,-16.112931324933253,-57.381585597892155,santos,SP
58459,sao paulo,SP,-10.800857464504226,-69.2765068768847,sao paulo,SP
82580,brasilia,DF,-27.960327102355937,-43.17802178990834,brasilia,DF
9045,joinville,SC,-30.58639214767389,-42.30165006468941,joinville,SC
99100,blumenau,SC,-11.031901672413913,-60.231674599984444,blumenau,SC
44025,brasilia,DF,-4.538308563287998,-72.14174514836309,brasilia,DF
28727,uberlandia,MG,-4.321555040521737,-37.10742168342162,uberlandia,MG
19089,londrina,PR,-8.320495699248305,-69.82680343732788,londrina,PR
98505,campinas,SP,-5.340684256628041,-62.79670442777028,campinas,SP
88453,campinas,SP,-25.836000616272347,-56.01308097488335,campinas,SP
13987,florianopolis,SC,-32.162684666770595,-55.612877164894115,florianopolis,SC
45044,belo horizonte,MG,-27.56427428501106,-52.633897501036344,belo horizonte,MG
73619,maringa,PR,-14.804443014971607,-64.78326020321678,maringa,PR
59486,feira de santana,BA,-17.189691710546544,-57.86184832081543,feira de santana,BA
19714,caxias do sul,RS,-4.042647286674342,-36.64388148521782,caxias do sul,RS
36677,londrina,PR,-29.912148050232478,-38.445560989869975,londrina,PR
37445,londrina,PR,-26.54072854508891,-69.45039780200167,londrina,PR
29585,niteroi,RJ,-32.499231709369894,-42.53523397762946,niteroi,RJ
96108,campinas,SP,-25.599137846486656,-51.51831123055803,campinas,SP
21088,uberlandia,MG,-20.93470391343763,-71.69234759464786,uberlandia,MG
70953,sorocaba,SP,-21.912593534943102,-42.25311438269826,sorocaba,SP
91274,uberlandia,MG,-31.564735491386934,-66.95194899150304,uberlandia,MG
79685,anapolis,GO,-15.635698956450558,-63.49908843390475,anapolis,GO
80146,campinas,SP,-24.68732062287912,-70.05502232886288,campinas,SP
16722,campinas,SP,-31.27679957162259,-43.1298164760464,campinas,SP
14192,rio de janeiro,RJ,-21.018198116295558,-45.45640112296944,rio de janeiro,RJ
78508,rio de janeiro,RJ,-5.14739543501242,-40.40559741844061,rio de janeiro,RJ
74925,joinville,SC,-5.557661025790598,-53.236788004886606,joinville,SC
74446,maringa,PR,-26.868765443730254,-56.18605440607577,maringa,PR
42434,brasilia,DF,-27.491189414561813,-51.50474569101654,brasilia,DF
52820,blumenau,SC,-13.273083975296238,-72.7106826256171,blumenau,SC
2524,contagem,MG,-6.250245678363434,-42.673904799488795,contagem,MG
29811,goiania,GO,-16.894500534577183,-40.686419361567246,goiania,GO
53307,sorocaba,SP,-15.346719087130726,-70.68871717064265,sorocaba,SP
13446,sorocaba,SP,-14.916404912462266,-37.514839898850646,sorocaba,SP
13874,campinas,SP,-13.357682084100169,-56.95418890116135,campinas,SP
5476,salvador,BA,-5.755568507732434,-63.77790386926057,salvador,BA
21783,uberlandia,MG,-13.566822171846308,-71.48408731258878,uberlandia,MG
99293,santos,SP,-29.264808681156715,-34.74577301082154,santos,SP
69907,maringa,PR,-5.393674413254697,-47.09383503916129,maringa,PR
94876,santos,SP,-20.704272581882247,-48.960812649211505,santos,SP
26456,joinville,SC,-32.77033800908356,-67.2787317642347,joinville,SC
60285,uberlandia,MG,-14.963251969344253,-41.689524240693856,uberlandia,MG
89296,rio de janeiro,RJ,-6.718545961140798,-50.005376975507325,rio de janeiro,RJ
35850,niteroi,RJ,-13.754875052838692,-59.1249469268725,niteroi,RJ
66059,porto alegre,RS,-32.30451024653293,-48.59119428799959,porto alegre,RS
69589,petropolis,RJ,-17.18642583987356,-67.57926387992431,petropolis,RJ
83395,sorocaba,SP,-10.05065391263254,-56.43261755876226,sorocaba,SP
96977,santos,SP,-19.93076725272244,-66.86779369462717,santos,SP
61903,vitoria,ES,-26.223264879965377,-68.52363153645938,vitoria,ES
58670,olinda,PE,-4.479591378581315,-34.224447732288915,olinda,PE
87015,joinville,SC,-31.299903480654592,-61.85716256242392,joinville,SC
68767,santos,SP,-31.590187881683764,-72.55959216295176,santos,SP
36806,serra,ES,-13.862053003094292,-64.47497142669118,serra,ES
63383,brasilia,DF,-23.562627014505992,-58.71471770863926,brasilia,DF
55364,salvador,BA,-5.55207929809751,-72.48515551953955,salvador,BA
23646,belo horizonte,MG,-8.693168410860519,-48.50988046318849,belo horizonte,MG
52072,campinas,SP,-18.550224245484547,-52.64215672442869,campinas,SP
62732,santos,SP,-18.80458442270993,-59.71045912735647,santos,SP
90474,recife,PE,-8.592803263869182,-38.35841017256018,recife,PE
58466,uberlandia,MG,-10.239749227954587,-63.522235405842224,uberlandia,MG
17326,campinas,SP,-14.0417655528333,-69.43352998495459,campinas,SP
98775,petropolis,RJ,-12.533844006589096,-68.95568606901799,petropolis,RJ
58227,caxias do sul,RS,-6.067301583103941,-42.11067274025836,caxias do sul,RS
29423,sorocaba,SP,-30.351481492027126,-59.70443204788954,sorocaba,SP
75687,goiania,GO,-26.89653475189154,-37.80326270266335,goiania,GO
39085,salvador,BA,-23.44116855467778,-69.84939501877491,salvador,BA
37634,feira de santana,BA,-21.947925507797308,-51.930270752628644,feira de santana,BA
84103,belo horizonte,MG,-29.20380332820326,-61.65293380186706,belo horizonte,MG
86889,porto alegre,RS,-13.475540298907905,-36.2903853673237,porto alegre,RS
52868,caxias do sul,RS,-20.58257147103317,-54.39822985148926,caxias do sul,RS
37928,blumenau,SC,-25.7028030421965,-62.3877164619587,blumenau,SC
86463,sao paulo,SP,-7.264442911051802,-71.75267500277812,sao paulo,SP
18157,uberlandia,MG,-16.944892921975008,-53.936051614593026,uberlandia,MG
74971,santos,SP,-23.431715454501223,-66.95512981923618,santos,SP
58820,maringa,PR,-8.189999271871638,-70.08293579956806,maringa,PR
85550,niteroi,RJ,-18.79931087374576,-67.13135003592224,niteroi,RJ
42635,sao paulo,SP,-20.42705689833135,-52.613911056073036,sao paulo,SP
83369,sao paulo,SP,-11.402974418466652,-63.383080105510714,sao paulo,SP
2503,caxias do sul,RS,-4.921167163599083,-56.50869931542015,caxias do sul,RS
76067,sorocaba,SP,-11.498347025059935,-52.591136132458146,sorocaba,SP
7913,fortaleza,CE,-5.558409840261255,-71.08727150558913,fortaleza,CE
64597,pelotas,RS,-3.174125121932054,-51.29634413714029,pelotas,RS
20332,petropolis,RJ,-7.8667486488403355,-55.47383421498336,petropolis,RJ
96382,porto alegre,RS,-11.746991947434154,-51.31704746613619,porto alegre,RS
77162,campinas,SP,-18.363023914711412,-45.726521106061455,campinas,SP
11356,fortaleza,CE,-21.527269173259416,-45.28970578838761,fortaleza,CE
89311,contagem,MG,-12.290223931632305,-45.86082242485152,contagem,MG
25941,brasilia,DF,-18.97128463151962,-70.0537251128798,brasilia,DF
55017,santos,SP,-17.825382622660957,-37.71576505938873,santos,SP
9442,belo horizonte,MG,-9.155298769723874,-41.40070514680207,belo horizonte,MG
11450,curitiba,PR,-8.673690415397829,-38.71979516511732,curitiba,PR
24889,sobral,CE,-26.32336173231748,-66.3111666453466,sobral,CE
53906,porto alegre,RS,-14.705126363254287,-50.120205547229574,porto alegre,RS
54746,belo horizonte,MG,-3.8654829502925594,-36.62746357269198,belo horizonte,MG
85704,sao paulo,SP,-6.192193882972145,-36.61877112321963,sao paulo,SP
17348,niteroi,RJ,-31.932744611553538,-58.51009518589631,niteroi,RJ
75197,maringa,PR,-7.510133867228831,-39.74083960592404,maringa,PR
1582,uberlandia,MG,-6.716228563508881,-54.961492500616885,uberlandia,MG
29818,sao paulo,SP,-24.848799720701326,-69.79269015564682,sao paulo,SP
18325,goiania,GO,-3.941930173521161,-35.04244761290468,goiania,GO
13265,olinda,PE,-20.144444177468163,-60.959118480581175,olinda,PE
58867,sao paulo,SP,-10.525609044908759,-61.760427308181015,sao paulo,SP
90166,curitiba,PR,-31.757474755512522,-37.90457853851828,curitiba,PR
67030,sao paulo,SP,-28.100729657581386,-43.99477722444821,sao paulo,SP
85553,blumenau,SC,-20.690073704038586,-58.81749497316521,blumenau,SC
59552,rio de janeiro,RJ,-30.054944443530662,-41.86300111289745,rio de janeiro,RJ
6317,joinville,SC,-15.320448977959689,-72.21612417432695,joinville,SC
35252,feira de santana,BA,-25.232397426994748,-50.33254832799263,feira de santana,BA
82542,feira de santana,BA,-24.470253291617993,-62.4428553691814,feira de santana,BA
5376,campinas,SP,-12.903398616466077,-51.382724370632616,campinas,SP
10623,fortaleza,CE,-17.971778652966417,-60.14004513122203,fortaleza,CE
83545,sao paulo,SP,-26.483217266645532,-44.90872724988554,sao paulo,SP
7265,sao paulo,SP,-26.669140078394335,-48.21797032550829,sao paulo,SP
95984,maringa,PR,-23.071147206434098,-44.95992700547344,maringa,PR
76100,rio de janeiro,RJ,-23.47754256431954,-45.33024049330528,rio de janeiro,RJ
66845,goiania,GO,-5.252542807913834,-43.83575659911762,goiania,GO
54094,brasilia,DF,-10.586082235064406,-34.631081497687305,brasilia,DF
9844,petropolis,RJ,-24.938219336221547,-55.71857022027554,petropolis,RJ
42039,fortaleza,CE,-4.551882928947773,-43.50929755327161,fortaleza,CE
80967,niteroi,RJ,-5.518904477060893,-64.36260217604853,niteroi,RJ
90481,maringa,PR,-7.312593800675899,-35.48699889803143,maringa,PR
45250,santos,SP,-11.04744772074681,-39.81923928042423,santos,SP
84090,sobral,CE,-9.914552091679312,-69.22828030255856,sobral,CE
77882,campinas,SP,-18.783268439246108,-41.76864334435774,campinas,SP
6704,santos,SP,-24.19871792130899,-50.21774989085914,santos,SP
62396,contagem,MG,-17.282129909680876,-57.33981275376422,contagem,MG
61992,vitoria,ES,-10.15143249803091,-68.68285110634969,vitoria,ES
54744,recife,PE,-21.576755639781513,-48.670427048288744,recife,PE
77453,feira de santana,BA,-23.16898698567222,-52.59798334828518,feira de santana,BA
89059,recife,PE,-28.50147006182847,-40.411530703284754,recife,PE
55498,recife,PE,-10.069853498633293,-57.53307229542103,recife,PE
32718,londrina,PR,-13.093164236045382,-52.686591049397315,londrina,PR
98316,petropolis,RJ,-16.700948810282217,-56.188031268574505,petropolis,RJ
96398,brasilia,DF,-23.774999717975447,-69.89187930776536,brasilia,DF
68918,florianopolis,SC,-16.369967738821057,-54.98075003081879,florianopolis,SC
64422,petropolis,RJ,-31.381391947631396,-35.660804296103755,petropolis,RJ
11310,sorocaba,SP,-28.44679590615609,-72.35531477214344,sorocaba,SP
40759,feira de santana,BA,-24.116085874671704,-44.33879903766977,feira de santana,BA
20631,campinas,SP,-30.044515963807992,-56.48922538917311,campinas,SP
51973,fortaleza,CE,-32.11445245561063,-66.05769396637699,fortaleza,CE
82797,santos,SP,-26.22059601681107,-46.40957902087928,santos,SP
23228,sao paulo,SP,-6.547460858339242,-58.6138180271936,sao paulo,SP
99677,anapolis,GO,-32.81116870608282,-34.32687808860413,anapolis,GO
13823,santos,SP,-8.976161590954934,-52.82150995705996,santos,SP
10735,campinas,SP,-15.90240114092649,-56.883410253980756,campinas,SP
97471,caxias do sul,RS,-31.52775609830674,-35.45159152336516,caxias do sul,RS
10932,olinda,PE,-20.44395071758003,-61.879145674188514,olinda,PE
73782,santos,SP,-13.996293965092171,-35.16532247126468,santos,SP
76574,petropolis,RJ,-30.56654163742793,-42.79272841283003,petropolis,RJ
33680,brasilia,DF,-29.771716477409324,-51.675856148706565,brasilia,DF
7371,serra,ES,-29.764469412441784,-58.519891632549935,serra,ES
31539,maringa,PR,-10.370812401033621,-70.32853870492247,maringa,PR
7787,santos,SP,-30.41099215199492,-36.2420813429443,santos,SP
67551,santos,SP,-14.23459426035756,-48.14387281289221,santos,SP
88991,campinas,SP,-24.002806263023388,-52.51813981090722,campinas,SP
99710,sao paulo,SP,-15.064540881737848,-47.51619024593639,sao paulo,SP
80243,joinville,SC,-32.26623341511587,-38.37989488803079,joinville,SC
77687,sorocaba,SP,-17.238109868465024,-61.37293408322559,sorocaba,SP
88273,curitiba,PR,-8.36960778396552,-52.77715348098124,curitiba,PR
77216,joinville,SC,-9.639227081836811,-41.10194732239005,joinville,SC
65400,porto alegre,RS,-17.03005490229031,-38.50428958054054,porto alegre,RS
99628,campinas,SP,-26.638784332391765,-45.2621957234468,campinas,SP
32930,brasilia,DF,-10.139421803108071,-50.06730363555104,brasilia,DF
41862,salvador,BA,-16.70620430428049,-57.82521264799445,salvador,BA
90724,feira de santana,BA,-24.30588429639869,-63.49481933024287,feira de santana,BA
31791,sorocaba,SP,-5.147806388350546,-47.8899449207713,sorocaba,SP
30573,sorocaba,SP,-17.032198195975894,-45.154714195845045,sorocaba,SP
16056,sobral,CE,-5.873875785984808,-54.166669230124455,sobral,CE
28275,belo horizonte,MG,-20.089339217091613,-36.10387472108661,belo horizonte,MG
59770,niteroi,RJ,-19.393365596975784,-66.87230850382267,niteroi,RJ
88752,belo horizonte,MG,-22.250936182884413,-52.80076173202692,belo horizonte,MG
14489,joinville,SC,-21.623837565341056,-46.742349611541314,joinville,SC
68400,sobral,CE,-22.757625436614795,-36.24065359212321,sobral,CE
76866,petropolis,RJ,-10.258900711262338,-62.76405617482561,petropolis,RJ
89670,fortaleza,CE,-24.59552430198673,-63.46563832763955,fortaleza,CE
75254,sorocaba,SP,-26.30790591422045,-54.12404440818418,sorocaba,SP
16434,londrina,PR,-6.703311098310227,-45.5787660716702,londrina,PR
49401,pelotas,RS,-3.6559070241138336,-60.74848778816553,pelotas,RS
95276,santos,SP,-17.528536578799464,-53.162110698109075,santos,SP
90931,santos,SP,-28.113741382530257,-68.01458175113903,santos,SP
61660,contagem,MG,-30.018745875588387,-36.70144650267747,contagem,MG
96354,serra,ES,-14.598936322033826,-65.33390390571988,serra,ES
67134,porto alegre,RS,-9.579797157453719,-63.12527668458437,porto alegre,RS
7424,sobral,CE,-11.562376361960272,-56.45843680962827,sobral,CE
91491,brasilia,DF,-6.141306454052593,-67.59993988691718,brasilia,DF
17646,belo horizonte,MG,-20.542592539287185,-35.73273849237012,belo horizonte,MG
38694,brasilia,DF,-4.825751244306218,-47.45746380903192,brasilia,DF
24571,campinas,SP,-12.521408886073669,-47.246230240419195,campinas,SP
72237,sorocaba,SP,-10.579354066398796,-65.15814624764405,sorocaba,SP
3968,anapolis,GO,-13.895710087094205,-59.732642515059645,anapolis,GO
64393,brasilia,DF,-30.544941138590058,-65.47665909369972,brasilia,DF
86572,campinas,SP,-6.7167892403833385,-69.9030034740674,campinas,SP
78986,londrina,PR,-25.042967574506235,-56.259372510138306,londrina,PR
31391,caxias do sul,RS,-30.048941766319995,-55.104890267027244,caxias do sul,RS
89796,recife,PE,-5.775639321790898,-46.671411551079544,recife,PE
36841,porto alegre,RS,-24.755638727850492,-55.741496937623026,porto alegre,RS
68325,belo horizonte,MG,-3.3358833159977976,-34.423427017548775,belo horizonte,MG
51159,niteroi,RJ,-7.251557038370162,-53.996822379256216,niteroi,RJ
7696,uberlandia,MG,-13.146160801851881,-55.48823723900861,uberlandia,MG
1290,blumenau,SC,-6.328772286786467,-62.608662789096066,blumenau,SC
19130,olinda,PE,-8.553217354380415,-49.033550029826685,olinda,PE
93529,uberlandia,MG,-13.312012693444181,-41.327013412267206,uberlandia,MG
95442,santos,SP,-15.465713893858798,-35.30149853224448,santos,SP
41600,sorocaba,SP,-10.840394504066154,-67.41888353439235,sorocaba,SP
96895,salvador,BA,-27.315260826226528,-71.94664914801572,salvador,BA
5896,goiania,GO,-13.18216632923837,-34.857021584271195,goiania,GO
96772,sao paulo,SP,-31.259563895084632,-56.75414600064499,sao paulo,SP
23860,sorocaba,SP,-6.791880543598673,-46.72928737025178,sorocaba,SP
4643,pelotas,RS,-11.88571193852329,-35.95137017507778,pelotas,RS
76028,sao paulo,SP,-29.27800521503698,-72.05222108528896,sao paulo,SP
38861,goiania,GO,-4.0947858164378275,-66.29653273423382,goiania,GO
29940,rio de janeiro,RJ,-4.195860382670489,-42.07944188455056,rio de janeiro,RJ
76206,sorocaba,SP,-16.02084853749622,-46.40848820067025,sorocaba,SP
33972,fortaleza,CE,-32.79736735617191,-55.57321829988062,fortaleza,CE
75534,sao paulo,SP,-7.0226274114296,-35.592654007418474,sao paulo,SP
20329,rio de janeiro,RJ,-5.99472576556116,-47.281874503117834,rio de janeiro,RJ
9504,santos,SP,-28.841194601673898,-71.86225572043234,santos,SP
33166,sao paulo,SP,-18.588597728564682,-69.03533164547831,sao paulo,SP
61338,santos,SP,-5.0469979783940175,-38.495574816404265,santos,SP
23272,santos,SP,-7.681064359206804,-35.61820455645144,santos,SP
15143,sorocaba,SP,-4.366194093040811,-63.4349238419162,sorocaba,SP
75165,sao paulo,SP,-11.65325193484659,-64.2541806498145,sao paulo,SP
49827,porto alegre,RS,-25.36038160024318,-71.30279956085035,porto alegre,RS
43713,florianopolis,SC,-11.651343248288807,-68.49088901203946,florianopolis,SC
24728,contagem,MG,-20.05071823936527,-63.554729281708376,contagem,MG
2751,niteroi,RJ,-11.844403954593236,-37.49972302333622,niteroi,RJ
6262,londrina,PR,-18.754597916895868,-67.73808719540057,londrina,PR
68467,olinda,PE,-7.423971274373628,-70.0072263981318,olinda,PE
8921,anapolis,GO,-14.623663424074056,-34.80281437698839,anapolis,GO
25445,sao paulo,SP,-21.631011312172987,-68.74626713950086,sao paulo,SP
91177,santos,SP,-24.97921294491554,-66.33141564254235,santos,SP
35053,santos,SP,-11.2405637938842,-52.43545143407533,santos,SP
74719,sao paulo,SP,-6.664492243032928,-62.415913483343516,sao paulo,SP
34988,caxias do sul,RS,-4.772926950311476,-56.783961721869204,caxias do sul,RS
93249,uberlandia,MG,-5.968552644548311,-56.74324267733281,uberlandia,MG
82363,sao paulo,SP,-32.18772917441419,-50.585162293192205,sao paulo,SP
47528,rio de janeiro,RJ,-14.750662100776491,-72.2380698599411,rio de janeiro,RJ
68755,londrina,PR,-11.449262348017534,-41.3721019685506,londrina,PR
41915,campinas,SP,-26.46773277399631,-59.12321660902941,campinas,SP
94495,goiania,GO,-23.779604716146327,-34.148049463062954,goiania,GO
36481,santos,SP,-11.320241145524804,-39.63481581808946,santos,SP
83808,fortaleza,CE,-4.968023719475006,-72.30678760453253,fortaleza,CE
62013,campinas,SP,-27.117421037614694,-40.26338504515833,campinas,SP
64724,anapolis,GO,-10.624568820290413,-65.1450746681078,anapolis,GO
35804,recife,PE,-20.227934695008045,-72.99436210808035,recife,PE
83453,vitoria,ES,-23.674052317387996,-71.24169938422544,vitoria,ES
74880,brasilia,DF,-24.17212163892961,-39.47756261324135,brasilia,DF
81713,brasilia,DF,-8.296940643734832,-59.27329634988946,brasilia,DF
80329,florianopolis,SC,-31.258326724101526,-60.13881075409878,florianopolis,SC
16603,brasilia,DF,-10.549538661183313,-41.66802296833562,brasilia,DF
87707,sorocaba,SP,-25.181917000469305,-34.27384275514568,sorocaba,SP
84341,curitiba,PR,-23.513271414754833,-37.941434073018094,curitiba,PR
25037,maringa,PR,-11.630985845390374,-35.451023041849886,maringa,PR
98182,goiania,GO,-18.295024947681576,-69.55837471347823,goiania,GO
53174,belo horizonte,MG,-31.268621665308313,-57.073984229621544,belo horizonte,MG
32869,niteroi,RJ,-9.26953897928999,-63.49154010861834,niteroi,RJ
23120,pelotas,RS,-19.35544794131323,-48.90047511497907,pelotas,RS
37106,sao paulo,SP,-21.205563574389558,-35.22107706464632,sao paulo,SP
4717,sao paulo,SP,-16.38711782327519,-35.313707500118625,sao paulo,SP
69379,contagem,MG,-12.80350384704348,-47.08422715553924,contagem,MG
71073,belo horizonte,MG,-4.587920812802189,-42.769277140487006,belo horizonte,MG
67109,sao paulo,SP,-31.06818981700435,-38.93965335212944,sao paulo,SP
55348,petropolis,RJ,-12.768915139759084,-55.80147787530422,petropolis,RJ
36911,rio de janeiro,RJ,-28.3704742712946,-51.43340477128237,rio de janeiro,RJ
72668,petropolis,RJ,-32.882885890467136,-38.868070127649766,petropolis,RJ
87265,petropolis,RJ,-8.160000847011126,-57.71784747508053,petropolis,RJ
9674,blumenau,SC,-4.4098905236954025,-58.360537788321274,blumenau,SC
38904,rio de janeiro,RJ,-23.79501124543534,-40.49607761254995,rio de janeiro,RJ
99556,fortaleza,CE,-19.190245312008884,-38.95029794788424,fortaleza,CE
86334,fortaleza,CE,-15.349610449161485,-43.33470312705599,fortaleza,CE
99439,uberlandia,MG,-14.89510064402425,-54.760417535861876,uberlandia,MG
19145,petropolis,RJ,-7.99081783353569,-56.93132690178393,petropolis,RJ
47034,londrina,PR,-22.681006095179335,-68.39475325962616,londrina,PR
13904,anapolis,GO,-14.743551408322741,-60.42915187844151,anapolis,GO
86738,blumenau,SC,-30.380887104730544,-63.94324804691668,blumenau,SC
52362,brasilia,DF,-8.332803754528015,-65.74425703776076,brasilia,DF
25113,maringa,PR,-13.090716517290964,-43.72475087128298,maringa,PR
9941,porto alegre,RS,-15.002266730419251,-47.255570553108036,porto alegre,RS
74018,rio de janeiro,RJ,-31.27728071181986,-70.33217448327503,rio de janeiro,RJ
81371,salvador,BA,-31.499247532903535,-66.63908851337733,salvador,BA
88042,santos,SP,-30.470890130581594,-58.98861454421558,santos,SP
97165,florianopolis,SC,-26.057834619873006,-55.880159673302266,florianopolis,SC
81651,olinda,PE,-20.162112937656033,-39.84823519979371,olinda,PE
78844,sao paulo,SP,-19.88199559884918,-71.479419791486,sao paulo,SP
81364,pelotas,RS,-28.29970107500809,-64.26984019073157,pelotas,RS
99870,santos,SP,-19.683954886185067,-38.45883228363288,santos,SP
46839,salvador,BA,-17.52082650914013,-58.57006335695458,salvador,BA
76098,sao paulo,SP,-29.997689548456712,-64.28587141369363,sao paulo,SP
82178,fortaleza,CE,-29.272949323587657,-50.267634330857774,fortaleza,CE
12511,campinas,SP,-10.686361201710973,-35.51795661850515,campinas,SP
69379,fortaleza,CE,-3.076882334417597,-36.56844853482402,fortaleza,CE
34544,brasilia,DF,-27.41729848224113,-52.501943432173135,brasilia,DF
14112,caxias do sul,RS,-19.086779350676217,-68.95188969901649,caxias do sul,RS
17865,brasilia,DF,-27.372425338982108,-67.2816077600367,brasilia,DF
12304,brasilia,DF,-31.21988271864404,-60.768733348463414,brasilia,DF
89875,fortaleza,CE,-27.59265816061746,-39.41491281370129,fortaleza,CE
77419,sao paulo,SP,-22.203029054555643,-41.831662198877396,sao paulo,SP
11112,pelotas,RS,-16.551016476454887,-34.92217896547993,pelotas,RS
62920,sorocaba,SP,-17.284477976786114,-53.25811979976582,sorocaba,SP
66381,porto alegre,RS,-19.488669267971606,-50.37537289841086,porto alegre,RS
52417,sorocaba,SP,-22.217836155162605,-60.66744981639191,sorocaba,SP
61004,londrina,PR,-21.51278149610974,-53.05814377911774,londrina,PR
90818,caxias do sul,RS,-32.933266831216876,-44.77894880464902,caxias do sul,RS
52365,belo horizonte,MG,-26.30014179640054,-71.44891269161818,belo horizonte,MG
66298,londrina,PR,-27.775648602596362,-38.397739943156466,londrina,PR
57538,salvador,BA,-15.518793276306948,-49.09288664565968,salvador,BA
40218,brasilia,DF,-19.594596936111458,-60.793895768731005,brasilia,DF
89193,londrina,PR,-26.431613015309964,-60.41285847362784,londrina,PR
41978,porto alegre,RS,-29.052691751872782,-34.33639909086521,porto alegre,RS
80194,fortaleza,CE,-12.724624443651805,-61.36091475226016,fortaleza,CE
60918,campinas,SP,-5.994199163592253,-51.20255485571388,campinas,SP
68809,sao paulo,SP,-25.33478079879691,-58.97479068032753,sao paulo,SP
76266,sao paulo,SP,-14.563222249070197,-51.39593120167963,sao paulo,SP
73857,joinville,SC,-28.160511397182578,-56.482229643821206,joinville,SC
56870,contagem,MG,-25.751368135291614,-53.964397193264354,contagem,MG
61932,brasilia,DF,-27.498746717234962,-69.89215196926185,brasilia,DF
51366,joinville,SC,-16.736930249392135,-70.52048990138184,joinville,SC
34573,rio de janeiro,RJ,-31.727545739390322,-39.71925484210569,rio de janeiro,RJ
72962,olinda,PE,-19.0469789303032,-39.86757712920633,olinda,PE
88008,feira de santana,BA,-5.970170152083298,-34.837303732032424,feira de santana,BA
70820,santos,SP,-28.807607194593885,-49.06573256906853,santos,SP
77443,rio de janeiro,RJ,-15.27707734896321,-61.22211376586996,rio de janeiro,RJ
83203,niteroi,RJ,-31.749396489523072,-38.84978070223254,niteroi,RJ
37368,sao paulo,SP,-16.486874725856662,-36.03937524740261,sao paulo,SP
7192,santos,SP,-9.211161070556006,-61.567900747809894,santos,SP
34419,fortaleza,CE,-27.156054458161677,-56.770988352091116,fortaleza,CE
75739,contagem,MG,-21.50964334528544,-53.27482935772636,contagem,MG
81755,rio de janeiro,RJ,-20.5037691607264,-56.11901840709637,rio de janeiro,RJ
51861,feira de santana,BA,-7.125245879935001,-50.2246203569592,feira de santana,BA
78079,curitiba,PR,-31.729079246123757,-37.77495630120227,curitiba,PR
8394,sobral,CE,-23.491234729766166,-37.302521469257336,sobral,CE
64767,brasilia,DF,-30.081074182827326,-68.97319680882204,brasilia,DF
68221,uberlandia,MG,-13.228318139375393,-45.05504809892995,uberlandia,MG
51275,petropolis,RJ,-17.609291286068924,-67.9963324495754,petropolis,RJ
71936,serra,ES,-17.000010230973732,-60.281583110842604,serra,ES
49654,salvador,BA,-27.74812803229309,-57.496646358374655,salvador,BA
52838,fortaleza,CE,-21.885120683236806,-37.54850655172069,fortaleza,CE
60792,santos,SP,-6.769926928211962,-58.83997679396687,santos,SP
79585,goiania,GO,-14.454243735666648,-49.54187274808706,goiania,GO
25621,porto alegre,RS,-7.1522881603446855,-48.2776854294482,porto alegre,RS
30724,santos,SP,-14.088774696758172,-58.9344675068689,santos,SP
42465,porto alegre,RS,-15.777270053611751,-45.77289016943185,porto alegre,RS
20988,florianopolis,SC,-6.042483767522192,-52.44271944261318,florianopolis,SC
34087,sao paulo,SP,-17.974291015941848,-60.370555185109396,sao paulo,SP
35722,uberlandia,MG,-11.459930317268416,-55.203432613309744,uberlandia,MG
32109,goiania,GO,-29.42713340512785,-65.0535486290225,goiania,GO
41594,rio de janeiro,RJ,-27.45784573990573,-71.67969087110548,rio de janeiro,RJ
50972,uberlandia,MG,-19.35806327007421,-58.769297680061854,uberlandia,MG
69896,belo horizonte,MG,-22.699048649237877,-37.24000587457782,belo horizonte,MG
30990,rio de janeiro,RJ,-25.99556659863268,-58.18354558267858,rio de janeiro,RJ
84705,fortaleza,CE,-23.102315225282275,-38.4525970159197,fortaleza,CE
48462,brasilia,DF,-12.49538451407949,-69.83247160741358,brasilia,DF
72370,sao paulo,SP,-13.738857735974044,-54.62620248198728,sao paulo,SP
12365,serra,ES,-29.49167910998059,-61.51955442091463,serra,ES
18224,recife,PE,-3.452346472633785,-56.735000266533206,recife,PE
45902,petropolis,RJ,-12.01884567447971,-45.75040950172436,petropolis,RJ
37255,anapolis,GO,-26.297727449095323,-60.92567566735076,anapolis,GO
50115,sorocaba,SP,-30.38766988189623,-67.61026758798519,sorocaba,SP
16682,serra,ES,-6.32898196171411,-71.40279420961805,serra,ES
47886,joinville,SC,-22.114537119724297,-61.26439158784258,joinville,SC
68985,blumenau,SC,-26.094705385294084,-45.03831837282246,blumenau,SC
73116,sao paulo,SP,-24.54340505944987,-54.68775512801723,sao paulo,SP
25568,olinda,PE,-24.954909337427075,-34.51561617930082,olinda,PE
35098,campinas,SP,-9.725057853878262,-64.09988304860852,campinas,SP
53012,sao paulo,SP,-13.661193091808705,-37.42864672172812,sao paulo,SP
52279,sao paulo,SP,-22.59133141579423,-40.888277265396844,sao paulo,SP
79390,brasilia,DF,-23.085086824355507,-42.76306157920598,brasilia,DF
39638,sao paulo,SP,-4.294359169108127,-45.85389861142386,sao paulo,SP
67422,fortaleza,CE,-13.675918677469099,-72.19235517915388,fortaleza,CE
88490,blumenau,SC,-11.28021815956038,-42.96872665478517,blumenau,SC
30538,sao paulo,SP,-24.05845428731937,-64.89015185025562,sao paulo,SP
82473,sorocaba,SP,-3.292441532440364,-61.29000030383742,sorocaba,SP
33953,campinas,SP,-10.607560095975707,-64.40273168807865,campinas,SP
34104,pelotas,RS,-25.788710874158262,-56.244228968722055,pelotas,RS
65682,brasilia,DF,-5.3374308071283245,-64.6419801850814,brasilia,DF
62556,campinas,SP,-21.342350445254635,-39.72629143690872,campinas,SP
55396,goiania,GO,-30.961241063382687,-46.48298633499114,goiania,GO
23891,sao paulo,SP,-21.745021474899737,-47.87532133484086,sao paulo,SP
10542,brasilia,DF,-8.70379163976736,-44.112605773497336,brasilia,DF
90984,sobral,CE,-20.01490185132612,-60.63863902758326,sobral,CE
87524,brasilia,DF,-17.378323058310777,-51.44404172400909,brasilia,DF
88779,blumenau,SC,-18.52151251608406,-47.91424561979251,blumenau,SC
51748,goiania,GO,-4.344903765512637,-51.02923664296637,goiania,GO
88568,campinas,SP,-31.686973027343196,-50.42481422540497,campinas,SP
47862,sorocaba,SP,-24.755927484700074,-70.59841677599424,sorocaba,SP
8474,sorocaba,SP,-9.644950057039239,-55.23253364511581,sorocaba,SP
20645,londrina,PR,-31.199645248413475,-50.43624650611491,londrina,PR
27987,salvador,BA,-22.623049063131685,-68.77191413215306,salvador,BA
38322,porto alegre,RS,-6.961744252637093,-65.88912677132045,porto alegre,RS
93965,anapolis,GO,-30.0216513628825,-50.82495782513187,anapolis,GO
33949,santos,SP,-28.05728995506078,-66.1959300948462,santos,SP
61648,salvador,BA,-23.210664777893264,-53.03691324797488,salvador,BA
27802,sao paulo,SP,-11.379319757028302,-64.38985286927418,sao paulo,SP
64683,campinas,SP,-21.96254432802209,-66.09531878692931,campinas,SP
57172,blumenau,SC,-8.14531355842512,-42.07970217383972,blumenau,SC
15892,vitoria,ES,-32.870331988943164,-41.40092282567036,vitoria,ES
46764,caxias do sul,RS,-31.063423047631808,-60.131444766067155,caxias do sul,RS
11434,sao paulo,SP,-7.77453665277584,-60.391600317948665,sao paulo,SP
89029,porto alegre,RS,-21.492619529873387,-56.89887268857862,porto alegre,RS
70708,santos,SP,-17.894567979915116,-65.23886772912671,santos,SP
94192,recife,PE,-5.824108831583917,-51.558051195231414,recife,PE
87685,florianopolis,SC,-28.979162500427808,-35.09756945051019,florianopolis,SC
22727,sorocaba,SP,-14.164934417027485,-43.28610370180466,sorocaba,SP
71014,sao paulo,SP,-10.611319941813797,-62.10721533314152,sao paulo,SP
10910,sao paulo,SP,-19.172821024961472,-59.29423372338321,sao paulo,SP
96098,serra,ES,-25.539618465520576,-65.4300356748068,serra,ES
78747,uberlandia,MG,-32.408841274719684,-45.712299317294026,uberlandia,MG
68366,brasilia,DF,-15.8312582280806,-59.80898437774058,brasilia,DF
99490,porto alegre,RS,-27.39210129659718,-38.852085969318374,porto alegre,RS
84843,caxias do sul,RS,-25.694458091059122,-44.84275466872613,caxias do sul,RS
86495,santos,SP,-22.910345456412557,-58.99305287029014,santos,SP
10912,fortaleza,CE,-15.435539088506992,-57.99844506146661,fortaleza,CE
3346,niteroi,RJ,-6.435192810542063,-67.79729006767641,niteroi,RJ
96148,caxias do sul,RS,-10.679623930338156,-54.665833554733325,caxias do sul,RS
25874,florianopolis,SC,-16.343715000762845,-36.60795071219732,florianopolis,SC
43213,blumenau,SC,-29.94848312594458,-48.11303125392,blumenau,SC
5290,fortaleza,CE,-27.5400250504808,-54.17440803308615,fortaleza,CE
62682,sorocaba,SP,-24.948223586013995,-57.09541034794992,sorocaba,SP
82256,curitiba,PR,-15.16782989638094,-49.108666610339526,curitiba,PR
84331,belo horizonte,MG,-12.62859265043404,-37.64056686373459,belo horizonte,MG
58558,contagem,MG,-24.31132580883438,-57.563541441316666,contagem,MG
66470,sorocaba,SP,-16.193675917296815,-49.047119491174,sorocaba,SP
51857,sao paulo,SP,-10.89460665419822,-34.725230081411404,sao paulo,SP
45167,sorocaba,SP,-15.715804045439707,-49.76666543827703,sorocaba,SP
55889,rio de janeiro,RJ,-3.8682101535510185,-46.00531664600064,rio de janeiro,RJ
93652,uberlandia,MG,-27.02777379863943,-38.71384601093593,uberlandia,MG
25992,porto alegre,RS,-13.038880900476492,-55.213973782971316,porto alegre,RS
47548,caxias do sul,RS,-31.540264388012513,-70.64717561075226,caxias do sul,RS
60561,contagem,MG,-30.995862535879304,-55.92252875531842,contagem,MG
57443,contagem,MG,-32.901656286537666,-67.84150505627994,contagem,MG
4036,sorocaba,SP,-23.479477342418722,-38.346546844044404,sorocaba,SP
29445,porto alegre,RS,-32.11177605686328,-42.05359980748344,porto alegre,RS
64954,petropolis,RJ,-7.040521386353326,-43.215004401959064,petropolis,RJ
69714,campinas,SP,-17.886441815374308,-56.78385401468698,campinas,SP
73708,uberlandia,MG,-11.661054347434703,-43.64005727911602,uberlandia,MG
99144,contagem,MG,-12.077268587204408,-50.45498467880837,contagem,MG
67628,santos,SP,-6.2679785289188885,-68.87052703320911,santos,SP
58386,caxias do sul,RS,-29.919728302732025,-66.96316217576629,caxias do sul,RS
33879,londrina,PR,-31.693002045387992,-40.76676118008926,londrina,PR
37671,joinville,SC,-11.608967569444069,-38.79767285066216,joinville,SC
82799,blumenau,SC,-8.356551344556703,-47.901377408786274,blumenau,SC
47401,joinville,SC,-32.6449193301495,-63.333967781768614,joinville,SC
71838,niteroi,RJ,-16.767799327347763,-37.72830403592436,niteroi,RJ
13288,brasilia,DF,-21.02904673817513,-38.8521991456749,brasilia,DF
13701,curitiba,PR,-5.659998404423337,-45.405399974165384,curitiba,PR
22331,uberlandia,MG,-12.066299943041493,-43.23267116160582,uberlandia,MG
20319,pelotas,RS,-3.571905576021191,-68.74160148494761,pelotas,RS
61091,niteroi,RJ,-22.44263306645359,-43.51757015868557,niteroi,RJ
64073,curitiba,PR,-28.765693461081526,-38.83652198832573,curitiba,PR
56231,feira de santana,BA,-10.625529497835196,-46.535767775241354,feira de santana,BA
29651,olinda,PE,-10.4751470027891,-36.614513650908826,olinda,PE
58089,fortaleza,CE,-20.381084553573558,-69.4644201449052,fortaleza,CE
12823,curitiba,PR,-27.28579090382451,-66.8605802424606,curitiba,PR
47810,londrina,PR,-30.6592933031092,-34.431331894083385,londrina,PR
16341,brasilia,DF,-13.782976486928398,-38.72345661115397,brasilia,DF
8598,niteroi,RJ,-27.03955969386864,-62.88860554973643,niteroi,RJ
17395,goiania,GO,-30.75675564883855,-36.734327901903406,goiania,GO
12002,maringa,PR,-13.888768964585566,-70.98836229705232,maringa,PR
48300,sorocaba,SP,-14.277912489179485,-55.333802439762216,sorocaba,SP
55035,santos,SP,-17.08601000089737,-65.45126914605994,santos,SP
61130,goiania,GO,-10.316648676515577,-36.95866908622188,goiania,GO
44531,sao paulo,SP,-22.284272797577053,-34.14601947395087,sao paulo,SP
18463,petropolis,RJ,-17.481458979363914,-68.67507405704696,petropolis,RJ
3068,petropolis,RJ,-4.383627857672842,-38.560839848745836,petropolis,RJ
71536,campinas,SP,-24.922094558955557,-70.43774049400032,campinas,SP
98291,niteroi,RJ,-29.228932866058553,-36.40228229054773,niteroi,RJ
28819,feira de santana,BA,-21.488814959706914,-37.08464498147257,feira de santana,BA
21265,santos,SP,-17.891766489558364,-41.79444875062034,santos,SP
31843,goiania,GO,-8.84771735032204,-71.95960047006972,goiania,GO
22224,anapolis,GO,-18.389031561492104,-62.55798517475649,anapolis,GO
23126,petropolis,RJ,-13.243644851329378,-52.11919106690364,petropolis,RJ
49958,sorocaba,SP,-15.01606312649956,-55.53185645875025,sorocaba,SP
78734,caxias do sul,RS,-19.4340673460154,-55.79820505873883,caxias do sul,RS
71516,santos,SP,-9.048291286368528,-46.08295453422029,santos,SP
96020,rio de janeiro,RJ,-29.436852052155572,-67.30211491025823,rio de janeiro,RJ
36378,sobral,CE,-10.414879135868333,-48.3311595859912,sobral,CE
49756,vitoria,ES,-14.219195951298733,-67.17755140634382,vitoria,ES
38650,brasilia,DF,-4.63626001528063,-62.67789777791512,brasilia,DF
5160,niteroi,RJ,-24.310666268981517,-49.933853210176494,niteroi,RJ
39460,florianopolis,SC,-27.86429274083349,-46.086012931235956,florianopolis,SC
26796,joinville,SC,-24.29287836533399,-64.00943307194514,joinville,SC
48393,niteroi,RJ,-25.734210474050276,-60.89767506104721,niteroi,RJ
16646,florianopolis,SC,-7.147839918417667,-43.270849307811176,florianopolis,SC
74422,santos,SP,-13.735948749164468,-50.464121475871494,santos,SP
84432,campinas,SP,-17.768073975686633,-60.87693897318789,campinas,SP
96119,maringa,PR,-10.599760522679649,-51.61946803938964,maringa,PR
9400,sao paulo,SP,-31.152011692843455,-67.91645641633835,sao paulo,SP
12645,santos,SP,-21.64540469877455,-56.587899613943854,santos,SP
96680,goiania,GO,-22.5861657871397,-42.28139037517938,goiania,GO
84972,serra,ES,-5.369364169033609,-38.67919495675071,serra,ES
59262,londrina,PR,-23.23287298681068,-72.70990708982737,londrina,PR
32831,goiania,GO,-23.97985315916759,-45.639300335931054,goiania,GO
52255,serra,ES,-4.7913519725019,-72.57408835588987,serra,ES
54028,sorocaba,SP,-8.194651190551479,-43.97084163982656,sorocaba,SP
84886,belo horizonte,MG,-10.83221997412004,-39.866701913672536,belo horizonte,MG
53409,contagem,MG,-31.325999704776486,-37.00550531322749,contagem,MG
3727,sao paulo,SP,-25.56380294336325,-69.34474460183746,sao paulo,SP
70258,salvador,BA,-27.06418745000685,-72.53641946544062,salvador,BA
77937,belo horizonte,MG,-7.519420363356431,-58.62838556866758,belo horizonte,MG
30508,contagem,MG,-4.952676814258261,-63.08093478104133,contagem,MG
12543,sao paulo,SP,-12.682699817678476,-56.95557956104777,sao paulo,SP
15078,campinas,SP,-7.354371754469327,-66.52297739319931,campinas,SP
84236,recife,PE,-18.63223894965745,-42.949198320482346,recife,PE
45306,sorocaba,SP,-28.934620907211507,-47.456884618859306,sorocaba,SP
53387,campinas,SP,-10.834673632916836,-57.6100982868258,campinas,SP
96100,petropolis,RJ,-6.506372734005669,-45.59105628161935,petropolis,RJ
7051,maringa,PR,-7.034176322325887,-59.578927291112954,maringa,PR
21387,pelotas,RS,-26.845021016443695,-50.74224644474012,pelotas,RS
83490,maringa,PR,-4.192520394635633,-55.36475046279723,maringa,PR
54473,sao paulo,SP,-19.746187840205593,-60.04358287395003,sao paulo,SP
3704,campinas,SP,-18.176284393459593,-70.73088581781911,campinas,SP
70585,anapolis,GO,-18.14383256204775,-60.693027555384745,anapolis,GO
14698,porto alegre,RS,-26.25189300219454,-54.80592096152906,porto alegre,RS
78431,florianopolis,SC,-18.26711965241688,-61.19899200373574,florianopolis,SC
79983,florianopolis,SC,-15.618402973539599,-35.1144245249814,florianopolis,SC
82615,feira de santana,BA,-4.937051007045394,-65.72650627938877,feira de santana,BA
47021,santos,SP,-4.19132542831974,-57.90398024772658,santos,SP
27514,rio de janeiro,RJ,-26.293897137089587,-46.27870632331903,rio de janeiro,RJ
88256,maringa,PR,-28.84677153195966,-62.48849702800564,maringa,PR
56317,petropolis,RJ,-26.68148425766283,-53.267423779255836,petropolis,RJ
63906,anapolis,GO,-23.76496885777075,-44.952174287462206,anapolis,GO
14515,contagem,MG,-16.789696555985095,-35.516261910573775,contagem,MG
62728,feira de santana,BA,-19.437642475130957,-51.88101128916324,feira de santana,BA
58428,goiania,GO,-32.721676604455524,-44.55149176671351,goiania,GO
29930,maringa,PR,-31.529523605272754,-41.485528683443654,maringa,PR
76917,recife,PE,-11.109963158460864,-59.42655227921256,recife,PE
14234,caxias do sul,RS,-8.302724796066897,-55.125406101625,caxias do sul,RS
72217,anapolis,GO,-9.392488722669178,-39.23274744944871,anapolis,GO
96155,niteroi,RJ,-32.857271892515186,-48.07705488683071,niteroi,RJ
57157,londrina,PR,-19.120665073341502,-72.3129460011457,londrina,PR
11374,maringa,PR,-4.950726889915952,-37.990132702034366,maringa,PR
55776,sao paulo,SP,-3.1765464665397722,-57.23629929886287,sao paulo,SP
53371,belo horizonte,MG,-3.600399219792603,-44.99957850032416,belo horizonte,MG
55665,fortaleza,CE,-6.66535364885199,-59.646562998159744,fortaleza,CE
27984,pelotas,RS,-13.84019126305461,-52.45592083833655,pelotas,RS
62981,campinas,SP,-6.745734381434996,-54.05019407768692,campinas,SP
27149,niteroi,RJ,-5.693703838281511,-70.34606910778957,niteroi,RJ
56228,santos,SP,-15.647358557311826,-57.64466475792827,santos,SP
59863,campinas,SP,-28.963715594301384,-63.31129763569583,campinas,SP
64940,sobral,CE,-27.748636504272476,-49.652589820503735,sobral,CE
79994,belo horizonte,MG,-12.440710226327894,-35.58947730471056,belo horizonte,MG
88370,rio de janeiro,RJ,-13.913766254459937,-42.601977449667004,rio de janeiro,RJ
77939,pelotas,RS,-20.468595361224768,-37.39774575084059,pelotas,RS
79790,campinas,SP,-29.660381220827563,-53.78924823433298,campinas,SP
87010,sao paulo,SP,-26.39998116917141,-71.02590210701503,sao paulo,SP
25004,joinville,SC,-3.0740072114936225,-63.45197527803447,joinville,SC
29997,caxias do sul,RS,-32.74312414980266,-54.23829803730076,caxias do sul,RS
53771,vitoria,ES,-8.050297682014982,-58.98521460833982,vitoria,ES
47108,porto alegre,RS,-14.592982096652733,-55.05188278944887,porto alegre,RS
70509,contagem,MG,-31.754084157768318,-39.007768628418106,contagem,MG
1924,salvador,BA,-20.265795807738645,-72.49613478524518,salvador,BA
14759,recife,PE,-8.562024938932662,-64.75255964125923,recife,PE
74938,salvador,BA,-14.48842695069268,-35.24611680789886,salvador,BA
82373,serra,ES,-5.2258483109989555,-49.444672234273526,serra,ES
30931,brasilia,DF,-4.14803387111202,-58.653435361340016,brasilia,DF
31782,olinda,PE,-8.18985454976767,-65.12166117995177,olinda,PE
56587,sorocaba,SP,-11.235177697330627,-56.26843001427771,sorocaba,SP
48234,salvador,BA,-29.751311443899823,-41.452881920210174,salvador,BA
17760,uberlandia,MG,-10.038420034066817,-34.75946326876299,uberlandia,MG
50545,curitiba,PR,-13.890643579958294,-62.72248012670887,curitiba,PR
82119,joinville,SC,-21.625925035838286,-41.58338074291849,joinville,SC
73224,vitoria,ES,-9.371704255192803,-71.49147330900836,vitoria,ES
81909,vitoria,ES,-19.689901619704656,-43.691015064398144,vitoria,ES
64737,petropolis,RJ,-11.915627168104937,-40.14062009403851,petropolis,RJ
87866,salvador,BA,-11.723781997147022,-61.093596365653994,salvador,BA
25732,salvador,BA,-10.157280244445683,-45.4662915896337,salvador,BA
5547,rio de janeiro,RJ,-22.570173682338826,-35.45865461739356,rio de janeiro,RJ
12289,santos,SP,-27.46814053989304,-47.103404245073136,santos,SP
99252,sorocaba,SP,-11.162978750880452,-49.88340965626491,sorocaba,SP
64410,brasilia,DF,-21.08090169502907,-69.77438300254634,brasilia,DF
25529,uberlandia,MG,-3.789448015332752,-64.5237351195751,uberlandia,MG
85554,serra,ES,-3.083966302602306,-62.38781012815849,serra,ES
31633,uberlandia,MG,-4.6542340815654235,-66.5330595647208,uberlandia,MG
60130,vitoria,ES,-18.892245556005783,-69.4009329190712,vitoria,ES
25683,belo horizonte,MG,-4.638893694173159,-38.65689981903749,belo horizonte,MG
10393,brasilia,DF,-31.86672503037214,-65.35960541289123,brasilia,DF
27485,sao paulo,SP,-13.615385147761256,-39.329005595781,sao paulo,SP
23588,curitiba,PR,-3.6658424442399813,-36.4482665708435,curitiba,PR
55712,brasilia,DF,-32.638602140138175,-56.78777865222398,brasilia,DF
3048,fortaleza,CE,-10.168654861273737,-61.98365273591042,fortaleza,CE
24741,goiania,GO,-15.186757818455792,-41.8189175008205,goiania,GO
57208,santos,SP,-30.954474534130846,-34.83272724861149,santos,SP
39982,rio de janeiro,RJ,-26.657125801320554,-67.28278979675378,rio de janeiro,RJ
63957,santos,SP,-28.932502789366687,-59.826838715645955,santos,SP
65904,campinas,SP,-10.69125472156544,-42.98835785927463,campinas,SP
96571,blumenau,SC,-9.52930163483948,-72.79337153771579,blumenau,SC
83765,feira de santana,BA,-3.8002989112861236,-58.223012406959576,feira de santana,BA
23593,brasilia,DF,-9.796718896302625,-68.20253005405225,brasilia,DF
69580,olinda,PE,-9.52996163313091,-41.22601726646035,olinda,PE
63095,salvador,BA,-19.82802395463766,-62.91313311525842,salvador,BA
59837,brasilia,DF,-28.378270874377137,-48.867554927990525,brasilia,DF
80098,campinas,SP,-20.301156054911687,-50.59129990864922,campinas,SP
15624,santos,SP,-29.834627493600703,-36.76797097900827,santos,SP
38142,caxias do sul,RS,-7.589474004529411,-69.95207919510653,caxias do sul,RS
81794,goiania,GO,-19.65491781700772,-54.24765998950455,goiania,GO
89323,santos,SP,-9.17892630826416,-38.10064925772189,santos,SP
4690,londrina,PR,-4.413293652037151,-52.35786635202686,londrina,PR
47674,florianopolis,SC,-22.400646505732702,-35.53018904323092,florianopolis,SC
27154,campinas,SP,-26.776637079595666,-63.59658949961482,campinas,SP
17627,contagem,MG,-25.644658354988902,-54.28170490298579,contagem,MG
6648,olinda,PE,-10.702895973181992,-41.67993397281674,olinda,PE
54266,florianopolis,SC,-25.76181762953786,-55.56972406234864,florianopolis,SC
67074,sorocaba,SP,-22.954850689349975,-63.23032740343518,sorocaba,SP
53594,anapolis,GO,-14.688287895192026,-68.70054197537041,anapolis,GO
37468,rio de janeiro,RJ,-19.623199902826837,-39.9369030699747,rio de janeiro,RJ
77358,anapolis,GO,-26.608797143129294,-67.45895816894124,anapolis,GO
65552,niteroi,RJ,-18.521683016855825,-67.77834056645622,niteroi,RJ
90933,pelotas,RS,-19.658253333474576,-57.91392012920539,pelotas,RS
35355,uberlandia,MG,-13.356794875358634,-36.75676757465767,uberlandia,MG
24657,santos,SP,-20.88044256613282,-50.450795698541874,santos,SP
46117,recife,PE,-8.739326631796839,-58.82738056949836,recife,PE
51179,campinas,SP,-25.92043195919064,-37.195879099697024,campinas,SP
46337,santos,SP,-17.836256234562693,-61.9732738625063,santos,SP
83407,petropolis,RJ,-8.958014468520105,-72.00410406637886,petropolis,RJ
5512,feira de santana,BA,-24.9470169975434,-59.027869378348974,feira de santana,BA
53248,brasilia,DF,-25.903259801667073,-48.42685969590184,brasilia,DF
43591,serra,ES,-15.806189710057811,-38.1770229331576,serra,ES
21875,niteroi,RJ,-16.830331453059067,-48.69844879396852,niteroi,RJ
64464,uberlandia,MG,-4.432269865633138,-50.19356448876989,uberlandia,MG
80331,campinas,SP,-8.84913530157893,-44.89469479064475,campinas,SP
55058,pelotas,RS,-23.784869791527676,-64.85597622760919,pelotas,RS
9410,vitoria,ES,-28.739631123644756,-38.36714878501075,vitoria,ES
8453,florianopolis,SC,-25.471609208341413,-50.004858319455195,florianopolis,SC
42741,pelotas,RS,-20.863594703379515,-52.28998461054895,pelotas,RS
67136,uberlandia,MG,-30.294284646140504,-48.020929323044285,uberlandia,MG
32037,fortaleza,CE,-24.98710077912336,-69.23469472287039,fortaleza,CE
31577,maringa,PR,-8.932558257017316,-48.390772822825355,maringa,PR
86150,sorocaba,SP,-15.674599518545413,-68.35221833203951,sorocaba,SP
2429,rio de janeiro,RJ,-31.840210681979563,-53.46739715830226,rio de janeiro,RJ
8893,santos,SP,-32.728793250915935,-40.91513036288493,santos,SP
16403,campinas,SP,-21.45998691964474,-67.28597698764169,campinas,SP
98374,santos,SP,-31.737197083775552,-57.314388158722565,santos,SP
50257,contagem,MG,-23.781380431695567,-48.38684877597484,contagem,MG
16670,caxias do sul,RS,-26.100046145996917,-47.74267806985664,caxias do sul,RS
31729,petropolis,RJ,-18.507063020962367,-66.6392568141172,petropolis,RJ
96971,uberlandia,MG,-16.328134238928982,-60.02363167231111,uberlandia,MG
69743,sobral,CE,-12.486224416207289,-72.33815475579638,sobral,CE
23145,salvador,BA,-20.287157519278374,-41.95136257834123,salvador,BA
24824,londrina,PR,-15.004609618043943,-41.28056132073009,londrina,PR
8420,niteroi,RJ,-14.504335279004533,-52.19915570198661,niteroi,RJ
77506,olinda,PE,-23.071533428405196,-34.862813501789006,olinda,PE
14602,santos,SP,-24.2224480240127,-68.70027146919048,santos,SP
29360,rio de janeiro,RJ,-12.983428962849658,-48.09630684754761,rio de janeiro,RJ
35488,recife,PE,-26.223489611540657,-65.16996762022016,recife,PE
62464,londrina,PR,-31.148348587159933,-59.39993948802106,londrina,PR
61024,feira de santana,BA,-31.391420940219227,-71.26646825440659,feira de santana,BA
80121,caxias do sul,RS,-22.94634510060129,-67.60909826248832,caxias do sul,RS
30429,joinville,SC,-3.6955929970597765,-58.75505179125432,joinville,SC
39169,petropolis,RJ,-18.1724290929686,-50.73359545829274,petropolis,RJ
39473,santos,SP,-23.571164523168235,-54.0391844611181,santos,SP
5633,petropolis,RJ,-12.933201607248169,-34.9110855171109,petropolis,RJ
74018,santos,SP,-28.745170604356577,-41.814847907240335,santos,SP
54008,olinda,PE,-6.933757999987915,-70.9423057772828,olinda,PE
48091,petropolis,RJ,-3.1610852728405376,-71.93770211878626,petropolis,RJ
99544,londrina,PR,-14.28945427725423,-37.635706348899404,londrina,PR
18705,brasilia,DF,-29.398296326761788,-52.42245696471033,brasilia,DF
96929,brasilia,DF,-5.248520034489829,-34.53602331773977,brasilia,DF
68356,belo horizonte,MG,-29.672498632257767,-71.50090537422517,belo horizonte,MG
22880,uberlandia,MG,-29.013522898669002,-37.163030702078,uberlandia,MG
68172,vitoria,ES,-11.480880034899407,-46.889289299813704,vitoria,ES
75813,joinville,SC,-11.269633003124554,-54.35942709228959,joinville,SC
36884,goiania,GO,-26.220391856902474,-62.53252074996343,goiania,GO
35149,olinda,PE,-12.468774145420031,-53.09705386670131,olinda,PE
83682,brasilia,DF,-5.190775686302519,-45.77168104288371,brasilia,DF
16866,campinas,SP,-7.973451267516726,-64.26540447110037,campinas,SP
2320,curitiba,PR,-25.040237709583828,-40.65607988690162,curitiba,PR
66924,sao paulo,SP,-22.66144956548824,-39.80249789482582,sao paulo,SP
90746,joinville,SC,-3.7330978286614354,-48.050280340999635,joinville,SC
50585,fortaleza,CE,-19.07921199900548,-52.9402475381703,fortaleza,CE
14362,maringa,PR,-7.244933797999622,-37.68354164194046,maringa,PR
54383,contagem,MG,-32.06312710141218,-58.91966182579612,contagem,MG
25936,santos,SP,-32.02323870299299,-48.775805264972945,santos,SP
82911,fortaleza,CE,-28.00733963871816,-55.61769567608715,fortaleza,CE
61597,sorocaba,SP,-24.824774797158582,-60.78936530538262,sorocaba,SP
34317,santos,SP,-6.464872369589429,-36.868807044089664,santos,SP
62830,campinas,SP,-28.699897112150772,-63.07446476778174,campinas,SP
67041,sao paulo,SP,-8.370086846562376,-48.162853610993714,sao paulo,SP
68194,uberlandia,MG,-12.252817104719295,-62.173779120170444,uberlandia,MG
37252,maringa,PR,-18.916454012540772,-49.45272260881711,maringa,PR
57491,rio de janeiro,RJ,-17.263932358328432,-43.37776399661861,rio de janeiro,RJ
5229,sao paulo,SP,-15.595242598388808,-55.379097670436956,sao paulo,SP
40950,campinas,SP,-23.868075296992785,-56.06501558999345,campinas,SP
38423,niteroi,RJ,-9.088309832890715,-53.79862263779307,niteroi,RJ
53932,campinas,SP,-27.966032583081862,-52.10737480809581,campinas,SP
95052,joinville,SC,-28.00334194686573,-53.06419545712477,joinville,SC
95399,campinas,SP,-14.472199618352224,-66.7764977279278,campinas,SP
48842,rio de janeiro,RJ,-23.389936886217146,-49.679365500967144,rio de janeiro,RJ
64967,belo horizonte,MG,-32.582454944335616,-43.356144725884405,belo horizonte,MG
11714,belo horizonte,MG,-13.718579741004266,-44.44334851183209,belo horizonte,MG
48743,santos,SP,-8.8428510575433,-47.191277975664974,santos,SP
69094,sorocaba,SP,-13.059814084364774,-57.62018114383665,sorocaba,SP
68596,recife,PE,-18.77300240907985,-52.209417483351146,recife,PE
96373,sao paulo,SP,-12.275215183996782,-42.24744417734428,sao paulo,SP
47157,londrina,PR,-19.801265039794608,-67.58815789810724,londrina,PR
90885,contagem,MG,-13.692882788738068,-54.2738054415071,contagem,MG
97891,rio de janeiro,RJ,-20.491678625442752,-54.800469520421245,rio de janeiro,RJ
57623,uberlandia,MG,-11.071997858404647,-48.3409326484103,uberlandia,MG
10056,brasilia,DF,-4.3520756984713955,-44.85765390437835,brasilia,DF
38251,anapolis,GO,-10.61320565455052,-64.50844652658724,anapolis,GO
76706,campinas,SP,-15.109998318937162,-65.77744564610391,campinas,SP
58486,niteroi,RJ,-28.621910921106263,-67.0719087262315,niteroi,RJ
93694,campinas,SP,-30.29113350021157,-48.11343516161339,campinas,SP
81776,uberlandia,MG,-32.49148940138458,-49.69855594686132,uberlandia,MG
7259,blumenau,SC,-18.202668226747992,-66.02245078764507,blumenau,SC
86261,santos,SP,-24.85435667852917,-49.6313519842183,santos,SP
36379,rio de janeiro,RJ,-27.911019123474496,-42.42460502179772,rio de janeiro,RJ
82064,fortaleza,CE,-25.24494494178279,-67.17863193022376,fortaleza,CE
51270,campinas,SP,-4.0481929182962375,-64.91814356372538,campinas,SP
46091,contagem,MG,-26.349785031909594,-64.38143229002094,contagem,MG
8172,salvador,BA,-17.15645154801028,-47.123467971325,salvador,BA
12766,sao paulo,SP,-3.5745961124621175,-38.063227169226096,sao paulo,SP
59933,santos,SP,-28.939386678804055,-70.93798749821866,santos,SP
57347,campinas,SP,-25.74586994106903,-39.496417618465365,campinas,SP
55935,fortaleza,CE,-15.284644190165842,-56.89525599981711,fortaleza,CE
16486,sao paulo,SP,-11.205258201780822,-40.50476848245035,sao paulo,SP
51483,santos,SP,-7.402101744733393,-40.5395642955157,santos,SP
7034,santos,SP,-13.169567145175705,-47.855879693746594,santos,SP
15269,santos,SP,-32.17038673219433,-63.52968492946012,santos,SP
50367,porto alegre,RS,-26.51751529408318,-71.86129766678354,porto alegre,RS
62078,santos,SP,-16.55557256434646,-66.37771633433363,santos,SP
65881,maringa,PR,-29.283928755367633,-60.465309563020256,maringa,PR
98212,porto alegre,RS,-28.952749747016846,-42.91922511029102,porto alegre,RS
85559,goiania,GO,-8.625603840583686,-45.17903937924093,goiania,GO
38597,sao paulo,SP,-10.421845997506395,-52.59217714713946,sao paulo,SP
78499,anapolis,GO,-26.97197046456337,-71.74218127207087,anapolis,GO
10468,porto alegre,RS,-18.203408517291532,-68.41629255252725,porto alegre,RS
85865,sao paulo,SP,-3.6246625640131818,-36.80617025845603,sao paulo,SP
39277,brasilia,DF,-15.258441135950449,-44.960048804028816,brasilia,DF
76246,anapolis,GO,-11.288947146277522,-37.33727151527,anapolis,GO
97091,sao paulo,SP,-13.375263100787219,-51.94139939917525,sao paulo,SP
70619,sobral,CE,-20.42177093464974,-70.8412158883751,sobral,CE
92103,uberlandia,MG,-8.486373333267043,-42.53518489005197,uberlandia,MG
2003,caxias do sul,RS,-30.65242900840428,-34.400994505602064,caxias do sul,RS
17884,serra,ES,-14.819908974552988,-53.087315287737425,serra,ES
62983,niteroi,RJ,-20.648432766765474,-69.58677589356874,niteroi,RJ
54517,goiania,GO,-6.7350722004826835,-48.06985139675649,goiania,GO
12927,petropolis,RJ,-14.422766622967476,-43.46376795640182,petropolis,RJ
72117,brasilia,DF,-24.837434108234167,-40.58820456747204,brasilia,DF
6807,pelotas,RS,-10.101667367868327,-43.686175784025124,pelotas,RS
99085,sao paulo,SP,-21.142896483930087,-34.820442631026424,sao paulo,SP
16484,contagem,MG,-9.692706815113556,-58.044470728132666,contagem,MG
45101,rio de janeiro,RJ,-29.600545185122996,-44.11998127124748,rio de janeiro,RJ
82505,sorocaba,SP,-22.022333601098474,-44.84458775777729,sorocaba,SP
51889,campinas,SP,-15.953443821552025,-58.0643479035302,campinas,SP
74640,rio de janeiro,RJ,-29.237415567958948,-38.195090016096486,rio de janeiro,RJ
70660,santos,SP,-17.876443005020782,-63.696811852368114,santos,SP
94927,sorocaba,SP,-6.555214849606468,-46.5385645230767,sorocaba,SP
46930,salvador,BA,-31.081211298987746,-57.15424342815631,salvador,BA
97917,joinville,SC,-19.886298277812585,-62.09113098102002,joinville,SC
52159,salvador,BA,-9.188163604278468,-68.57336796363658,salvador,BA
89434,niteroi,RJ,-29.440753415212416,-72.70691687664252,niteroi,RJ
73530,olinda,PE,-31.466653542146442,-64.27799937053202,olinda,PE
14159,pelotas,RS,-18.489840152054796,-44.976336816120266,pelotas,RS
64718,sorocaba,SP,-4.626142559679533,-54.664877006394576,sorocaba,SP
87959,santos,SP,-13.272119615156608,-43.18671320431379,santos,SP
13709,blumenau,SC,-7.199295215830709,-35.16523622356528,blumenau,SC
84024,sorocaba,SP,-4.837022344909261,-67.06666762355317,sorocaba,SP
11438,curitiba,PR,-17.619867680203264,-59.47651398536463,curitiba,PR
87236,serra,ES,-30.840643207793878,-64.94809015690744,serra,ES
79101,sorocaba,SP,-29.91818137326559,-50.15976231754085,sorocaba,SP
16016,sao paulo,SP,-11.531458616266832,-43.11649052540779,sao paulo,SP
72919,serra,ES,-13.168790394263635,-64.65075745665708,serra,ES
12562,pelotas,RS,-26.132000055220473,-41.83344114721986,pelotas,RS
57234,campinas,SP,-10.26752598449428,-71.47652906436743,campinas,SP
92456,recife,PE,-25.765468944103333,-47.707185097994554,recife,PE
21390,recife,PE,-16.17971706834506,-39.94446619271743,recife,PE
18208,maringa,PR,-21.866610468020827,-37.20302668615623,maringa,PR
42864,pelotas,RS,-11.916570696989538,-59.133323929022794,pelotas,RS
37493,sorocaba,SP,-12.504704569798026,-68.81083674351373,sorocaba,SP
5798,santos,SP,-8.266838051471733,-53.46214628803063,santos,SP
46142,porto alegre,RS,-24.561594843419996,-54.84383281600744,porto alegre,RS
26695,petropolis,RJ,-20.961469874790822,-48.61198073070195,petropolis,RJ
13319,florianopolis,SC,-26.211408289171864,-50.36447271296659,florianopolis,SC
28327,goiania,GO,-17.191579931372992,-65.24783130961576,goiania,GO
3042,sao paulo,SP,-31.666650082236195,-71.2240597942219,sao paulo,SP
91588,pelotas,RS,-6.166008332993055,-35.15610357197116,pelotas,RS
99413,campinas,SP,-22.8212868091332,-56.92409854715988,campinas,SP
37394,recife,PE,-23.151684015030234,-50.58132265397975,recife,PE
87788,sao paulo,SP,-20.626136172554844,-71.56627501994902,sao paulo,SP
46672,caxias do sul,RS,-23.163686011581735,-66.21968680025132,caxias do sul,RS
91320,maringa,PR,-13.210608998486325,-53.799286048358184,maringa,PR
18139,contagem,MG,-4.903273355812772,-55.34075607798874,contagem,MG
29171,joinville,SC,-17.694346081731506,-63.3481501310027,joinville,SC
74242,feira de santana,BA,-8.715691474659558,-41.6961618207116,feira de santana,BA
22789,maringa,PR,-23.191563248590988,-37.63331856619971,maringa,PR
82529,feira de santana,BA,-20.505127373088847,-61.66205603400809,feira de santana,BA
43160,vitoria,ES,-5.967909725437853,-46.05910389978351,vitoria,ES
40985,contagem,MG,-31.418630973073444,-66.74983980298649,contagem,MG
45878,londrina,PR,-17.824573891318998,-68.93845930295885,londrina,PR
79987,sorocaba,SP,-8.069876472038853,-66.02008162598902,sorocaba,SP
1554,brasilia,DF,-14.77302512223315,-67.22414241277448,brasilia,DF
75317,curitiba,PR,-29.951719008122936,-53.9409206131479,curitiba,PR
78145,belo horizonte,MG,-31.196040414653464,-64.8332568078687,belo horizonte,MG
82292,sorocaba,SP,-6.551662443819147,-63.01160839622097,sorocaba,SP
99669,olinda,PE,-20.817693480213762,-64.30211067454592,olinda,PE
78442,belo horizonte,MG,-19.102351921340492,-47.94966509268124,belo horizonte,MG
53339,blumenau,SC,-27.613103111237304,-37.03961272375727,blumenau,SC
47145,sao paulo,SP,-18.91313169940892,-62.177592547722114,sao paulo,SP
39437,serra,ES,-20.52721041335853,-63.464351333490306,serra,ES
82887,sao paulo,SP,-9.563745580612444,-68.17002901662698,sao paulo,SP
39882,sao paulo,SP,-30.20150772622945,-34.585988718215496,sao paulo,SP
57690,anapolis,GO,-13.864120946255198,-40.866973087551294,anapolis,GO
10511,sobral,CE,-3.8632425623187068,-58.74734174203034,sobral,CE
32414,sao paulo,SP,-24.310301063453768,-72.14796842826195,sao paulo,SP
27349,belo horizonte,MG,-11.269314536604213,-52.357044370644545,belo horizonte,MG
44066,feira de santana,BA,-30.142038161343688,-65.42540487573983,feira de santana,BA
50710,recife,PE,-18.503889284565368,-72.45429151599231,recife,PE
71932,petropolis,RJ,-22.155440052687542,-57.70163719487887,petropolis,RJ
43752,maringa,PR,-11.401652184004309,-47.20787747243643,maringa,PR
15882,feira de santana,BA,-4.313051837391637,-42.37281144143395,feira de santana,BA
54957,salvador,BA,-10.081350560893412,-62.92095577786758,salvador,BA
6414,brasilia,DF,-27.299150188142814,-54.12486546218474,brasilia,DF
85056,curitiba,PR,-8.456563638984829,-44.61489514049036,curitiba,PR
77285,santos,SP,-32.0763552535278,-34.405657296038555,santos,SP
23298,recife,PE,-12.508825102586751,-37.05956644888164,recife,PE
27060,olinda,PE,-31.59095363605001,-60.76690047894098,olinda,PE
3738,brasilia,DF,-7.802522944684817,-56.90778405174605,brasilia,DF
37076,campinas,SP,-6.260233555532956,-36.814514453335065,campinas,SP
4784,santos,SP,-13.491499585190471,-51.03039728512208,santos,SP
93697,salvador,BA,-25.732050226099318,-72.5688934606072,salvador,BA
14282,sorocaba,SP,-27.0088478351721,-45.05630832283808,sorocaba,SP
66277,serra,ES,-26.37965879331173,-54.929666150455276,serra,ES
57477,rio de janeiro,RJ,-23.68342748659146,-43.34699915659178,rio de janeiro,RJ
24448,salvador,BA,-17.941168990506394,-37.355547529400624,salvador,BA
81009,recife,PE,-31.379185507581674,-58.54491021288636,recife,PE
11778,uberlandia,MG,-9.722594558596668,-54.874136243972444,uberlandia,MG
88792,rio de janeiro,RJ,-18.024842534443607,-55.8609085247313,rio de janeiro,RJ
74293,porto alegre,RS,-16.25817548069925,-57.943278766426594,porto alegre,RS
63875,caxias do sul,RS,-13.566881944802791,-54.162444310482556,caxias do sul,RS
88085,uberlandia,MG,-28.205059233355,-48.75524350413191,uberlandia,MG
40910,porto alegre,RS,-14.914485550937055,-72.67727448937771,porto alegre,RS
28881,fortaleza,CE,-20.935277250621915,-39.18867303867063,fortaleza,CE
16296,belo horizonte,MG,-18.94113255495045,-39.044303827397634,belo horizonte,MG
92511,santos,SP,-14.950288313875639,-65.80152041354842,santos,SP
40740,niteroi,RJ,-25.713340462498337,-68.3503883636989,niteroi,RJ
83108,belo horizonte,MG,-30.42183641336633,-45.3807730360502,belo horizonte,MG
33908,sao paulo,SP,-20.592971195971437,-35.8637223765608,sao paulo,SP
95543,sorocaba,SP,-28.41785360104016,-67.20581631982039,sorocaba,SP
87131,florianopolis,SC,-30.659587507073116,-40.981075107708804,florianopolis,SC
31495,petropolis,RJ,-11.24853464881252,-35.942915390092104,petropolis,RJ
49184,fortaleza,CE,-14.614236191525016,-41.034269913657184,fortaleza,CE
79604,sao paulo,SP,-28.238808648931897,-51.54920972047519,sao paulo,SP
23393,campinas,SP,-18.24743405885754,-37.052232030573265,campinas,SP
3344,salvador,BA,-5.57637821476396,-72.50329600621572,salvador,BA
29591,olinda,PE,-5.674570000802813,-39.36398382335417,olinda,PE
59467,campinas,SP,-19.721701806455517,-45.97411776151476,campinas,SP
14510,campinas,SP,-5.53515125641923,-57.80879519827673,campinas,SP
34005,sao paulo,SP,-7.540349386718894,-39.436059190007384,sao paulo,SP
91939,maringa,PR,-29.352845587060468,-44.23865559919448,maringa,PR
8432,belo horizonte,MG,-24.615245328402164,-41.94774104922122,belo horizonte,MG
5984,santos,SP,-25.08083149613319,-61.881106839196775,santos,SP
42961,sorocaba,SP,-31.835395209201746,-50.55949690836569,sorocaba,SP
2271,contagem,MG,-16.56411781637119,-59.00469252938254,contagem,MG
3754,sobral,CE,-14.663386527878888,-47.432010709865324,sobral,CE
19115,blumenau,SC,-31.447782457203107,-44.14144257132278,blumenau,SC
11123,curitiba,PR,-15.018636086449273,-47.77718759591134,curitiba,PR
81275,sorocaba,SP,-26.55184382301772,-38.72314553348339,sorocaba,SP
13147,santos,SP,-25.120023572274526,-67.99841666305952,santos,SP
52822,niteroi,RJ,-32.16741154249575,-51.46170242080515,niteroi,RJ
70822,salvador,BA,-32.65121161630078,-52.07350679020835,salvador,BA
62957,olinda,PE,-13.18670862427334,-43.7943344497911,olinda,PE
65732,olinda,PE,-26.512718749391183,-54.135361313611526,olinda,PE
36415,serra,ES,-4.225112156596435,-63.10100997341227,serra,ES
88994,vitoria,ES,-5.960903028650616,-63.093648297078175,vitoria,ES
7799,fortaleza,CE,-31.793355369739214,-59.93908796144631,fortaleza,CE
11624,santos,SP,-8.109948064406826,-56.811727661089805,santos,SP
85758,campinas,SP,-12.715878026019688,-46.28231517190606,campinas,SP
7766,petropolis,RJ,-20.724330100105668,-56.6187146457805,petropolis,RJ
19997,maringa,PR,-26.05378867092287,-64.41876619243082,maringa,PR
18143,sao paulo,SP,-15.967789728045897,-67.6920393145248,sao paulo,SP
4272,anapolis,GO,-5.715823160603666,-45.527712237134885,anapolis,GO
12583,porto alegre,RS,-29.549738358226048,-68.65429812498876,porto alegre,RS
57697,londrina,PR,-5.4136695124490615,-61.42534027949683,londrina,PR
66457,campinas,SP,-12.567420385587795,-64.70919387222098,campinas,SP
9245,sorocaba,SP,-30.828925921893905,-69.71393723503506,sorocaba,SP
94295,sorocaba,SP,-18.180148821804817,-38.50425719926033,sorocaba,SP
10480,goiania,GO,-31.234897133955176,-70.19785737508852,goiania,GO
69013,caxias do sul,RS,-12.306474784511035,-63.76771151158473,caxias do sul,RS
80236,feira de santana,BA,-30.85890121802615,-66.35411958736745,feira de santana,BA
52556,niteroi,RJ,-21.251797961954814,-39.739777800902516,niteroi,RJ
49668,niteroi,RJ,-29.905901208789555,-38.0860676086554,niteroi,RJ
11796,contagem,MG,-4.186975352476903,-51.393269101280914,contagem,MG
24909,feira de santana,BA,-24.562796344108655,-45.66529276080249,feira de santana,BA
85206,brasilia,DF,-18.09425861015115,-40.099334907704474,brasilia,DF
35513,sorocaba,SP,-25.903499798624182,-60.96583812807359,sorocaba,SP
4410,fortaleza,CE,-16.131980560519423,-52.80569473854714,fortaleza,CE
73194,campinas,SP,-29.71318312439186,-72.71080782429033,campinas,SP
68681,recife,PE,-12.045330273550395,-63.28358822064635,recife,PE
7568,santos,SP,-27.81827553197774,-52.583421693858014,santos,SP
6056,santos,SP,-4.393371136964895,-59.95125903059677,santos,SP
12531,anapolis,GO,-15.567851325797992,-67.44213089232798,anapolis,GO
6039,campinas,SP,-5.760423861519893,-69.37964535076993,campinas,SP
62009,belo horizonte,MG,-30.462489381021395,-39.822782248205634,belo horizonte,MG
14129,uberlandia,MG,-23.754617513709,-43.69364375083694,uberlandia,MG
61089,sorocaba,SP,-16.37648160746387,-42.347971209435286,sorocaba,SP
18437,salvador,BA,-15.28680312859175,-46.4357283253044,salvador,BA
97272,goiania,GO,-8.931535999456248,-66.19557021739661,goiania,GO
72865,olinda,PE,-32.52569193928709,-44.281764731007755,olinda,PE
38080,rio de janeiro,RJ,-11.75667040084178,-51.303897675098426,rio de janeiro,RJ
43442,londrina,PR,-16.42848036689928,-72.4066400695002,londrina,PR
7442,sorocaba,SP,-4.230746094599695,-71.0307304954829,sorocaba,SP
6433,campinas,SP,-8.862629041579027,-64.44197530907992,campinas,SP
54215,campinas,SP,-23.946401182017773,-42.27008474684408,campinas,SP
3253,fortaleza,CE,-32.44172656333237,-49.59080268802836,fortaleza,CE
64195,recife,PE,-16.329634043101287,-49.68712612925866,recife,PE
38860,brasilia,DF,-17.45777721406164,-34.4989810852715,brasilia,DF
14820,curitiba,PR,-6.81970256733517,-53.668782739870835,curitiba,PR
54032,curitiba,PR,-30.01615837502471,-55.062227962135466,curitiba,PR
55732,londrina,PR,-15.399709400376441,-54.96338375809459,londrina,PR
74882,londrina,PR,-3.104898188305132,-60.849739473487034,londrina,PR
20578,belo horizonte,MG,-32.24882731405031,-64.46408371715658,belo horizonte,MG
55189,sorocaba,SP,-31.368269093711607,-70.22509755536788,sorocaba,SP
84627,santos,SP,-32.90791446387036,-60.79834881671262,santos,SP
27728,fortaleza,CE,-31.241868263532574,-68.42533203916378,fortaleza,CE
83680,contagem,MG,-26.213927805999795,-67.18695602747239,contagem,MG
72611,fortaleza,CE,-13.226202961714549,-50.34629515154892,fortaleza,CE
43532,santos,SP,-17.906095491513863,-64.29540002814853,santos,SP
88435,londrina,PR,-30.416698504270528,-66.47347506978781,londrina,PR
96706,santos,SP,-22.329271177332764,-52.46284960756234,santos,SP
24447,sorocaba,SP,-20.829036850667485,-72.65016284069262,sorocaba,SP
97996,sorocaba,SP,-13.979475296104127,-50.580805052850955,sorocaba,SP
1238,campinas,SP,-25.167721156553977,-57.98677100737573,campinas,SP
13795,sobral,CE,-32.85457156689488,-61.816318727775716,sobral,CE
5274,petropolis,RJ,-31.067177957705333,-70.53457796553226,petropolis,RJ
37403,pelotas,RS,-31.494425794951066,-63.65460079245687,pelotas,RS
93760,contagem,MG,-8.279424091022825,-43.456868118817155,contagem,MG
60431,uberlandia,MG,-32.474763595980264,-56.535648826256285,uberlandia,MG
62040,curitiba,PR,-24.539346109940936,-47.9355605385896,curitiba,PR
9398,santos,SP,-22.52979534376081,-40.00365460669168,santos,SP
52095,serra,ES,-8.656451389595617,-40.11648025592165,serra,ES
38882,anapolis,GO,-9.732011338296342,-41.40496479877754,anapolis,GO
48462,feira de santana,BA,-11.57036516112537,-67.52116431001333,feira de santana,BA
26855,contagem,MG,-13.618882112472804,-45.73193004430948,contagem,MG
20955,santos,SP,-15.263013313420092,-65.87897383513494,santos,SP
95252,fortaleza,CE,-4.382542115804732,-47.88353890572645,fortaleza,CE
56282,niteroi,RJ,-32.84343807915988,-56.165925184655464,niteroi,RJ
41746,campinas,SP,-18.08636508743678,-36.50474381517816,campinas,SP
8306,petropolis,RJ,-13.128066081968306,-58.16569416265282,petropolis,RJ
76503,brasilia,DF,-14.123862951806778,-41.25308529570343,brasilia,DF
47784,caxias do sul,RS,-3.6265171060936403,-64.26418970102279,caxias do sul,RS
39283,feira de santana,BA,-10.456678364685281,-72.02139598954693,feira de santana,BA
67027,brasilia,DF,-15.130860690798869,-43.4250295739827,brasilia,DF
14049,sao paulo,SP,-24.825530122729855,-45.41547265493882,sao paulo,SP
53786,sobral,CE,-6.126097841133511,-65.54606161853417,sobral,CE
86451,uberlandia,MG,-23.312095295374313,-64.72193713133878,uberlandia,MG
46933,pelotas,RS,-11.571698890106028,-38.01119714791305,pelotas,RS
1041,campinas,SP,-22.88251254192379,-56.05869319724353,campinas,SP
23761,vitoria,ES,-15.104898175539436,-50.82311677257486,vitoria,ES
6538,rio de janeiro,RJ,-20.108121545047887,-68.57904605416537,rio de janeiro,RJ
50518,sorocaba,SP,-18.997771100981176,-68.80186626785476,sorocaba,SP
37073,contagem,MG,-20.716146230079065,-43.54962173575092,contagem,MG
14109,sorocaba,SP,-9.295132424428967,-60.80660233384178,sorocaba,SP
69002,sao paulo,SP,-15.304081266566207,-44.390132547184976,sao paulo,SP
18484,porto alegre,RS,-17.879625429340543,-69.08744937432377,porto alegre,RS
34828,contagem,MG,-18.180204583367015,-72.45987921802399,contagem,MG
98781,fortaleza,CE,-18.965114186692976,-56.77810733446607,fortaleza,CE
7564,niteroi,RJ,-8.656096336231101,-57.721486872330125,niteroi,RJ
25522,salvador,BA,-18.042917959725003,-35.34927500914803,salvador,BA
32465,contagem,MG,-18.22228461937813,-71.80772291952648,contagem,MG
51364,blumenau,SC,-28.97994632562255,-48.901462064517254,blumenau,SC
25252,pelotas,RS,-25.638275793738586,-40.99452418754847,pelotas,RS
97031,belo horizonte,MG,-8.723291385448835,-59.41369095359196,belo horizonte,MG
1536,sobral,CE,-8.257708496805488,-46.248864816614955,sobral,CE
94856,petropolis,RJ,-22.485241125077398,-42.220986900633534,petropolis,RJ
53944,sorocaba,SP,-27.078185358446994,-61.66746503121857,sorocaba,SP
4790,florianopolis,SC,-9.2979491470916,-41.83162900806051,florianopolis,SC
12547,anapolis,GO,-5.545932421413511,-35.20169856161935,anapolis,GO
11202,campinas,SP,-11.98822563918564,-60.79636022961987,campinas,SP
29461,belo horizonte,MG,-21.652922267392988,-65.40965173941318,belo horizonte,MG
33972,olinda,PE,-18.188435901119686,-37.28473544680193,olinda,PE
64477,feira de santana,BA,-6.70167369569479,-72.18650765230775,feira de santana,BA
31808,vitoria,ES,-28.44582191953583,-67.79224375311718,vitoria,ES
72785,curitiba,PR,-31.571092956859353,-57.87368097797881,curitiba,PR
30085,blumenau,SC,-5.776828733501816,-46.343643390486804,blumenau,SC
27081,petropolis,RJ,-15.830122834440932,-36.726205042348454,petropolis,RJ
28260,fortaleza,CE,-13.862713367346238,-52.061273370898405,fortaleza,CE
33589,petropolis,RJ,-28.85712392668794,-42.48522053925383,petropolis,RJ
83935,feira de santana,BA,-11.207006507426058,-62.47395815312544,feira de santana,BA
25443,contagem,MG,-16.09116031224625,-46.17352316202474,contagem,MG
28052,curitiba,PR,-22.909562840398227,-63.13286983444046,curitiba,PR
95731,feira de santana,BA,-12.906155238347374,-39.448804849010294,feira de santana,BA
65719,maringa,PR,-5.457002690999936,-59.01911959055343,maringa,PR
19861,olinda,PE,-5.405174849685835,-44.64397851720908,olinda,PE
86948,uberlandia,MG,-31.9505114900911,-57.92140429794949,uberlandia,MG
19134,florianopolis,SC,-30.23296512795913,-50.448410628256426,florianopolis,SC
17049,rio de janeiro,RJ,-16.611597517879375,-48.382654092124525,rio de janeiro,RJ
45058,belo horizonte,MG,-14.201221370718738,-63.96578269410904,belo horizonte,MG
69435,belo horizonte,MG,-4.984348026426964,-61.35778333434453,belo horizonte,MG
19741,sao paulo,SP,-14.514560290215147,-62.877823937278094,sao paulo,SP
75579,sao paulo,SP,-9.062823397893634,-55.97658403903261,sao paulo,SP
16513,blumenau,SC,-11.78050437117113,-71.10761629787345,blumenau,SC
78393,joinville,SC,-19.994196844013132,-34.320339444144686,joinville,SC
10491,joinville,SC,-22.920050280001742,-61.680553511048714,joinville,SC
46978,sorocaba,SP,-13.839874375422063,-55.982110697067796,sorocaba,SP
64376,niteroi,RJ,-13.637758108333774,-62.311025834289,niteroi,RJ
27292,campinas,SP,-22.32326258119261,-57.76643521571012,campinas,SP
61595,brasilia,DF,-23.806659813434443,-37.69325088714589,brasilia,DF
69175,recife,PE,-29.632615011468705,-45.912387877426156,recife,PE
65365,campinas,SP,-30.141860583187082,-53.58135798029918,campinas,SP
40292,florianopolis,SC,-30.372678245780687,-46.376257137187125,florianopolis,SC
77555,santos,SP,-12.007221004810717,-53.652230262113996,santos,SP
73433,sorocaba,SP,-17.03372489602995,-65.02309342414215,sorocaba,SP
33309,santos,SP,-6.755186194280856,-61.48853198787697,santos,SP
73607,rio de janeiro,RJ,-29.60960802202939,-53.95335758838446,rio de janeiro,RJ
91923,blumenau,SC,-3.0270321166845306,-44.257576013296955,blumenau,SC
81853,sobral,CE,-19.427375341593667,-70.9088393925556,sobral,CE
73586,campinas,SP,-9.400890125612015,-58.575100911029686,campinas,SP
76884,curitiba,PR,-26.11238794221098,-67.887609060192,curitiba,PR
80665,blumenau,SC,-23.44143318313402,-47.39004248223946,blumenau,SC
29622,fortaleza,CE,-29.33809403113395,-64.49183311398987,fortaleza,CE
72374,pelotas,RS,-22.41250800812702,-59.383166168042834,pelotas,RS
20742,campinas,SP,-21.81927498896204,-57.01741292067838,campinas,SP
36486,caxias do sul,RS,-23.257944877122704,-56.494122030623885,caxias do sul,RS
93517,petropolis,RJ,-5.795711592062915,-51.529295976744734,petropolis,RJ
29019,vitoria,ES,-7.515798744473049,-68.76650544642843,vitoria,ES
84517,belo horizonte,MG,-29.80894518225999,-41.46286426936557,belo horizonte,MG
42828,florianopolis,SC,-21.24343476126186,-51.69309242865476,florianopolis,SC
21776,campinas,SP,-23.520938333425214,-52.07295703601292,campinas,SP
10605,uberlandia,MG,-5.089047804690342,-62.06246176590879,uberlandia,MG
55273,recife,PE,-14.940855826394973,-72.79606792692013,recife,PE
45676,caxias do sul,RS,-6.296597192647521,-49.24955411457509,caxias do sul,RS
51622,contagem,MG,-20.58425815512438,-54.37809724817298,contagem,MG
5270,sobral,CE,-14.44106821164847,-57.43609226089357,sobral,CE
27543,goiania,GO,-28.839717609780788,-51.76438520851363,goiania,GO
1390,niteroi,RJ,-29.49420293284799,-45.38505507389049,niteroi,RJ
30946,curitiba,PR,-14.612590901458802,-51.6745570129563,curitiba,PR
93217,uberlandia,MG,-16.084072656753488,-56.17050395479443,uberlandia,MG
16078,pelotas,RS,-6.196543920158639,-34.34723888349274,pelotas,RS
69243,petropolis,RJ,-12.394897534235447,-50.070172653042725,petropolis,RJ
1572,sao paulo,SP,-26.616506530793675,-62.37041478399716,sao paulo,SP
56622,fortaleza,CE,-17.37385563444655,-64.21298961001378,fortaleza,CE
92171,sobral,CE,-31.732568150034353,-54.498456313871934,sobral,CE
34768,anapolis,GO,-13.349192637855644,-67.82725391377897,anapolis,GO
20518,vitoria,ES,-29.326782353468936,-71.89019406453835,vitoria,ES
57482,salvador,BA,-20.53766014528935,-51.19608265449651,salvador,BA
28615,salvador,BA,-31.84483011597347,-57.04956863977145,salvador,BA
89265,feira de santana,BA,-12.998923249013675,-41.382245149554265,feira de santana,BA
85049,uberlandia,MG,-12.478109182355375,-72.79894107351353,uberlandia,MG
65584,contagem,MG,-28.614578582795673,-45.11996784830509,contagem,MG
64264,sorocaba,SP,-27.738582971757197,-45.15450755797044,sorocaba,SP
60645,blumenau,SC,-23.32536047294734,-40.39572289733628,blumenau,SC
73793,rio de janeiro,RJ,-3.143421763767929,-41.25199496276787,rio de janeiro,RJ
46559,sorocaba,SP,-6.3997711787126335,-35.09423298623678,sorocaba,SP
97003,pelotas,RS,-19.099022273547554,-67.99106542106105,pelotas,RS
35223,uberlandia,MG,-8.802446254622957,-59.88333323739659,uberlandia,MG
1884,santos,SP,-32.878391739999074,-35.73037772727002,santos,SP
70155,anapolis,GO,-29.50315739280751,-40.610622352204125,anapolis,GO
66559,olinda,PE,-11.1462302514859,-41.38967349696016,olinda,PE
98116,santos,SP,-6.133912397506879,-50.801726653217486,santos,SP
40136,sao paulo,SP,-29.55172154099906,-35.9526335068746,sao paulo,SP
43050,niteroi,RJ,-9.482946090152346,-56.10701862518574,niteroi,RJ
56637,brasilia,DF,-31.221435243054522,-59.5736345829572,brasilia,DF
39827,anapolis,GO,-22.542898197814317,-34.48905112851087,anapolis,GO
78700,sao paulo,SP,-9.98831781604802,-59.6506720379193,sao paulo,SP
43382,brasilia,DF,-18.646072251242707,-37.73395294493419,brasilia,DF
78577,sorocaba,SP,-10.658733233728583,-57.994090973739404,sorocaba,SP
43128,belo horizonte,MG,-24.492360907292483,-44.644070500417534,belo horizonte,MG
23284,serra,ES,-12.931107736171544,-54.06395928989498,serra,ES
99070,santos,SP,-9.315716975080935,-49.87418829164649,santos,SP
53121,campinas,SP,-27.039094164563586,-37.79095421929235,campinas,SP
70970,belo horizonte,MG,-27.4179446282598,-44.83718149232679,belo horizonte,MG
59534,porto alegre,RS,-31.64965474256744,-41.767422790012944,porto alegre,RS
36558,sobral,CE,-21.534731311977062,-55.36509768620974,sobral,CE
97240,vitoria,ES,-32.58085279203884,-69.05003884427187,vitoria,ES
37778,sorocaba,SP,-17.17955654071651,-37.084278465664866,sorocaba,SP
99315,sao paulo,SP,-24.676250443582425,-34.892341227207766,sao paulo,SP
43648,brasilia,DF,-3.3283217847062865,-61.86631052189382,brasilia,DF
3242,sorocaba,SP,-6.842805620034596,-38.93369847270218,sorocaba,SP
4634,olinda,PE,-16.51059080438035,-51.21593444096368,olinda,PE
97391,florianopolis,SC,-6.026302435672573,-58.95883454751318,florianopolis,SC
53253,santos,SP,-4.1164056389138715,-71.99285969620799,santos,SP
39375,anapolis,GO,-14.995044712520208,-41.775079759186085,anapolis,GO
81325,campinas,SP,-22.263933893623047,-34.64324617255112,campinas,SP
62097,belo horizonte,MG,-6.517382843710738,-64.89805093566864,belo horizonte,MG
66395,maringa,PR,-25.00102767434601,-72.72658211189835,maringa,PR
68858,londrina,PR,-23.157801930291143,-60.262442093008055,londrina,PR
20643,florianopolis,SC,-13.501941948293876,-37.40178276654948,florianopolis,SC
9738,blumenau,SC,-32.01396944147234,-39.17021633101009,blumenau,SC
73074,serra,ES,-29.47971407054611,-55.898271669590144,serra,ES
3159,vitoria,ES,-16.36272738324263,-41.13311058840566,vitoria,ES
72225,curitiba,PR,-28.825535573655852,-61.582472448340354,curitiba,PR
13863,sao paulo,SP,-7.312343904866154,-50.568623234532595,sao paulo,SP
26991,feira de santana,BA,-6.784445576669924,-46.807620148031525,feira de santana,BA
71067,vitoria,ES,-17.61391007246236,-68.61164961726284,vitoria,ES
62663,petropolis,RJ,-30.22796466629713,-66.9202334399385,petropolis,RJ
78371,uberlandia,MG,-24.596792182416454,-69.74886875903015,uberlandia,MG
61483,uberlandia,MG,-15.48693974150462,-34.16014908546872,uberlandia,MG
5737,sorocaba,SP,-31.35004723144745,-57.83322502761149,sorocaba,SP
84138,blumenau,SC,-22.37532428742472,-60.672109523221266,blumenau,SC
22358,rio de janeiro,RJ,-27.6395579783483,-59.52787937959486,rio de janeiro,RJ
14471,brasilia,DF,-15.713093899128118,-35.24618243128584,brasilia,DF
87974,goiania,GO,-6.837940951481677,-72.00933559466978,goiania,GO
20288,goiania,GO,-6.0352065529739,-36.82713187798869,goiania,GO
54070,contagem,MG,-30.06864392673748,-50.61613336415795,contagem,MG
49110,niteroi,RJ,-30.159821786081427,-52.00933460222393,niteroi,RJ
77180,salvador,BA,-11.22400122175398,-59.497493586158676,salvador,BA
5370,brasilia,DF,-32.81451968142579,-71.8780855553722,brasilia,DF
11562,curitiba,PR,-18.08725327900119,-39.963525857242914,curitiba,PR
42143,olinda,PE,-13.200551577717441,-52.464385262324434,olinda,PE
47852,santos,SP,-21.34256163997977,-72.79955407091917,santos,SP
79032,recife,PE,-20.1969673632992,-45.56195856686617,recife,PE
60966,sorocaba,SP,-19.799921095252326,-56.496846936575984,sorocaba,SP
15722,sorocaba,SP,-24.122491503510563,-57.62480864216826,sorocaba,SP
97908,maringa,PR,-20.379428982029577,-70.60455307174645,maringa,PR
46534,campinas,SP,-8.901867738586077,-46.7662991252395,campinas,SP
96493,sorocaba,SP,-7.918664419925321,-47.72411762948042,sorocaba,SP
98986,santos,SP,-15.058807757198327,-35.22002868345132,santos,SP
6115,uberlandia,MG,-23.88597831272955,-68.78682150900339,uberlandia,MG
51085,brasilia,DF,-20.83396288018676,-36.13173638719398,brasilia,DF
42781,campinas,SP,-11.893010934699717,-54.349827826583336,campinas,SP
50333,blumenau,SC,-18.779559247545986,-70.90660038558369,blumenau,SC
31683,anapolis,GO,-29.337547710420175,-43.53797562696714,anapolis,GO
56320,sao paulo,SP,-13.060171938354124,-56.88132688194384,sao paulo,SP
49726,sorocaba,SP,-30.196417452329978,-69.48738215728513,sorocaba,SP
19414,recife,PE,-3.377966245628148,-68.06175274811868,recife,PE
29562,anapolis,GO,-23.3798571222742,-35.42954909664096,anapolis,GO
15569,londrina,PR,-28.250742146479748,-47.48917607474108,londrina,PR
84515,anapolis,GO,-15.122083187954,-35.8406473033599,anapolis,GO
68057,sao paulo,SP,-10.330211298170695,-42.73117960870929,sao paulo,SP
39365,uberlandia,MG,-11.445816508471378,-48.582423568630965,uberlandia,MG
40180,feira de santana,BA,-24.97497026619247,-68.36931203753245,feira de santana,BA
8830,sao paulo,SP,-16.79433384645464,-55.44077004622845,sao paulo,SP
29700,feira de santana,BA,-12.238602548990585,-63.615864074243056,feira de santana,BA
92516,maringa,PR,-8.573104103694053,-66.76377197688525,maringa,PR
4107,feira de santana,BA,-18.47300901833681,-53.74111461818671,feira de santana,BA
15466,uberlandia,MG,-32.76115861429287,-60.780735416214405,uberlandia,MG
84758,rio de janeiro,RJ,-20.326146443767698,-35.82212390415154,rio de janeiro,RJ
52511,santos,SP,-14.561915712558239,-71.86654267048448,santos,SP
4200,campinas,SP,-28.775901610256106,-71.89323699888875,campinas,SP
49486,feira de santana,BA,-5.22525776956703,-48.6570521759792,feira de santana,BA
75247,santos,SP,-27.63930579728154,-69.37195131950753,santos,SP
35161,santos,SP,-28.423963560398093,-51.39313157851848,santos,SP
38816,sao paulo,SP,-32.966410365219346,-41.18506673631579,sao paulo,SP
63499,sorocaba,SP,-25.500533458351462,-68.1082928674795,sorocaba,SP
60269,anapolis,GO,-7.9210966634555575,-70.25503312018043,anapolis,GO
90387,contagem,MG,-11.418079714973445,-35.889594179478486,contagem,MG
25519,serra,ES,-28.496203345179584,-39.465874912540855,serra,ES
28330,sorocaba,SP,-4.9932035463125,-63.38311707632294,sorocaba,SP
16384,blumenau,SC,-13.802160428188863,-54.18566209632023,blumenau,SC
66826,contagem,MG,-17.81481427071912,-66.9770517012098,contagem,MG
53804,contagem,MG,-29.237414651660824,-40.29933417042623,contagem,MG
35347,olinda,PE,-6.3177260525508,-65.50515254161911,olinda,PE
69865,vitoria,ES,-14.984762977143589,-40.62646895633424,vitoria,ES
38291,recife,PE,-28.872776433160045,-63.33274312248667,recife,PE
20353,campinas,SP,-18.530911343942954,-68.70419169362356,campinas,SP
54444,sorocaba,SP,-31.888020139811093,-64.68286644837855,sorocaba,SP
44199,joinville,SC,-30.713805096456795,-51.91726935009243,joinville,SC
41133,niteroi,RJ,-27.415161214121696,-38.482089877506716,niteroi,RJ
45020,salvador,BA,-20.216381564498736,-71.49431647228151,salvador,BA
91505,maringa,PR,-8.46527580454067,-67.41748687340454,maringa,PR
22381,londrina,PR,-12.857403699891378,-51.428929520973114,londrina,PR
28305,goiania,GO,-12.46677240050812,-69.45954401386206,goiania,GO
56939,salvador,BA,-30.72757861086756,-59.44453557825537,salvador,BA
5623,sorocaba,SP,-27.037108095408154,-58.423125809804304,sorocaba,SP
15447,sao paulo,SP,-19.686490155820813,-53.973021306979234,sao paulo,SP
57066,caxias do sul,RS,-4.8496562758815,-44.98372494003857,caxias do sul,RS
51464,uberlandia,MG,-14.187470812550917,-63.39884957970153,uberlandia,MG
65628,sao paulo,SP,-26.700275527277483,-60.22051943091369,sao paulo,SP
12229,belo horizonte,MG,-32.829656864224816,-56.120589839481426,belo horizonte,MG
85532,feira de santana,BA,-31.04901780707444,-57.70008220936782,feira de santana,BA
49068,anapolis,GO,-27.705495582658,-45.06079159197587,anapolis,GO
16347,curitiba,PR,-14.128435218775387,-71.21334394883655,curitiba,PR
31847,rio de janeiro,RJ,-28.686596652492955,-67.22834598213294,rio de janeiro,RJ
23517,campinas,SP,-31.74985814187013,-67.61255386268562,campinas,SP
45771,maringa,PR,-15.758741190892074,-52.113131225808935,maringa,PR
47468,petropolis,RJ,-27.67451334901022,-69.68536115073945,petropolis,RJ
43940,curitiba,PR,-26.28371597926037,-70.08287449946684,curitiba,PR
46639,blumenau,SC,-4.027285674845558,-42.53085909026666,blumenau,SC
90884,sorocaba,SP,-8.576335314326414,-34.766287408876494,sorocaba,SP
95954,sao paulo,SP,-7.944894486798717,-71.58313383198278,sao paulo,SP
49503,sao paulo,SP,-32.04783521795993,-66.29742864186926,sao paulo,SP
96338,olinda,PE,-3.8804027251971185,-53.147613147045014,olinda,PE
82030,joinville,SC,-18.56610314759004,-37.898005162222994,joinville,SC
82175,sorocaba,SP,-30.379249016756848,-53.337688650170456,sorocaba,SP
23339,recife,PE,-23.559586457346022,-58.19832703759527,recife,PE
44403,belo horizonte,MG,-29.945496509017733,-40.26829764785745,belo horizonte,MG
35855,belo horizonte,MG,-23.178539870946842,-42.947571084071214,belo horizonte,MG
10548,fortaleza,CE,-29.170733986563338,-41.79395066566629,fortaleza,CE
8433,campinas,SP,-25.498098096634614,-63.869248779847176,campinas,SP
62620,sao paulo,SP,-30.97008461661965,-47.63919621518082,sao paulo,SP
42653,pelotas,RS,-25.311712568854933,-65.85724597625888,pelotas,RS
82745,santos,SP,-22.778841597149313,-55.20481213150319,santos,SP
67200,blumenau,SC,-5.573923942961727,-40.27913549893528,blumenau,SC
9432,santos,SP,-27.326694037610057,-41.98336790230919,santos,SP
83977,campinas,SP,-8.160474656255108,-51.348310884505544,campinas,SP
50113,santos,SP,-8.468645628994924,-42.97017737296568,santos,SP
57025,belo horizonte,MG,-16.167907729335166,-70.37013264175272,belo horizonte,MG
96601,sorocaba,SP,-19.871554304262226,-40.632934895684215,sorocaba,SP
64366,santos,SP,-20.971831771238907,-42.02413743287164,santos,SP
3206,recife,PE,-5.687070353290061,-44.07599947816483,recife,PE
18549,niteroi,RJ,-4.386234900966681,-67.37853345974199,niteroi,RJ
43208,niteroi,RJ,-11.967642369007947,-64.67504473395118,niteroi,RJ
4683,sao paulo,SP,-7.087175215272623,-64.44711694444857,sao paulo,SP
17579,rio de janeiro,RJ,-9.477903215877472,-46.318102344457806,rio de janeiro,RJ
79376,sorocaba,SP,-11.570235031612402,-62.064774935834,sorocaba,SP
15135,porto alegre,RS,-25.764972273069738,-67.85630960975426,porto alegre,RS
17536,santos,SP,-20.56620475756193,-51.051145713991524,santos,SP
50963,recife,PE,-25.532906725806818,-59.084485945354956,recife,PE
10025,sobral,CE,-10.39999531675117,-54.255725862501414,sobral,CE
26312,sao paulo,SP,-23.965941746019617,-44.50735245280853,sao paulo,SP
93817,campinas,SP,-11.88901793866464,-63.95931082016232,campinas,SP
63515,santos,SP,-23.076831469520158,-37.64998942244945,santos,SP
96387,caxias do sul,RS,-31.12533752436489,-44.97602675464118,caxias do sul,RS
36070,santos,SP,-6.235878724787472,-41.089825682654705,santos,SP
62008,goiania,GO,-20.552150083861473,-56.892569854637884,goiania,GO
24617,salvador,BA,-26.09880895041457,-50.130167396763724,salvador,BA
38484,anapolis,GO,-16.942788095177775,-42.39721539773146,anapolis,GO
18290,londrina,PR,-29.010389411017822,-71.16236474477499,londrina,PR
83489,vitoria,ES,-32.66397172265924,-58.709735009300395,vitoria,ES
19220,sorocaba,SP,-32.271731583595354,-68.5195602843437,sorocaba,SP
21267,contagem,MG,-3.2801566216952196,-41.76192763824605,contagem,MG
46916,petropolis,RJ,-9.126451556350997,-35.10377279142896,petropolis,RJ
43509,sobral,CE,-7.654999584073469,-37.77062681943762,sobral,CE
32069,pelotas,RS,-18.24097033496188,-37.164261941730814,pelotas,RS
36344,brasilia,DF,-17.06797292646656,-58.37448463023178,brasilia,DF
30207,santos,SP,-27.474401168670816,-52.69757187198914,santos,SP
91356,serra,ES,-18.059417190903375,-57.81240854955624,serra,ES
58456,curitiba,PR,-15.597425585528512,-58.738691804227294,curitiba,PR
92057,londrina,PR,-8.322415613459555,-72.42748281820649,londrina,PR
98693,vitoria,ES,-7.398259656007575,-49.96163429952472,vitoria,ES
65437,petropolis,RJ,-8.422420831364356,-41.288650438655324,petropolis,RJ
82739,uberlandia,MG,-4.409484162638275,-57.50686898941933,uberlandia,MG
11963,pelotas,RS,-5.853338581193853,-39.822655981794064,pelotas,RS
94991,santos,SP,-24.672710307777336,-55.58647136910305,santos,SP
48736,niteroi,RJ,-27.09742448506835,-48.061311052800704,niteroi,RJ
71629,sorocaba,SP,-21.73574039639568,-72.53813637501206,sorocaba,SP
25287,campinas,SP,-30.490458168468898,-48.79277606320056,campinas,SP
10454,recife,PE,-8.084815354406341,-61.52903007838269,recife,PE
88605,caxias do sul,RS,-19.036759268838253,-41.73681149331992,caxias do sul,RS
45494,petropolis,RJ,-29.395938105859223,-72.94542001645728,petropolis,RJ
14701,contagem,MG,-19.335761462276913,-68.73163155281844,contagem,MG
66188,belo horizonte,MG,-16.450029713371233,-41.1078364548716,belo horizonte,MG
6376,caxias do sul,RS,-22.15598702247736,-55.601650952835286,caxias do sul,RS
45596,fortaleza,CE,-23.548375451275557,-62.54131662319587,fortaleza,CE
70737,sobral,CE,-19.725690851982023,-72.25822816718534,sobral,CE
72320,belo horizonte,MG,-25.496697162851945,-58.99680200276909,belo horizonte,MG
45874,petropolis,RJ,-21.700178561557557,-42.02349881330083,petropolis,RJ
37626,contagem,MG,-11.828650707194232,-52.33517150153663,contagem,MG
83997,curitiba,PR,-5.898835437487566,-68.41193553358619,curitiba,PR
19288,belo horizonte,MG,-31.41362413885276,-58.47489055400807,belo horizonte,MG
8388,joinville,SC,-3.8968674992244097,-59.54150993884038,joinville,SC
16527,curitiba,PR,-20.328761279853033,-68.87760913302063,curitiba,PR
80305,petropolis,RJ,-7.671687693633942,-58.61948857602549,petropolis,RJ
47519,petropolis,RJ,-13.222575642323488,-67.59796827497873,petropolis,RJ
4696,petropolis,RJ,-8.291688523412205,-45.23443906689195,petropolis,RJ
17708,santos,SP,-28.350388897389152,-64.16439465588891,santos,SP
3778,sorocaba,SP,-29.234193327554127,-61.75325784252233,sorocaba,SP
81627,salvador,BA,-31.58812694989807,-67.09069279506618,salvador,BA
46669,rio de janeiro,RJ,-26.469543206050133,-42.00353543645731,rio de janeiro,RJ
7738,sao paulo,SP,-13.642602101931363,-36.74666429818391,sao paulo,SP
22907,maringa,PR,-17.91057709087132,-65.47113216574168,maringa,PR
62028,feira de santana,BA,-13.034803859785082,-52.43278548429976,feira de santana,BA
59777,campinas,SP,-3.824624186307915,-37.506800558435756,campinas,SP
82108,goiania,GO,-28.16440928272477,-36.21336166732088,goiania,GO
3555,sobral,CE,-26.348376248705904,-67.5976376069825,sobral,CE
7870,porto alegre,RS,-26.259174522463326,-49.63002644394901,porto alegre,RS
4503,joinville,SC,-11.27323397128696,-53.30677518268196,joinville,SC
40012,santos,SP,-32.054458723809724,-57.04550376105455,santos,SP
72986,fortaleza,CE,-22.894557021618777,-41.223946445075086,fortaleza,CE
66636,belo horizonte,MG,-16.528975310721698,-71.9920646935513,belo horizonte,MG
21806,fortaleza,CE,-32.59309758161603,-40.168476029513684,fortaleza,CE
66065,caxias do sul,RS,-5.0390817265405765,-63.84061305275493,caxias do sul,RS
65984,campinas,SP,-4.15167792421374,-67.38495703404992,campinas,SP
19947,campinas,SP,-8.353748190198221,-48.4118377802576,campinas,SP
75241,joinville,SC,-18.863866569658484,-36.282711717577534,joinville,SC
42806,curitiba,PR,-15.458317559451839,-52.77679989420704,curitiba,PR
6873,santos,SP,-32.23804124979249,-35.41019153075449,santos,SP
39667,salvador,BA,-8.853564977665894,-49.05328706895109,salvador,BA
77204,goiania,GO,-32.619897165401234,-49.75245920113143,goiania,GO
69924,curitiba,PR,-14.136371284144289,-65.74783282746016,curitiba,PR
27573,belo horizonte,MG,-30.3148271072396,-67.21592618104314,belo horizonte,MG
75932,sao paulo,SP,-9.248099628755895,-48.42426249250735,sao paulo,SP
39564,brasilia,DF,-17.11156683689309,-70.56841160221187,brasilia,DF
46563,petropolis,RJ,-28.286552795065706,-35.036845644794774,petropolis,RJ
9577,recife,PE,-30.988586974400242,-62.14977238406726,recife,PE
99708,petropolis,RJ,-25.631712567382582,-54.92868007222245,petropolis,RJ
84023,maringa,PR,-3.924110003971556,-65.89215949195354,maringa,PR
20297,sorocaba,SP,-29.368281755913674,-55.44031641865955,sorocaba,SP
56511,sorocaba,SP,-19.331045905437662,-63.986627347120994,sorocaba,SP
78254,brasilia,DF,-24.832056445754397,-40.30359448344729,brasilia,DF
50961,curitiba,PR,-13.13537951298142,-70.52979883301275,curitiba,PR
21868,londrina,PR,-9.996743040020046,-56.76983745921519,londrina,PR
96885,serra,ES,-4.8555403194268045,-43.06670497607928,serra,ES
27611,serra,ES,-19.0304150282638,-38.509842610153896,serra,ES
34115,goiania,GO,-19.130561750789063,-35.270237476600165,goiania,GO
37790,santos,SP,-24.626347667020106,-70.76282942999373,santos,SP
89186,pelotas,RS,-10.575944562045464,-67.87514715777003,pelotas,RS
50500,olinda,PE,-3.233202202615253,-63.33480636723792,olinda,PE
72248,niteroi,RJ,-22.3040795915065,-35.74837927096098,niteroi,RJ
90219,sao paulo,SP,-11.916299853811392,-35.22182708654665,sao paulo,SP
92923,goiania,GO,-9.866628862820228,-50.559482799994214,goiania,GO
85785,belo horizonte,MG,-8.578122901179206,-44.386628152575085,belo horizonte,MG
90871,londrina,PR,-14.861788780941364,-54.70633373576959,londrina,PR
94873,vitoria,ES,-20.831299632637148,-37.73447119360447,vitoria,ES
99110,caxias do sul,RS,-15.266478549719515,-68.74269268246509,caxias do sul,RS
64665,belo horizonte,MG,-29.986484681136297,-41.70475319352547,belo horizonte,MG
14035,rio de janeiro,RJ,-3.905667132275582,-54.37026965153311,rio de janeiro,RJ
12217,belo horizonte,MG,-28.318963289399214,-55.25917424312361,belo horizonte,MG
79804,sao paulo,SP,-26.456608112046396,-50.82761161021247,sao paulo,SP
32297,brasilia,DF,-15.03876936303725,-54.48313033523061,brasilia,DF
80644,anapolis,GO,-16.816497091080112,-39.705508639016976,anapolis,GO
93537,petropolis,RJ,-31.025011224576506,-63.62588664985118,petropolis,RJ
64792,petropolis,RJ,-16.19834845213782,-68.06125254559805,petropolis,RJ
76664,olinda,PE,-13.053642727079179,-48.038146646365604,olinda,PE
28606,sao paulo,SP,-18.614090105739816,-43.70235159277114,sao paulo,SP
44018,maringa,PR,-15.683648323365048,-53.683497865247574,maringa,PR
96548,uberlandia,MG,-29.525545880348094,-47.604357053313166,uberlandia,MG
81867,blumenau,SC,-6.080279736311461,-54.232878512259646,blumenau,SC
21237,campinas,SP,-3.1841925417673274,-40.52790365525005,campinas,SP
93694,joinville,SC,-14.568763613060081,-45.26873750209514,joinville,SC
50457,niteroi,RJ,-16.495007390388665,-35.55470697041549,niteroi,RJ
84542,porto alegre,RS,-11.976798961410143,-49.38229139179774,porto alegre,RS
52626,santos,SP,-6.453167342545427,-46.68231711938605,santos,SP
60784,contagem,MG,-27.466744567204223,-52.263508116390554,contagem,MG
17020,curitiba,PR,-18.099468040497914,-51.781218408072,curitiba,PR
34527,sao paulo,SP,-20.860764944448228,-69.95073356628812,sao paulo,SP
72529,sorocaba,SP,-28.196123772826056,-55.60545915459373,sorocaba,SP
84396,santos,SP,-20.64204070333989,-63.76350638841332,santos,SP
9797,petropolis,RJ,-6.659124358820108,-35.25381041178091,petropolis,RJ
8609,santos,SP,-29.58881543407897,-38.00617469192976,santos,SP
69615,sobral,CE,-27.564034495423776,-57.02654596656468,sobral,CE
45261,contagem,MG,-13.75389204389651,-68.77353708818782,contagem,MG
85012,brasilia,DF,-26.62603808073916,-57.994131005740655,brasilia,DF
7753,serra,ES,-27.797965249721017,-34.24095139755272,serra,ES
35589,campinas,SP,-5.286032614677648,-70.34112358220064,campinas,SP
4508,joinville,SC,-19.80024649730067,-37.853813258606394,joinville,SC
71231,recife,PE,-26.571764887398825,-68.85664478035196,recife,PE
85926,caxias do sul,RS,-17.813573739607317,-51.27099931708764,caxias do sul,RS
16520,contagem,MG,-30.986666651715375,-39.140152616772916,contagem,MG
33072,belo horizonte,MG,-26.014699554232514,-48.88774196867607,belo horizonte,MG
84748,santos,SP,-15.902822602981647,-66.20820945427532,santos,SP
5101,londrina,PR,-27.551846493071558,-34.170866459506584,londrina,PR
95250,vitoria,ES,-5.295496583819634,-39.418746325395794,vitoria,ES
88811,fortaleza,CE,-25.662273702631772,-67.10532069680339,fortaleza,CE
16116,santos,SP,-24.40935433591718,-52.8196746724291,santos,SP
14753,blumenau,SC,-11.774864754383234,-47.68214604412948,blumenau,SC
69493,petropolis,RJ,-7.018118825389067,-49.98610837398814,petropolis,RJ
1999,recife,PE,-30.52195451180248,-59.19363654808346,recife,PE
51076,santos,SP,-16.291958516994786,-41.110786113185675,santos,SP
7525,fortaleza,CE,-10.991853333809466,-62.120525683129145,fortaleza,CE
53617,goiania,GO,-7.048651213550347,-61.163121350195865,goiania,GO
35669,campinas,SP,-30.37158697699115,-51.6666308171091,campinas,SP
70941,sao paulo,SP,-3.1574682121540256,-70.53072831387362,sao paulo,SP
88189,anapolis,GO,-30.026819059650595,-69.95599793887227,anapolis,GO
49384,santos,SP,-8.904375649659222,-35.30472887987266,santos,SP
64534,curitiba,PR,-28.566364595297088,-56.081064093826214,curitiba,PR
60431,sobral,CE,-14.483675963533734,-51.00565188057526,sobral,CE
98506,curitiba,PR,-22.79448390663761,-34.37187282758576,curitiba,PR
23858,uberlandia,MG,-22.79409959004619,-34.95884629500736,uberlandia,MG
24654,belo horizonte,MG,-21.890366290371936,-42.92725668061282,belo horizonte,MG
38471,campinas,SP,-11.416317623422842,-50.15270568948283,campinas,SP
73931,serra,ES,-21.36260424421598,-63.301655953958345,serra,ES
86657,petropolis,RJ,-4.993524741875781,-65.90640358568521,petropolis,RJ
28529,sorocaba,SP,-27.02088257182328,-68.34683827645641,sorocaba,SP
11880,petropolis,RJ,-32.84984654828264,-58.412682630027916,petropolis,RJ
61255,vitoria,ES,-27.736481189828577,-62.6977101521846,vitoria,ES
60159,sao paulo,SP,-4.226566089151429,-40.070587941123804,sao paulo,SP
38101,olinda,PE,-13.766958177409517,-37.13087459215332,olinda,PE
19244,blumenau,SC,-14.562050708141761,-49.406922268772334,blumenau,SC
85136,goiania,GO,-3.6726478383098033,-47.550327806534696,goiania,GO
84806,vitoria,ES,-19.399805048164257,-52.13178110869621,vitoria,ES
75004,anapolis,GO,-23.61569097660973,-68.68103142857781,anapolis,GO
58324,fortaleza,CE,-32.69628683766427,-39.56726323876992,fortaleza,CE
26880,sao paulo,SP,-24.627442282919894,-71.48461422249883,sao paulo,SP
40901,brasilia,DF,-18.67752555631024,-46.67650999982641,brasilia,DF
7774,maringa,PR,-32.952370857844016,-66.50208438501103,maringa,PR
25732,londrina,PR,-7.168632996969695,-42.5763446229475,londrina,PR
45592,recife,PE,-16.592360392159975,-47.60848000877062,recife,PE
44247,serra,ES,-6.624394198665232,-63.39207835435974,serra,ES
8957,joinville,SC,-11.726166741881165,-42.680653872852986,joinville,SC
95802,uberlandia,MG,-14.20749301293748,-42.418460008235144,uberlandia,MG
27555,contagem,MG,-11.68010294060699,-53.52150211219645,contagem,MG
51411,rio de janeiro,RJ,-10.802073051232306,-51.57702631740125,rio de janeiro,RJ
47059,niteroi,RJ,-20.976142921418045,-68.85742139147341,niteroi,RJ
47478,contagem,MG,-11.476620379647496,-56.351086799459125,contagem,MG
84657,campinas,SP,-6.987496096747364,-47.25802407793765,campinas,SP
74880,sorocaba,SP,-10.457239836439104,-70.31363391284162,sorocaba,SP
86895,brasilia,DF,-12.759040796567454,-58.99208036235254,brasilia,DF
38525,uberlandia,MG,-7.946261165238731,-55.4259401360134,uberlandia,MG
27249,fortaleza,CE,-26.701340638933935,-45.27009605831722,fortaleza,CE
43314,pelotas,RS,-23.275959423301686,-58.592468237226264,pelotas,RS
56587,santos,SP,-15.705826527798866,-36.88640711933311,santos,SP
34357,sorocaba,SP,-26.89668074352951,-41.672611858752475,sorocaba,SP
46545,sorocaba,SP,-12.163211356187478,-53.43544946571387,sorocaba,SP
15940,serra,ES,-10.379389612950252,-45.23488697464808,serra,ES
58799,sao paulo,SP,-32.22678332242092,-60.852461977546014,sao paulo,SP
71666,londrina,PR,-13.197590384794871,-53.78015355175498,londrina,PR
53187,sobral,CE,-32.085608248216616,-50.70691252327871,sobral,CE
87429,serra,ES,-31.581771681987075,-61.95341780659095,serra,ES
99571,campinas,SP,-28.529807596130983,-40.024091192171106,campinas,SP
90652,campinas,SP,-26.12215342109198,-51.453853959172335,campinas,SP
10204,sorocaba,SP,-7.098109151905756,-54.99384660301397,sorocaba,SP
88198,sao paulo,SP,-16.27871473606139,-60.70035792777968,sao paulo,SP
34036,sao paulo,SP,-31.349829340762565,-38.36063150800241,sao paulo,SP
45726,maringa,PR,-4.156807450328337,-60.9635570219896,maringa,PR
41785,fortaleza,CE,-18.99271515279291,-68.1681321067022,fortaleza,CE
29122,maringa,PR,-16.485988522675115,-69.62553583123842,maringa,PR
87844,caxias do sul,RS,-11.781926720085231,-39.42650126144693,caxias do sul,RS
64153,sorocaba,SP,-7.835020809076667,-60.54674658183658,sorocaba,SP
96728,brasilia,DF,-15.313685735435932,-47.7559595749549,brasilia,DF
95514,caxias do sul,RS,-14.241321550857858,-34.24399239860924,caxias do sul,RS
42555,olinda,PE,-30.426279169803802,-62.741210428752915,olinda,PE
72977,sobral,CE,-31.382459259642836,-48.32960678586255,sobral,CE
50733,rio de janeiro,RJ,-25.20782161515984,-51.697668783952636,rio de janeiro,RJ
49989,sorocaba,SP,-16.544969066559627,-70.37468554360834,sorocaba,SP
74223,santos,SP,-6.096011276566422,-59.51972100712751,santos,SP
69191,belo horizonte,MG,-27.791764119900463,-68.02935019908033,belo horizonte,MG
91261,fortaleza,CE,-4.802217273894307,-63.56543714004248,fortaleza,CE
77480,rio de janeiro,RJ,-25.072914817376095,-39.496119367332405,rio de janeiro,RJ
62591,brasilia,DF,-8.412847376022537,-60.09631067024486,brasilia,DF
92006,curitiba,PR,-24.444046063530777,-71.92365305302773,curitiba,PR
11135,campinas,SP,-20.85055663936048,-38.41718953138313,campinas,SP
76557,petropolis,RJ,-11.92270321084522,-37.015651475656,petropolis,RJ
39835,joinville,SC,-6.535219760353147,-51.81991631651716,joinville,SC
43885,florianopolis,SC,-25.625134051278383,-59.22400994722966,florianopolis,SC
78385,uberlandia,MG,-9.834925913259802,-41.28791382172695,uberlandia,MG
28086,sao paulo,SP,-3.1959588641444903,-69.14167071667109,sao paulo,SP
88478,feira de santana,BA,-21.018575422482318,-49.08985292368456,feira de santana,BA
50487,sao paulo,SP,-30.067751327583434,-67.24633809274148,sao paulo,SP
35550,sobral,CE,-15.86519732152101,-39.464760921772644,sobral,CE
33489,campinas,SP,-25.85180883388944,-43.07591851147569,campinas,SP
42670,sao paulo,SP,-30.22735953741491,-37.90828707617843,sao paulo,SP
94332,maringa,PR,-14.884144242804851,-35.288357783293336,maringa,PR
11161,londrina,PR,-22.44601526095924,-41.91750866852004,londrina,PR
51288,maringa,PR,-23.925057850753205,-62.5737596455467,maringa,PR
83664,uberlandia,MG,-5.700674149491171,-48.88606529411274,uberlandia,MG
47733,serra,ES,-29.69304658396284,-36.47096418140356,serra,ES
57035,uberlandia,MG,-19.60475809158875,-65.57231503911092,uberlandia,MG
35471,belo horizonte,MG,-11.597355425328004,-65.53784095214695,belo horizonte,MG
14484,belo horizonte,MG,-14.383868675898771,-43.85333117424869,belo horizonte,MG
64300,campinas,SP,-13.776892617819872,-48.49155986314544,campinas,SP
92074,caxias do sul,RS,-8.849740459216719,-55.38264058373126,caxias do sul,RS
52484,sorocaba,SP,-22.820391253893504,-69.46838067686049,sorocaba,SP
43771,caxias do sul,RS,-19.437254351417156,-43.294140674487934,caxias do sul,RS
13775,sorocaba,SP,-23.13878178550342,-59.800981717181244,sorocaba,SP
94527,vitoria,ES,-25.31473962054011,-37.52113375132972,vitoria,ES
87050,uberlandia,MG,-22.010324913027695,-49.77837612647413,uberlandia,MG
90292,olinda,PE,-22.875522494314513,-43.573753509494495,olinda,PE
36541,belo horizonte,MG,-20.302850463691108,-65.93676202784499,belo horizonte,MG
62903,campinas,SP,-7.303756403152878,-46.63604990643448,campinas,SP
43824,anapolis,GO,-22.540111661160203,-35.24212845865279,anapolis,GO
24230,joinville,SC,-19.66866698637886,-64.27104091119469,joinville,SC
21360,brasilia,DF,-20.06837607171311,-44.105033670002065,brasilia,DF
39001,contagem,MG,-24.50346386163385,-57.11445786038089,contagem,MG
55785,caxias do sul,RS,-18.5601650044299,-69.08361693712959,caxias do sul,RS
13078,anapolis,GO,-6.994996506514305,-38.10377766047269,anapolis,GO
70502,pelotas,RS,-24.73921396806324,-56.04580833241361,pelotas,RS
46318,petropolis,RJ,-18.397975844005543,-59.47874342949719,petropolis,RJ
88234,florianopolis,SC,-18.50582140219796,-42.11948200241682,florianopolis,SC
28600,joinville,SC,-12.226707517744885,-72.49753400021599,joinville,SC
6109,vitoria,ES,-17.9846195723957,-49.995872287782234,vitoria,ES
31893,rio de janeiro,RJ,-26.204285144864585,-70.9388489428506,rio de janeiro,RJ
97358,belo horizonte,MG,-21.94290780268169,-36.266874742758766,belo horizonte,MG
32877,anapolis,GO,-27.78719139620862,-37.922322608819684,anapolis,GO
70677,londrina,PR,-30.366581857319268,-47.72890252157248,londrina,PR
84485,feira de santana,BA,-28.088670827147737,-52.44106557759906,feira de santana,BA
29145,belo horizonte,MG,-30.040601291915507,-42.60224869872421,belo horizonte,MG
64616,santos,SP,-30.244101500307643,-45.504217122668685,santos,SP
21242,feira de santana,BA,-28.752384555970274,-56.30247622836788,feira de santana,BA
36858,sorocaba,SP,-21.769569925353018,-66.70226141950994,sorocaba,SP
30312,sao paulo,SP,-28.713873341793118,-40.150501779044355,sao paulo,SP
67565,pelotas,RS,-18.381021826784945,-46.05356990532076,pelotas,RS
87695,salvador,BA,-25.31698709941554,-60.75395813635817,salvador,BA
25985,olinda,PE,-7.873229521456903,-56.08359251878755,olinda,PE
29847,campinas,SP,-29.531224094733147,-44.556831467522755,campinas,SP
82272,sorocaba,SP,-11.533068927468616,-48.24809646541765,sorocaba,SP
46818,sobral,CE,-30.808766049646888,-37.15814770325701,sobral,CE
51792,sorocaba,SP,-3.9314613261553397,-71.84905814221418,sorocaba,SP
70867,sorocaba,SP,-11.650970139799036,-48.49797469224053,sorocaba,SP
14620,niteroi,RJ,-7.123433680772415,-58.00535218227489,niteroi,RJ
87326,maringa,PR,-30.236573360985325,-61.72868312339329,maringa,PR
37156,recife,PE,-14.716822111068577,-37.90553586757337,recife,PE
66197,feira de santana,BA,-32.78868480215643,-56.261527049444055,feira de santana,BA
43785,florianopolis,SC,-21.871736976761248,-56.47909790745099,florianopolis,SC
75557,santos,SP,-3.52822347847167,-62.16424123423753,santos,SP
61546,petropolis,RJ,-22.01828079390917,-43.96410768374975,petropolis,RJ
18159,contagem,MG,-15.73798428515952,-55.78523497354027,contagem,MG
19596,sorocaba,SP,-17.499765383692136,-57.64305482231123,sorocaba,SP
87862,sao paulo,SP,-23.633220071168804,-46.00631706746253,sao paulo,SP
52440,petropolis,RJ,-31.25478540086797,-48.86957694136133,petropolis,RJ
28295,santos,SP,-6.8805405243932185,-34.237809520068964,santos,SP
15182,maringa,PR,-13.018968202142155,-60.88580222158041,maringa,PR
92069,santos,SP,-3.6880590940650677,-36.57946808053025,santos,SP
97647,belo horizonte,MG,-14.453731424341878,-53.34886445401513,belo horizonte,MG
39956,brasilia,DF,-29.81945700199673,-71.92052512857163,brasilia,DF
20962,feira de santana,BA,-19.706367161646785,-45.026119854690194,feira de santana,BA
42468,anapolis,GO,-25.05980571894853,-57.970605427598834,anapolis,GO
14528,contagem,MG,-4.905500497550566,-38.73794333298817,contagem,MG
55415,goiania,GO,-26.63244739555288,-56.953407992367914,goiania,GO
62975,santos,SP,-19.659309641057952,-68.37656648476364,santos,SP
98542,niteroi,RJ,-4.651197657861605,-46.647608547569334,niteroi,RJ
32567,sao paulo,SP,-30.406192276459965,-59.62559965568647,sao paulo,SP
20583,belo horizonte,MG,-10.65990433815481,-48.822929820154314,belo horizonte,MG
14201,belo horizonte,MG,-13.75120733559356,-61.62880651646397,belo horizonte,MG
38339,santos,SP,-20.041632253032986,-59.86170257128106,santos,SP
60510,salvador,BA,-29.96798280860866,-52.6117798344791,salvador,BA
7596,petropolis,RJ,-7.87734728308418,-52.96910568175658,petropolis,RJ
76138,santos,SP,-32.18066056924845,-34.20511817567834,santos,SP
46550,sao paulo,SP,-9.451812738958768,-51.96160533714488,sao paulo,SP
79525,belo horizonte,MG,-14.866002020030795,-49.44105397341485,belo horizonte,MG
46896,niteroi,RJ,-27.216412517112502,-39.618897738211885,niteroi,RJ
16395,petropolis,RJ,-16.179117735778277,-72.68933222685189,petropolis,RJ
3124,sao paulo,SP,-12.179733433039779,-36.27526214242336,sao paulo,SP
56129,salvador,BA,-21.35395006368261,-59.91949675853708,salvador,BA
54403,fortaleza,CE,-8.980543367243193,-40.79819368053208,fortaleza,CE
81553,londrina,PR,-4.309611957029052,-49.878959699107675,londrina,PR
87847,blumenau,SC,-10.71847218219807,-39.72030865344358,blumenau,SC
16947,olinda,PE,-32.9363289068647,-58.05013912946753,olinda,PE
32153,vitoria,ES,-22.738491947116838,-39.70827038756616,vitoria,ES
21560,porto alegre,RS,-5.616040762434643,-36.66635486387963,porto alegre,RS
11564,recife,PE,-22.858672121320108,-61.36510533057671,recife,PE
1238,olinda,PE,-27.297730028053447,-48.791358497704614,olinda,PE
9148,brasilia,DF,-28.679343817059546,-64.86117969403664,brasilia,DF
52938,belo horizonte,MG,-8.955543808310878,-47.26313741278689,belo horizonte,MG
16034,santos,SP,-25.692441316162835,-36.76623830897668,santos,SP
20273,sorocaba,SP,-19.27016159993437,-47.73466383066096,sorocaba,SP
12665,belo horizonte,MG,-17.909350619932148,-44.339727128563936,belo horizonte,MG
72699,curitiba,PR,-4.12342511924243,-38.78473291287828,curitiba,PR
63931,belo horizonte,MG,-13.573022145813422,-46.517394158317714,belo horizonte,MG
96258,maringa,PR,-4.210779298140434,-63.1737233257321,maringa,PR
12037,londrina,PR,-26.737542120717354,-47.18171053464299,londrina,PR
21666,goiania,GO,-7.175151352130502,-36.827156877137355,goiania,GO
46113,sao paulo,SP,-26.824347730483026,-44.79749727614336,sao paulo,SP
65259,sao paulo,SP,-24.713394741016653,-62.54621626411212,sao paulo,SP
13877,brasilia,DF,-3.6489697228166627,-37.912763491663995,brasilia,DF
21971,goiania,GO,-18.149384217767498,-36.92619038684614,goiania,GO
42729,serra,ES,-22.170701571573023,-63.76447750424561,serra,ES
2782,recife,PE,-13.415629274215448,-58.6895462379445,recife,PE
40131,recife,PE,-9.620501079395684,-68.62517134495332,recife,PE
76096,niteroi,RJ,-19.399611607240978,-36.847078815978925,niteroi,RJ
53136,contagem,MG,-7.920392128688039,-50.4605656432619,contagem,MG
43966,campinas,SP,-13.781602610739906,-60.32707563715848,campinas,SP
49303,porto alegre,RS,-7.227985746337293,-62.37410491932995,porto alegre,RS
94730,fortaleza,CE,-4.535781873008556,-50.93128564017884,fortaleza,CE
52522,petropolis,RJ,-13.765430263868467,-35.207309325054176,petropolis,RJ
53893,maringa,PR,-11.636795766143688,-54.88063744052252,maringa,PR
93149,petropolis,RJ,-30.586411773381183,-34.75266062688099,petropolis,RJ
16590,santos,SP,-9.167381705092158,-44.07618936109655,santos,SP
10500,santos,SP,-3.7338220777055255,-45.52373835582812,santos,SP
45527,campinas,SP,-18.827598695570302,-67.01444353458983,campinas,SP
32539,fortaleza,CE,-20.819858318524776,-65.39047070120546,fortaleza,CE
21086,uberlandia,MG,-12.024388895177438,-44.18542738905688,uberlandia,MG
12830,anapolis,GO,-26.639490205853576,-66.55110836019752,anapolis,GO
87924,joinville,SC,-29.474611518954518,-51.53652809967906,joinville,SC
61814,sorocaba,SP,-5.1607596164076455,-53.003189052211766,sorocaba,SP
69398,sorocaba,SP,-30.9782570404713,-44.7598815734011,sorocaba,SP
12690,goiania,GO,-12.136510002975331,-51.52531673121753,goiania,GO
34782,sao paulo,SP,-23.956165177198578,-64.49103970605694,sao paulo,SP
62461,fortaleza,CE,-32.68272562163517,-42.54389511348568,fortaleza,CE
53253,sorocaba,SP,-25.837157000345893,-42.406674834860944,sorocaba,SP
69792,blumenau,SC,-8.127403287888765,-71.45808204544144,blumenau,SC
67277,goiania,GO,-32.38923861901898,-51.86151978728082,goiania,GO
41919,sao paulo,SP,-26.617315282079808,-69.8089259256366,sao paulo,SP
78502,santos,SP,-10.878265450367618,-68.47144717452383,santos,SP
26702,serra,ES,-3.5078317661545526,-70.78958686731056,serra,ES
8934,sorocaba,SP,-13.069671873182624,-43.37577735633158,sorocaba,SP
91423,contagem,MG,-16.98071807544918,-50.88173315741417,contagem,MG
3229,belo horizonte,MG,-21.310752781229734,-53.25453954296216,belo horizonte,MG
29082,sao paulo,SP,-11.04084630012088,-64.69573635485236,sao paulo,SP
12330,brasilia,DF,-26.603201427681906,-72.11054661283531,brasilia,DF
23950,brasilia,DF,-30.534426744994033,-64.30499910333745,brasilia,DF
40104,niteroi,RJ,-11.955416188414809,-60.52637271797873,niteroi,RJ
13831,anapolis,GO,-5.779761222142707,-39.292233676122244,anapolis,GO
47203,sorocaba,SP,-6.834733911232981,-67.26792865047209,sorocaba,SP
92804,santos,SP,-21.690069836809474,-64.81432412940856,santos,SP
14509,caxias do sul,RS,-4.845991986263208,-67.61993547403472,caxias do sul,RS
92730,vitoria,ES,-30.57538439988904,-42.480705059150736,vitoria,ES
41703,sao paulo,SP,-31.04604075297749,-67.38008745821473,sao paulo,SP
59652,sorocaba,SP,-16.667820396027036,-69.06357597847882,sorocaba,SP
44720,maringa,PR,-12.242922507835797,-53.10699019521708,maringa,PR
32346,brasilia,DF,-24.775315787199936,-53.25230188181325,brasilia,DF
11799,sao paulo,SP,-15.394432233177994,-55.69717696042837,sao paulo,SP
59740,contagem,MG,-31.30747135691341,-39.650598929223925,contagem,MG
91748,salvador,BA,-6.033721716360262,-51.28553731529479,salvador,BA
52557,niteroi,RJ,-16.218628640624498,-72.07554420863057,niteroi,RJ
60314,sorocaba,SP,-4.669859835159631,-60.6685416523688,sorocaba,SP
64729,sorocaba,SP,-15.554686007414581,-42.76409280459532,sorocaba,SP
39464,belo horizonte,MG,-7.5696445185339805,-67.48693675546433,belo horizonte,MG
12939,belo horizonte,MG,-4.498294971847489,-40.006386696187825,belo horizonte,MG
51183,olinda,PE,-18.902127522958992,-52.938012361615996,olinda,PE
87022,blumenau,SC,-23.1027034981809,-60.14560680580401,blumenau,SC
32105,florianopolis,SC,-23.316557112209203,-64.41955414598613,florianopolis,SC
87274,serra,ES,-21.901096393086274,-60.434879137911004,serra,ES
85577,uberlandia,MG,-25.067798787506426,-70.8937118847858,uberlandia,MG
25235,uberlandia,MG,-4.768347250717888,-51.21154243137825,uberlandia,MG
57925,fortaleza,CE,-17.170627132216538,-63.01088202484857,fortaleza,CE
75007,santos,SP,-14.8259899823126,-38.88108572357104,santos,SP
49994,feira de santana,BA,-30.937162643704216,-67.43685371266454,feira de santana,BA
70236,feira de santana,BA,-6.526478054127828,-54.90257369479157,feira de santana,BA
91176,sorocaba,SP,-30.59072645061997,-44.755875368748455,sorocaba,SP
63099,contagem,MG,-17.537923540289,-43.65132477277672,contagem,MG
83959,sorocaba,SP,-7.027378027010013,-64.38577868174234,sorocaba,SP
80294,santos,SP,-29.855848182264324,-35.873483109205026,santos,SP
81466,contagem,MG,-8.061166660013331,-35.997155782009806,contagem,MG
85382,petropolis,RJ,-11.541343815530894,-56.79319692203968,petropolis,RJ
23335,brasilia,DF,-16.78452825222042,-55.10091943429502,brasilia,DF
2817,olinda,PE,-22.96585258525099,-59.96506487655581,olinda,PE
16159,brasilia,DF,-11.271744431893907,-57.55233367127489,brasilia,DF
25717,santos,SP,-4.77583767260386,-42.15609407929854,santos,SP
69318,sorocaba,SP,-28.09283329694634,-53.11191705138941,sorocaba,SP
51483,sao paulo,SP,-32.81907991776683,-38.11634264624969,sao paulo,SP
47395,santos,SP,-32.8691374822044,-56.97888895228941,santos,SP
1898,fortaleza,CE,-3.3531659686814272,-45.95323175129802,fortaleza,CE
68686,contagem,MG,-16.282284446184573,-44.359795321373376,contagem,MG
37060,sao paulo,SP,-17.798119545682994,-59.95611676918868,sao paulo,SP
76301,anapolis,GO,-27.2960897668286,-37.44938878989465,anapolis,GO
12163,belo horizonte,MG,-23.826504677548073,-53.1451797725651,belo horizonte,MG
30235,sorocaba,SP,-14.756985920681906,-53.22303149451792,sorocaba,SP
6415,sorocaba,SP,-28.537984601369736,-71.0604176919652,sorocaba,SP
29180,porto alegre,RS,-17.98893387194309,-39.86377454028012,porto alegre,RS
92411,brasilia,DF,-32.503602553214584,-49.19876692865258,brasilia,DF
49591,sorocaba,SP,-10.69952837167882,-64.05982272790936,sorocaba,SP
44515,fortaleza,CE,-26.99137125827846,-60.72559711348541,fortaleza,CE
28081,anapolis,GO,-3.63557103185617,-58.68934360507892,anapolis,GO
27221,anapolis,GO,-4.139517812995614,-40.45830340937628,anapolis,GO
67061,sao paulo,SP,-30.223886627075014,-41.568254079277565,sao paulo,SP
98531,sao paulo,SP,-18.66964213452811,-51.916420265737585,sao paulo,SP
74925,recife,PE,-24.428779083711092,-42.40374089033019,recife,PE
73961,rio de janeiro,RJ,-16.459307964593116,-50.867854794458864,rio de janeiro,RJ
47731,porto alegre,RS,-15.840099156845213,-67.2169388223339,porto alegre,RS
10765,feira de santana,BA,-10.259396402736343,-64.35613019282496,feira de santana,BA
72655,sorocaba,SP,-13.786252344244097,-60.35871379742452,sorocaba,SP
81062,brasilia,DF,-27.876656605609103,-64.12482310895784,brasilia,DF
51532,fortaleza,CE,-17.185564852937382,-37.91081422309394,fortaleza,CE
10059,salvador,BA,-4.859926591227126,-65.38427716344435,salvador,BA
71573,belo horizonte,MG,-32.02046392060418,-69.23680962099769,belo horizonte,MG
92184,olinda,PE,-31.695227479587817,-40.42804794360178,olinda,PE
23271,curitiba,PR,-25.599711160223357,-67.50248822911236,curitiba,PR
16784,salvador,BA,-10.079183050863293,-72.8224584145948,salvador,BA
74144,goiania,GO,-3.025452492062783,-46.52238674675816,goiania,GO
33850,salvador,BA,-27.563814061128518,-67.13570540692551,salvador,BA
71796,niteroi,RJ,-24.272409828486147,-57.50860470625848,niteroi,RJ
70613,campinas,SP,-7.134253013097759,-60.331989265526985,campinas,SP
27393,sorocaba,SP,-13.44714028931028,-35.47517026333428,sorocaba,SP
5183,londrina,PR,-23.66143413926876,-69.15565716966012,londrina,PR
56040,maringa,PR,-12.037199802293479,-70.76876832340858,maringa,PR
41368,caxias do sul,RS,-27.620448532693953,-42.6697473508258,caxias do sul,RS
85674,uberlandia,MG,-11.666047432064072,-60.003777912553595,uberlandia,MG
36439,brasilia,DF,-29.711611367900755,-51.04747589504477,brasilia,DF
25702,fortaleza,CE,-15.81521383745697,-72.61312216293553,fortaleza,CE
86156,santos,SP,-18.333498759478985,-34.41885908627494,santos,SP
73861,feira de santana,BA,-19.89553686979879,-47.58064356419818,feira de santana,BA
62217,florianopolis,SC,-16.603377881969617,-47.42775487035593,florianopolis,SC
95441,maringa,PR,-3.344570831336501,-43.761253396282925,maringa,PR
78516,sorocaba,SP,-16.96057786046693,-58.832305331727945,sorocaba,SP
86757,brasilia,DF,-28.411232219975837,-57.33461856803079,brasilia,DF
80100,serra,ES,-27.271039459268742,-55.9317244921435,serra,ES
40750,salvador,BA,-25.782365483097287,-42.044714229068376,salvador,BA
7173,sobral,CE,-11.068610286279156,-69.728194941883,sobral,CE
61112,vitoria,ES,-27.455989915706375,-61.737503726087965,vitoria,ES
76723,rio de janeiro,RJ,-26.784567968313223,-42.540883146420676,rio de janeiro,RJ
99184,pelotas,RS,-3.6595528303599316,-70.3168905072633,pelotas,RS
68478,belo horizonte,MG,-10.289493046114767,-36.023059618630235,belo horizonte,MG
57274,serra,ES,-21.59381669276387,-51.44372801239031,serra,ES
57995,campinas,SP,-15.4650251271804,-68.24465754551929,campinas,SP
12387,belo horizonte,MG,-19.008406351632612,-65.32121486748584,belo horizonte,MG
1729,recife,PE,-14.487644091201233,-64.976115738439,recife,PE
5497,petropolis,RJ,-4.387086563425946,-65.73682297657118,petropolis,RJ
90581,brasilia,DF,-9.429783160173645,-52.7587546096823,brasilia,DF
79240,petropolis,RJ,-17.30594798386855,-41.45112971913082,petropolis,RJ
26757,vitoria,ES,-28.603206146147613,-66.65257994589706,vitoria,ES
42938,olinda,PE,-31.10810548794383,-71.03444850793787,olinda,PE
48877,rio de janeiro,RJ,-18.3884716119042,-71.66824819452937,rio de janeiro,RJ
25434,brasilia,DF,-31.019031969059238,-68.11673716691944,brasilia,DF
42844,niteroi,RJ,-3.5998719592140915,-65.13877990414986,niteroi,RJ
35419,porto alegre,RS,-17.840269795252738,-57.019569233503134,porto alegre,RS
69783,joinville,SC,-28.14300730119085,-44.047751848655814,joinville,SC
75979,goiania,GO,-25.990303609502973,-72.05086555382664,goiania,GO
10744,campinas,SP,-26.17678669625021,-61.970343716091165,campinas,SP
47059,santos,SP,-17.61675763624888,-72.00065625503844,santos,SP
99131,feira de santana,BA,-19.797178379005736,-34.32804550638968,feira de santana,BA
86980,londrina,PR,-14.175131779239898,-45.950208075607506,londrina,PR
79581,londrina,PR,-20.951930681474142,-65.2399493718597,londrina,PR
73756,santos,SP,-12.743264497482727,-69.02303382659314,santos,SP
1428,rio de janeiro,RJ,-21.71198434878736,-61.962294644355424,rio de janeiro,RJ
97426,recife,PE,-23.793539565657966,-44.28094334618828,recife,PE
88960,contagem,MG,-31.78364374727565,-34.1010358487209,contagem,MG
90979,sobral,CE,-9.136064370498413,-62.628477439287366,sobral,CE
26199,santos,SP,-17.93284502970164,-41.336804737450244,santos,SP
2367,feira de santana,BA,-27.052879946002736,-40.593820255328865,feira de santana,BA
66246,sorocaba,SP,-19.255758070166724,-46.612148776439284,sorocaba,SP
46438,olinda,PE,-23.117166675586848,-52.965070001968584,olinda,PE
3033,salvador,BA,-26.531395255030752,-36.79226550294897,salvador,BA
27809,olinda,PE,-13.05716354054248,-47.384247514008116,olinda,PE
99118,santos,SP,-19.069722041562997,-52.697035313265175,santos,SP
36973,curitiba,PR,-20.07635449576815,-49.18701002743049,curitiba,PR
26839,brasilia,DF,-18.959096034580483,-42.86629000590084,brasilia,DF
65799,sorocaba,SP,-13.4368127306074,-67.87464380367105,sorocaba,SP
66814,sorocaba,SP,-9.049100151550764,-40.514265166149244,sorocaba,SP
33878,campinas,SP,-19.12256695769041,-39.906370820981955,campinas,SP
85065,fortaleza,CE,-16.725523363084704,-59.26451806993704,fortaleza,CE
58449,salvador,BA,-13.63606069781705,-70.480704733753,salvador,BA
16885,porto alegre,RS,-27.748116211090093,-42.616472643853896,porto alegre,RS
33172,salvador,BA,-9.864618850169204,-38.866520856542635,salvador,BA
84939,londrina,PR,-32.00781295386878,-50.43601443177765,londrina,PR
9843,belo horizonte,MG,-25.87930676239526,-43.82641948730388,belo horizonte,MG
2212,belo horizonte,MG,-3.451502232248746,-43.20527524660923,belo horizonte,MG
65992,joinville,SC,-14.265576696081638,-61.68909759273725,joinville,SC
44755,santos,SP,-20.341562366204215,-68.5852547155452,santos,SP
26030,recife,PE,-10.911765118533172,-38.73775437388062,recife,PE
47731,anapolis,GO,-21.2909458085251,-63.230832600914766,anapolis,GO
19174,rio de janeiro,RJ,-22.158035038169096,-56.0816683145314,rio de janeiro,RJ
38034,pelotas,RS,-10.48879857679821,-38.86768338854369,pelotas,RS
24156,santos,SP,-18.97163064156939,-60.498656566090915,santos,SP
59051,serra,ES,-18.870176017917004,-56.75878525116688,serra,ES
67688,recife,PE,-29.655118781351362,-71.87668986474259,recife,PE
91568,sobral,CE,-8.24523572512038,-70.01809098197606,sobral,CE
7706,niteroi,RJ,-22.61760718413288,-47.263716949613325,niteroi,RJ
33371,sao paulo,SP,-16.05286978448698,-36.139840259536584,sao paulo,SP
27179,santos,SP,-20.704579050752997,-68.25385525888342,santos,SP
58346,sao paulo,SP,-14.74890630280916,-37.521179822128246,sao paulo,SP
53779,sao paulo,SP,-17.190396241866694,-68.57335986099469,sao paulo,SP
87867,sorocaba,SP,-4.243404342742288,-38.583225444411944,sorocaba,SP
91981,vitoria,ES,-4.267593684734994,-38.345099999134504,vitoria,ES
77525,santos,SP,-27.883338135931957,-71.80448424450246,santos,SP
20692,sao paulo,SP,-6.204814128053396,-59.49059814000695,sao paulo,SP
5032,goiania,GO,-19.8478309051171,-64.61226253920468,goiania,GO
90015,porto alegre,RS,-18.95337016354886,-34.64483505387422,porto alegre,RS
94335,brasilia,DF,-10.845931386999812,-61.48058039212722,brasilia,DF
25787,porto alegre,RS,-17.79810871602583,-51.60795442165365,porto alegre,RS
5617,recife,PE,-11.405966686301067,-56.472558669055275,recife,PE
68378,caxias do sul,RS,-20.426335058222747,-52.4983376785148,caxias do sul,RS
59286,curitiba,PR,-11.28261812862246,-46.6783859084725,curitiba,PR
88993,salvador,BA,-18.26541779883606,-58.98517182425348,salvador,BA
57959,belo horizonte,MG,-29.642759618084895,-38.05051956008706,belo horizonte,MG
76273,niteroi,RJ,-15.03978591035678,-63.98787831061031,niteroi,RJ
78851,contagem,MG,-12.744383870676984,-39.31307420634098,contagem,MG
1969,santos,SP,-25.583948604085393,-51.0030192990855,santos,SP
15695,brasilia,DF,-13.013265791579958,-36.89810277455366,brasilia,DF
78220,sorocaba,SP,-3.1407768147678645,-40.30059536107894,sorocaba,SP
18757,sao paulo,SP,-18.50682861025905,-43.53811053334526,sao paulo,SP
21406,sao paulo,SP,-23.630625033100415,-59.850601938888104,sao paulo,SP
75457,anapolis,GO,-27.896355765864392,-64.46048870780939,anapolis,GO
21246,rio de janeiro,RJ,-27.08212596060377,-37.71617734536801,rio de janeiro,RJ
15800,blumenau,SC,-26.19654912299264,-67.20752460093287,blumenau,SC
2335,goiania,GO,-22.16713727439955,-71.88094190331884,goiania,GO
47474,sao paulo,SP,-32.23426250858727,-40.31952542683775,sao paulo,SP
64043,feira de santana,BA,-18.684055845912006,-41.068721877426555,feira de santana,BA
73432,niteroi,RJ,-6.416488437497872,-37.22091113903933,niteroi,RJ
90651,sorocaba,SP,-19.010111484503526,-43.984273422616525,sorocaba,SP
65472,joinville,SC,-17.720151470781317,-40.30843580040697,joinville,SC
75886,recife,PE,-15.852890251134028,-67.95934317970215,recife,PE
21849,petropolis,RJ,-3.752642607124937,-49.275953448890206,petropolis,RJ
34702,curitiba,PR,-24.269610315763366,-37.30377278448625,curitiba,PR
31091,niteroi,RJ,-4.219616492969909,-37.726726967609736,niteroi,RJ
7438,londrina,PR,-10.11251567896332,-37.95394450290767,londrina,PR
96927,pelotas,RS,-19.701093915024217,-45.237430155591355,pelotas,RS
24884,pelotas,RS,-7.731985652388843,-58.78263581354938,pelotas,RS
45417,caxias do sul,RS,-4.334416527404198,-65.45043963274857,caxias do sul,RS
36337,sorocaba,SP,-4.8057068261988185,-69.91102286584061,sorocaba,SP
5401,florianopolis,SC,-19.45920134401249,-69.22718165644547,florianopolis,SC
90430,florianopolis,SC,-5.717381106003877,-66.8490407504943,florianopolis,SC
22738,blumenau,SC,-11.880318121839693,-51.05036696135699,blumenau,SC
10941,santos,SP,-30.66046468265895,-71.84744677592512,santos,SP
34900,uberlandia,MG,-31.90027355334589,-66.13646286745876,uberlandia,MG
15232,belo horizonte,MG,-21.01899515432101,-59.0552725524374,belo horizonte,MG
99948,campinas,SP,-13.655586716457883,-47.90743453882498,campinas,SP
19710,santos,SP,-6.173911431377274,-39.73496865293907,santos,SP
30966,contagem,MG,-31.878325670625344,-57.086915366719495,contagem,MG
27847,feira de santana,BA,-24.893175057560107,-59.30062652915264,feira de santana,BA
3613,campinas,SP,-10.572780929649245,-52.76931906197334,campinas,SP
2276,goiania,GO,-22.100011291885735,-49.7453489700496,goiania,GO
51778,curitiba,PR,-14.91039795999843,-59.02415511501715,curitiba,PR
24039,salvador,BA,-21.047842021138344,-47.81087021722574,salvador,BA
9276,uberlandia,MG,-26.779614646239967,-57.40636584934353,uberlandia,MG
29846,londrina,PR,-31.186395355516737,-65.37513933082188,londrina,PR
28132,porto alegre,RS,-16.87492910158748,-39.964572235058945,porto alegre,RS
42983,fortaleza,CE,-27.435406390420376,-64.92563387642319,fortaleza,CE
99244,londrina,PR,-30.918677572632596,-42.17064645127451,londrina,PR
31381,maringa,PR,-23.714930012211116,-50.12903925542841,maringa,PR
70758,pelotas,RS,-5.217728330820485,-43.53506595078126,pelotas,RS
77079,salvador,BA,-16.196300554454844,-72.67789243997184,salvador,BA
6015,campinas,SP,-25.800903284508337,-64.55476354062702,campinas,SP
50630,maringa,PR,-14.425277874950922,-55.77762794265364,maringa,PR
45419,contagem,MG,-9.884111600565781,-39.17771360316248,contagem,MG
51261,fortaleza,CE,-7.499889899916639,-69.02972028897099,fortaleza,CE
17991,maringa,PR,-3.2861447204835734,-50.91318164764999,maringa,PR
47041,belo horizonte,MG,-14.476956012461766,-40.21464133324303,belo horizonte,MG
13171,vitoria,ES,-20.025897957265663,-72.38021892044068,vitoria,ES
94635,belo horizonte,MG,-12.617762676212397,-71.55320039535668,belo horizonte,MG
59118,sorocaba,SP,-29.697547687993477,-57.53327427649366,sorocaba,SP
4416,sao paulo,SP,-10.874478860887432,-69.42285344020593,sao paulo,SP
51059,sorocaba,SP,-24.63868126991843,-69.66235487433235,sorocaba,SP
92706,campinas,SP,-13.01234925958611,-64.68013166730543,campinas,SP
74543,belo horizonte,MG,-19.021612891241254,-54.37658756787745,belo horizonte,MG
28021,feira de santana,BA,-25.408173589875837,-60.00423462049802,feira de santana,BA
89337,feira de santana,BA,-9.908879193420336,-35.07626389967711,feira de santana,BA
19366,sao paulo,SP,-6.677578874220529,-55.548627767151146,sao paulo,SP
25421,curitiba,PR,-15.879574888413316,-50.54545135135527,curitiba,PR
16344,sao paulo,SP,-7.845318704079684,-58.343324852407115,sao paulo,SP
92375,fortaleza,CE,-7.806004598952587,-68.94604264876497,fortaleza,CE
71973,sao paulo,SP,-25.720464138299285,-56.639679521079074,sao paulo,SP
52280,pelotas,RS,-14.702484235375302,-55.41828904152689,pelotas,RS
67122,rio de janeiro,RJ,-3.2042447599002024,-35.88580424201603,rio de janeiro,RJ
26624,blumenau,SC,-29.55757661619851,-38.15203230834188,blumenau,SC
7995,contagem,MG,-13.601641567672406,-72.82104657068922,contagem,MG
84731,feira de santana,BA,-21.997374039177032,-62.2097510276489,feira de santana,BA
96456,sorocaba,SP,-21.36258411104199,-50.519367351829914,sorocaba,SP
4517,olinda,PE,-31.183135573842634,-45.443336690745376,olinda,PE
6116,curitiba,PR,-24.57368624477326,-55.56188607996195,curitiba,PR
56390,salvador,BA,-7.351264482359607,-45.22982385535582,salvador,BA
5259,anapolis,GO,-31.21850805297771,-44.96595246926054,anapolis,GO
72439,vitoria,ES,-23.798641945087795,-45.27763976629168,vitoria,ES
94589,santos,SP,-3.402654833105494,-63.168273096960014,santos,SP
28717,petropolis,RJ,-28.63538770852093,-72.64710467624616,petropolis,RJ
30140,sorocaba,SP,-10.132385367279156,-65.44050702525675,sorocaba,SP
86484,campinas,SP,-3.1669570272188103,-59.28841375278934,campinas,SP
36261,caxias do sul,RS,-6.309421631946247,-55.5286131888644,caxias do sul,RS
24787,vitoria,ES,-7.342839360238127,-69.51047339375783,vitoria,ES
9343,vitoria,ES,-3.0881442360263236,-45.90621954534319,vitoria,ES
84146,curitiba,PR,-24.83139002196212,-67.40100016784494,curitiba,PR
92663,caxias do sul,RS,-4.180505227388352,-61.79529891657502,caxias do sul,RS
8775,goiania,GO,-16.771748935504657,-60.41236496213812,goiania,GO
80491,sobral,CE,-29.80853538414896,-50.07929639654886,sobral,CE
16832,sorocaba,SP,-7.035488825351813,-44.37674756169007,sorocaba,SP
14747,maringa,PR,-29.075231525328828,-60.942654559734876,maringa,PR
38717,goiania,GO,-27.687429656508925,-40.320341646634624,goiania,GO
44231,niteroi,RJ,-32.98160444257733,-59.14371930270006,niteroi,RJ
85550,contagem,MG,-21.66437633056929,-41.54334113579294,contagem,MG
70274,vitoria,ES,-20.50548198941694,-66.78149936172807,vitoria,ES
15313,vitoria,ES,-25.227137845299808,-59.007656507858705,vitoria,ES
58822,olinda,PE,-8.393899265691477,-50.260755150184025,olinda,PE
87667,brasilia,DF,-6.564805588042326,-53.34264221225603,brasilia,DF
66547,sorocaba,SP,-24.163548644905834,-58.90342504680458,sorocaba,SP
23743,petropolis,RJ,-17.40861412551454,-64.73258788063569,petropolis,RJ
13754,londrina,PR,-4.743743352002522,-53.33578556118496,londrina,PR
45797,londrina,PR,-27.584127198373892,-69.39258799737294,londrina,PR
47746,londrina,PR,-26.43685729000815,-57.56819080372988,londrina,PR
35920,pelotas,RS,-21.70978801868732,-70.24379936312428,pelotas,RS
11816,uberlandia,MG,-25.74647309797001,-56.11891801702528,uberlandia,MG
12694,salvador,BA,-31.89674055049244,-35.45093096480392,salvador,BA
53369,rio de janeiro,RJ,-6.0439498323665894,-54.066506449943766,rio de janeiro,RJ
94485,niteroi,RJ,-31.41987249083082,-50.096923526194814,niteroi,RJ
60195,sao paulo,SP,-22.047692057372714,-53.42097186723237,sao paulo,SP
44379,santos,SP,-30.140711377368994,-64.50546370764536,santos,SP
93196,anapolis,GO,-22.561642676415456,-68.78288653710266,anapolis,GO
69342,contagem,MG,-29.752687113098006,-59.98621677081784,contagem,MG
72072,campinas,SP,-29.66342882780838,-52.93905327784569,campinas,SP
57950,feira de santana,BA,-13.76908561898378,-45.818250750854126,feira de santana,BA
76524,maringa,PR,-19.71084577203692,-47.748873368820924,maringa,PR
50669,campinas,SP,-24.813642652081448,-52.418163952778485,campinas,SP
62583,petropolis,RJ,-4.355978334835484,-59.14067156843055,petropolis,RJ
62040,campinas,SP,-3.8873090932336396,-62.87270486617104,campinas,SP
75511,blumenau,SC,-14.618960155967262,-44.014430322073125,blumenau,SC
89934,campinas,SP,-26.880276384233685,-38.26415226503115,campinas,SP
30132,campinas,SP,-5.079515462216406,-48.357690322536584,campinas,SP
70231,sao paulo,SP,-22.014530199984186,-69.08789023350401,sao paulo,SP
4133,pelotas,RS,-18.473088753177468,-41.99343665752983,pelotas,RS
53714,campinas,SP,-10.871121089405424,-49.97920837273803,campinas,SP
89971,anapolis,GO,-10.748792166708842,-47.50017780236464,anapolis,GO
64872,sao paulo,SP,-19.221214900781323,-46.02198201269768,sao paulo,SP
27501,caxias do sul,RS,-16.8415474895045,-54.97321537736327,caxias do sul,RS
61032,uberlandia,MG,-3.8153245883851135,-53.100470030296385,uberlandia,MG
36416,uberlandia,MG,-18.13841940206421,-60.8284818399462,uberlandia,MG
43878,sao paulo,SP,-11.812525936335344,-48.58839377282939,sao paulo,SP
23581,brasilia,DF,-26.630720369037586,-53.71784346151548,brasilia,DF
62851,recife,PE,-14.422502567909234,-59.638823560087644,recife,PE
20635,campinas,SP,-27.657088884296066,-64.0145319559085,campinas,SP
44912,campinas,SP,-22.014502108459272,-48.512220553728454,campinas,SP
93984,olinda,PE,-19.543050987317358,-55.502401199489384,olinda,PE
76003,londrina,PR,-12.866533428608541,-65.05913892580632,londrina,PR
42020,sao paulo,SP,-30.556245989688357,-42.6099900407038,sao paulo,SP
96921,campinas,SP,-29.991462784767762,-51.93409323279969,campinas,SP
2380,joinville,SC,-31.438065517297975,-48.34854920035059,joinville,SC
96025,salvador,BA,-21.56128765060244,-51.055754957526105,salvador,BA
35860,pelotas,RS,-26.95530871909944,-48.600488682407175,pelotas,RS
82252,fortaleza,CE,-9.916418601549793,-69.5300878393361,fortaleza,CE
94803,londrina,PR,-8.244890766975637,-61.85337175018841,londrina,PR
60573,rio de janeiro,RJ,-25.66007311775367,-42.83642106261115,rio de janeiro,RJ
61438,belo horizonte,MG,-14.548265383248616,-41.866991416577314,belo horizonte,MG
75183,petropolis,RJ,-18.313159055473154,-71.0177633347486,petropolis,RJ
24734,campinas,SP,-26.98376102584359,-44.40929677303113,campinas,SP
18626,campinas,SP,-13.913903940886975,-64.14220812326627,campinas,SP
35022,niteroi,RJ,-10.887224330461244,-40.454955634483966,niteroi,RJ
48422,salvador,BA,-7.874403490212462,-57.90092345459368,salvador,BA
74543,santos,SP,-23.939131183853654,-61.340327664309875,santos,SP
26472,uberlandia,MG,-28.37019619503193,-61.64197037834953,uberlandia,MG
56913,florianopolis,SC,-5.0470893252860485,-46.317933138068824,florianopolis,SC
1345,caxias do sul,RS,-5.07174115280705,-46.451072438419615,caxias do sul,RS
4061,brasilia,DF,-24.420687808167095,-49.56862008116315,brasilia,DF
96706,goiania,GO,-31.310354252046135,-35.90475681991862,goiania,GO
85178,salvador,BA,-11.738939876867718,-60.98550765813616,salvador,BA
86520,santos,SP,-22.048598279716842,-49.06728975779052,santos,SP
33542,contagem,MG,-10.240989297463688,-55.80566833361657,contagem,MG
51855,porto alegre,RS,-30.85022617884556,-50.87996893353704,porto alegre,RS
67795,sorocaba,SP,-19.228679062861676,-67.28240084569202,sorocaba,SP
26160,santos,SP,-23.028460227925894,-37.31243581952283,santos,SP
74699,sorocaba,SP,-13.720382701951902,-38.97366228219727,sorocaba,SP
69603,belo horizonte,MG,-11.71662718918142,-35.70882507760849,belo horizonte,MG
41319,contagem,MG,-4.537988328204079,-44.23510306960628,contagem,MG
44044,campinas,SP,-22.567067086804144,-45.586065438655545,campinas,SP
31427,anapolis,GO,-29.124872531816745,-70.93268467234144,anapolis,GO
80530,sobral,CE,-4.165390468155088,-55.77478973553375,sobral,CE
98702,campinas,SP,-15.894551765201307,-71.59829552500408,campinas,SP
99951,fortaleza,CE,-4.997489256635195,-36.8093570163731,fortaleza,CE
77367,sao paulo,SP,-8.082867676242351,-49.98373004800939,sao paulo,SP
35558,sobral,CE,-18.275381613637723,-70.61797446159392,sobral,CE
78326,sobral,CE,-30.343228102394466,-49.6579125164781,sobral,CE
25195,campinas,SP,-24.022249700452186,-47.81386711166378,campinas,SP
89759,salvador,BA,-12.024009441138968,-34.75082383880597,salvador,BA
27470,vitoria,ES,-10.975834249586793,-47.38485303019324,vitoria,ES
40883,recife,PE,-25.454521880677355,-41.489731443037115,recife,PE
10241,serra,ES,-13.78016604052456,-42.75083903214971,serra,ES
9054,curitiba,PR,-29.91473693906015,-44.85372046725193,curitiba,PR
40010,campinas,SP,-26.594544303818758,-68.78238205359543,campinas,SP
55469,anapolis,GO,-29.32381762371319,-59.960040538355884,anapolis,GO
2725,porto alegre,RS,-26.899778393240418,-43.61707089934326,porto alegre,RS
84769,pelotas,RS,-28.03492757313755,-38.15820340932433,pelotas,RS
12325,contagem,MG,-11.414871581514689,-66.62825885376795,contagem,MG
99840,caxias do sul,RS,-5.5345905236927315,-72.99468697399587,caxias do sul,RS
27897,santos,SP,-4.007708824739709,-39.82450261635951,santos,SP
38520,feira de santana,BA,-21.264042954438167,-63.7918139031565,feira de santana,BA
16826,santos,SP,-7.214907260415931,-52.472731144346916,santos,SP
82617,salvador,BA,-30.256676776265756,-34.33479270750629,salvador,BA
73483,goiania,GO,-15.928372794310011,-43.890987621916224,goiania,GO
8776,uberlandia,MG,-14.840485238917505,-66.66491202612545,uberlandia,MG
11454,curitiba,PR,-20.696319574569642,-36.854148783668556,curitiba,PR
61302,rio de janeiro,RJ,-32.32442381003245,-64.58810907997915,rio de janeiro,RJ
86732,serra,ES,-23.09215896043353,-40.7886753805727,serra,ES
11871,feira de santana,BA,-32.850011177686476,-72.57007154819763,feira de santana,BA
22890,rio de janeiro,RJ,-8.74968103998161,-63.82583866819546,rio de janeiro,RJ
54988,sao paulo,SP,-3.032779193669235,-68.68275739400502,sao paulo,SP
11750,sao paulo,SP,-26.761585337056065,-51.26098050212826,sao paulo,SP
31150,uberlandia,MG,-9.85355510418066,-49.47601997372742,uberlandia,MG
2000,sobral,CE,-6.255560001298292,-45.43602160889647,sobral,CE
50416,salvador,BA,-24.34706407056502,-61.566067451438514,salvador,BA
71804,campinas,SP,-13.548607230632427,-35.99109600575221,campinas,SP
41785,anapolis,GO,-25.526059562327777,-72.46926619174074,anapolis,GO
26404,rio de janeiro,RJ,-31.014150700789312,-60.54501621123275,rio de janeiro,RJ
43011,goiania,GO,-15.681623808977012,-70.71079609308143,goiania,GO
51439,sao paulo,SP,-24.27664692036074,-58.68161017477334,sao paulo,SP
17405,caxias do sul,RS,-7.124740036760215,-36.102157482505866,caxias do sul,RS
12049,fortaleza,CE,-4.258198795134902,-61.23859906441347,fortaleza,CE
18999,santos,SP,-27.680734132738024,-61.09383882992081,santos,SP
98543,joinville,SC,-28.499405519747945,-61.57335191186992,joinville,SC
72571,vitoria,ES,-26.99226409129262,-40.783595159941065,vitoria,ES
13412,sorocaba,SP,-19.040050288217017,-50.01487663020356,sorocaba,SP
30834,sorocaba,SP,-23.456766749199844,-56.74106139456494,sorocaba,SP
41780,florianopolis,SC,-13.778153732460098,-58.67879102242732,florianopolis,SC
18939,petropolis,RJ,-19.05686951909816,-46.358083454855866,petropolis,RJ
85312,sao paulo,SP,-32.3424581660957,-34.68954439468277,sao paulo,SP
94116,belo horizonte,MG,-10.52475549224502,-55.44697781879941,belo horizonte,MG
25243,feira de santana,BA,-22.407901944043132,-64.23533244777113,feira de santana,BA
2638,rio de janeiro,RJ,-13.086832033284484,-57.511124976879245,rio de janeiro,RJ
27429,niteroi,RJ,-7.797075050411301,-65.99484020302326,niteroi,RJ
58669,goiania,GO,-29.738204206276702,-47.20485827957319,goiania,GO
81040,londrina,PR,-15.12821892722921,-72.14497324392704,londrina,PR
34614,anapolis,GO,-5.036131861391965,-55.816029812489816,anapolis,GO
28060,contagem,MG,-28.954524893420665,-71.8647979695924,contagem,MG
25637,fortaleza,CE,-14.814839691495045,-71.65112870920471,fortaleza,CE
1284,joinville,SC,-26.503766270509132,-58.21544573908979,joinville,SC
2387,campinas,SP,-20.189728832829083,-43.55066500104701,campinas,SP
43363,recife,PE,-11.07967828025593,-46.95853148780073,recife,PE
62137,uberlandia,MG,-7.751715377627136,-37.92429948164578,uberlandia,MG
2240,sorocaba,SP,-5.2343210901587796,-56.29202163805341,sorocaba,SP
20827,campinas,SP,-8.890399579174836,-66.67096218202447,campinas,SP
91068,florianopolis,SC,-6.932058127766236,-70.04262770370947,florianopolis,SC
99015,sorocaba,SP,-30.278942922373545,-63.41430273462755,sorocaba,SP
64538,petropolis,RJ,-11.974820652495623,-53.399350115160786,petropolis,RJ
52645,campinas,SP,-12.099284816116075,-62.14666994169263,campinas,SP
58717,uberlandia,MG,-30.409332066224028,-43.40259752432902,uberlandia,MG
37677,contagem,MG,-22.91422537220181,-47.275772542210774,contagem,MG
20957,londrina,PR,-22.405869775709718,-56.299683810029094,londrina,PR
38218,campinas,SP,-13.5876086299327,-45.169572393772796,campinas,SP
70293,sorocaba,SP,-16.702048754359065,-55.02456232702758,sorocaba,SP
66599,pelotas,RS,-4.883951877931189,-71.29618520290626,pelotas,RS
68047,niteroi,RJ,-28.725154602221437,-44.242341818204075,niteroi,RJ
61262,florianopolis,SC,-15.214518164862266,-47.217407292978734,florianopolis,SC
6985,campinas,SP,-29.030740848705566,-52.66907487597183,campinas,SP
63019,santos,SP,-7.224882866073582,-67.29595763374508,santos,SP
88202,campinas,SP,-21.559337272173096,-52.92725379446751,campinas,SP
65239,uberlandia,MG,-24.6092865892421,-62.856057284649076,uberlandia,MG
58361,uberlandia,MG,-24.484467165044027,-35.10142051777753,uberlandia,MG
23171,goiania,GO,-29.439954814380382,-54.85823321749638,goiania,GO
79453,niteroi,RJ,-26.739929216236035,-42.38637473158552,niteroi,RJ
45705,maringa,PR,-21.472583747695907,-50.706436299946574,maringa,PR
27028,porto alegre,RS,-31.969598518497097,-40.99549437506136,porto alegre,RS
49493,santos,SP,-17.815893591374866,-54.90144843586786,santos,SP
13082,maringa,PR,-27.45445454549375,-50.4863991402935,maringa,PR
92712,rio de janeiro,RJ,-16.486491982224646,-54.17838149711804,rio de janeiro,RJ
70541,uberlandia,MG,-28.90933137527088,-36.21191815340142,uberlandia,MG
33328,campinas,SP,-25.284469875567083,-67.97824358040502,campinas,SP
79593,brasilia,DF,-9.254667333192948,-59.37923578645673,brasilia,DF
6363,fortaleza,CE,-3.1700543602958717,-51.50976664866996,fortaleza,CE
39216,santos,SP,-22.55433726539718,-69.50667752753942,santos,SP
65486,porto alegre,RS,-18.81842260569078,-40.21765731196406,porto alegre,RS
3345,salvador,BA,-19.768000341884626,-39.01017999109099,salvador,BA
71163,niteroi,RJ,-22.250444581263945,-64.89851026778663,niteroi,RJ
82006,brasilia,DF,-25.2505343038786,-36.325334041673464,brasilia,DF
59818,pelotas,RS,-13.715119603149592,-49.048424552326736,pelotas,RS
21403,fortaleza,CE,-25.940564391980004,-49.87201019369779,fortaleza,CE
75158,serra,ES,-19.523082459392956,-59.40493203254379,serra,ES
34563,sao paulo,SP,-21.13322792952811,-50.78474055416979,sao paulo,SP
73852,uberlandia,MG,-10.595282264158254,-62.937455828461346,uberlandia,MG
63194,londrina,PR,-8.482776057188804,-71.64424779260882,londrina,PR
10247,campinas,SP,-32.340461032540084,-44.31449986572861,campinas,SP
10895,rio de janeiro,RJ,-16.01029958271852,-35.64620179200646,rio de janeiro,RJ
2501,serra,ES,-29.564391335050644,-69.51317224247884,serra,ES
8127,campinas,SP,-30.303874711250575,-49.75830418945808,campinas,SP
30665,contagem,MG,-22.823041096293572,-63.0276740882248,contagem,MG
3544,anapolis,GO,-30.872961301383626,-58.380714779486915,anapolis,GO
93907,niteroi,RJ,-5.117137623917287,-61.99996919545178,niteroi,RJ
91746,belo horizonte,MG,-12.20958580040637,-70.3540752247507,belo horizonte,MG
18087,serra,ES,-13.634964057092748,-34.52144293473953,serra,ES
31826,contagem,MG,-27.943099734495682,-50.619480906268016,contagem,MG
74476,sorocaba,SP,-7.477636959925096,-51.061910038967866,sorocaba,SP
66404,sorocaba,SP,-25.17754438164472,-50.46905839748819,sorocaba,SP
58579,fortaleza,CE,-25.092231945759274,-69.7577337569846,fortaleza,CE
98933,santos,SP,-6.299718053680177,-57.569772021682255,santos,SP
63349,londrina,PR,-14.244477357089885,-36.943511783172646,londrina,PR
67274,sorocaba,SP,-12.963812437456049,-51.51934276650336,sorocaba,SP
50706,contagem,MG,-3.819117628975331,-57.47074190500392,contagem,MG
52983,sobral,CE,-21.01868217919136,-64.69997883904725,sobral,CE
29812,curitiba,PR,-24.775766101457243,-63.34664687393068,curitiba,PR
52570,vitoria,ES,-25.01904969646948,-41.617422489888185,vitoria,ES
91898,santos,SP,-27.031745711847126,-48.032037180088,santos,SP
38314,maringa,PR,-7.899245805430549,-60.19039156011361,maringa,PR
14188,goiania,GO,-24.355032276822982,-37.98619936693282,goiania,GO
60377,belo horizonte,MG,-29.512143678346767,-72.22110129215227,belo horizonte,MG
78733,sao paulo,SP,-9.750197458127403,-43.26613257821147,sao paulo,SP
95919,anapolis,GO,-4.105404099724108,-52.32541997786572,anapolis,GO
54673,niteroi,RJ,-10.002883551023032,-38.109387721178045,niteroi,RJ
79015,londrina,PR,-23.02832580880331,-38.84736642278727,londrina,PR
25796,serra,ES,-27.820691229535548,-60.553896412436536,serra,ES
42998,sao paulo,SP,-9.389247496785096,-71.64640336320872,sao paulo,SP
42484,petropolis,RJ,-13.106504844973887,-38.99596439780517,petropolis,RJ
33911,campinas,SP,-27.089027518695623,-40.76107949574094,campinas,SP
71899,contagem,MG,-4.574235465186643,-66.75914797809241,contagem,MG
88468,sorocaba,SP,-15.23580288720689,-52.20505955591133,sorocaba,SP
33331,joinville,SC,-15.249604432258156,-58.358260250679336,joinville,SC
14442,campinas,SP,-21.11352807074169,-44.64283636916962,campinas,SP
82716,florianopolis,SC,-26.84372035569036,-39.06423590869386,florianopolis,SC
85108,sao paulo,SP,-15.485207239347908,-48.6409853604505,sao paulo,SP
93555,petropolis,RJ,-20.38739988472343,-35.96484550249374,petropolis,RJ
26252,rio de janeiro,RJ,-28.091678925910394,-70.98697056596534,rio de janeiro,RJ
72184,salvador,BA,-32.41893385193547,-57.50580729844832,salvador,BA
71846,uberlandia,MG,-6.461805872884433,-59.385520830645355,uberlandia,MG
79211,petropolis,RJ,-5.045007238258858,-63.07865825206534,petropolis,RJ
80815,anapolis,GO,-29.981078706367352,-58.891613018198186,anapolis,GO
95297,caxias do sul,RS,-24.196208075890446,-68.04012991551701,caxias do sul,RS
48222,sorocaba,SP,-11.233235292475666,-53.42659910942413,sorocaba,SP
8515,olinda,PE,-13.612595260989735,-60.481895619487396,olinda,PE
20035,niteroi,RJ,-21.068692356344844,-50.0084893535124,niteroi,RJ
88774,sao paulo,SP,-23.30980138669745,-56.37182323159134,sao paulo,SP
84631,curitiba,PR,-3.372530036304326,-72.82126190984108,curitiba,PR
2095,campinas,SP,-29.677301121393175,-52.38701063845759,campinas,SP
37382,sao paulo,SP,-8.343771271072082,-51.49599811021497,sao paulo,SP
25272,salvador,BA,-21.447057533726834,-40.06159344893726,salvador,BA
32747,campinas,SP,-32.61617692862911,-61.73262110315726,campinas,SP
64240,brasilia,DF,-9.041278637918484,-44.065544386795175,brasilia,DF
51491,fortaleza,CE,-3.738058399991992,-38.836273058940165,fortaleza,CE
48608,pelotas,RS,-8.102637082873265,-46.04863796002654,pelotas,RS
44073,feira de santana,BA,-14.34254668162037,-68.65869542640357,feira de santana,BA
64519,feira de santana,BA,-10.647624036829924,-56.61314710520924,feira de santana,BA
68621,vitoria,ES,-24.61351819044216,-57.39184593539339,vitoria,ES
5303,niteroi,RJ,-24.661012244950687,-63.26023003558677,niteroi,RJ
14582,santos,SP,-7.2294596640979805,-59.76682556706548,santos,SP
34775,londrina,PR,-15.285385733590502,-45.66527010512816,londrina,PR
44132,londrina,PR,-19.585334885680684,-58.26824419194257,londrina,PR
99624,campinas,SP,-14.064274970010057,-65.17268964137264,campinas,SP
89277,caxias do sul,RS,-21.54867670863783,-41.8828263606519,caxias do sul,RS
65227,santos,SP,-5.97553414453818,-57.881231554536825,santos,SP
4570,fortaleza,CE,-24.243019012749215,-56.39077721162748,fortaleza,CE
10968,santos,SP,-28.191031825381653,-69.72786401057833,santos,SP
46276,sao paulo,SP,-27.585834420039376,-42.286050607296815,sao paulo,SP
59117,santos,SP,-5.270093434589153,-69.70270743961002,santos,SP
66392,sorocaba,SP,-23.760640737133464,-50.70081024313233,sorocaba,SP
15051,santos,SP,-3.682405723053794,-43.371886648681226,santos,SP
88882,campinas,SP,-31.78306335678774,-68.12727226749183,campinas,SP
49828,sorocaba,SP,-31.520336133594274,-61.1947735325579,sorocaba,SP
59784,santos,SP,-8.387037588632893,-34.43024719927895,santos,SP
4891,niteroi,RJ,-20.87037558060488,-55.60193708128165,niteroi,RJ
82623,rio de janeiro,RJ,-11.884379868854928,-50.427834714779685,rio de janeiro,RJ
54761,rio de janeiro,RJ,-15.218235767516134,-39.305931353034744,rio de janeiro,RJ
23046,rio de janeiro,RJ,-12.38530090817915,-37.90206967077779,rio de janeiro,RJ
32566,sao paulo,SP,-17.239462973402922,-59.70257001580481,sao paulo,SP
35927,santos,SP,-11.900710728836565,-40.14711319857458,santos,SP
3678,santos,SP,-15.903998340094816,-60.33550053506133,santos,SP
94270,feira de santana,BA,-20.903980619271838,-41.495130566778734,feira de santana,BA
80495,serra,ES,-12.062459312615818,-41.981373390082524,serra,ES
88710,sobral,CE,-29.353918483441863,-50.36683234397749,sobral,CE
36010,londrina,PR,-24.962973761169597,-47.66498750383873,londrina,PR
56236,londrina,PR,-27.37324888248943,-50.786927445827544,londrina,PR
46367,petropolis,RJ,-7.792854726370859,-68.71796774088834,petropolis,RJ
48072,brasilia,DF,-14.331036054659265,-55.888973341892694,brasilia,DF
59303,salvador,BA,-32.955452149285094,-68.31381182033125,salvador,BA
45655,goiania,GO,-8.245283927241058,-70.9019069590913,goiania,GO
77550,recife,PE,-24.73895143943499,-53.78143601998971,recife,PE
6820,uberlandia,MG,-32.67243861526661,-62.67958426967714,uberlandia,MG
20071,salvador,BA,-30.587900405265184,-59.344556144573914,salvador,BA
89344,brasilia,DF,-16.376714026005477,-48.54672131071251,brasilia,DF
88351,petropolis,RJ,-27.53091465645373,-54.83290007226691,petropolis,RJ
81995,sobral,CE,-14.129023286955846,-50.89584988846599,sobral,CE
37506,campinas,SP,-7.333544656692464,-46.74890905218827,campinas,SP
46168,vitoria,ES,-20.72998548670473,-46.89656732357649,vitoria,ES
3501,brasilia,DF,-6.864528329335734,-46.099160698233305,brasilia,DF
28664,campinas,SP,-26.585051029712027,-55.24682597235022,campinas,SP
72916,blumenau,SC,-13.76968089267232,-45.393680926358,blumenau,SC
34948,sao paulo,SP,-6.226375837293251,-62.565153046584626,sao paulo,SP
48545,brasilia,DF,-16.500371576788858,-43.22225944409493,brasilia,DF
13192,brasilia,DF,-9.59919088458162,-42.019533158586654,brasilia,DF
50141,pelotas,RS,-14.84890396484806,-38.03636547695674,pelotas,RS
72456,goiania,GO,-28.19464256201013,-36.20238885004741,goiania,GO
57639,sorocaba,SP,-5.425000981932481,-52.696048388033375,sorocaba,SP
56109,sorocaba,SP,-26.857035797390946,-52.22306288821966,sorocaba,SP
91542,contagem,MG,-9.448162103434743,-58.219718503542396,contagem,MG
24176,sorocaba,SP,-30.20223548301089,-42.681953613597756,sorocaba,SP
30645,belo horizonte,MG,-18.319891671820713,-62.49599149487427,belo horizonte,MG
62676,santos,SP,-15.529254690056025,-48.060407687089786,santos,SP
48538,belo horizonte,MG,-12.74340709153562,-51.10330708648037,belo horizonte,MG
97942,belo horizonte,MG,-11.944410949489498,-62.080085394351805,belo horizonte,MG
6908,recife,PE,-31.34938364840739,-62.9069753582599,recife,PE
13116,santos,SP,-23.313756745822797,-66.72809272668007,santos,SP
34857,olinda,PE,-12.957284842524853,-44.39533039617723,olinda,PE
46389,contagem,MG,-21.75884337147495,-40.918259172740875,contagem,MG
89154,rio de janeiro,RJ,-19.603188041312563,-65.9113599099072,rio de janeiro,RJ
49921,curitiba,PR,-30.057351728983807,-37.58971871570836,curitiba,PR
44277,contagem,MG,-14.985095910950719,-64.9606120085052,contagem,MG
17512,sorocaba,SP,-23.17024414311061,-68.83137118792733,sorocaba,SP
43990,maringa,PR,-29.595901156539114,-38.75492857802354,maringa,PR
53625,sao paulo,SP,-17.860457392262767,-37.00079113612419,sao paulo,SP
58793,niteroi,RJ,-20.938753262242805,-66.59688832200371,niteroi,RJ
60991,curitiba,PR,-14.096390278796282,-66.05214126756923,curitiba,PR
43533,contagem,MG,-26.132753111176044,-61.57690813030445,contagem,MG
16576,goiania,GO,-28.445072493701858,-70.64456543233233,goiania,GO
16120,sorocaba,SP,-22.728490852363322,-56.64366383459789,sorocaba,SP
16317,vitoria,ES,-5.425427813625916,-44.975841554211094,vitoria,ES
62239,brasilia,DF,-26.582007083592536,-69.71848272380015,brasilia,DF
85777,vitoria,ES,-24.125723125366143,-61.2616914297401,vitoria,ES
88427,anapolis,GO,-9.468094243373994,-59.0661142494881,anapolis,GO
31827,campinas,SP,-10.205193025827324,-36.27385036998697,campinas,SP
8883,londrina,PR,-21.151395622452757,-43.9455079787366,londrina,PR
63402,santos,SP,-8.650840818391984,-58.61551918879548,santos,SP
4799,goiania,GO,-10.571411885519048,-64.95292327165191,goiania,GO
63049,pelotas,RS,-24.460033087130896,-39.103192663941414,pelotas,RS
38926,campinas,SP,-14.381617852972834,-61.88801546870606,campinas,SP
84077,fortaleza,CE,-25.161190616753142,-48.633359440042796,fortaleza,CE
62911,campinas,SP,-17.364272083804376,-46.03611450664951,campinas,SP
74248,curitiba,PR,-19.696794752451986,-42.219097070410086,curitiba,PR
41166,salvador,BA,-18.70200336687403,-48.913862950950474,salvador,BA
84216,santos,SP,-4.373400412569374,-57.329169531435426,santos,SP
52987,porto alegre,RS,-9.226001819063537,-67.20049937880898,porto alegre,RS
62895,goiania,GO,-14.444746379952239,-65.20867554932906,goiania,GO
36701,santos,SP,-31.45245124916573,-50.1119377121666,santos,SP
45495,londrina,PR,-29.167948698194824,-54.06271568077521,londrina,PR
84173,sao paulo,SP,-13.80704689551714,-58.09179166076612,sao paulo,SP
39962,blumenau,SC,-5.443972945535876,-52.238355095959605,blumenau,SC
3116,sorocaba,SP,-31.542224472834512,-39.50527899442483,sorocaba,SP
38523,fortaleza,CE,-3.3065686182003837,-71.34483877478051,fortaleza,CE
39803,recife,PE,-18.876389519936964,-67.64499090636905,recife,PE
42420,campinas,SP,-21.564711410315894,-72.94933298884736,campinas,SP
7995,petropolis,RJ,-12.537330656615438,-60.52947340842725,petropolis,RJ
13801,porto alegre,RS,-3.3146346861960865,-66.50251283231803,porto alegre,RS
33079,feira de santana,BA,-26.878637816794924,-62.12722676536444,feira de santana,BA
42971,belo horizonte,MG,-4.114836790811392,-70.06011054612449,belo horizonte,MG
3872,sao paulo,SP,-29.278281180068536,-59.56140806737013,sao paulo,SP
39554,sorocaba,SP,-8.686274636815224,-57.40354247337977,sorocaba,SP
32692,vitoria,ES,-11.89416079134796,-36.88339178120739,vitoria,ES
4422,belo horizonte,MG,-18.372827566536177,-50.727866935164315,belo horizonte,MG
25790,olinda,PE,-16.592073326813697,-40.03523427089849,olinda,PE
28237,uberlandia,MG,-3.693741021135761,-48.66248937509241,uberlandia,MG
15209,fortaleza,CE,-10.033117065744005,-55.571324200230535,fortaleza,CE
75438,santos,SP,-3.311884715507329,-38.23413905696802,santos,SP
8164,santos,SP,-29.59348060319965,-42.86272862804627,santos,SP
58216,sobral,CE,-21.0937664543607,-71.92978338338374,sobral,CE
66867,fortaleza,CE,-25.539296827226497,-64.41275745474063,fortaleza,CE
80809,niteroi,RJ,-23.215440186232954,-34.04635269669406,niteroi,RJ
55012,rio de janeiro,RJ,-3.9896898599748596,-42.98684655303322,rio de janeiro,RJ
54725,contagem,MG,-16.381843622646596,-56.900421354885836,contagem,MG
76319,uberlandia,MG,-7.985236807103131,-49.93033528377063,uberlandia,MG
85553,sao paulo,SP,-32.72190435215818,-42.90969916352209,sao paulo,SP
21883,olinda,PE,-17.33462571979745,-57.715633099264195,olinda,PE
79809,campinas,SP,-4.3084958632446835,-71.2652790577639,campinas,SP
46774,florianopolis,SC,-22.751088910515534,-48.91980721037038,florianopolis,SC
10730,sorocaba,SP,-18.179883444184863,-68.4624048996726,sorocaba,SP
61629,sorocaba,SP,-24.005437418394987,-63.54658259033358,sorocaba,SP
97722,blumenau,SC,-11.659517324881573,-52.748193159481744,blumenau,SC
14929,niteroi,RJ,-32.73399698486568,-41.92317946352711,niteroi,RJ
2459,blumenau,SC,-15.884684748249452,-64.23808972677199,blumenau,SC
91734,sao paulo,SP,-29.65255465430931,-65.49656312174704,sao paulo,SP
60086,sobral,CE,-19.414351015675983,-56.433729908222276,sobral,CE
22690,salvador,BA,-17.872086732690526,-67.67441959501265,salvador,BA
79457,recife,PE,-20.76627015310013,-63.25178267522859,recife,PE
39973,sao paulo,SP,-31.480027612939136,-61.2782414256521,sao paulo,SP
33857,rio de janeiro,RJ,-16.264983328611713,-42.5573313261107,rio de janeiro,RJ
29690,niteroi,RJ,-25.48027995625895,-47.132547369815796,niteroi,RJ
60257,maringa,PR,-19.768961782029535,-58.87883568392386,maringa,PR
14319,niteroi,RJ,-30.279068133964095,-36.08702943949231,niteroi,RJ
36849,campinas,SP,-28.107674057677944,-62.2333212798615,campinas,SP
31202,niteroi,RJ,-14.528249023230309,-53.185455245153456,niteroi,RJ
7000,santos,SP,-3.191783982215597,-48.85215205290708,santos,SP
76551,rio de janeiro,RJ,-3.5671808327471517,-35.72988812704734,rio de janeiro,RJ
1837,santos,SP,-29.554845678178296,-39.649670607779456,santos,SP
96011,santos,SP,-15.604171101218896,-58.422227811413784,santos,SP
10391,porto alegre,RS,-5.886486024814001,-53.4453911990259,porto alegre,RS
36464,niteroi,RJ,-21.026745065298876,-55.184261685178164,niteroi,RJ
10742,petropolis,RJ,-8.875043337572123,-61.103505251769406,petropolis,RJ
37320,londrina,PR,-28.73003878157204,-54.24230742281732,londrina,PR
61477,brasilia,DF,-3.4239959274254232,-69.5324223409463,brasilia,DF
9660,rio de janeiro,RJ,-13.708221447139188,-70.87368074254852,rio de janeiro,RJ
53060,caxias do sul,RS,-14.473605738442451,-70.30757810390564,caxias do sul,RS
77415,serra,ES,-15.569316293050452,-67.70995761083059,serra,ES
46090,curitiba,PR,-5.9209514835081904,-61.92531973816379,curitiba,PR
12132,olinda,PE,-23.73463711938384,-48.06635506594773,olinda,PE
69499,brasilia,DF,-26.583732399509817,-40.19186556377357,brasilia,DF
19461,santos,SP,-16.97179021104805,-42.53902157731589,santos,SP
2665,belo horizonte,MG,-3.4596419974054164,-60.269191869201975,belo horizonte,MG
44241,joinville,SC,-3.5124621026870173,-71.30641385147709,joinville,SC
27827,serra,ES,-30.250695701791887,-70.88221136612263,serra,ES
3819,uberlandia,MG,-31.562861183195164,-41.88549127268578,uberlandia,MG
77961,santos,SP,-8.752557160051907,-39.00188518062441,santos,SP
60372,curitiba,PR,-13.710804218558636,-36.66087060093661,curitiba,PR
91086,sorocaba,SP,-14.246582130640018,-35.30656437082609,sorocaba,SP
48556,feira de santana,BA,-12.020427598668476,-39.89797366586584,feira de santana,BA
44394,maringa,PR,-32.06089602477643,-59.15757590803776,maringa,PR
84419,feira de santana,BA,-20.68839066420165,-54.48717971807826,feira de santana,BA
9066,recife,PE,-18.61660503872386,-40.53555789803149,recife,PE
36804,caxias do sul,RS,-13.232468291957733,-37.970900295286185,caxias do sul,RS
80073,pelotas,RS,-15.59058651258903,-58.92032599185377,pelotas,RS
29961,feira de santana,BA,-10.333700574862625,-48.49297428273841,feira de santana,BA
88630,goiania,GO,-16.71797534597967,-66.02465444821763,goiania,GO
29118,olinda,PE,-14.028582725143636,-72.92959129477934,olinda,PE
41951,sorocaba,SP,-32.847951476019446,-59.14032871926182,sorocaba,SP
89838,curitiba,PR,-13.893269461648124,-37.074012425570224,curitiba,PR
25091,sao paulo,SP,-17.654024904964782,-47.42623311663304,sao paulo,SP
96842,olinda,PE,-20.60276938095964,-38.10717203326166,olinda,PE
5353,blumenau,SC,-12.095984009556794,-59.005391084548656,blumenau,SC
27313,uberlandia,MG,-32.937146687518904,-71.15333601772271,uberlandia,MG
59516,santos,SP,-9.926519280207572,-59.001269632905526,santos,SP
59816,petropolis,RJ,-6.398362987748815,-56.280858443390926,petropolis,RJ
91076,florianopolis,SC,-29.609792671674008,-46.79812287152812,florianopolis,SC
96020,sao paulo,SP,-22.36354704438368,-35.288425122292715,sao paulo,SP
68110,sorocaba,SP,-6.941427217897523,-60.88748742317594,sorocaba,SP
66313,recife,PE,-31.135634995689465,-43.47638182908272,recife,PE
32407,salvador,BA,-26.183219712865405,-38.42286730212644,salvador,BA
80758,campinas,SP,-8.828446323590068,-63.3267294012609,campinas,SP
64645,niteroi,RJ,-22.285970275546536,-42.55895734401565,niteroi,RJ
3383,vitoria,ES,-22.830784756647716,-35.77833469269664,vitoria,ES
83373,blumenau,SC,-21.046937409729495,-42.68357535075266,blumenau,SC
36606,pelotas,RS,-3.9887048200433135,-57.503206551358105,pelotas,RS
48106,rio de janeiro,RJ,-31.26477995288262,-50.25924945763971,rio de janeiro,RJ
49123,niteroi,RJ,-21.984983161941358,-43.92492310168368,niteroi,RJ
82154,sao paulo,SP,-22.14685455172894,-41.49052843840852,sao paulo,SP
27524,salvador,BA,-3.626512879189754,-45.3700205128229,salvador,BA
39798,sorocaba,SP,-24.36405425113324,-34.86919469198762,sorocaba,SP
4873,santos,SP,-4.6786128236331095,-39.39662605813545,santos,SP
35501,feira de santana,BA,-20.899473437742866,-64.61167641656245,feira de santana,BA
9748,sobral,CE,-19.303198719155382,-34.02144201922409,sobral,CE
58715,feira de santana,BA,-12.694274529846513,-45.53197966014794,feira de santana,BA
89425,contagem,MG,-18.593872794928842,-37.38673437973677,contagem,MG
47003,contagem,MG,-26.494010181523613,-53.60263102866922,contagem,MG
91297,uberlandia,MG,-7.815736653221116,-38.153119285090135,uberlandia,MG
97733,niteroi,RJ,-24.535800826421326,-34.59670538439982,niteroi,RJ
6326,curitiba,PR,-7.283806563235231,-40.924993012440645,curitiba,PR
52122,contagem,MG,-3.9567001699776263,-41.88363000829206,contagem,MG
53299,porto alegre,RS,-16.98612909766808,-64.57622588514576,porto alegre,RS
39131,olinda,PE,-27.76738673234955,-67.72697628641214,olinda,PE
83215,serra,ES,-28.12263414834051,-42.9907837648459,serra,ES
40098,sao paulo,SP,-7.44634300433696,-45.44840952154831,sao paulo,SP
6463,petropolis,RJ,-24.49081286370832,-48.6508101578913,petropolis,RJ
55245,sorocaba,SP,-18.17673412059719,-55.587044312737845,sorocaba,SP
20988,niteroi,RJ,-9.47786217052084,-70.4672597519171,niteroi,RJ
36135,niteroi,RJ,-31.333457069506846,-50.737965915832206,niteroi,RJ
50686,sorocaba,SP,-20.000256678097784,-52.23868052995519,sorocaba,SP
72567,feira de santana,BA,-12.879725617767615,-45.0228931024929,feira de santana,BA
28537,curitiba,PR,-15.75665323051103,-69.51857442045977,curitiba,PR
38685,fortaleza,CE,-20.80070445233414,-57.29876294732828,fortaleza,CE
7722,santos,SP,-22.415973085690993,-56.59732467142758,santos,SP
39029,campinas,SP,-30.614554161718708,-54.88633230791461,campinas,SP
58442,belo horizonte,MG,-14.839646355645886,-71.66916206249319,belo horizonte,MG
62079,sorocaba,SP,-31.25773597128233,-50.17391600487688,sorocaba,SP
30030,sao paulo,SP,-17.359596519980926,-65.4760777648728,sao paulo,SP
7023,vitoria,ES,-28.98528783869792,-37.42423693595393,vitoria,ES
58153,campinas,SP,-31.80169078732478,-48.355271907567285,campinas,SP
65879,sao paulo,SP,-18.384662358882167,-40.58897974627102,sao paulo,SP
9431,caxias do sul,RS,-23.82063849838186,-53.819399650031414,caxias do sul,RS
50991,maringa,PR,-18.34788455162432,-58.53400451346302,maringa,PR
10413,pelotas,RS,-28.087246389881233,-62.932392249224904,pelotas,RS
45849,petropolis,RJ,-4.004452187702043,-57.54694159022344,petropolis,RJ
64442,goiania,GO,-32.58057910708403,-37.089566155655696,goiania,GO
72205,sao paulo,SP,-28.929301655798376,-36.91864530682427,sao paulo,SP
71663,contagem,MG,-11.665412652619775,-36.36357949885974,contagem,MG
76066,joinville,SC,-5.094618026888764,-43.125845690653705,joinville,SC
24882,olinda,PE,-31.62702369667292,-66.02692495792324,olinda,PE
84778,rio de janeiro,RJ,-32.330228968065946,-45.01102667996177,rio de janeiro,RJ
35617,maringa,PR,-16.2474605834888,-59.92088220937269,maringa,PR
38105,santos,SP,-19.776300103191183,-56.4174708939282,santos,SP
78970,sorocaba,SP,-26.86475777976198,-55.00380400601743,sorocaba,SP
33376,sao paulo,SP,-29.03094224978156,-63.01497217203158,sao paulo,SP
8412,salvador,BA,-7.406337725220528,-64.87783866459048,salvador,BA
71719,petropolis,RJ,-29.281041565054046,-68.95810933646446,petropolis,RJ
66547,salvador,BA,-12.139498596192908,-55.79431424342771,salvador,BA
58598,santos,SP,-8.189658293747566,-49.91558155574016,santos,SP
15184,recife,PE,-32.33019991018235,-38.587557893813084,recife,PE
63547,anapolis,GO,-10.6635103199499,-72.31252467796573,anapolis,GO
20642,campinas,SP,-12.501845868609504,-71.23120280443726,campinas,SP
55996,santos,SP,-16.708919723000466,-44.006117799307624,santos,SP
51283,sorocaba,SP,-30.618467162322517,-42.17371381800112,sorocaba,SP
77495,anapolis,GO,-5.763987954274189,-71.65875799982568,anapolis,GO
97680,campinas,SP,-5.745959728669835,-43.295713793806804,campinas,SP
19813,curitiba,PR,-22.756531674392587,-51.18904730684834,curitiba,PR
12356,uberlandia,MG,-22.912472139997547,-60.53868082360669,uberlandia,MG
56014,brasilia,DF,-16.583511746753885,-47.54151946199514,brasilia,DF
95245,contagem,MG,-6.733774226520342,-61.02555101359722,contagem,MG
16651,curitiba,PR,-5.033183808446996,-55.82891727807454,curitiba,PR
49250,serra,ES,-25.520012241779213,-53.98738669242066,serra,ES
41317,campinas,SP,-16.309581175562855,-61.53753395069807,campinas,SP
32485,goiania,GO,-22.066906558788652,-60.200002431225606,goiania,GO
66734,santos,SP,-26.456973581116635,-38.25173132974682,santos,SP
30252,uberlandia,MG,-32.91343664570693,-57.09121481055701,uberlandia,MG
49813,recife,PE,-24.195938230859348,-62.1916643474821,recife,PE
84694,joinville,SC,-23.15782512233449,-53.250890337125924,joinville,SC
38579,blumenau,SC,-13.36286986186601,-67.77351030469319,blumenau,SC
3089,sorocaba,SP,-13.682860655023301,-50.982890777874445,sorocaba,SP
88611,uberlandia,MG,-3.6449581793779444,-40.211064121264236,uberlandia,MG
28175,niteroi,RJ,-13.107972887217525,-54.245880440965806,niteroi,RJ
77508,maringa,PR,-28.406568032965403,-72.39075948243963,maringa,PR
76514,belo horizonte,MG,-15.310959356992715,-37.77258883671324,belo horizonte,MG
53102,rio de janeiro,RJ,-28.034292448089413,-43.713180798837314,rio de janeiro,RJ
9693,niteroi,RJ,-28.381754409081765,-35.228626269042486,niteroi,RJ
95054,santos,SP,-5.183254677314839,-41.57556542363632,santos,SP
68405,niteroi,RJ,-27.64071823819377,-39.444097086375436,niteroi,RJ
43011,sao paulo,SP,-18.686628716021996,-37.3077857272792,sao paulo,SP
85534,olinda,PE,-5.780483806967304,-63.08691325213928,olinda,PE
79018,caxias do sul,RS,-14.794214320095293,-34.57027110130252,caxias do sul,RS
76269,sorocaba,SP,-19.21284668454036,-63.105128368414874,sorocaba,SP
17625,blumenau,SC,-22.94844035760446,-34.925430459165604,blumenau,SC
63650,anapolis,GO,-29.22630332932043,-41.99116093001882,anapolis,GO
29293,santos,SP,-7.236139418521695,-44.424475959168085,santos,SP
8769,santos,SP,-8.912260944553637,-64.02794746453866,santos,SP
34470,sao paulo,SP,-5.449271967732731,-61.038742187921244,sao paulo,SP
11299,campinas,SP,-9.762872149071583,-66.96153981832789,campinas,SP
11476,feira de santana,BA,-18.2990240987207,-61.48021347072708,feira de santana,BA
72976,vitoria,ES,-27.18578856465693,-37.12710106619989,vitoria,ES
50678,sao paulo,SP,-6.567745144002892,-55.097507897236774,sao paulo,SP
40389,salvador,BA,-26.873544166560887,-35.668821412617014,salvador,BA
20033,santos,SP,-18.951737049596503,-49.92648828068977,santos,SP
77323,caxias do sul,RS,-13.239562143704006,-72.36456896990708,caxias do sul,RS
63783,feira de santana,BA,-7.54073922936097,-59.83317390029319,feira de santana,BA
58972,petropolis,RJ,-7.686611805972511,-59.687700534248066,petropolis,RJ
19818,santos,SP,-22.06256291602959,-56.39289573023761,santos,SP
13231,caxias do sul,RS,-29.34684519561215,-46.869800038459005,caxias do sul,RS
13226,serra,ES,-18.306284990675852,-62.5415888769105,serra,ES
3479,sao paulo,SP,-6.811713491913036,-57.13982768853509,sao paulo,SP
96938,santos,SP,-24.321813424368607,-34.08908884647681,santos,SP
37405,campinas,SP,-16.85686569629464,-58.86348879298462,campinas,SP
66165,maringa,PR,-28.264472157343544,-53.313997786228974,maringa,PR
98241,pelotas,RS,-10.70498250151461,-52.976526279031134,pelotas,RS
93707,brasilia,DF,-14.791833704312296,-65.39042769424543,brasilia,DF
32737,feira de santana,BA,-10.80829485735934,-53.673009728616734,feira de santana,BA
49498,olinda,PE,-24.300573292767037,-64.37280984487819,olinda,PE
46840,brasilia,DF,-12.706960002866769,-68.79943198028084,brasilia,DF
4306,santos,SP,-27.87301038205753,-41.48635368914246,santos,SP
77060,londrina,PR,-20.424735712664244,-45.13252516287974,londrina,PR
57862,rio de janeiro,RJ,-7.762259153739439,-62.459418492174805,rio de janeiro,RJ
37773,rio de janeiro,RJ,-17.65963762955755,-67.75066221548659,rio de janeiro,RJ
56274,sobral,CE,-6.020365704263224,-34.66129117494304,sobral,CE
73809,joinville,SC,-8.489608903014418,-37.25247175373717,joinville,SC
2482,vitoria,ES,-17.176668864102396,-58.886065687195384,vitoria,ES
64957,contagem,MG,-22.793676361632784,-47.84929020658132,contagem,MG
86262,maringa,PR,-10.574429142128569,-61.79427313815648,maringa,PR
72913,uberlandia,MG,-10.483036372135452,-58.33636137689801,uberlandia,MG
62376,sao paulo,SP,-17.423136781371657,-51.98366790339114,sao paulo,SP
9963,sorocaba,SP,-28.881211531454483,-62.50594082710131,sorocaba,SP
74723,curitiba,PR,-23.400493783022092,-69.62081316324024,curitiba,PR
75315,campinas,SP,-18.633104971520062,-44.92115595339841,campinas,SP
49897,sobral,CE,-4.681917874138698,-65.54544214113356,sobral,CE
58682,santos,SP,-9.787004078900761,-61.28340461342299,santos,SP
62221,sao paulo,SP,-9.680806570890496,-35.729941214376545,sao paulo,SP
12991,salvador,BA,-26.869590657549324,-49.49174125251186,salvador,BA
26489,campinas,SP,-28.349910083340202,-64.11188101100639,campinas,SP
79437,olinda,PE,-3.839174399277603,-61.8658149067056,olinda,PE
97401,feira de santana,BA,-24.37522954822883,-64.27238035603301,feira de santana,BA
27739,sao paulo,SP,-13.341641280517514,-39.08131720038028,sao paulo,SP
40670,florianopolis,SC,-10.400859353435408,-41.78227536842655,florianopolis,SC
91613,pelotas,RS,-17.319591485633232,-51.62155336967781,pelotas,RS
17070,salvador,BA,-30.767178711531088,-67.9691733535159,salvador,BA
26856,goiania,GO,-22.927455127809957,-44.19573951875938,goiania,GO
6535,salvador,BA,-5.053118267843413,-39.89411188533961,salvador,BA
24241,caxias do sul,RS,-16.265706347074325,-52.42406593023364,caxias do sul,RS
63980,rio de janeiro,RJ,-4.47375032851707,-64.76768393048951,rio de janeiro,RJ
35473,florianopolis,SC,-28.148771854372548,-45.91220134145631,florianopolis,SC
98353,fortaleza,CE,-30.958652058682095,-60.26236044343532,fortaleza,CE
89263,caxias do sul,RS,-13.213882027767639,-37.25201435219919,caxias do sul,RS
89682,florianopolis,SC,-24.65213600830411,-40.62196496968455,florianopolis,SC
72910,belo horizonte,MG,-15.845969011080527,-57.154737964935464,belo horizonte,MG
70507,salvador,BA,-22.009134921900653,-71.43372813701797,salvador,BA
51456,vitoria,ES,-25.523972476738564,-36.03411308792552,vitoria,ES
99068,campinas,SP,-30.351112724268383,-35.77216803859896,campinas,SP
10441,santos,SP,-16.435598795718935,-54.06014108105279,santos,SP
72559,curitiba,PR,-31.380167134256254,-72.75945286142498,curitiba,PR
14885,uberlandia,MG,-11.454456025958692,-44.81270141937155,uberlandia,MG
34585,caxias do sul,RS,-25.110346251957278,-62.052608485980564,caxias do sul,RS
26306,santos,SP,-28.753262101498986,-43.77567748478565,santos,SP
60519,uberlandia,MG,-8.09247555622752,-71.86296328791305,uberlandia,MG
78933,pelotas,RS,-5.946620224288466,-48.94422618229015,pelotas,RS
8896,porto alegre,RS,-29.199926532615194,-36.36331099360675,porto alegre,RS
60563,florianopolis,SC,-4.458881883481048,-52.744706838961925,florianopolis,SC
22946,salvador,BA,-18.919988074686216,-36.105125748316965,salvador,BA
8622,blumenau,SC,-29.41359741637045,-44.8507300549244,blumenau,SC
42336,brasilia,DF,-21.923414192041665,-49.7389110647201,brasilia,DF
58544,pelotas,RS,-16.519226015312846,-40.001727217214416,pelotas,RS
20979,maringa,PR,-25.120708024221514,-37.1033957666385,maringa,PR
39590,caxias do sul,RS,-9.575408806774703,-39.50868043734616,caxias do sul,RS
95395,campinas,SP,-29.47575709983863,-37.191487733436965,campinas,SP
35328,campinas,SP,-6.465822059030156,-70.51258750186932,campinas,SP
99563,curitiba,PR,-20.479283968539065,-64.71240892837005,curitiba,PR
83587,recife,PE,-3.6909860895734283,-62.578691530483326,recife,PE
37722,joinville,SC,-19.566510062747753,-35.55872360043377,joinville,SC
58103,sao paulo,SP,-32.506968883193906,-37.435843430318414,sao paulo,SP
71212,pelotas,RS,-21.29622055085087,-41.38731416690941,pelotas,RS
46999,sorocaba,SP,-21.176351414777272,-41.91478088763441,sorocaba,SP
41368,salvador,BA,-22.243889046241314,-55.60987255004452,salvador,BA
33643,anapolis,GO,-10.418750256216473,-69.11944722830002,anapolis,GO
14811,porto alegre,RS,-15.44080490421354,-47.02492638209405,porto alegre,RS
3467,pelotas,RS,-5.839586659810031,-52.640363391161316,pelotas,RS
34355,petropolis,RJ,-14.242061632002056,-57.249688636594755,petropolis,RJ
79777,belo horizonte,MG,-15.464085618053996,-58.83709956140035,belo horizonte,MG
24103,olinda,PE,-24.840242673755235,-66.70497396600408,olinda,PE
18794,salvador,BA,-13.152524527017242,-57.18957819531339,salvador,BA
33479,maringa,PR,-11.96778142953227,-36.983225654453236,maringa,PR
60290,rio de janeiro,RJ,-31.665001668632563,-65.31031797291757,rio de janeiro,RJ
22286,sao paulo,SP,-31.443373191036958,-49.64384251367062,sao paulo,SP
22818,campinas,SP,-26.70285021819268,-48.66235246463889,campinas,SP
12122,sao paulo,SP,-15.480834534856353,-58.100387674219284,sao paulo,SP
33888,rio de janeiro,RJ,-13.924568615190637,-62.48292619655632,rio de janeiro,RJ
22525,sobral,CE,-22.314361085345226,-66.92085643699544,sobral,CE
83288,londrina,PR,-25.663628531819267,-56.77151595605872,londrina,PR
90669,santos,SP,-28.056231868882364,-53.36593099833325,santos,SP
37679,sao paulo,SP,-23.95317558911237,-71.57737480676941,sao paulo,SP
9436,rio de janeiro,RJ,-19.395891514036435,-36.96588963822446,rio de janeiro,RJ
9657,anapolis,GO,-15.008278138625236,-72.93666352690583,anapolis,GO
33150,rio de janeiro,RJ,-6.877669036775245,-71.12315377132195,rio de janeiro,RJ
46883,brasilia,DF,-13.965556100164886,-46.921921097054565,brasilia,DF
53316,brasilia,DF,-16.61172576217982,-42.26245000903437,brasilia,DF
31109,sao paulo,SP,-22.626230299938715,-55.156992197400264,sao paulo,SP
36096,caxias do sul,RS,-20.069646829051074,-60.43192950388975,caxias do sul,RS
29084,fortaleza,CE,-13.655669251020939,-45.11778055019806,fortaleza,CE
52242,uberlandia,MG,-13.889288191265582,-39.04899063600132,uberlandia,MG
69992,sorocaba,SP,-26.661923586599976,-60.73910668213338,sorocaba,SP
5298,fortaleza,CE,-8.702546355970554,-49.0249174717075,fortaleza,CE
48392,olinda,PE,-8.10764486415373,-37.96448803397111,olinda,PE
65207,londrina,PR,-3.5517621364352756,-47.125951694019186,londrina,PR
67582,londrina,PR,-6.179843161647941,-69.81155720182947,londrina,PR
56783,santos,SP,-29.95443676838966,-66.75231314162552,santos,SP
52988,anapolis,GO,-19.95098896359787,-41.65843026242428,anapolis,GO
68414,curitiba,PR,-31.27613382875705,-54.390888219234604,curitiba,PR
38458,sao paulo,SP,-9.935817010432622,-63.94688335284832,sao paulo,SP
57157,blumenau,SC,-6.8238906160680095,-69.74019383010575,blumenau,SC
32626,fortaleza,CE,-18.31634495640739,-69.98598202661158,fortaleza,CE
44352,anapolis,GO,-27.42138665262369,-52.93816007804506,anapolis,GO
13284,campinas,SP,-19.218397266979657,-44.309097550497114,campinas,SP
35663,sorocaba,SP,-29.067760839299766,-56.79736907686588,sorocaba,SP
15065,fortaleza,CE,-30.28851371654235,-57.454008112788756,fortaleza,CE
23416,sobral,CE,-29.328726140531366,-72.88860893722708,sobral,CE
42526,londrina,PR,-29.953276413212794,-58.75426972737745,londrina,PR
50506,joinville,SC,-6.216035369443524,-65.70162896986228,joinville,SC
94256,belo horizonte,MG,-32.07879958488994,-57.49594343991308,belo horizonte,MG
3579,uberlandia,MG,-24.52496036705768,-71.28133409159894,uberlandia,MG
89956,santos,SP,-26.827299916170304,-51.295096649254546,santos,SP
33495,campinas,SP,-19.64568943427893,-50.43123812430537,campinas,SP
72691,sorocaba,SP,-25.349230585932588,-40.09912931545812,sorocaba,SP
68108,anapolis,GO,-25.497949325597393,-66.51257873279305,anapolis,GO
97112,sao paulo,SP,-6.223377553555299,-49.28980307249341,sao paulo,SP
11762,sorocaba,SP,-13.16464002839152,-40.048700570413224,sorocaba,SP
96750,curitiba,PR,-24.11459315944562,-37.26355167189678,curitiba,PR
7226,santos,SP,-23.35830985280061,-66.15923749689529,santos,SP
87852,campinas,SP,-21.921895367419296,-48.49212871492143,campinas,SP
65565,londrina,PR,-21.120971908724,-67.06052056196313,londrina,PR
48709,petropolis,RJ,-27.364679816297496,-65.42097217119542,petropolis,RJ
40379,pelotas,RS,-22.50100746983637,-45.060688835611074,pelotas,RS
10265,sobral,CE,-6.776848786729364,-40.27744931889461,sobral,CE
80379,sorocaba,SP,-11.41515341490733,-58.852944757285954,sorocaba,SP
73066,sobral,CE,-31.84710231470649,-41.93806531987857,sobral,CE
93792,olinda,PE,-8.70829455364446,-46.32926317226283,olinda,PE
73310,goiania,GO,-20.808597945234844,-58.959779858111546,goiania,GO
95746,porto alegre,RS,-11.264913543582747,-62.09093435722539,porto alegre,RS
88792,porto alegre,RS,-21.20655586120578,-44.58547570542694,porto alegre,RS
43133,caxias do sul,RS,-9.731958102949026,-40.17516304986312,caxias do sul,RS
70667,joinville,SC,-13.084920118570125,-69.47696373029773,joinville,SC
27168,sao paulo,SP,-12.830831880082414,-54.63309091161476,sao paulo,SP
79727,fortaleza,CE,-6.549704712054918,-62.30963936333106,fortaleza,CE
61252,pelotas,RS,-8.23357816330337,-68.56391412574266,pelotas,RS
44591,brasilia,DF,-18.228883759993067,-65.90550225264302,brasilia,DF
63190,petropolis,RJ,-13.150532934531817,-41.31829739431393,petropolis,RJ
28441,sorocaba,SP,-21.63508101586368,-46.398091813463836,sorocaba,SP
62611,curitiba,PR,-13.20149830990448,-35.25909321787318,curitiba,PR
48005,curitiba,PR,-25.002323617154023,-60.06843175873053,curitiba,PR
32855,belo horizonte,MG,-15.827962798922393,-37.41326568016849,belo horizonte,MG
97576,petropolis,RJ,-8.569879295583235,-69.5785112995029,petropolis,RJ
7311,santos,SP,-17.850365509549412,-38.93771828899976,santos,SP
76011,maringa,PR,-12.527927145140161,-71.04376269426825,maringa,PR
21790,niteroi,RJ,-24.371399421018,-66.07699865144001,niteroi,RJ
23029,vitoria,ES,-8.413997643686194,-41.666209452742194,vitoria,ES
16287,santos,SP,-18.824973025391888,-36.52509712993993,santos,SP
11138,petropolis,RJ,-21.095603859833197,-49.94486456253341,petropolis,RJ
13266,niteroi,RJ,-32.09247857192745,-39.44139201598332,niteroi,RJ
83433,londrina,PR,-30.015579493126847,-68.2048172910663,londrina,PR
92701,maringa,PR,-29.269265288669388,-39.302781353753545,maringa,PR
58892,joinville,SC,-18.429834017554853,-61.90727847371571,joinville,SC
2370,sobral,CE,-30.68238993314133,-36.35019288276597,sobral,CE
86584,niteroi,RJ,-14.387891921350114,-56.348901330013256,niteroi,RJ
60583,blumenau,SC,-28.30644054340093,-42.56540765229482,blumenau,SC
52565,campinas,SP,-14.322636147734865,-45.81151439862738,campinas,SP
94798,santos,SP,-17.617403440896435,-72.34716232205176,santos,SP
41569,belo horizonte,MG,-24.46922628108066,-64.59852600881513,belo horizonte,MG
36644,santos,SP,-19.072836827391736,-50.86456012231969,santos,SP
78201,porto alegre,RS,-19.177741821872566,-64.28594929993564,porto alegre,RS
53182,joinville,SC,-29.036402345669906,-42.19225289569374,joinville,SC
71970,feira de santana,BA,-19.09992620354688,-41.01173187286453,feira de santana,BA
69881,londrina,PR,-13.763919719193865,-72.17424618994974,londrina,PR
84103,caxias do sul,RS,-12.182100788106577,-49.476858807054754,caxias do sul,RS
32399,belo horizonte,MG,-6.220495386428414,-34.31630811388143,belo horizonte,MG
8130,santos,SP,-11.317262298684863,-52.24715007524793,santos,SP
48287,santos,SP,-16.982892838621247,-39.985827691148465,santos,SP
65107,joinville,SC,-24.025939725938642,-68.67964101997399,joinville,SC
81892,vitoria,ES,-19.001548839981204,-44.55852207432798,vitoria,ES
27438,sao paulo,SP,-3.737622241562576,-64.95021059423658,sao paulo,SP
74789,curitiba,PR,-4.655121450623792,-61.9894660023666,curitiba,PR
83386,feira de santana,BA,-10.875398028565357,-53.67122560837383,feira de santana,BA
81035,anapolis,GO,-32.00460557280108,-36.35961663872873,anapolis,GO
80998,curitiba,PR,-31.06296274532119,-46.435680675472355,curitiba,PR
98745,porto alegre,RS,-3.749206570879167,-36.99618742814543,porto alegre,RS
66453,blumenau,SC,-8.689118159072343,-44.20095637121669,blumenau,SC
37662,anapolis,GO,-18.355210970657183,-43.63181173309543,anapolis,GO
44211,campinas,SP,-20.98963772554249,-39.58697171587005,campinas,SP
74961,sobral,CE,-27.510197308283978,-60.22040947269633,sobral,CE
24416,sao paulo,SP,-17.431486723139994,-42.15583229451868,sao paulo,SP
60675,goiania,GO,-13.478480189201075,-40.11789294939493,goiania,GO
57699,campinas,SP,-29.14368814378477,-44.11417565210643,campinas,SP
66993,sorocaba,SP,-18.79808484563836,-46.39658111622372,sorocaba,SP
42705,sorocaba,SP,-22.32093525344426,-65.65424537610221,sorocaba,SP
74246,belo horizonte,MG,-6.357190531279215,-35.632117081890286,belo horizonte,MG
8071,niteroi,RJ,-11.65829147769379,-61.91405592885932,niteroi,RJ
75222,sorocaba,SP,-5.90884059067082,-56.78005882095188,sorocaba,SP
81376,contagem,MG,-22.28451016790684,-70.27901648763375,contagem,MG
88687,contagem,MG,-28.125958117921257,-72.1556534700253,contagem,MG
92355,salvador,BA,-8.084661544922817,-66.40732111003388,salvador,BA
35582,recife,PE,-20.289768871823256,-48.76526284806854,recife,PE
5592,florianopolis,SC,-15.808027770744712,-61.51257993373076,florianopolis,SC
65694,sao paulo,SP,-11.352179686401719,-38.710153324684256,sao paulo,SP
9931,rio de janeiro,RJ,-14.342408557999637,-72.21543103159544,rio de janeiro,RJ
28748,fortaleza,CE,-8.921125418530568,-65.36258847978358,fortaleza,CE
70544,santos,SP,-27.7129941496255,-69.82067447131853,santos,SP
59861,uberlandia,MG,-30.38069961837795,-69.00843029821593,uberlandia,MG
61057,fortaleza,CE,-22.88284700582581,-63.71475696791153,fortaleza,CE
75365,fortaleza,CE,-17.194617645398516,-39.26515771698258,fortaleza,CE
17307,belo horizonte,MG,-10.3381373616709,-39.63012835425796,belo horizonte,MG
79308,blumenau,SC,-9.27976787370881,-60.23695327145635,blumenau,SC
59066,uberlandia,MG,-15.959094763272553,-70.04937764221339,uberlandia,MG
42591,salvador,BA,-9.809331671222601,-46.37060004407054,salvador,BA
46901,sorocaba,SP,-15.81876019949246,-45.84118940071475,sorocaba,SP
51362,sorocaba,SP,-25.686282071410336,-36.95559720787225,sorocaba,SP
55485,pelotas,RS,-10.560698550158854,-37.15609173927486,pelotas,RS
34050,sao paulo,SP,-15.10038202090842,-62.91143599784871,sao paulo,SP
23080,joinville,SC,-15.977657575395433,-38.49580655943443,joinville,SC
17734,petropolis,RJ,-8.72550053832433,-52.28237887553219,petropolis,RJ
34729,olinda,PE,-31.852272276419537,-37.32338564098054,olinda,PE
26790,goiania,GO,-26.042946685965035,-46.65811898263367,goiania,GO
52097,maringa,PR,-12.423338398168735,-54.88841880350577,maringa,PR
91300,brasilia,DF,-26.433145424207904,-50.45209826234554,brasilia,DF
11701,campinas,SP,-27.22378592640421,-63.832370301180745,campinas,SP
31587,londrina,PR,-4.469075137212151,-50.808130578331735,londrina,PR
5865,santos,SP,-5.043756367772751,-62.4387924813567,santos,SP
97500,olinda,PE,-18.925720231313413,-55.77156025773154,olinda,PE
70375,goiania,GO,-29.909642912526937,-61.406764626354715,goiania,GO
24906,olinda,PE,-9.443239856272982,-55.710437624200786,olinda,PE
42009,olinda,PE,-9.487502418789191,-39.48163742692398,olinda,PE
72583,sobral,CE,-22.232506887319285,-50.88478355129043,sobral,CE
95813,campinas,SP,-10.294231309275123,-71.08544579529337,campinas,SP
57815,fortaleza,CE,-30.32901197267924,-45.79252466426793,fortaleza,CE
27819,caxias do sul,RS,-19.34560123685305,-47.2018750841806,caxias do sul,RS
69989,contagem,MG,-31.536543574255344,-69.51083031338848,contagem,MG
68888,londrina,PR,-6.5471977834438775,-60.83119180989106,londrina,PR
64751,petropolis,RJ,-22.523106358432976,-63.1131170322133,petropolis,RJ
5550,niteroi,RJ,-27.919203718956453,-55.047819763407404,niteroi,RJ
70967,santos,SP,-28.638699907530153,-58.101573874943384,santos,SP
2942,sao paulo,SP,-29.77681343512791,-40.712974706892275,sao paulo,SP
90648,londrina,PR,-29.73982536201303,-57.759616016270726,londrina,PR
88313,recife,PE,-18.784738859840484,-68.38829482509188,recife,PE
56782,pelotas,RS,-27.830838423692754,-61.925930791914645,pelotas,RS
64959,curitiba,PR,-10.118795774802336,-67.5474169917637,curitiba,PR
7716,contagem,MG,-17.717368758884547,-60.3109116828927,contagem,MG
87567,belo horizonte,MG,-6.841625981729447,-39.797095958714074,belo horizonte,MG
27811,campinas,SP,-8.27149204366346,-52.21724756766785,campinas,SP
26948,goiania,GO,-10.8674840569971,-59.01906241334079,goiania,GO
71112,sao paulo,SP,-27.86487281540521,-38.03570740157621,sao paulo,SP
93948,feira de santana,BA,-19.15483720179612,-55.11343366423517,feira de santana,BA
49912,salvador,BA,-5.485868893941127,-44.45047627168687,salvador,BA
51243,caxias do sul,RS,-10.075420391120122,-65.1036356758081,caxias do sul,RS
55306,olinda,PE,-16.668199451324334,-58.62606133120412,olinda,PE
29822,niteroi,RJ,-16.557557429488533,-53.22357276321537,niteroi,RJ
60060,recife,PE,-22.6428995936054,-53.0123249812532,recife,PE
96136,salvador,BA,-7.599031520542436,-41.74130952118698,salvador,BA
38879,brasilia,DF,-5.989705233290081,-50.402960931377095,brasilia,DF
77534,joinville,SC,-12.490404090564635,-37.99440732639238,joinville,SC
77614,goiania,GO,-3.0187509465625375,-37.235573214457254,goiania,GO
85231,vitoria,ES,-9.51816985114408,-56.096843055374876,vitoria,ES
72629,uberlandia,MG,-8.313422911777714,-46.355609255580305,uberlandia,MG
92222,goiania,GO,-17.89593025427388,-42.40413987661836,goiania,GO
71714,salvador,BA,-18.89841613842959,-58.78650577373862,salvador,BA
97638,uberlandia,MG,-22.008910828675837,-61.95428652924167,uberlandia,MG
71814,fortaleza,CE,-18.328395411366664,-38.73305181090864,fortaleza,CE
83853,belo horizonte,MG,-15.054034114038824,-49.85168232522842,belo horizonte,MG
89144,londrina,PR,-16.763572432339053,-65.63174533530791,londrina,PR
98356,sorocaba,SP,-26.89592698129068,-50.44933607731868,sorocaba,SP
59943,santos,SP,-19.81060107561173,-64.33462341604414,santos,SP
71311,anapolis,GO,-18.083772967256802,-54.91534172470242,anapolis,GO
96739,contagem,MG,-16.776412573456305,-46.48875094042583,contagem,MG
38643,uberlandia,MG,-31.334105273536355,-40.61538865153578,uberlandia,MG
12799,sao paulo,SP,-11.11664373179492,-57.28182091760499,sao paulo,SP
88542,londrina,PR,-3.9517734984082082,-69.13112046497153,londrina,PR
63563,brasilia,DF,-27.347926623467195,-42.77084270715643,brasilia,DF
43419,recife,PE,-6.9844288367659075,-47.07984197358323,recife,PE
71975,campinas,SP,-26.86089393024857,-48.76120975123792,campinas,SP
4232,porto alegre,RS,-31.412265344377815,-60.96497297173741,porto alegre,RS
48244,belo horizonte,MG,-10.659845030104282,-71.27065358871585,belo horizonte,MG
27281,caxias do sul,RS,-7.17293354262948,-49.76051088119462,caxias do sul,RS
29532,contagem,MG,-7.67496350863123,-42.6885079307019,contagem,MG
96961,contagem,MG,-30.357555399900917,-61.159168172569444,contagem,MG
55453,contagem,MG,-32.79993663031751,-46.318449945786725,contagem,MG
14902,porto alegre,RS,-6.387223435926369,-67.96962667868735,porto alegre,RS
37109,londrina,PR,-25.265045319255012,-44.52614032266478,londrina,PR
25022,uberlandia,MG,-26.524923752661216,-39.687249805863075,uberlandia,MG
91002,goiania,GO,-7.6320421395209905,-57.81556275525371,goiania,GO
29835,salvador,BA,-24.215711390800344,-67.7173045032134,salvador,BA
36322,niteroi,RJ,-18.218393202447434,-54.06350516035975,niteroi,RJ
34081,brasilia,DF,-5.241288155636742,-50.207436839058005,brasilia,DF
18394,goiania,GO,-12.191493728331864,-68.48458363896303,goiania,GO
78237,sorocaba,SP,-19.934001742617,-65.40243270588883,sorocaba,SP
58061,pelotas,RS,-17.92593891284868,-70.48605322646569,pelotas,RS
44260,rio de janeiro,RJ,-23.13413298292925,-39.989432422690044,rio de janeiro,RJ
40202,salvador,BA,-7.289230703433066,-58.181705869894905,salvador,BA
67001,santos,SP,-16.39673418634514,-51.27485924352703,santos,SP
10493,blumenau,SC,-8.423061278759594,-46.03209189172053,blumenau,SC
93244,sorocaba,SP,-3.064376714648688,-63.12497644166606,sorocaba,SP
56918,londrina,PR,-18.86159324590733,-43.139656668284424,londrina,PR
23537,sobral,CE,-32.35186296710325,-66.57010348208858,sobral,CE
54246,petropolis,RJ,-6.304178585223443,-34.43091728372586,petropolis,RJ
85352,olinda,PE,-25.77082028037507,-54.735816099914786,olinda,PE
18146,vitoria,ES,-25.302302357923374,-53.721333668943,vitoria,ES
52860,olinda,PE,-22.867807612774673,-51.321357166969946,olinda,PE
60165,campinas,SP,-3.9535246970765776,-61.66024401651986,campinas,SP
81192,goiania,GO,-13.648379614265494,-55.25237925019901,goiania,GO
57167,sorocaba,SP,-10.827490844147725,-71.42801425597627,sorocaba,SP
73903,contagem,MG,-28.8993731854461,-40.43500403449717,contagem,MG
77586,recife,PE,-21.710352124814357,-36.28280773895175,recife,PE
89220,joinville,SC,-25.74616242627986,-58.41790393048141,joinville,SC
36795,londrina,PR,-32.45573713598115,-40.069885550941095,londrina,PR
70682,rio de janeiro,RJ,-13.325275628611198,-47.80235913897741,rio de janeiro,RJ
25626,anapolis,GO,-32.680740707830644,-61.25427482126574,anapolis,GO
84584,florianopolis,SC,-6.916387580122056,-64.39716439709049,florianopolis,SC
95169,uberlandia,MG,-13.270632659669179,-50.8393663861374,uberlandia,MG
30126,recife,PE,-17.029976615725676,-62.667913296694245,recife,PE
56559,santos,SP,-19.61945913992877,-46.33045441051995,santos,SP
82410,sorocaba,SP,-19.904800314502687,-62.80616851969425,sorocaba,SP
3686,joinville,SC,-23.5955210026842,-39.59703574753096,joinville,SC
70796,serra,ES,-12.884926757903486,-39.05697312891928,serra,ES
82249,sorocaba,SP,-14.772895538521453,-53.82220862683958,sorocaba,SP
87250,sorocaba,SP,-23.570648863351675,-50.25894030928283,sorocaba,SP
20478,sorocaba,SP,-4.468841141697727,-58.976034054186634,sorocaba,SP
75958,recife,PE,-21.5603257186578,-38.79844187579599,recife,PE
78816,santos,SP,-11.266017522875426,-38.35953244113406,santos,SP
1282,maringa,PR,-19.60043136284842,-48.737009535043875,maringa,PR
70810,vitoria,ES,-29.645489581290978,-68.31145229232034,vitoria,ES
62995,santos,SP,-5.736876906073775,-52.88546339706751,santos,SP
96911,curitiba,PR,-9.104910530011882,-46.13670320601234,curitiba,PR
5258,maringa,PR,-27.686077464045066,-36.594601450136835,maringa,PR
96591,brasilia,DF,-19.98770964797543,-36.57850927475915,brasilia,DF
57570,niteroi,RJ,-7.424268168276701,-42.58071001930848,niteroi,RJ
28166,contagem,MG,-10.942434075213743,-72.50583210144973,contagem,MG
39359,sorocaba,SP,-13.328412234972355,-57.044554625718675,sorocaba,SP
76877,salvador,BA,-8.51366011400538,-36.59795513712398,salvador,BA
99607,brasilia,DF,-23.473795027652173,-58.31918178200337,brasilia,DF
32368,campinas,SP,-7.591555182879603,-49.39184301742736,campinas,SP
98386,contagem,MG,-5.788529265142394,-40.550537986661084,contagem,MG
63289,recife,PE,-31.255162914889183,-65.1229242812945,recife,PE
20009,sorocaba,SP,-5.580126212058413,-65.3193943530299,sorocaba,SP
60176,rio de janeiro,RJ,-4.055656061318324,-36.92311149807476,rio de janeiro,RJ
80374,londrina,PR,-21.406937148974883,-40.347998524240076,londrina,PR
6399,niteroi,RJ,-6.3047247674506615,-55.99566242722756,niteroi,RJ
8812,santos,SP,-31.369332103165675,-37.22435965538171,santos,SP
1512,contagem,MG,-12.033713178134342,-51.05145189422126,contagem,MG
57466,campinas,SP,-18.95599398329132,-64.46619246154795,campinas,SP
6718,curitiba,PR,-18.390368495139,-59.22523388545763,curitiba,PR
93277,joinville,SC,-5.582683660690879,-41.24535319377634,joinville,SC
13666,caxias do sul,RS,-14.290160094413256,-51.64306289621258,caxias do sul,RS
8089,sorocaba,SP,-6.1515356382142095,-71.9808883197341,sorocaba,SP
26507,anapolis,GO,-27.57363977208947,-53.100762011791815,anapolis,GO
76554,campinas,SP,-11.515509149036575,-72.47645781227321,campinas,SP
90787,feira de santana,BA,-25.965582621734548,-66.55073988534079,feira de santana,BA
25849,rio de janeiro,RJ,-28.161320624470516,-47.53001965633189,rio de janeiro,RJ
52344,brasilia,DF,-6.93814982451266,-48.707275031460796,brasilia,DF
77601,sao paulo,SP,-15.261015521633393,-51.870500386317865,sao paulo,SP
79891,sao paulo,SP,-28.71663665090961,-48.817566195820554,sao paulo,SP
16138,maringa,PR,-16.750975172258666,-56.90838901944783,maringa,PR
83992,sao paulo,SP,-13.570119187823732,-72.75658225158051,sao paulo,SP
86859,santos,SP,-6.079733636310522,-47.309921095490495,santos,SP
73758,feira de santana,BA,-27.283660459912813,-44.85730567106492,feira de santana,BA
53197,anapolis,GO,-27.378819179011998,-51.108230440981146,anapolis,GO
39746,sorocaba,SP,-11.395678666854298,-49.315355153818444,sorocaba,SP
89050,recife,PE,-20.947425840724463,-65.74580447417532,recife,PE
86521,brasilia,DF,-11.58454140536308,-63.14219053982211,brasilia,DF
52303,recife,PE,-27.019482244193682,-51.91679108052398,recife,PE
74462,joinville,SC,-13.869690143777206,-61.752418080740156,joinville,SC
40589,blumenau,SC,-26.915581804711216,-64.22691298988467,blumenau,SC
74571,londrina,PR,-20.43914320404754,-42.55425025418977,londrina,PR
9843,joinville,SC,-5.805003697334339,-48.97501598799546,joinville,SC
90254,fortaleza,CE,-26.312760268086954,-69.00982734429294,fortaleza,CE
52038,sao paulo,SP,-26.433722362195024,-40.28582126122632,sao paulo,SP
60267,niteroi,RJ,-11.953062968385463,-52.20392184404356,niteroi,RJ
19749,campinas,SP,-25.796706054157507,-43.69704614293727,campinas,SP
53328,sobral,CE,-16.28193096413271,-51.632477041288084,sobral,CE
1312,contagem,MG,-15.64924913396716,-54.49332408525834,contagem,MG
89125,joinville,SC,-7.0792300825417875,-45.268411798215475,joinville,SC
75137,anapolis,GO,-31.407778668111074,-54.535805656613036,anapolis,GO
45991,vitoria,ES,-5.080564471793494,-47.97585446603728,vitoria,ES
83747,santos,SP,-12.758494662086093,-50.865140898126185,santos,SP
81344,brasilia,DF,-7.25273366381446,-45.063734835740924,brasilia,DF
12788,recife,PE,-19.562751161326176,-42.43553943490329,recife,PE
6330,sao paulo,SP,-28.739221056257318,-45.41172494646244,sao paulo,SP
26102,salvador,BA,-7.11584210990781,-37.04085244320494,salvador,BA
1127,petropolis,RJ,-20.62681503561368,-36.36090550043777,petropolis,RJ
57739,blumenau,SC,-16.60250483394286,-68.76638667361131,blumenau,SC
53300,londrina,PR,-21.12134250514454,-49.19904200872796,londrina,PR
54259,sorocaba,SP,-30.71447147655975,-50.28377508615425,sorocaba,SP
8287,sao paulo,SP,-26.39206135959312,-71.16895765207151,sao paulo,SP
91900,campinas,SP,-4.378160047240023,-58.01326134874087,campinas,SP
97676,sorocaba,SP,-15.120859744410161,-62.65027255708744,sorocaba,SP
59462,porto alegre,RS,-17.70450943705752,-56.62048301359605,porto alegre,RS
1544,niteroi,RJ,-31.833252911764692,-42.90784020711492,niteroi,RJ
40201,sao paulo,SP,-6.7011356433435125,-61.69850975778151,sao paulo,SP
72096,florianopolis,SC,-3.48058883331419,-36.94429376240665,florianopolis,SC
75123,joinville,SC,-31.086507920632442,-38.68231247275126,joinville,SC
25094,londrina,PR,-10.911913480238972,-48.3199744871136,londrina,PR
82446,sobral,CE,-4.217304714526485,-34.52568405654093,sobral,CE
96786,petropolis,RJ,-5.097749639948223,-72.43838060765401,petropolis,RJ
51358,anapolis,GO,-13.380040581819355,-59.31208089344758,anapolis,GO
38772,santos,SP,-16.718070690663193,-63.31898404991669,santos,SP
53086,salvador,BA,-30.924127291958396,-67.45027761734423,salvador,BA
3701,vitoria,ES,-16.702926059482877,-43.05993960235668,vitoria,ES
52821,goiania,GO,-6.880565759537088,-53.09027459777515,goiania,GO
3666,pelotas,RS,-28.438869843750147,-37.002673857049004,pelotas,RS
4444,porto alegre,RS,-28.40453747629807,-57.549422710246105,porto alegre,RS
55783,niteroi,RJ,-8.6386612140703,-35.59162920663078,niteroi,RJ
51567,blumenau,SC,-3.9272567987207907,-48.10178269543069,blumenau,SC
98683,brasilia,DF,-30.49882662962082,-58.66119119430464,brasilia,DF
51259,serra,ES,-28.430291333020577,-47.66767393288882,serra,ES
97996,londrina,PR,-21.01094640920671,-38.35610576130655,londrina,PR
80903,sao paulo,SP,-4.881587717321366,-70.81229885281141,sao paulo,SP
34389,caxias do sul,RS,-30.326643241459085,-56.00056172994418,caxias do sul,RS
92689,santos,SP,-31.865566157131145,-70.94636070182973,santos,SP
48787,campinas,SP,-5.2718498855643965,-48.65092221298064,campinas,SP
59899,petropolis,RJ,-20.109172681473424,-72.50296979965704,petropolis,RJ
10945,feira de santana,BA,-15.73751649985211,-52.96261220734587,feira de santana,BA
22046,campinas,SP,-22.428124655471912,-65.33646292000418,campinas,SP
52694,campinas,SP,-14.013389225693299,-65.32627271138611,campinas,SP
27852,campinas,SP,-17.052795187491242,-44.07528908816478,campinas,SP
60369,olinda,PE,-32.46528837173685,-66.35073504871295,olinda,PE
8911,florianopolis,SC,-27.665022334429345,-70.75639405518592,florianopolis,SC
25854,sorocaba,SP,-31.376406894671423,-57.893321670713874,sorocaba,SP
66850,sorocaba,SP,-29.83323839740024,-55.51627373983733,sorocaba,SP
61598,londrina,PR,-28.16490943589318,-59.33336071477858,londrina,PR
98381,niteroi,RJ,-5.748938561788304,-52.83185940742814,niteroi,RJ
90068,pelotas,RS,-26.73485877940434,-58.77546999823722,pelotas,RS
81251,contagem,MG,-3.283222230972484,-61.49452032086424,contagem,MG
1094,fortaleza,CE,-5.912164590916621,-53.279124667901804,fortaleza,CE
60643,rio de janeiro,RJ,-20.231717952969284,-71.77543346431011,rio de janeiro,RJ
23664,joinville,SC,-30.75890344943015,-72.17499866594582,joinville,SC
27424,sao paulo,SP,-4.074711371325662,-38.94220174129648,sao paulo,SP
21781,fortaleza,CE,-10.556257319860794,-47.08914790816158,fortaleza,CE
46133,serra,ES,-23.332113838010315,-59.594224804577834,serra,ES
13264,salvador,BA,-24.86742219967197,-59.285151788790614,salvador,BA
53646,uberlandia,MG,-6.425239545729543,-59.0964487445859,uberlandia,MG
17443,sao paulo,SP,-9.538536524904174,-39.26150502876787,sao paulo,SP
50544,goiania,GO,-26.730958253618617,-35.09390440450136,goiania,GO
62964,salvador,BA,-26.696004143216687,-61.29344866776262,salvador,BA
18787,campinas,SP,-9.001913850945787,-45.762779248697186,campinas,SP
11166,belo horizonte,MG,-6.986811922067229,-63.30043091361341,belo horizonte,MG
80818,uberlandia,MG,-17.221415289284188,-44.257302205738505,uberlandia,MG
74113,goiania,GO,-28.396324707911756,-35.91748049078138,goiania,GO
26883,joinville,SC,-25.64335852149813,-71.5646948783909,joinville,SC
88814,joinville,SC,-13.430850610482924,-70.50640359024572,joinville,SC
22894,florianopolis,SC,-27.820273441831844,-41.942134338763196,florianopolis,SC
92731,campinas,SP,-32.01796862084487,-55.351796896433584,campinas,SP
12215,rio de janeiro,RJ,-24.003234885717394,-51.3475762554107,rio de janeiro,RJ
66356,campinas,SP,-13.704218079762008,-57.80392696727912,campinas,SP
2897,brasilia,DF,-18.291014020074943,-70.88739853113341,brasilia,DF
20542,contagem,MG,-4.29702728677098,-57.3007136666137,contagem,MG
41064,contagem,MG,-28.967378095041468,-67.20065924355893,contagem,MG
9444,campinas,SP,-5.163274304132635,-60.34249097244858,campinas,SP
46239,sorocaba,SP,-18.814000900253305,-66.27260679791776,sorocaba,SP
23970,caxias do sul,RS,-4.7022923701421036,-39.61526861450759,caxias do sul,RS
10796,sao paulo,SP,-27.60316112871984,-63.240109010410876,sao paulo,SP
96232,sorocaba,SP,-25.185514455819472,-50.20733151618013,sorocaba,SP
98200,salvador,BA,-22.15582936768446,-34.56856938347278,salvador,BA
96271,niteroi,RJ,-29.26297271133723,-34.38727814645836,niteroi,RJ
16255,niteroi,RJ,-27.251456431852645,-47.46685849027065,niteroi,RJ
38809,belo horizonte,MG,-20.696058013522453,-60.96547624971752,belo horizonte,MG
33414,anapolis,GO,-16.241293516625532,-53.32277068253827,anapolis,GO
33253,niteroi,RJ,-15.78972020520958,-53.22073313965243,niteroi,RJ
42243,salvador,BA,-32.79490686807797,-38.811050866010255,salvador,BA
51490,fortaleza,CE,-8.997243832083143,-44.99708911066594,fortaleza,CE
49028,blumenau,SC,-23.91747524966855,-38.56764757156514,blumenau,SC
29876,belo horizonte,MG,-10.89939964769303,-72.3791363054102,belo horizonte,MG
98001,salvador,BA,-24.86277778774962,-35.03001284331751,salvador,BA
97985,contagem,MG,-24.472493402197525,-46.364759578716914,contagem,MG
33790,belo horizonte,MG,-15.125538837785324,-36.70967252204889,belo horizonte,MG
22900,londrina,PR,-32.49223293172282,-42.14235095453813,londrina,PR
53738,petropolis,RJ,-29.436220562715313,-45.535239303943094,petropolis,RJ
37544,sorocaba,SP,-3.949680154927922,-70.15954566315814,sorocaba,SP
98726,uberlandia,MG,-19.224687989602973,-67.36716342512962,uberlandia,MG
43507,santos,SP,-8.216346603815548,-64.82661699933026,santos,SP
4938,contagem,MG,-8.404883400130778,-53.86157814436386,contagem,MG
13381,maringa,PR,-32.81992942312544,-42.822061410551854,maringa,PR
8382,fortaleza,CE,-19.139592624393046,-63.81394453543892,fortaleza,CE
38899,santos,SP,-14.328598074720315,-34.760876792380365,santos,SP
32333,porto alegre,RS,-9.180279466849264,-47.07455970465326,porto alegre,RS
85815,contagem,MG,-4.019143939400859,-44.15864038350694,contagem,MG
89167,sao paulo,SP,-28.72571374993967,-37.846652803854546,sao paulo,SP
14895,sao paulo,SP,-11.890499098865366,-52.97121147010746,sao paulo,SP
94513,sao paulo,SP,-19.79524334770424,-67.33747130092524,sao paulo,SP
58817,santos,SP,-21.176737375701947,-56.31816816478364,santos,SP
31373,sao paulo,SP,-32.96827016183659,-52.32306455379506,sao paulo,SP
41256,belo horizonte,MG,-3.294858398656679,-35.12895145117213,belo horizonte,MG
44695,londrina,PR,-14.458073004538203,-70.20355675384687,londrina,PR
17882,sorocaba,SP,-14.116353939093333,-60.17681790600437,sorocaba,SP
86873,santos,SP,-4.9170757762971675,-43.92150735730252,santos,SP
2221,campinas,SP,-25.972138696416934,-45.48715203262911,campinas,SP
7902,londrina,PR,-11.876717313440064,-40.416918201516005,londrina,PR
28060,niteroi,RJ,-19.19979964745752,-35.656525086998116,niteroi,RJ
15215,londrina,PR,-18.363101138881845,-51.00376941553013,londrina,PR
7121,santos,SP,-9.464990193963995,-39.66938268829779,santos,SP
38955,sao paulo,SP,-24.932432927982013,-35.45733178616604,sao paulo,SP
38299,fortaleza,CE,-4.905606917864468,-67.92957699082885,fortaleza,CE
13431,santos,SP,-18.35711389454972,-50.0755541068568,santos,SP
81209,campinas,SP,-17.50762378668661,-55.29111973918988,campinas,SP
88373,sao paulo,SP,-21.25121428971228,-42.91879689360968,sao paulo,SP
72248,vitoria,ES,-30.714652633828976,-65.21825117557687,vitoria,ES
52695,pelotas,RS,-16.382362596655366,-39.520894926644985,pelotas,RS
94790,porto alegre,RS,-13.302969966909721,-55.56400737748674,porto alegre,RS
35699,vitoria,ES,-31.477776979433983,-58.749913269452776,vitoria,ES
43274,santos,SP,-24.101441475656088,-45.05425697071106,santos,SP
2491,serra,ES,-8.109003291758544,-60.08294766054492,serra,ES
71071,campinas,SP,-18.141349736698245,-38.28272272798575,campinas,SP
10157,pelotas,RS,-14.921516175180706,-38.84877144094518,pelotas,RS
66868,belo horizonte,MG,-21.992396949790958,-71.7370447434884,belo horizonte,MG
78459,niteroi,RJ,-31.284757128263102,-65.8442200942377,niteroi,RJ
22487,sobral,CE,-16.18828658891032,-44.28998131794646,sobral,CE
61589,santos,SP,-25.35385025089572,-51.945511076864626,santos,SP
31054,vitoria,ES,-11.70253255331767,-69.80683866165779,vitoria,ES
40433,petropolis,RJ,-21.125413611904644,-57.00520952088587,petropolis,RJ
53452,blumenau,SC,-17.737866917356655,-71.61224438521127,blumenau,SC
25697,vitoria,ES,-16.155639688321862,-62.883937033933336,vitoria,ES
79868,sao paulo,SP,-11.329553377779352,-66.13376775993002,sao paulo,SP
40067,sobral,CE,-8.640035657493605,-40.780327149534344,sobral,CE
46718,curitiba,PR,-29.973446538566126,-39.582594923575556,curitiba,PR
81653,blumenau,SC,-30.199917002287496,-40.79679436285092,blumenau,SC
23546,sao paulo,SP,-28.178640010699898,-71.95895248469495,sao paulo,SP
45772,maringa,PR,-13.260193214005387,-43.83771970631983,maringa,PR
99352,blumenau,SC,-25.467208430482053,-49.38965033818182,blumenau,SC
40572,uberlandia,MG,-9.792020214000743,-46.20424225503453,uberlandia,MG
12442,campinas,SP,-21.48023933994454,-71.12850052476033,campinas,SP
29157,campinas,SP,-20.41118088596956,-64.94926642346867,campinas,SP
95632,anapolis,GO,-16.240177418706406,-64.84881881269865,anapolis,GO
76153,sorocaba,SP,-14.509428197482602,-66.68915057048456,sorocaba,SP
81094,florianopolis,SC,-32.45246975256904,-50.648868181661314,florianopolis,SC
26103,serra,ES,-20.575190658363148,-59.95259218613701,serra,ES
84049,sorocaba,SP,-8.501916158924594,-55.14555197834931,sorocaba,SP
39941,campinas,SP,-14.691904605671755,-44.95222013737853,campinas,SP
79696,blumenau,SC,-24.75248240209814,-51.74775833674148,blumenau,SC
88206,sao paulo,SP,-5.11166244162515,-55.25276117113825,sao paulo,SP
21608,pelotas,RS,-3.944781466355714,-37.5568585380743,pelotas,RS
93909,florianopolis,SC,-19.047312546140272,-48.125021581824015,florianopolis,SC
63625,porto alegre,RS,-22.58403383853536,-46.22399523073989,porto alegre,RS
73356,niteroi,RJ,-6.813836213371765,-65.99196319720184,niteroi,RJ
75917,joinville,SC,-24.538829499695098,-49.485186037562336,joinville,SC
17676,porto alegre,RS,-11.166191187991398,-52.89161323696981,porto alegre,RS
74822,santos,SP,-12.412787833226233,-36.21135086993768,santos,SP
22080,curitiba,PR,-13.979499510780183,-44.11234835456776,curitiba,PR
27884,olinda,PE,-28.170808185378334,-40.290157573201306,olinda,PE
12538,florianopolis,SC,-27.720940064925863,-47.33615393565526,florianopolis,SC
18930,uberlandia,MG,-21.37499293307343,-60.262491092939065,uberlandia,MG
97912,petropolis,RJ,-16.732297501086748,-47.20623476078548,petropolis,RJ
33483,sao paulo,SP,-22.063923836676267,-35.21332536995509,sao paulo,SP
39313,sao paulo,SP,-11.039456792339557,-60.422137368624405,sao paulo,SP
48504,santos,SP,-24.67478992134299,-66.33482422257207,santos,SP
71580,vitoria,ES,-14.815090407600454,-60.82313909282538,vitoria,ES
57803,sorocaba,SP,-25.639663692637246,-42.59001276733999,sorocaba,SP
54077,goiania,GO,-19.766321930760242,-69.65225423719833,goiania,GO
83857,sorocaba,SP,-20.248025184010853,-36.73919640574946,sorocaba,SP
50097,rio de janeiro,RJ,-17.708694991859566,-45.12604727694418,rio de janeiro,RJ
77133,belo horizonte,MG,-10.41309888689225,-49.29128443884623,belo horizonte,MG
91177,petropolis,RJ,-22.768277712745586,-66.12342432008725,petropolis,RJ
67938,brasilia,DF,-13.657366533968244,-51.778489183834424,brasilia,DF
4496,sobral,CE,-6.0881673668816525,-72.37624493821708,sobral,CE
27085,olinda,PE,-23.616481747864125,-50.84574101680941,olinda,PE
62156,campinas,SP,-17.575790457510806,-61.33574738589897,campinas,SP
48408,brasilia,DF,-23.93623140026535,-52.08018184562707,brasilia,DF
29191,campinas,SP,-8.095610941038672,-58.880324187771,campinas,SP
34207,sobral,CE,-24.29308059303031,-55.7704722992128,sobral,CE
8757,londrina,PR,-3.445896662996212,-51.23423805255116,londrina,PR
24257,rio de janeiro,RJ,-31.005980366039022,-35.80582728260267,rio de janeiro,RJ
78494,campinas,SP,-6.166194975739344,-34.660017329837984,campinas,SP
2014,santos,SP,-8.938805026414588,-49.10262908717152,santos,SP
83845,sao paulo,SP,-28.370202014175764,-67.51352741175566,sao paulo,SP
34606,fortaleza,CE,-12.99242871126247,-71.2173990635057,fortaleza,CE
80979,brasilia,DF,-31.887026750041784,-34.27075952933584,brasilia,DF
26355,vitoria,ES,-31.35698355133646,-48.3768567006647,vitoria,ES
83048,sao paulo,SP,-15.975065794838443,-49.68117393740455,sao paulo,SP
57617,porto alegre,RS,-15.396416426994879,-71.3718363229251,porto alegre,RS
85292,campinas,SP,-23.696962324952906,-36.31623888713604,campinas,SP
7167,curitiba,PR,-6.858769414059065,-66.8056917637034,curitiba,PR
79944,niteroi,RJ,-14.84534498759924,-51.93270458688771,niteroi,RJ
27781,niteroi,RJ,-13.698164221893489,-61.22126711224443,niteroi,RJ
36525,pelotas,RS,-14.779492975748592,-58.04749007904276,pelotas,RS
5432,sao paulo,SP,-20.87431624357887,-60.13365116918746,sao paulo,SP
95450,uberlandia,MG,-30.932128253555344,-62.799557423847524,uberlandia,MG
64499,florianopolis,SC,-16.073525651458255,-62.85050889848462,florianopolis,SC
98110,campinas,SP,-8.254618958966347,-69.786262498474,campinas,SP
57250,fortaleza,CE,-5.816200368553762,-72.15297145952319,fortaleza,CE
16660,maringa,PR,-28.916821418519874,-57.21842565854995,maringa,PR
34410,goiania,GO,-10.998430577702251,-69.7993647528739,goiania,GO
44548,blumenau,SC,-26.69957751931072,-59.51901985828077,blumenau,SC
15585,salvador,BA,-26.77966836558828,-63.61522002672379,salvador,BA
93218,salvador,BA,-31.05271534264799,-53.59241588928218,salvador,BA
95833,recife,PE,-3.8247655532523837,-48.40167884423473,recife,PE
56785,caxias do sul,RS,-10.55782787371649,-57.82603994972543,caxias do sul,RS
58854,sao paulo,SP,-22.838374825009666,-55.121334720382364,sao paulo,SP
70644,sao paulo,SP,-7.341184682867549,-34.418961922124325,sao paulo,SP
68231,porto alegre,RS,-28.64735797742405,-55.89933755338967,porto alegre,RS
7204,sorocaba,SP,-22.776418626560854,-56.79970076809827,sorocaba,SP
53602,sorocaba,SP,-31.517711884749108,-50.8444032469867,sorocaba,SP
77934,sao paulo,SP,-19.900352587170097,-71.82479643709854,sao paulo,SP
80845,maringa,PR,-25.374094378335265,-53.843841129785176,maringa,PR
60007,sao paulo,SP,-3.3099259395294887,-71.37937328015205,sao paulo,SP
89740,caxias do sul,RS,-27.3116901407096,-62.20328097945481,caxias do sul,RS
59033,brasilia,DF,-27.864631450776866,-42.605845801649565,brasilia,DF
38887,goiania,GO,-31.57340874622953,-64.92331314370982,goiania,GO
44823,niteroi,RJ,-17.869068832221004,-53.84469424813351,niteroi,RJ
69311,maringa,PR,-30.623878203879542,-45.94694437274124,maringa,PR
88760,maringa,PR,-10.107988707282995,-34.861849392112866,maringa,PR
23758,uberlandia,MG,-20.45985127590091,-47.97512658392647,uberlandia,MG
30055,joinville,SC,-3.1888057022676755,-38.55363175148166,joinville,SC
65532,santos,SP,-30.895112051708534,-65.02918448623319,santos,SP
76592,vitoria,ES,-19.700490386789,-70.03562244491205,vitoria,ES
40516,campinas,SP,-3.8799560994874795,-53.795012620365114,campinas,SP
64674,goiania,GO,-20.090868630481285,-50.75476353984379,goiania,GO
1671,pelotas,RS,-22.58365126639059,-60.46303155144449,pelotas,RS
29882,campinas,SP,-28.911484498568147,-44.95398317401764,campinas,SP
95596,feira de santana,BA,-14.835528991630817,-51.52693974404767,feira de santana,BA
58072,santos,SP,-23.60158129345961,-50.02356976514398,santos,SP
86974,brasilia,DF,-15.844103035783352,-38.007798323910855,brasilia,DF
22547,porto alegre,RS,-5.363084218412272,-66.52729496546542,porto alegre,RS
29792,sao paulo,SP,-15.745539771232405,-60.28999977648608,sao paulo,SP
97517,sorocaba,SP,-31.120892052435273,-43.353645374081694,sorocaba,SP
99776,salvador,BA,-18.18859022877454,-53.65485085646124,salvador,BA
87806,rio de janeiro,RJ,-11.79021905254017,-38.40753816976089,rio de janeiro,RJ
32395,recife,PE,-15.04215723615576,-66.85340461560594,recife,PE
80343,feira de santana,BA,-28.93160164776643,-55.212083882950154,feira de santana,BA
46425,florianopolis,SC,-20.21318274390383,-43.003809915036,florianopolis,SC
84548,sorocaba,SP,-17.066596845878166,-48.54661938388363,sorocaba,SP
85273,joinville,SC,-21.424565935438203,-67.31142888224825,joinville,SC
44050,sobral,CE,-5.288023909527084,-45.73338519016676,sobral,CE
31154,santos,SP,-3.4503853009273797,-51.730274068456445,santos,SP
97509,rio de janeiro,RJ,-10.173520764100282,-35.06902745270938,rio de janeiro,RJ
45603,santos,SP,-5.356269046306611,-48.26158604307929,santos,SP
43734,uberlandia,MG,-4.869582368465206,-60.52440353603652,uberlandia,MG
66892,salvador,BA,-22.540687674532123,-51.90635653028275,salvador,BA
93729,uberlandia,MG,-22.76487357576044,-67.79461522926928,uberlandia,MG
13916,porto alegre,RS,-31.762896859695655,-43.839999369960495,porto alegre,RS
98461,petropolis,RJ,-26.515744777729793,-39.52733900333582,petropolis,RJ
42812,sorocaba,SP,-28.36855012676199,-50.132237863836224,sorocaba,SP
3533,sao paulo,SP,-27.967703233232477,-50.884814693305216,sao paulo,SP
31631,goiania,GO,-28.249116676638472,-68.73367948069517,goiania,GO
46786,caxias do sul,RS,-22.891556091088407,-65.96976236329265,caxias do sul,RS
67999,rio de janeiro,RJ,-13.514041718105112,-35.58122083188825,rio de janeiro,RJ
57069,brasilia,DF,-7.089612171620555,-57.501499143692705,brasilia,DF
14460,campinas,SP,-27.5370824466528,-42.75457881948786,campinas,SP
49334,campinas,SP,-13.514890846213543,-38.20658971577145,campinas,SP
24040,sao paulo,SP,-17.5368778895021,-69.43991579482709,sao paulo,SP
27684,serra,ES,-13.586179284686974,-38.292908070810014,serra,ES
71425,joinville,SC,-32.79681663080072,-66.31757126989399,joinville,SC
80524,pelotas,RS,-7.731392671690891,-42.91628587889535,pelotas,RS
16466,santos,SP,-21.27106441392273,-62.50870563273071,santos,SP
60634,sorocaba,SP,-9.480611282996168,-39.93342358467427,sorocaba,SP
42779,pelotas,RS,-22.750790785703163,-55.13916453301653,pelotas,RS
34329,niteroi,RJ,-4.135703728353949,-54.88310435406427,niteroi,RJ
71574,fortaleza,CE,-12.808334509502021,-50.325921753109284,fortaleza,CE
25633,salvador,BA,-5.151401256248949,-39.78361941576644,salvador,BA
76780,contagem,MG,-20.57418539748882,-61.3420680937732,contagem,MG
40673,salvador,BA,-24.094447361261366,-34.83621219109959,salvador,BA
10393,serra,ES,-19.391821170083897,-40.45359433975971,serra,ES
79431,belo horizonte,MG,-28.687289259533905,-57.94023960052451,belo horizonte,MG
85346,blumenau,SC,-26.358851480817453,-71.94351612905028,blumenau,SC
56743,sobral,CE,-21.664944900285796,-66.15392946441098,sobral,CE
72672,campinas,SP,-22.828999360821307,-51.29787170354924,campinas,SP
15607,olinda,PE,-31.732939877270383,-40.618164695212634,olinda,PE
34589,campinas,SP,-26.56521918253728,-36.204373808286356,campinas,SP
35639,florianopolis,SC,-14.48544603745907,-58.16167681824207,florianopolis,SC
76615,brasilia,DF,-6.087323032856929,-71.3922625009885,brasilia,DF
35851,pelotas,RS,-27.02246033969631,-45.48556584779103,pelotas,RS
73100,maringa,PR,-26.644062574738264,-60.840038710842585,maringa,PR
31377,pelotas,RS,-10.641957233886345,-49.82907213566483,pelotas,RS
60487,campinas,SP,-13.859914255190336,-57.349049832793696,campinas,SP
21770,campinas,SP,-6.415747467704733,-48.37154302840021,campinas,SP
56289,sao paulo,SP,-28.631852466340867,-63.284796027416505,sao paulo,SP
9000,pelotas,RS,-5.932785515803921,-66.89399058548798,pelotas,RS
73734,belo horizonte,MG,-24.650803059910352,-66.34041385952965,belo horizonte,MG
3881,sorocaba,SP,-24.727180469713417,-37.19970988332825,sorocaba,SP
99925,olinda,PE,-20.377898004204308,-39.17966937630035,olinda,PE
84056,rio de janeiro,RJ,-4.129745933392641,-39.76101310479315,rio de janeiro,RJ
58276,contagem,MG,-29.91162743669348,-49.10447433046716,contagem,MG
91047,belo horizonte,MG,-14.368647731729649,-57.049852930374215,belo horizonte,MG
81062,campinas,SP,-7.5000901724873685,-64.23837576983948,campinas,SP
15134,salvador,BA,-4.634128454306765,-47.5671108551864,salvador,BA
74682,contagem,MG,-9.903431449149977,-60.52429485075408,contagem,MG
38352,santos,SP,-31.087422866942976,-49.75848983430653,santos,SP
85724,serra,ES,-8.3513912362354,-59.04579321018851,serra,ES
86516,anapolis,GO,-9.680081609252877,-72.45108669833495,anapolis,GO
95497,feira de santana,BA,-4.6139536394287575,-48.79473448001076,feira de santana,BA
45647,olinda,PE,-27.59376845206281,-34.441823686933326,olinda,PE
20115,olinda,PE,-17.928081947882287,-54.53300948571143,olinda,PE
13382,niteroi,RJ,-21.130310380374258,-67.07319990935699,niteroi,RJ
17380,caxias do sul,RS,-12.2020014196866,-43.86857075408652,caxias do sul,RS
99187,pelotas,RS,-28.17530118585662,-53.31702590310596,pelotas,RS
59048,sorocaba,SP,-31.72463490073916,-45.25957945645561,sorocaba,SP
35827,sorocaba,SP,-23.5189106311307,-38.63340543205827,sorocaba,SP
45479,santos,SP,-11.3365683914578,-62.16486374967634,santos,SP
18115,blumenau,SC,-13.837563818929368,-62.95696790587348,blumenau,SC
57500,brasilia,DF,-24.05950960031525,-54.73450315964671,brasilia,DF
43140,feira de santana,BA,-15.171999678034151,-69.60737945994227,feira de santana,BA
80005,petropolis,RJ,-17.06650161861537,-69.04969934899098,petropolis,RJ
3094,sao paulo,SP,-23.628537717838114,-53.164919465998686,sao paulo,SP
93238,uberlandia,MG,-32.40393347772873,-57.5816052856555,uberlandia,MG
7005,maringa,PR,-17.862558308535753,-57.40484621203629,maringa,PR
42323,sobral,CE,-32.716874243036266,-47.892859496821195,sobral,CE
34721,olinda,PE,-11.767941350386131,-36.72329230444651,olinda,PE
72074,fortaleza,CE,-26.577419801109897,-36.48345863816946,fortaleza,CE
66162,goiania,GO,-23.50079440498518,-57.29685326541444,goiania,GO
20482,serra,ES,-29.622026124028288,-47.684139266237494,serra,ES
49581,contagem,MG,-16.23467987369471,-57.44264737337636,contagem,MG
53920,sao paulo,SP,-29.548153285626825,-43.9588668378607,sao paulo,SP
46923,campinas,SP,-19.828219482048798,-53.30543747635576,campinas,SP
3158,contagem,MG,-13.025159335195873,-68.09723533899252,contagem,MG
18632,sao paulo,SP,-3.9089798508000833,-51.67308465284509,sao paulo,SP
50870,sorocaba,SP,-17.62569249510755,-34.29247147640073,sorocaba,SP
26785,fortaleza,CE,-26.169717302115217,-62.40599302664544,fortaleza,CE
54987,sao paulo,SP,-12.431156360723833,-43.046831923466186,sao paulo,SP
17203,sobral,CE,-23.801159768124336,-61.841257120046755,sobral,CE
73808,feira de santana,BA,-24.655857157700304,-44.68280016449005,feira de santana,BA
19656,joinville,SC,-13.966118051659173,-54.492386503132764,joinville,SC
65298,blumenau,SC,-31.2475781949725,-45.13850480302338,blumenau,SC
83824,rio de janeiro,RJ,-21.33389394908231,-40.49266246256422,rio de janeiro,RJ
36480,joinville,SC,-21.97334595065849,-72.2623631167936,joinville,SC
14808,santos,SP,-28.412882963728695,-47.95873772427943,santos,SP
1567,sobral,CE,-14.815796186030397,-70.375590393225,sobral,CE
36694,rio de janeiro,RJ,-9.824948948415543,-36.00258455649532,rio de janeiro,RJ
12432,santos,SP,-23.783999590022347,-52.8591760016089,santos,SP
88301,salvador,BA,-21.794120712095534,-61.62937524559652,salvador,BA
97332,joinville,SC,-21.615975020535643,-46.686113504111916,joinville,SC
98081,contagem,MG,-15.517267705825137,-46.38829630692905,contagem,MG
92310,caxias do sul,RS,-9.991633842136924,-55.1314370454364,caxias do sul,RS
59084,santos,SP,-28.657325160492107,-37.88666583793516,santos,SP
33183,blumenau,SC,-32.539603155263805,-35.40249476712088,blumenau,SC
45208,sorocaba,SP,-10.725904162335201,-55.11760061670921,sorocaba,SP
26626,sorocaba,SP,-22.70405452903128,-45.16833079085923,sorocaba,SP
84183,santos,SP,-17.29088222593116,-72.73405869580264,santos,SP
44204,rio de janeiro,RJ,-13.1004115208728,-61.06001005848223,rio de janeiro,RJ
39126,petropolis,RJ,-3.2151741864339662,-40.42675489976873,petropolis,RJ
69303,uberlandia,MG,-10.054663140372796,-68.16874896607783,uberlandia,MG
38004,sao paulo,SP,-23.213349190516308,-71.66237554638923,sao paulo,SP
36325,campinas,SP,-27.470211523324235,-46.29405224842256,campinas,SP
23504,curitiba,PR,-16.84933342378211,-58.390437376390324,curitiba,PR
7662,sorocaba,SP,-17.99837090231497,-38.382768008800866,sorocaba,SP
4759,florianopolis,SC,-29.291011388724748,-35.38286454348492,florianopolis,SC
40876,sobral,CE,-19.26260893839641,-59.52313277864917,sobral,CE
99531,uberlandia,MG,-4.081504365715638,-35.07596821349208,uberlandia,MG
26798,recife,PE,-16.795133126333205,-45.89537548939397,recife,PE
64465,santos,SP,-3.276679833190016,-55.637410270191424,santos,SP
33167,sorocaba,SP,-27.087172923269847,-51.64888360483566,sorocaba,SP
30967,feira de santana,BA,-15.784825858950878,-37.807677061935536,feira de santana,BA
17132,feira de santana,BA,-30.02871476911875,-69.15432927034144,feira de santana,BA
56778,goiania,GO,-10.690528571412457,-59.30468083313735,goiania,GO
66224,sao paulo,SP,-24.229263325356026,-58.077560101017795,sao paulo,SP
35669,brasilia,DF,-4.246510253246846,-57.05305697393689,brasilia,DF
53135,rio de janeiro,RJ,-32.243859761959236,-49.28276879094617,rio de janeiro,RJ
48139,niteroi,RJ,-16.06649143831229,-65.43724713075707,niteroi,RJ
27815,santos,SP,-11.88606769171244,-50.345879053449686,santos,SP
69479,vitoria,ES,-20.074911800301603,-36.413704570781825,vitoria,ES
55831,sorocaba,SP,-4.041808122803793,-54.35778435024562,sorocaba,SP
7519,anapolis,GO,-24.010075453739645,-56.74640110277946,anapolis,GO
49777,porto alegre,RS,-32.29368792487225,-68.41622338440301,porto alegre,RS
39548,feira de santana,BA,-12.468482863177378,-44.31500518948717,feira de santana,BA
79800,salvador,BA,-17.563473056761215,-45.88855942791385,salvador,BA
31355,anapolis,GO,-14.749063711640197,-47.63362723313112,anapolis,GO
95641,campinas,SP,-16.420712760315254,-35.63613395505863,campinas,SP
61884,campinas,SP,-11.400127831584992,-57.72152670181031,campinas,SP
13936,caxias do sul,RS,-18.796029381183224,-50.893750448643274,caxias do sul,RS
40933,petropolis,RJ,-30.951960569826255,-37.68749855105299,petropolis,RJ
88506,campinas,SP,-31.267311758227418,-44.517790822615694,campinas,SP
26203,sorocaba,SP,-32.094456574997565,-47.88392106530566,sorocaba,SP
70774,niteroi,RJ,-4.0703111842004525,-47.318983516805005,niteroi,RJ
78551,campinas,SP,-4.3054944724379,-62.3094095944382,campinas,SP
69562,santos,SP,-21.34702955706888,-69.16396224606164,santos,SP
9947,sobral,CE,-12.853194010940772,-71.40826398361725,sobral,CE
38055,niteroi,RJ,-31.411443413081734,-47.117745733632205,niteroi,RJ
35472,vitoria,ES,-11.790423168811916,-54.09592534232674,vitoria,ES
35046,vitoria,ES,-19.31370439860082,-38.43204956665742,vitoria,ES
88019,santos,SP,-18.041076901912476,-71.958821796623,santos,SP
1558,salvador,BA,-29.95576121781979,-48.29286285345833,salvador,BA
54362,porto alegre,RS,-21.27641777008933,-66.18028776205837,porto alegre,RS
98237,blumenau,SC,-27.52100660792375,-55.54755966788332,blumenau,SC
87673,sao paulo,SP,-32.80543584563872,-39.96012295277169,sao paulo,SP
61043,campinas,SP,-20.611838851166873,-57.58962564659142,campinas,SP
99795,sorocaba,SP,-29.873717152069723,-53.04131736485121,sorocaba,SP
40830,porto alegre,RS,-27.439078656316344,-42.81924356802665,porto alegre,RS
61523,vitoria,ES,-23.76919202393785,-72.28174795536393,vitoria,ES
54832,florianopolis,SC,-19.400234410590524,-72.73890945151543,florianopolis,SC
5685,feira de santana,BA,-25.775884802549506,-42.90169130319829,feira de santana,BA
5012,serra,ES,-4.420338916092771,-57.2859713826234,serra,ES
89789,blumenau,SC,-5.4211132157497595,-39.98211612832114,blumenau,SC
18191,sorocaba,SP,-25.548616059144834,-41.358360373243016,sorocaba,SP
36127,recife,PE,-19.538043643497403,-43.616995998416975,recife,PE
62712,rio de janeiro,RJ,-14.777871639738244,-35.165408154097776,rio de janeiro,RJ
57977,campinas,SP,-27.408494202720306,-52.64224535656426,campinas,SP
51911,curitiba,PR,-14.150402481155503,-66.77882058413371,curitiba,PR
97937,sobral,CE,-20.383948628488717,-58.480861045697054,sobral,CE
78919,sao paulo,SP,-32.06806637816179,-38.47563464052653,sao paulo,SP
94234,maringa,PR,-25.292390105943973,-47.215204035962145,maringa,PR
66214,santos,SP,-27.50094962854892,-49.59464424126375,santos,SP
97932,campinas,SP,-8.315964178309468,-70.75917108319662,campinas,SP
60541,sorocaba,SP,-18.074329585998445,-45.56620705775885,sorocaba,SP
54630,feira de santana,BA,-27.59811463926112,-46.74909190574184,feira de santana,BA
81710,recife,PE,-15.931702342708572,-42.30135502648473,recife,PE
87011,sao paulo,SP,-19.913274598925383,-43.40820462196952,sao paulo,SP
7757,niteroi,RJ,-20.17427143522695,-56.69549020430489,niteroi,RJ
91146,santos,SP,-26.957288614864467,-68.40520615567846,santos,SP
69397,sorocaba,SP,-13.825700727739953,-63.097693956211025,sorocaba,SP
89864,curitiba,PR,-8.391104669354672,-61.96770766513579,curitiba,PR
71842,blumenau,SC,-18.44838475615472,-35.73574163145882,blumenau,SC
92764,florianopolis,SC,-28.536683036796198,-59.596697375220764,florianopolis,SC
28240,rio de janeiro,RJ,-25.15128385580457,-68.218039626658,rio de janeiro,RJ
19576,londrina,PR,-23.582018502666912,-35.43350226662617,londrina,PR
20369,sao paulo,SP,-6.505641509714312,-44.09232521109102,sao paulo,SP
25963,campinas,SP,-14.284812926177874,-59.25853343694363,campinas,SP
22171,fortaleza,CE,-5.201750715674379,-72.74426016963112,fortaleza,CE
44719,salvador,BA,-23.34164141498333,-72.84102888707638,salvador,BA
20615,sobral,CE,-6.812443433965093,-55.1412094919726,sobral,CE
16658,fortaleza,CE,-9.249940517018839,-39.30592891578284,fortaleza,CE
52853,blumenau,SC,-4.533037918046809,-47.599150889191776,blumenau,SC
79540,sobral,CE,-25.746660928517613,-71.32612227110188,sobral,CE
14426,uberlandia,MG,-4.584794572462428,-66.8245508203112,uberlandia,MG
51618,campinas,SP,-13.216670146066281,-44.683961237517536,campinas,SP
66268,sorocaba,SP,-10.964393498874887,-55.69616799125032,sorocaba,SP
70852,sao paulo,SP,-27.423457943003243,-45.179983969433934,sao paulo,SP
11402,campinas,SP,-26.518402302538902,-37.80656982651589,campinas,SP
73640,petropolis,RJ,-3.170345047413445,-44.404496438700505,petropolis,RJ
3662,joinville,SC,-9.480429127107776,-47.41615300981809,joinville,SC
24455,brasilia,DF,-6.328637950314587,-40.069330806221686,brasilia,DF
32609,pelotas,RS,-25.134159516717517,-55.783125003738874,pelotas,RS
85446,sao paulo,SP,-18.14814109843666,-47.77124758168107,sao paulo,SP
19993,feira de santana,BA,-17.112771559525687,-41.215366009996266,feira de santana,BA
78461,petropolis,RJ,-25.008252867508833,-39.33957312025134,petropolis,RJ
98876,santos,SP,-28.664393758270585,-58.47039347693587,santos,SP
96032,niteroi,RJ,-27.421731264680748,-59.891632151232365,niteroi,RJ
30996,petropolis,RJ,-23.43592616276046,-64.63384550462493,petropolis,RJ
10475,campinas,SP,-20.340066839524823,-39.19359835528796,campinas,SP
22984,goiania,GO,-32.43836753363131,-50.45986484406091,goiania,GO
77112,salvador,BA,-18.687540742409645,-50.736896011084966,salvador,BA
20480,blumenau,SC,-17.136034816930007,-63.578514726843565,blumenau,SC
64912,santos,SP,-18.74396863332062,-59.2094237085214,santos,SP
38011,brasilia,DF,-15.22557376993121,-69.92719249721989,brasilia,DF
76917,blumenau,SC,-30.311465526652842,-60.64696051984514,blumenau,SC
60978,santos,SP,-6.556538098301566,-35.05005713751064,santos,SP
58964,florianopolis,SC,-25.98798098415326,-49.20689898512386,florianopolis,SC
78411,uberlandia,MG,-19.87158318535259,-46.514568396646716,uberlandia,MG
95531,contagem,MG,-7.307807969056157,-49.0583400663197,contagem,MG
37092,sao paulo,SP,-11.529996659720886,-47.450797893036786,sao paulo,SP
53355,londrina,PR,-11.337650041754497,-37.53597901370521,londrina,PR
62970,sorocaba,SP,-8.983988000651898,-36.869470042102684,sorocaba,SP
82481,campinas,SP,-3.9899923854587414,-71.34472680132815,campinas,SP
48723,sorocaba,SP,-31.766302352684868,-62.5426477798035,sorocaba,SP
38079,sobral,CE,-3.0782354341530223,-66.21647377923567,sobral,CE
84802,niteroi,RJ,-4.952690408694718,-37.567200963460984,niteroi,RJ
95365,niteroi,RJ,-28.746385880058078,-41.99278495491749,niteroi,RJ
57334,niteroi,RJ,-24.15601688136202,-36.77443945220617,niteroi,RJ
11246,olinda,PE,-13.230105737900683,-71.50480735615496,olinda,PE
29698,maringa,PR,-6.5857931534123075,-49.381809579385425,maringa,PR
46831,fortaleza,CE,-16.73402110699125,-71.11085589270711,fortaleza,CE
70654,petropolis,RJ,-17.610334740511306,-66.27769359359993,petropolis,RJ
67304,santos,SP,-29.409977500557606,-41.040472557206215,santos,SP
82185,londrina,PR,-11.283722921709913,-48.575460608828855,londrina,PR
3969,rio de janeiro,RJ,-18.020098227962073,-52.170724978006874,rio de janeiro,RJ
47078,brasilia,DF,-29.870410436431968,-71.9277617017969,brasilia,DF
70404,recife,PE,-5.630450814299763,-61.97974931510859,recife,PE
98731,uberlandia,MG,-25.878154800623093,-59.10375672534385,uberlandia,MG
15092,vitoria,ES,-17.018553370270638,-56.36615299481607,vitoria,ES
88029,curitiba,PR,-7.978718113037381,-68.10349635770741,curitiba,PR
1769,sorocaba,SP,-12.754021069097142,-63.44924641427617,sorocaba,SP
20498,uberlandia,MG,-25.961759640723287,-46.823343268238254,uberlandia,MG
84851,santos,SP,-3.0114060285421047,-48.48726770536834,santos,SP
78888,brasilia,DF,-30.213686732305945,-59.21932653875922,brasilia,DF
97301,sao paulo,SP,-8.836971535062936,-59.24402943732171,sao paulo,SP
60493,rio de janeiro,RJ,-19.075240394148807,-41.0057833850765,rio de janeiro,RJ
61980,maringa,PR,-30.834956102852747,-62.08918299406362,maringa,PR
53945,sao paulo,SP,-25.72089153220479,-70.44388994080187,sao paulo,SP
51658,sorocaba,SP,-30.500333391635486,-60.51056907032932,sorocaba,SP
51879,blumenau,SC,-26.791175357340975,-67.02866088534097,blumenau,SC
29959,campinas,SP,-6.4584848834801285,-62.05665101786289,campinas,SP
85486,contagem,MG,-24.225838711185677,-60.66384268295886,contagem,MG
36305,niteroi,RJ,-14.675734979556502,-65.23178057169612,niteroi,RJ
61475,sorocaba,SP,-27.013274144104585,-61.4585264713304,sorocaba,SP
67255,sao paulo,SP,-25.651678707844468,-48.42716622139804,sao paulo,SP
54232,salvador,BA,-22.417690394069414,-50.818263656025195,salvador,BA
61531,fortaleza,CE,-4.5647875892544505,-70.52280905891266,fortaleza,CE
5837,sorocaba,SP,-26.657157165464326,-61.58198715664675,sorocaba,SP
32278,fortaleza,CE,-13.287617137457755,-55.339272226953426,fortaleza,CE
45381,pelotas,RS,-21.83057697172134,-71.94175403371042,pelotas,RS
40026,florianopolis,SC,-28.72156478051386,-35.39145072606883,florianopolis,SC
90895,florianopolis,SC,-16.364169835608187,-63.799278535265756,florianopolis,SC
89816,joinville,SC,-21.8137529132496,-47.93686482011501,joinville,SC
71461,goiania,GO,-6.8171988307571,-68.54572527527951,goiania,GO
35875,uberlandia,MG,-5.227994072656163,-58.138068456452295,uberlandia,MG
6044,maringa,PR,-15.894882929894436,-72.17327933319542,maringa,PR
75757,petropolis,RJ,-24.195229105207915,-67.7421793084997,petropolis,RJ
88514,sao paulo,SP,-17.04343302965797,-68.08541358975064,sao paulo,SP
49473,joinville,SC,-6.449468809039878,-48.53514053357932,joinville,SC
82839,santos,SP,-12.756512225085611,-72.10317685907434,santos,SP
93135,sao paulo,SP,-30.398410783104843,-60.21375203507134,sao paulo,SP
55121,santos,SP,-31.06782021001598,-65.75727283870691,santos,SP
21746,santos,SP,-28.361306069311013,-46.84720013922407,santos,SP
3218,pelotas,RS,-16.014180388981693,-71.44620896620717,pelotas,RS
75936,porto alegre,RS,-27.9640027141382,-48.692202133621116,porto alegre,RS
56679,belo horizonte,MG,-25.37684144222406,-50.03094453684224,belo horizonte,MG
16217,santos,SP,-17.156099818906004,-68.6240796030313,santos,SP
6404,contagem,MG,-16.015431955439084,-45.78565675019665,contagem,MG
96977,rio de janeiro,RJ,-8.25801479288629,-64.73833571489907,rio de janeiro,RJ
32717,salvador,BA,-19.895470652185686,-69.36644322764518,salvador,BA
33381,caxias do sul,RS,-9.665866443618775,-70.38386666412909,caxias do sul,RS
63261,maringa,PR,-30.614188620177625,-35.145555234412,maringa,PR
37079,belo horizonte,MG,-16.734705636377083,-62.04495243996931,belo horizonte,MG
91377,vitoria,ES,-20.113756403785395,-39.756170476198044,vitoria,ES
68412,feira de santana,BA,-5.260283327634642,-52.506139231593366,feira de santana,BA
36421,maringa,PR,-11.391441691721003,-39.62119296870975,maringa,PR
27396,contagem,MG,-12.254144857567969,-41.77985202933574,contagem,MG
86141,sorocaba,SP,-5.8553721602607425,-62.811766707709,sorocaba,SP
59581,sobral,CE,-25.567630848574865,-54.0563094664855,sobral,CE
91916,rio de janeiro,RJ,-10.265044619515823,-64.25562813411781,rio de janeiro,RJ
35164,campinas,SP,-7.014388985870401,-58.921463392226656,campinas,SP
3083,vitoria,ES,-3.2174615078949316,-35.16675041881775,vitoria,ES
90011,salvador,BA,-20.127004185287586,-57.680972616417634,salvador,BA
24703,sorocaba,SP,-13.02289913120331,-68.22086244140708,sorocaba,SP
84701,santos,SP,-27.346602492446245,-52.36350843440515,santos,SP
71275,sao paulo,SP,-16.231011531884274,-45.15236873269687,sao paulo,SP
23945,porto alegre,RS,-19.633646559703003,-60.08807549588455,porto alegre,RS
75926,sao paulo,SP,-28.863530566152207,-54.98308413002914,sao paulo,SP
9076,fortaleza,CE,-5.468357167171607,-41.20372189841867,fortaleza,CE
39848,fortaleza,CE,-5.942980180384907,-60.94541309279949,fortaleza,CE
36298,curitiba,PR,-4.243075036648364,-39.128969408128526,curitiba,PR
66018,pelotas,RS,-27.59630613983201,-42.96285216907222,pelotas,RS
53916,rio de janeiro,RJ,-32.43309495564201,-43.410102702463504,rio de janeiro,RJ
61603,santos,SP,-10.71653850553204,-38.78295994741102,santos,SP
48144,salvador,BA,-24.877899837144998,-49.02459287382716,salvador,BA
74236,campinas,SP,-14.138614813402409,-55.8300453046798,campinas,SP
16847,sorocaba,SP,-16.986914925137718,-39.3107553455151,sorocaba,SP
72146,petropolis,RJ,-15.650338044648077,-49.844837904157856,petropolis,RJ
5952,sao paulo,SP,-18.118299616913383,-60.98546705496065,sao paulo,SP
9501,uberlandia,MG,-32.69143140850657,-64.26759073467184,uberlandia,MG
72640,florianopolis,SC,-24.982489886995467,-58.94798213670244,florianopolis,SC
16666,brasilia,DF,-5.336911619745656,-43.597959100348085,brasilia,DF
77242,caxias do sul,RS,-20.317321593785856,-64.66660607539508,caxias do sul,RS
14139,anapolis,GO,-23.495035830274897,-46.880155208418785,anapolis,GO
15523,uberlandia,MG,-32.2845042540507,-56.41112040591085,uberlandia,MG
93314,goiania,GO,-21.86412846460292,-66.714410267279,goiania,GO
18554,curitiba,PR,-26.333108983294437,-47.923464263554585,curitiba,PR
91439,campinas,SP,-17.375345105088645,-34.89288419810884,campinas,SP
35463,fortaleza,CE,-12.225576648909996,-71.76881189283527,fortaleza,CE
79943,campinas,SP,-31.160096508154403,-48.19949814395579,campinas,SP
94003,santos,SP,-11.642669887820986,-67.01252203871907,santos,SP
12555,sao paulo,SP,-32.3221401360162,-71.82568320723956,sao paulo,SP
33716,rio de janeiro,RJ,-12.489048411536029,-65.38156048125173,rio de janeiro,RJ
57852,niteroi,RJ,-28.361483122258562,-67.38797793637336,niteroi,RJ
86685,maringa,PR,-22.554966118263586,-62.36299840607203,maringa,PR
19535,recife,PE,-29.313152598053783,-48.76051475142238,recife,PE
19489,rio de janeiro,RJ,-16.36845756922486,-38.28303293206682,rio de janeiro,RJ
37469,londrina,PR,-9.248689855400603,-70.05356045808892,londrina,PR
21252,niteroi,RJ,-16.189100966046464,-63.65956857406849,niteroi,RJ
27441,anapolis,GO,-5.903784035349581,-72.15848583503029,anapolis,GO
13854,sao paulo,SP,-32.03958604828298,-53.62918585381446,sao paulo,SP
83063,sao paulo,SP,-22.28233919217478,-58.874170664251864,sao paulo,SP
79873,londrina,PR,-21.60808497069526,-37.465864214216175,londrina,PR
15300,joinville,SC,-23.425410013643884,-68.07894116685958,joinville,SC
54137,brasilia,DF,-20.3707589888175,-53.78123280355316,brasilia,DF
64971,pelotas,RS,-15.852734124394605,-40.46685059564725,pelotas,RS
63127,brasilia,DF,-27.181602612604696,-44.767334157635766,brasilia,DF
98404,uberlandia,MG,-26.983668034551574,-49.101455857341605,uberlandia,MG
64484,campinas,SP,-28.747527214189063,-46.29527831182507,campinas,SP
69017,sao paulo,SP,-24.077867419547232,-40.356855127807734,sao paulo,SP
4253,sao paulo,SP,-13.647635915233309,-54.88740001234805,sao paulo,SP
8844,petropolis,RJ,-17.561046690599575,-54.29261867311595,petropolis,RJ
62273,curitiba,PR,-24.383793722114497,-68.39170202317231,curitiba,PR
90876,niteroi,RJ,-4.204200414183617,-35.194215192747265,niteroi,RJ
40504,maringa,PR,-13.992136892964577,-37.29568655446967,maringa,PR
64664,contagem,MG,-24.912295690365745,-46.89855407726213,contagem,MG
21796,florianopolis,SC,-31.620185917431428,-52.76063853695818,florianopolis,SC
46174,florianopolis,SC,-25.94086834436721,-50.56116619828343,florianopolis,SC
75376,petropolis,RJ,-18.35935650955048,-66.19028310353967,petropolis,RJ
66308,petropolis,RJ,-26.815247969260355,-46.02840306368449,petropolis,RJ
12304,porto alegre,RS,-23.295731486119685,-44.57427904272126,porto alegre,RS
88024,caxias do sul,RS,-3.3508631719464397,-49.06527378352294,caxias do sul,RS
92785,rio de janeiro,RJ,-4.930046700099435,-72.73498651752736,rio de janeiro,RJ
48235,petropolis,RJ,-17.709078492927564,-70.06011910069763,petropolis,RJ
34733,blumenau,SC,-7.863335924563394,-67.35741855753962,blumenau,SC
53600,florianopolis,SC,-24.590715167346357,-45.20794733170146,florianopolis,SC
80334,campinas,SP,-10.62507823422115,-56.36596581325696,campinas,SP
45791,uberlandia,MG,-6.133650636868239,-41.35624381178681,uberlandia,MG
3983,recife,PE,-8.006346360102505,-35.406094035703944,recife,PE
8186,sao paulo,SP,-14.014120628093945,-52.850154781386465,sao paulo,SP
81344,anapolis,GO,-8.162226138031162,-60.70404987265878,anapolis,GO
78919,campinas,SP,-32.789026154279675,-50.4173888700729,campinas,SP
77430,curitiba,PR,-21.434860809604068,-60.30194369106384,curitiba,PR
13514,belo horizonte,MG,-9.938231873197243,-57.67089410054683,belo horizonte,MG
17896,campinas,SP,-20.7978991252987,-70.31587426457155,campinas,SP
40062,sobral,CE,-27.393736947509915,-59.96188562619376,sobral,CE
23854,uberlandia,MG,-9.775420871795475,-35.026075108531096,uberlandia,MG
39295,sobral,CE,-14.686541842093561,-43.85073215446137,sobral,CE
56288,niteroi,RJ,-17.276831282002814,-36.51118370964811,niteroi,RJ
28723,olinda,PE,-22.834422169274447,-60.754908345175366,olinda,PE
13224,sobral,CE,-30.076670844849744,-64.36523628568466,sobral,CE
40847,curitiba,PR,-7.090292542085031,-70.22149996282148,curitiba,PR
72535,sao paulo,SP,-26.981738952990476,-51.22630337284747,sao paulo,SP
62182,blumenau,SC,-13.96789207984709,-41.379797314700994,blumenau,SC
32824,maringa,PR,-24.188233896946578,-34.92189221263288,maringa,PR
31827,fortaleza,CE,-26.101946446183188,-64.91225699306631,fortaleza,CE
58784,uberlandia,MG,-19.594878822494255,-70.24544534547883,uberlandia,MG
18078,sorocaba,SP,-11.030972064958021,-55.64138657173257,sorocaba,SP
83530,sorocaba,SP,-26.082512397018093,-57.528888916715474,sorocaba,SP
87066,florianopolis,SC,-30.218459561176395,-49.07474661143465,florianopolis,SC
3516,serra,ES,-18.448398008105613,-50.41494864853078,serra,ES
97111,santos,SP,-16.557576500989352,-50.41505419845113,santos,SP
3318,feira de santana,BA,-13.300587630504072,-35.49515831387173,feira de santana,BA
46399,fortaleza,CE,-19.472399809548094,-41.43945399236128,fortaleza,CE
67064,santos,SP,-21.381275730622484,-53.67457156215755,santos,SP
33374,sao paulo,SP,-28.420409444087543,-65.44764797541052,sao paulo,SP
21158,joinville,SC,-23.9932666134875,-40.31305435545047,joinville,SC
5700,florianopolis,SC,-25.547229895187925,-70.86378569454705,florianopolis,SC
73011,campinas,SP,-29.02575967983414,-58.691452272859905,campinas,SP
4648,anapolis,GO,-4.355444091030538,-60.17145233444196,anapolis,GO
48936,londrina,PR,-27.4973831420403,-71.65068105955547,londrina,PR
39894,recife,PE,-15.837327030721756,-59.589000357388414,recife,PE
96799,recife,PE,-20.91292866787605,-64.94375138166889,recife,PE
93093,goiania,GO,-16.560704452330317,-48.175759786100585,goiania,GO
81933,maringa,PR,-15.453412649007785,-61.607730818091035,maringa,PR
73339,campinas,SP,-17.39464452152509,-36.92176330716946,campinas,SP
54746,curitiba,PR,-23.105355802838062,-44.41304984517588,curitiba,PR
35577,santos,SP,-22.779592489072694,-67.99248260178723,santos,SP
17499,blumenau,SC,-27.88583677221788,-42.61626399146226,blumenau,SC
96835,campinas,SP,-20.603825131239244,-36.750573800637646,campinas,SP
39104,curitiba,PR,-22.13885599246033,-71.1242352624203,curitiba,PR
43446,sao paulo,SP,-3.2265993145029555,-57.183692213395034,sao paulo,SP
14979,petropolis,RJ,-30.19897684273921,-38.13457225079944,petropolis,RJ
28402,sorocaba,SP,-15.66828205749728,-66.78434783932792,sorocaba,SP
63824,porto alegre,RS,-3.313684875988571,-41.263532900075404,porto alegre,RS
43208,brasilia,DF,-5.166474126835087,-68.12071705886038,brasilia,DF
59000,sao paulo,SP,-12.191680722207284,-63.23425812764495,sao paulo,SP
21942,goiania,GO,-21.091951837791594,-47.27837151492521,goiania,GO
9125,recife,PE,-11.186700626849468,-71.9641779959114,recife,PE
88677,petropolis,RJ,-4.907445808851826,-42.43455580031898,petropolis,RJ
43771,florianopolis,SC,-16.73286364020457,-46.73128544216799,florianopolis,SC
36755,contagem,MG,-22.706469782317335,-36.0411550244956,contagem,MG
29323,sao paulo,SP,-32.60360133988192,-72.76621635196028,sao paulo,SP
66138,maringa,PR,-17.81413378805116,-65.4117314503045,maringa,PR
56744,campinas,SP,-30.20831075742859,-56.70595273147377,campinas,SP
39515,olinda,PE,-23.442191090782757,-45.04851686239492,olinda,PE
93160,fortaleza,CE,-14.321645705534426,-53.9655786101998,fortaleza,CE
90270,goiania,GO,-24.66704244608863,-68.72964020460763,goiania,GO
20654,curitiba,PR,-26.284036159408537,-71.04986416637854,curitiba,PR
64595,maringa,PR,-15.336814390297715,-59.47639183213994,maringa,PR
96866,vitoria,ES,-30.803953771069576,-66.7919707899869,vitoria,ES
49336,campinas,SP,-5.146837237031811,-66.11778285485373,campinas,SP
3988,santos,SP,-3.5009345886122816,-61.491900107323765,santos,SP
14082,londrina,PR,-3.324955980576334,-50.279909319643494,londrina,PR
67099,niteroi,RJ,-32.79911956922461,-42.41001304348275,niteroi,RJ
90288,niteroi,RJ,-32.92998138380851,-64.87516012792084,niteroi,RJ
13711,sao paulo,SP,-29.90472365726582,-56.20019777936807,sao paulo,SP
55134,porto alegre,RS,-5.483055658758335,-44.786985711479616,porto alegre,RS
50188,sao paulo,SP,-6.9180662029269016,-39.471112383408965,sao paulo,SP
29219,santos,SP,-32.46739157443343,-64.84981753791726,santos,SP
63535,santos,SP,-30.851736843569228,-40.22267554418381,santos,SP
87913,petropolis,RJ,-23.89590378585627,-56.03585470279627,petropolis,RJ
24684,olinda,PE,-24.620862150677958,-47.7563337466967,olinda,PE
6389,rio de janeiro,RJ,-32.95464668063449,-54.89285368961227,rio de janeiro,RJ
36541,blumenau,SC,-30.557520543062072,-43.93844632051497,blumenau,SC
32093,feira de santana,BA,-12.655245763535547,-44.88376310762222,feira de santana,BA
72991,niteroi,RJ,-15.266412664825879,-52.80548954515815,niteroi,RJ
54145,anapolis,GO,-22.385035291132624,-35.8047387504421,anapolis,GO
2771,florianopolis,SC,-25.651726373683644,-37.75939813832288,florianopolis,SC
34641,curitiba,PR,-18.76490521292071,-59.818264349737014,curitiba,PR
73774,sao paulo,SP,-13.844123384630397,-68.32042950764264,sao paulo,SP
48196,santos,SP,-23.85958941797997,-67.27069685961928,santos,SP
56722,vitoria,ES,-29.010905164664145,-62.90039619041025,vitoria,ES
27167,brasilia,DF,-5.481373769411466,-47.49456015677636,brasilia,DF
32619,fortaleza,CE,-29.526701349044785,-65.7048513885017,fortaleza,CE
13878,recife,PE,-7.842884722066085,-51.05988972469503,recife,PE
9081,sao paulo,SP,-16.118595343445225,-43.77020004589252,sao paulo,SP
4648,brasilia,DF,-18.91520002004669,-64.91763519232805,brasilia,DF
62814,uberlandia,MG,-25.329989573957775,-61.0040487142811,uberlandia,MG
16606,brasilia,DF,-12.000999338604405,-71.24032894566345,brasilia,DF
57802,santos,SP,-18.274241342429875,-68.53018933132361,santos,SP
95340,niteroi,RJ,-29.91256592924364,-58.401288267276385,niteroi,RJ
70024,salvador,BA,-8.364451457823371,-62.28599336739215,salvador,BA
57964,brasilia,DF,-12.448659567796817,-64.67401729903968,brasilia,DF
12569,porto alegre,RS,-9.902829535441253,-60.25790316638867,porto alegre,RS
49406,rio de janeiro,RJ,-26.158184299100867,-68.75743248282713,rio de janeiro,RJ
89225,petropolis,RJ,-23.354407804610503,-44.62624294832408,petropolis,RJ
39047,serra,ES,-23.14600196891987,-49.844992183246646,serra,ES
82791,belo horizonte,MG,-28.174629417113316,-62.77475007654439,belo horizonte,MG
71132,belo horizonte,MG,-6.535282999053155,-67.71016219718543,belo horizonte,MG
27410,curitiba,PR,-22.02195151969341,-71.37268635627503,curitiba,PR
14984,contagem,MG,-23.773293643264573,-46.4924668343626,contagem,MG
2682,curitiba,PR,-18.744357450721367,-64.67685910929488,curitiba,PR
28336,contagem,MG,-4.313785130301916,-56.187347928721024,contagem,MG
33956,goiania,GO,-22.031646783952723,-49.98553323254539,goiania,GO
65933,recife,PE,-5.100550469577197,-59.10799187894677,recife,PE
57684,sobral,CE,-5.022969366509098,-71.55940745084045,sobral,CE
48426,londrina,PR,-23.38304693580445,-52.55753105598774,londrina,PR
72565,contagem,MG,-15.189135377039527,-36.38319737960112,contagem,MG
77238,florianopolis,SC,-13.728857818866206,-67.99592525130912,florianopolis,SC
71634,goiania,GO,-24.424376757751453,-58.33071694130595,goiania,GO
89812,londrina,PR,-3.223516658580788,-60.73337675525512,londrina,PR
36613,joinville,SC,-15.097040288030957,-63.603996738581316,joinville,SC
82513,salvador,BA,-11.557597249175203,-48.382424512444416,salvador,BA
42654,joinville,SC,-12.277785663309103,-58.56317432914949,joinville,SC
19236,feira de santana,BA,-26.29545052016469,-60.7520481645466,feira de santana,BA
15433,sorocaba,SP,-15.189600948057429,-66.35144530871612,sorocaba,SP
10055,curitiba,PR,-7.079033456404424,-58.82555419443419,curitiba,PR
95601,pelotas,RS,-10.130461610248837,-34.324936057810866,pelotas,RS
17774,santos,SP,-19.26670923779573,-39.15931999920121,santos,SP
83689,goiania,GO,-16.71094716247349,-69.25576021575073,goiania,GO
78568,porto alegre,RS,-13.759277374535802,-48.341309495574585,porto alegre,RS
44484,sorocaba,SP,-21.856016689160466,-54.178719821886375,sorocaba,SP
91468,goiania,GO,-23.012420141003453,-46.52678138743819,goiania,GO
90920,salvador,BA,-19.507345583093183,-36.32498702589335,salvador,BA
92618,salvador,BA,-3.041143881067228,-69.46613031222213,salvador,BA
50191,uberlandia,MG,-12.005112413246124,-51.39272233555026,uberlandia,MG
30523,anapolis,GO,-29.000221699694333,-70.3026014012242,anapolis,GO
5336,uberlandia,MG,-29.259660695515723,-58.49382179798154,uberlandia,MG
84192,pelotas,RS,-28.904820084291767,-55.42574783581317,pelotas,RS
87422,sorocaba,SP,-6.553654010955984,-69.68923541929871,sorocaba,SP
54086,florianopolis,SC,-28.645163906542745,-63.51325494653101,florianopolis,SC
8023,salvador,BA,-19.469430093600657,-50.68067583425875,salvador,BA
82455,curitiba,PR,-13.697300181760799,-64.20495403907809,curitiba,PR
30531,londrina,PR,-8.676242176452558,-44.92835991599927,londrina,PR
55287,brasilia,DF,-23.317644521400297,-47.00301330565649,brasilia,DF
66285,joinville,SC,-26.060702714061243,-53.5991552074225,joinville,SC
15443,sorocaba,SP,-29.899001617399406,-51.19440796944134,sorocaba,SP
7212,fortaleza,CE,-30.596428844522602,-60.395913765314965,fortaleza,CE
8842,florianopolis,SC,-28.45342833184815,-51.57031302319854,florianopolis,SC
95945,serra,ES,-12.444547887531765,-60.46809528794146,serra,ES
95763,vitoria,ES,-30.91662305458124,-37.634065661256905,vitoria,ES
43255,sobral,CE,-13.523273174223256,-69.74965783391468,sobral,CE
43154,feira de santana,BA,-7.239007000400214,-65.0706621654516,feira de santana,BA
41273,pelotas,RS,-17.46043898097575,-63.16922233986503,pelotas,RS
35701,sorocaba,SP,-4.765563077700108,-42.27698555355252,sorocaba,SP
54836,curitiba,PR,-19.05716681118438,-55.364597860496474,curitiba,PR
36273,feira de santana,BA,-18.893942394513807,-51.34827192313004,feira de santana,BA
61999,londrina,PR,-28.242648737946602,-61.47914701788721,londrina,PR
38514,olinda,PE,-13.979713728418538,-62.51388958764616,olinda,PE
63361,santos,SP,-10.179586438886126,-47.70511934319492,santos,SP
94553,niteroi,RJ,-26.9578472151836,-46.24029987262803,niteroi,RJ
21375,curitiba,PR,-14.600383332042338,-52.7913010078326,curitiba,PR
7207,contagem,MG,-20.54341408489642,-45.553381505567586,contagem,MG
53136,santos,SP,-3.537127556912022,-42.846456896047314,santos,SP
12786,sorocaba,SP,-30.762580861536744,-69.03063638785397,sorocaba,SP
23906,goiania,GO,-21.239724510916144,-63.84365333390335,goiania,GO
79174,contagem,MG,-20.61281013788215,-48.750148529079105,contagem,MG
42370,campinas,SP,-18.969315979321255,-38.91854207187191,campinas,SP
55390,campinas,SP,-23.925200484254002,-41.36209696012725,campinas,SP
77838,contagem,MG,-24.512353497584513,-50.2666986150376,contagem,MG
13725,campinas,SP,-22.422033641737606,-55.693812566923974,campinas,SP
48385,florianopolis,SC,-28.16293206758447,-71.73836722488487,florianopolis,SC
4411,brasilia,DF,-29.099863792559272,-37.053182686997815,brasilia,DF
50415,sorocaba,SP,-6.228656867256113,-43.96528253701619,sorocaba,SP
23198,pelotas,RS,-17.84634107827892,-61.91748917617049,pelotas,RS
91212,campinas,SP,-9.552522476319435,-53.27424839999271,campinas,SP
26820,rio de janeiro,RJ,-22.7219314062485,-63.67140441425515,rio de janeiro,RJ
20816,recife,PE,-5.119579708775625,-37.2937609775705,recife,PE
2407,curitiba,PR,-8.637870144148767,-55.51050905369815,curitiba,PR
14194,olinda,PE,-4.149026113076619,-39.698881152738466,olinda,PE
22392,campinas,SP,-9.892592588023547,-48.82778242142258,campinas,SP
23575,petropolis,RJ,-11.505738790325903,-52.51629856770054,petropolis,RJ
74092,belo horizonte,MG,-15.214051775260394,-37.635687316823564,belo horizonte,MG
88866,uberlandia,MG,-9.115885656206881,-67.60979874989651,uberlandia,MG
85687,serra,ES,-23.549206291732805,-70.48872879538494,serra,ES
95678,santos,SP,-30.958636810230765,-47.14021100875417,santos,SP
89924,goiania,GO,-22.22087427884526,-37.30140141006991,goiania,GO
46093,recife,PE,-9.801453372694606,-67.79105192579566,recife,PE
39601,londrina,PR,-29.815331877491932,-63.527056178107614,londrina,PR
65278,niteroi,RJ,-6.249088610383989,-57.40975529216061,niteroi,RJ
32621,maringa,PR,-16.892632780849443,-36.64997537398422,maringa,PR
60765,niteroi,RJ,-9.011698071923423,-39.74414615374698,niteroi,RJ
99985,brasilia,DF,-17.73646177192909,-35.106584006671554,brasilia,DF
20613,londrina,PR,-7.753426338836071,-42.82325628329407,londrina,PR
77163,fortaleza,CE,-3.153924722722927,-59.41320183258358,fortaleza,CE
93612,porto alegre,RS,-8.748431522963163,-70.9431440612989,porto alegre,RS
54197,londrina,PR,-6.684587756162372,-49.000198691172585,londrina,PR
36246,salvador,BA,-8.313955907835798,-38.108430857159796,salvador,BA
26222,maringa,PR,-19.494088258406176,-55.57801508912637,maringa,PR
17631,olinda,PE,-22.380228769615652,-57.700862973802785,olinda,PE
32808,sao paulo,SP,-16.044367932828028,-42.08269501926931,sao paulo,SP
74908,serra,ES,-26.84292076276905,-57.426550549546924,serra,ES
52020,goiania,GO,-19.770964630539748,-44.39056236319273,goiania,GO
22924,recife,PE,-29.02528385852825,-64.88875269253215,recife,PE
54665,uberlandia,MG,-23.99616587820737,-48.29399277286103,uberlandia,MG
81096,anapolis,GO,-11.86116164771326,-50.77485374378514,anapolis,GO
2354,rio de janeiro,RJ,-30.756928856789443,-55.894405711058845,rio de janeiro,RJ
3038,salvador,BA,-5.3750441944859695,-60.17491018066869,salvador,BA
95979,santos,SP,-31.5151148767776,-48.98948749847847,santos,SP
75076,rio de janeiro,RJ,-25.39311559224264,-36.043585539047086,rio de janeiro,RJ
57984,uberlandia,MG,-4.254639233519345,-61.01305085259631,uberlandia,MG
90693,rio de janeiro,RJ,-6.867241700615377,-70.81499570188164,rio de janeiro,RJ
59326,rio de janeiro,RJ,-30.099204077718323,-38.74222187301267,rio de janeiro,RJ
52548,anapolis,GO,-6.836408087181425,-72.28762546753667,anapolis,GO
21935,santos,SP,-7.581459352746251,-70.50858767432241,santos,SP
81254,salvador,BA,-18.57238311422933,-67.40840210743676,salvador,BA
76732,campinas,SP,-6.923894944776034,-43.87212021425787,campinas,SP
30264,salvador,BA,-18.454636259066074,-70.32315769959678,salvador,BA
73988,brasilia,DF,-28.607136583682692,-53.664049906715825,brasilia,DF
72982,uberlandia,MG,-26.249354423835328,-67.61289444591932,uberlandia,MG
10420,salvador,BA,-23.02881352771862,-51.31641275555896,salvador,BA
16880,sobral,CE,-22.787053272606947,-54.0382253620586,sobral,CE
59903,brasilia,DF,-10.806696357316987,-60.88230331278348,brasilia,DF
62734,uberlandia,MG,-26.55418199330476,-50.69754725060575,uberlandia,MG
66160,uberlandia,MG,-10.572916091114507,-61.04671853241703,uberlandia,MG
37948,brasilia,DF,-16.427108098014028,-40.221038251313395,brasilia,DF
83720,niteroi,RJ,-15.137288011679782,-36.85722439379498,niteroi,RJ
45119,brasilia,DF,-11.672491250809038,-52.77020068799578,brasilia,DF
21402,rio de janeiro,RJ,-9.333156290320183,-68.18813689089869,rio de janeiro,RJ
12396,brasilia,DF,-21.465414289714488,-60.426528547572204,brasilia,DF
87884,sao paulo,SP,-12.51397058302786,-40.979409342872984,sao paulo,SP
71007,sao paulo,SP,-31.653773921583642,-64.88540692379239,sao paulo,SP
46686,vitoria,ES,-9.882203697026778,-68.02910757603328,vitoria,ES
21720,recife,PE,-10.124807295804771,-35.453515738556305,recife,PE
10555,olinda,PE,-3.8519706802823563,-51.511645339754665,olinda,PE
16125,fortaleza,CE,-27.60180369145972,-54.97940566163908,fortaleza,CE
11456,belo horizonte,MG,-29.047697086246046,-36.98936327796845,belo horizonte,MG
53411,petropolis,RJ,-5.345395655703211,-52.07780664380162,petropolis,RJ
20582,sorocaba,SP,-22.99351769853896,-53.69847215185877,sorocaba,SP
13653,maringa,PR,-14.807023315583415,-61.29112647783285,maringa,PR
28992,campinas,SP,-4.371339566177745,-46.64861625240435,campinas,SP
70240,fortaleza,CE,-12.729406755638024,-45.15248749702843,fortaleza,CE
50143,sao paulo,SP,-25.051089157489148,-67.72040737050845,sao paulo,SP
16217,sao paulo,SP,-29.24079674908434,-42.55082540089133,sao paulo,SP
75125,sorocaba,SP,-22.702626223855454,-55.753991055788035,sorocaba,SP
49466,sorocaba,SP,-12.996724281072822,-56.65349626116527,sorocaba,SP
19485,sorocaba,SP,-4.5033874471261335,-37.71897976862365,sorocaba,SP
69430,blumenau,SC,-31.08687857441504,-66.89784887713982,blumenau,SC
99271,niteroi,RJ,-19.99912307350646,-53.89317213572838,niteroi,RJ
54482,caxias do sul,RS,-8.892507272860882,-55.416441617145004,caxias do sul,RS
16990,olinda,PE,-6.780751000293378,-49.53832597324723,olinda,PE
31646,pelotas,RS,-7.306016896663394,-64.33135924963615,pelotas,RS
60337,joinville,SC,-9.676348326711697,-63.370603377193184,joinville,SC
99938,petropolis,RJ,-27.462870448268745,-71.0036644041035,petropolis,RJ
92964,campinas,SP,-22.472325310426122,-41.41946528204888,campinas,SP
93387,niteroi,RJ,-15.356871970551708,-69.31105931561606,niteroi,RJ
83417,serra,ES,-28.962902209729066,-49.09443018304334,serra,ES
57906,caxias do sul,RS,-21.248395901782757,-71.83072476891499,caxias do sul,RS
65140,sorocaba,SP,-26.66102147980435,-49.945695002016684,sorocaba,SP
73659,uberlandia,MG,-24.103670162582503,-64.07692614211498,uberlandia,MG
71833,goiania,GO,-9.175448388043357,-47.04854820210922,goiania,GO
64233,florianopolis,SC,-12.450193045947636,-43.07557985995541,florianopolis,SC
14286,londrina,PR,-32.8348456115845,-34.82049053665133,londrina,PR
88094,recife,PE,-4.948290883223702,-43.933341043700125,recife,PE
1956,joinville,SC,-17.22988260299195,-36.08618940047242,joinville,SC
43169,blumenau,SC,-13.361226898365306,-36.68907777091228,blumenau,SC
43980,sao paulo,SP,-14.398487018176414,-62.033361818605044,sao paulo,SP
99607,sao paulo,SP,-30.859395424709064,-57.41176782544944,sao paulo,SP
9862,serra,ES,-6.3389737001408015,-56.917927847223986,serra,ES
48103,caxias do sul,RS,-12.479076503695222,-59.51203417632949,caxias do sul,RS
36417,uberlandia,MG,-25.278064408388683,-44.162878015698574,uberlandia,MG
10672,porto alegre,RS,-30.431891464030876,-58.04494647335201,porto alegre,RS
23150,santos,SP,-3.201897383423649,-37.076446689512274,santos,SP
42785,goiania,GO,-4.926323912434725,-51.214656186286646,goiania,GO
91717,santos,SP,-11.315200436602233,-61.077123209068375,santos,SP
39432,brasilia,DF,-16.95853085040961,-40.07595645592553,brasilia,DF
88124,curitiba,PR,-15.236203878663801,-46.329025969067615,curitiba,PR
73641,santos,SP,-18.2192970789673,-60.6411254511914,santos,SP
82074,santos,SP,-7.16684377731891,-38.08407129632704,santos,SP
85519,goiania,GO,-10.795393768907324,-55.5736469448899,goiania,GO
71679,sao paulo,SP,-30.915682966990992,-68.8678747289576,sao paulo,SP
73608,sorocaba,SP,-23.17653743709439,-41.2227270547376,sorocaba,SP
16252,feira de santana,BA,-11.253124245776501,-45.49054485849521,feira de santana,BA
71987,niteroi,RJ,-3.4207392292025816,-71.4997067481682,niteroi,RJ
5788,petropolis,RJ,-10.245117263204836,-67.6586578919537,petropolis,RJ
74001,santos,SP,-18.11074839039012,-38.15636476882304,santos,SP
65734,goiania,GO,-9.932726412623513,-71.41677938330035,goiania,GO
75935,niteroi,RJ,-11.26061344661052,-51.54922033122429,niteroi,RJ
64582,sorocaba,SP,-11.63999437043002,-70.68584612812984,sorocaba,SP
37499,rio de janeiro,RJ,-4.597218397139709,-40.554720940890064,rio de janeiro,RJ
37572,sorocaba,SP,-14.487248226245153,-66.82889718039303,sorocaba,SP
60018,rio de janeiro,RJ,-17.47745391182155,-49.60188066473708,rio de janeiro,RJ
47795,campinas,SP,-10.710047043110855,-34.552944839409925,campinas,SP
34716,campinas,SP,-6.409130067492008,-47.08099798248459,campinas,SP
49425,uberlandia,MG,-14.243252666124093,-57.32108685990772,uberlandia,MG
54122,recife,PE,-32.421290506415374,-58.712436645427275,recife,PE
24752,sao paulo,SP,-30.825187264106344,-35.904623768780795,sao paulo,SP
64181,santos,SP,-8.045802864357775,-50.087347693210916,santos,SP
32102,recife,PE,-17.850012405076754,-34.139422359130734,recife,PE
27506,olinda,PE,-3.3455237735336283,-70.60439542979314,olinda,PE
42420,blumenau,SC,-26.478417122335614,-41.3769280511936,blumenau,SC
11225,campinas,SP,-11.776879952000662,-65.7535354684761,campinas,SP
60714,uberlandia,MG,-20.459480350130555,-59.710132260121,uberlandia,MG
73604,campinas,SP,-32.40661095911347,-47.691238310681705,campinas,SP
95625,campinas,SP,-22.003979100341002,-41.53755435394016,campinas,SP
29076,petropolis,RJ,-27.18398235714288,-50.8215088536108,petropolis,RJ
54309,porto alegre,RS,-16.704798381089184,-68.91945106361219,porto alegre,RS
50851,rio de janeiro,RJ,-6.951618410495065,-72.84216158191542,rio de janeiro,RJ
73384,porto alegre,RS,-3.231129392241364,-38.97950172413798,porto alegre,RS
62859,petropolis,RJ,-16.48072875832188,-62.30845669149719,petropolis,RJ
80892,rio de janeiro,RJ,-5.1149038653134795,-46.82666403060604,rio de janeiro,RJ
85212,brasilia,DF,-6.841277352898846,-42.74473821496929,brasilia,DF
12237,recife,PE,-27.103757788112603,-45.627406724165624,recife,PE
36149,niteroi,RJ,-32.1912810592508,-69.05607002939637,niteroi,RJ
65658,porto alegre,RS,-7.210908205955828,-42.774339456312696,porto alegre,RS
54831,campinas,SP,-15.794229933722029,-38.17679069115159,campinas,SP
48728,sao paulo,SP,-9.694599935282099,-42.036464730965676,sao paulo,SP
18142,feira de santana,BA,-13.648258865401178,-53.102111092898994,feira de santana,BA
57670,sorocaba,SP,-26.193732842993057,-65.21549901441728,sorocaba,SP
74316,contagem,MG,-19.44277873374036,-48.62479576754113,contagem,MG
4803,belo horizonte,MG,-22.45912727217055,-45.67797915373839,belo horizonte,MG
59564,santos,SP,-12.15895421200403,-62.43740224002809,santos,SP
90714,santos,SP,-31.314305828287967,-47.97758230652917,santos,SP
57798,petropolis,RJ,-19.590179637229863,-38.868608471774245,petropolis,RJ
95324,fortaleza,CE,-25.66188046743166,-58.12141495883151,fortaleza,CE
35904,pelotas,RS,-11.780703419295953,-52.245298608559,pelotas,RS
1344,rio de janeiro,RJ,-19.061104593809162,-45.02609402091079,rio de janeiro,RJ
68523,santos,SP,-11.981003110198092,-44.07779398796961,santos,SP
22066,pelotas,RS,-9.189133246987044,-47.859825335152436,pelotas,RS
1958,sao paulo,SP,-9.947435635287917,-52.40379458821725,sao paulo,SP
18839,curitiba,PR,-5.289849095995567,-45.58288254369278,curitiba,PR
93467,feira de santana,BA,-30.04119075662061,-39.98409497603083,feira de santana,BA
78348,belo horizonte,MG,-30.517737071923165,-38.00626276902489,belo horizonte,MG
28226,petropolis,RJ,-26.0187446953821,-56.26841256224414,petropolis,RJ
60209,santos,SP,-19.3667140114126,-45.23271395383994,santos,SP
34594,campinas,SP,-18.020974509446134,-57.24641922710998,campinas,SP
18555,contagem,MG,-6.116885427926835,-39.42172986370328,contagem,MG
98848,olinda,PE,-3.3667843030222855,-40.598753169208194,olinda,PE
81582,campinas,SP,-22.846385083458284,-43.62690270489067,campinas,SP
36984,porto alegre,RS,-4.490872669516101,-53.91295421037102,porto alegre,RS
35993,florianopolis,SC,-25.36136931375894,-52.01607587542762,florianopolis,SC
81742,sao paulo,SP,-27.473666783569104,-41.767134949838244,sao paulo,SP
46624,sorocaba,SP,-12.257166203826415,-71.1240839463161,sorocaba,SP
38317,niteroi,RJ,-21.6456939719968,-50.86234335190797,niteroi,RJ
39342,blumenau,SC,-9.037114595387546,-63.63998374013504,blumenau,SC
45233,belo horizonte,MG,-5.814872778377186,-49.484466715159286,belo horizonte,MG
52616,feira de santana,BA,-15.886922513881352,-54.41521099528987,feira de santana,BA
4967,olinda,PE,-6.847334185474178,-48.12004664020226,olinda,PE
48533,feira de santana,BA,-23.52901064795741,-69.33162455887711,feira de santana,BA
44556,vitoria,ES,-31.022881916576658,-36.86701180496075,vitoria,ES
28183,feira de santana,BA,-16.551924535390697,-50.24397919378521,feira de santana,BA
36183,anapolis,GO,-4.064708963976432,-61.519082446901116,anapolis,GO
43030,goiania,GO,-14.447673082321124,-41.92435640904286,goiania,GO
37240,feira de santana,BA,-11.1622614541171,-46.38599317467079,feira de santana,BA
90924,brasilia,DF,-5.6609970650918875,-55.528098434748145,brasilia,DF
53322,fortaleza,CE,-9.657180550052551,-62.12610937834517,fortaleza,CE
50786,contagem,MG,-14.928422677972627,-60.527750003154445,contagem,MG
27030,pelotas,RS,-8.627960208036711,-71.00875967970894,pelotas,RS
91721,maringa,PR,-22.97609444414401,-58.00198559158311,maringa,PR
3295,anapolis,GO,-15.530269290158923,-53.00959692828987,anapolis,GO
55462,uberlandia,MG,-6.4376238445093605,-40.16339452702167,uberlandia,MG
17711,anapolis,GO,-20.420444147681714,-47.7510565481856,anapolis,GO
77112,brasilia,DF,-8.320535206051716,-64.5136253069358,brasilia,DF
38448,vitoria,ES,-11.10101631558194,-35.415975136330246,vitoria,ES
30065,santos,SP,-23.061517568800042,-64.35937886257595,santos,SP
6737,florianopolis,SC,-13.552028503158802,-48.90491353562096,florianopolis,SC
79250,salvador,BA,-19.766452999160933,-60.19128393612659,salvador,BA
40251,sobral,CE,-22.494295846896936,-68.24132236071846,sobral,CE
27167,recife,PE,-12.088351196766244,-40.88777891647985,recife,PE
84584,pelotas,RS,-28.331403937621282,-50.02056788213806,pelotas,RS
2935,caxias do sul,RS,-13.23967104106724,-52.53446640778833,caxias do sul,RS
47414,campinas,SP,-28.383911869977688,-61.28330502574993,campinas,SP
16912,vitoria,ES,-18.33508346038956,-42.62297352432455,vitoria,ES
13570,santos,SP,-10.192563824153321,-39.73988545173701,santos,SP
3143,feira de santana,BA,-13.065150537994072,-40.37334937240348,feira de santana,BA
19517,brasilia,DF,-21.593876977867843,-70.17586948830203,brasilia,DF
94758,belo horizonte,MG,-19.494997745641115,-65.24675355333419,belo horizonte,MG
45106,santos,SP,-25.63588230500581,-68.16908058753998,santos,SP
99996,santos,SP,-20.573044158164244,-61.12694628899871,santos,SP
27462,goiania,GO,-5.858624425574881,-68.60055095825749,goiania,GO
76460,maringa,PR,-7.714594107635953,-66.09886436362767,maringa,PR
9870,santos,SP,-30.069043954513848,-45.45463633271106,santos,SP
11704,salvador,BA,-27.513864391187248,-46.90762533537395,salvador,BA
2623,santos,SP,-31.894880725785857,-61.97639452431466,santos,SP
89994,olinda,PE,-20.52597198349781,-40.85623074117213,olinda,PE
67489,petropolis,RJ,-8.148374788756815,-46.94878891662955,petropolis,RJ
74633,sao paulo,SP,-15.646522330598817,-56.163349501575055,sao paulo,SP
92805,campinas,SP,-25.930880224221987,-72.15380894920058,campinas,SP
33891,curitiba,PR,-21.185080017638207,-47.41804624179697,curitiba,PR
72530,uberlandia,MG,-30.193532114589807,-42.47350103766225,uberlandia,MG
50725,feira de santana,BA,-21.480264808178305,-64.26592636772376,feira de santana,BA
54722,uberlandia,MG,-21.76583684198706,-68.36223150628264,uberlandia,MG
66513,petropolis,RJ,-24.97588501882604,-60.708556374745335,petropolis,RJ
47523,santos,SP,-26.691264230078296,-45.61142509802776,santos,SP
3380,campinas,SP,-26.526914806120374,-35.46249547529197,campinas,SP
8430,fortaleza,CE,-28.68528955404059,-57.70260292484649,fortaleza,CE
50652,campinas,SP,-28.87614240869768,-40.62939459424263,campinas,SP
57420,serra,ES,-3.632376119063718,-43.32139939766584,serra,ES
73506,niteroi,RJ,-13.41162027857213,-38.40761161136932,niteroi,RJ
57645,sorocaba,SP,-13.765711076222992,-47.127926273154145,sorocaba,SP
19634,santos,SP,-21.19394830536081,-36.08696778329399,santos,SP
37314,santos,SP,-27.98055491568487,-37.2269526912448,santos,SP
44934,brasilia,DF,-18.364678548058336,-71.68495237583184,brasilia,DF
98409,londrina,PR,-21.74475012464044,-52.85052564011134,londrina,PR
53719,niteroi,RJ,-25.714840031904828,-60.21762655077161,niteroi,RJ
63862,florianopolis,SC,-10.2000249021699,-39.98145466921117,florianopolis,SC
73820,porto alegre,RS,-25.99203690548234,-57.040348054868765,porto alegre,RS
36861,fortaleza,CE,-11.418587940142668,-37.37158434467363,fortaleza,CE
96479,serra,ES,-29.209261750334125,-37.59302566581942,serra,ES
67815,joinville,SC,-18.045719924543803,-58.797186143769935,joinville,SC
84978,goiania,GO,-12.652944065986674,-50.57804542888013,goiania,GO
75172,brasilia,DF,-12.356132953887784,-71.92125945426463,brasilia,DF
62529,curitiba,PR,-3.6069314492471776,-59.07550532528688,curitiba,PR
4056,blumenau,SC,-19.421959583174903,-47.334679452791775,blumenau,SC
58779,santos,SP,-21.66611269095477,-64.75866641090458,santos,SP
13821,salvador,BA,-10.669342882101862,-66.80521657539111,salvador,BA
60714,vitoria,ES,-31.072035441461768,-35.79226231639394,vitoria,ES
70437,santos,SP,-18.246547205135045,-50.24286551222751,santos,SP
54972,anapolis,GO,-6.8684946949644505,-50.97034307967355,anapolis,GO
31535,fortaleza,CE,-25.04899557061723,-41.00462572143036,fortaleza,CE
6876,sorocaba,SP,-17.92564432866467,-51.265023373544295,sorocaba,SP
67433,londrina,PR,-28.138158173577025,-47.79608809839365,londrina,PR
70130,fortaleza,CE,-4.655592882507719,-61.01727095182728,fortaleza,CE
48314,serra,ES,-7.531757099953872,-58.277155913317664,serra,ES
71916,sorocaba,SP,-10.013644812465419,-62.32834485180047,sorocaba,SP
78131,rio de janeiro,RJ,-28.591617255784076,-49.651134551601515,rio de janeiro,RJ
51735,florianopolis,SC,-17.89084261925342,-49.77770027487456,florianopolis,SC
5719,campinas,SP,-26.583077986235445,-66.54501337764887,campinas,SP
87167,rio de janeiro,RJ,-5.462088098988723,-43.195655037874175,rio de janeiro,RJ
47206,sorocaba,SP,-5.105726707702875,-65.44572152960501,sorocaba,SP
67570,sorocaba,SP,-11.094368779711711,-46.277999363738175,sorocaba,SP
91179,londrina,PR,-13.251620909511647,-70.5484850585386,londrina,PR
36903,blumenau,SC,-25.689458632140106,-37.1820922881576,blumenau,SC
62576,florianopolis,SC,-30.803702358981738,-70.65734051151392,florianopolis,SC
2949,brasilia,DF,-7.8518459956066025,-70.48961985663998,brasilia,DF
88618,uberlandia,MG,-25.851673860096362,-69.63680963140278,uberlandia,MG
6856,campinas,SP,-24.98468730838723,-55.28782364581039,campinas,SP
