order_id,customer_id,order_status,order_purchase_timestamp,order_approved_at,order_delivered_carrier_date,order_delivered_customer_date,order_estimated_delivery_date
order_000000,cust_01920,delivered,2018-02-18 22:56:00,2018-02-20 00:56:00,2018-02-21 22:56:00,2018-03-01 22:56:00,2018-03-07 22:56:00
order_000001,cust_03320,delivered,2017-12-25 05:53:10,2017-12-26 13:53:10,2017-12-28 05:53:10,2018-01-09 05:53:10,2018-01-13 05:53:10
order_000002,cust_01478,delivered,2018-05-19 07:32:45,2018-05-19 12:32:45,2018-05-23 07:32:45,2018-06-03 07:32:45,2018-06-06 07:32:45
order_000003,cust_03415,delivered,2017-04-10 15:07:44,2017-04-12 11:07:44,2017-04-14 15:07:44,2017-04-27 15:07:44,2017-04-30 15:07:44
order_000004,cust_00470,delivered,2017-10-31 00:03:04,2017-11-01 02:03:04,2017-11-03 00:03:04,2017-11-11 00:03:04,2017-11-15 00:03:04
order_000005,cust_03719,delivered,2018-02-09 02:27:02,2018-02-10 04:27:02,2018-02-10 02:27:02,2018-02-15 02:27:02,2018-02-21 02:27:02
order_000006,cust_02983,delivered,2017-07-21 21:38:26,2017-07-23 20:38:26,2017-07-23 21:38:26,2017-07-26 21:38:26,2017-07-28 21:38:26
order_000007,cust_02379,delivered,2018-06-12 04:08:27,2018-06-13 13:08:27,2018-06-14 04:08:27,2018-06-27 04:08:27,2018-07-03 04:08:27
order_000008,cust_02346,processing,2017-07-03 13:50:57,2017-07-03 19:50:57,2017-07-05 13:50:57,2017-07-19 13:50:57,2017-07-25 13:50:57
order_000009,cust_03558,delivered,2017-07-03 21:10:34,2017-07-05 09:10:34,2017-07-07 21:10:34,2017-07-05 21:10:34,2017-07-10 21:10:34
order_000010,cust_01432,delivered,2017-07-18 17:35:36,2017-07-20 15:35:36,2017-07-21 17:35:36,2017-07-23 17:35:36,2017-07-27 17:35:36
order_000011,cust_00626,delivered,2018-02-16 06:31:36,2018-02-16 18:31:36,2018-02-20 06:31:36,2018-02-28 06:31:36,2018-03-06 06:31:36
order_000012,cust_03491,delivered,2017-03-13 03:39:50,2017-03-14 01:39:50,2017-03-14 03:39:50,2017-03-17 03:39:50,2017-03-19 03:39:50
order_000013,cust_00390,delivered,2017-03-28 17:13:45,2017-03-28 22:13:45,2017-03-31 17:13:45,2017-03-30 17:13:45,2017-04-03 17:13:45
order_000014,cust_02506,delivered,2018-04-19 09:42:37,2018-04-20 19:42:37,2018-04-22 09:42:37,2018-05-06 09:42:37,2018-05-11 09:42:37
order_000015,cust_01010,delivered,2017-05-07 23:13:19,2017-05-08 06:13:19,2017-05-11 23:13:19,2017-05-10 23:13:19,2017-05-15 23:13:19
order_000016,cust_03531,delivered,2017-03-05 15:28:53,2017-03-06 11:28:53,2017-03-07 15:28:53,2017-03-10 15:28:53,2017-03-14 15:28:53
order_000017,cust_03699,delivered,2017-06-10 00:15:52,2017-06-11 07:15:52,2017-06-13 00:15:52,2017-06-27 00:15:52,2017-06-30 00:15:52
order_000018,cust_01802,delivered,2017-08-31 06:01:23,2017-09-01 22:01:23,2017-09-02 06:01:23,2017-09-03 06:01:23,2017-09-09 06:01:23
order_000019,cust_02026,delivered,2017-01-21 17:52:00,2017-01-22 09:52:00,2017-01-24 17:52:00,2017-02-04 17:52:00,2017-02-09 17:52:00
order_000020,cust_01727,delivered,2018-05-23 16:50:09,2018-05-25 11:50:09,2018-05-24 16:50:09,2018-06-02 16:50:09,2018-06-07 16:50:09
order_000021,cust_01615,delivered,2017-03-13 17:48:17,2017-03-13 19:48:17,2017-03-16 17:48:17,2017-03-23 17:48:17,2017-03-27 17:48:17
order_000022,cust_03561,delivered,2017-09-03 05:36:24,2017-09-03 13:36:24,2017-09-05 05:36:24,2017-09-18 05:36:24,2017-09-24 05:36:24
order_000023,cust_01091,delivered,2017-05-03 05:58:59,2017-05-03 11:58:59,2017-05-07 05:58:59,2017-05-05 05:58:59,2017-05-08 05:58:59
order_000024,cust_03647,delivered,2017-06-29 05:01:08,2017-06-30 17:01:08,2017-06-30 05:01:08,2017-07-01 05:01:08,2017-07-05 05:01:08
order_000025,cust_02471,shipped,2017-01-28 16:41:55,2017-01-29 10:41:55,2017-01-29 16:41:55,2017-02-02 16:41:55,2017-02-07 16:41:55
order_000026,cust_03650,delivered,2018-07-31 00:16:44,2018-07-31 01:16:44,2018-08-03 00:16:44,2018-08-09 00:16:44,2018-08-13 00:16:44
order_000027,cust_02325,processing,2018-07-24 19:32:31,2018-07-26 09:32:31,2018-07-26 19:32:31,2018-08-10 19:32:31,2018-08-12 19:32:31
order_000028,cust_03111,delivered,2017-03-18 06:45:56,2017-03-18 20:45:56,2017-03-20 06:45:56,2017-03-21 06:45:56,2017-03-26 06:45:56
order_000029,cust_01861,delivered,2017-04-30 11:42:45,2017-05-01 20:42:45,2017-05-04 11:42:45,2017-05-08 11:42:45,2017-05-11 11:42:45
order_000030,cust_01757,delivered,2018-06-22 05:55:18,2018-06-23 07:55:18,2018-06-26 05:55:18,2018-06-30 05:55:18,2018-07-01 05:55:18
order_000031,cust_00978,delivered,2017-09-10 10:12:22,2017-09-10 16:12:22,2017-09-11 10:12:22,2017-09-15 10:12:22,2017-09-18 10:12:22
order_000032,cust_00799,delivered,2017-02-07 18:20:40,2017-02-08 23:20:40,2017-02-10 18:20:40,2017-02-14 18:20:40,2017-02-15 18:20:40
order_000033,cust_00143,shipped,2017-03-24 04:45:45,2017-03-25 21:45:45,2017-03-27 04:45:45,2017-03-29 04:45:45,2017-04-04 04:45:45
order_000034,cust_01457,delivered,2017-09-09 13:40:22,2017-09-10 07:40:22,2017-09-13 13:40:22,2017-09-13 13:40:22,2017-09-19 13:40:22
order_000035,cust_03753,delivered,2017-12-06 01:22:27,2017-12-07 17:22:27,2017-12-07 01:22:27,2017-12-16 01:22:27,2017-12-18 01:22:27
order_000036,cust_03565,delivered,2018-01-20 04:16:04,2018-01-20 17:16:04,2018-01-24 04:16:04,2018-02-05 04:16:04,2018-02-11 04:16:04
order_000037,cust_02622,delivered,2017-04-04 16:25:36,2017-04-05 06:25:36,2017-04-07 16:25:36,2017-04-12 16:25:36,2017-04-17 16:25:36
order_000038,cust_01381,processing,2017-08-13 13:38:06,2017-08-13 22:38:06,2017-08-17 13:38:06,2017-08-25 13:38:06,2017-08-31 13:38:06
order_000039,cust_01977,shipped,2017-06-08 14:40:29,2017-06-09 00:40:29,2017-06-11 14:40:29,2017-06-20 14:40:29,2017-06-21 14:40:29
order_000040,cust_02875,delivered,2017-11-22 05:24:38,2017-11-22 17:24:38,2017-11-26 05:24:38,2017-12-07 05:24:38,2017-12-08 05:24:38
order_000041,cust_00007,delivered,2017-07-15 04:56:55,2017-07-16 11:56:55,2017-07-16 04:56:55,2017-07-30 04:56:55,2017-08-05 04:56:55
order_000042,cust_03507,delivered,2017-05-05 10:12:43,2017-05-05 17:12:43,2017-05-06 10:12:43,2017-05-21 10:12:43,2017-05-23 10:12:43
order_000043,cust_03307,delivered,2018-05-11 03:05:45,2018-05-12 05:05:45,2018-05-14 03:05:45,2018-05-26 03:05:45,2018-05-30 03:05:45
order_000044,cust_03687,delivered,2017-12-12 21:19:01,2017-12-13 10:19:01,2017-12-14 21:19:01,2017-12-28 21:19:01,2018-01-03 21:19:01
order_000045,cust_00358,delivered,2017-10-16 06:25:49,2017-10-16 13:25:49,2017-10-17 06:25:49,2017-11-02 06:25:49,2017-11-05 06:25:49
order_000046,cust_03601,delivered,2017-03-23 17:15:43,2017-03-25 08:15:43,2017-03-26 17:15:43,2017-04-05 17:15:43,2017-04-06 17:15:43
order_000047,cust_02331,shipped,2017-02-13 03:45:48,2017-02-14 05:45:48,2017-02-17 03:45:48,2017-02-22 03:45:48,2017-02-27 03:45:48
order_000048,cust_02109,processing,2018-04-30 15:37:35,2018-05-01 05:37:35,2018-05-03 15:37:35,2018-05-06 15:37:35,2018-05-09 15:37:35
order_000049,cust_00682,delivered,2018-08-12 04:53:33,2018-08-13 11:53:33,2018-08-15 04:53:33,2018-08-23 04:53:33,2018-08-24 04:53:33
order_000050,cust_01869,delivered,2017-12-21 06:45:20,2017-12-23 01:45:20,2017-12-24 06:45:20,2018-01-05 06:45:20,2018-01-08 06:45:20
order_000051,cust_01380,delivered,2017-01-24 09:53:19,2017-01-24 23:53:19,2017-01-26 09:53:19,2017-02-07 09:53:19,2017-02-11 09:53:19
order_000052,cust_03753,delivered,2017-10-21 02:59:23,2017-10-21 14:59:23,2017-10-24 02:59:23,2017-10-31 02:59:23,2017-11-06 02:59:23
order_000053,cust_01290,delivered,2017-06-20 02:59:28,2017-06-21 11:59:28,2017-06-24 02:59:28,2017-06-23 02:59:28,2017-06-25 02:59:28
order_000054,cust_00829,delivered,2017-02-03 18:04:14,2017-02-04 18:04:14,2017-02-04 18:04:14,2017-02-09 18:04:14,2017-02-13 18:04:14
order_000055,cust_03596,delivered,2017-03-28 08:17:41,2017-03-29 16:17:41,2017-03-30 08:17:41,2017-04-08 08:17:41,2017-04-10 08:17:41
order_000056,cust_00712,shipped,2017-10-31 13:37:45,2017-10-31 21:37:45,2017-11-01 13:37:45,2017-11-08 13:37:45,2017-11-10 13:37:45
order_000057,cust_03437,delivered,2017-09-17 15:30:58,2017-09-19 11:30:58,2017-09-21 15:30:58,2017-09-26 15:30:58,2017-09-28 15:30:58
order_000058,cust_03660,delivered,2017-12-09 14:56:46,2017-12-09 15:56:46,2017-12-12 14:56:46,2017-12-15 14:56:46,2017-12-19 14:56:46
order_000059,cust_01167,processing,2018-02-26 15:03:32,2018-02-27 04:03:32,2018-03-01 15:03:32,2018-03-01 15:03:32,2018-03-05 15:03:32
order_000060,cust_02618,delivered,2017-06-11 23:24:09,2017-06-13 05:24:09,2017-06-14 23:24:09,2017-06-20 23:24:09,2017-06-21 23:24:09
order_000061,cust_03027,delivered,2017-06-24 15:08:18,2017-06-25 16:08:18,2017-06-27 15:08:18,2017-07-03 15:08:18,2017-07-04 15:08:18
order_000062,cust_02037,delivered,2018-02-16 08:21:34,2018-02-17 00:21:34,2018-02-20 08:21:34,2018-03-02 08:21:34,2018-03-07 08:21:34
order_000063,cust_02648,delivered,2017-04-30 06:49:53,2017-05-02 04:49:53,2017-05-01 06:49:53,2017-05-03 06:49:53,2017-05-05 06:49:53
order_000064,cust_00501,delivered,2017-02-16 19:13:04,2017-02-17 12:13:04,2017-02-19 19:13:04,2017-02-25 19:13:04,2017-03-01 19:13:04
order_000065,cust_01960,delivered,2018-06-03 10:07:15,2018-06-04 18:07:15,2018-06-07 10:07:15,2018-06-18 10:07:15,2018-06-19 10:07:15
order_000066,cust_01950,delivered,2017-05-07 13:24:53,2017-05-08 09:24:53,2017-05-08 13:24:53,2017-05-13 13:24:53,2017-05-17 13:24:53
order_000067,cust_02152,delivered,2017-03-15 19:33:31,2017-03-16 16:33:31,2017-03-18 19:33:31,2017-03-22 19:33:31,2017-03-28 19:33:31
order_000068,cust_03588,delivered,2018-03-25 05:38:46,2018-03-26 18:38:46,2018-03-26 05:38:46,2018-03-28 05:38:46,2018-03-31 05:38:46
order_000069,cust_03133,delivered,2017-11-20 05:20:15,2017-11-20 22:20:15,2017-11-21 05:20:15,2017-12-01 05:20:15,2017-12-05 05:20:15
order_000070,cust_02290,canceled,2017-03-31 01:16:09,2017-03-31 20:16:09,2017-04-02 01:16:09,2017-04-15 01:16:09,2017-04-17 01:16:09
order_000071,cust_01532,delivered,2018-06-02 01:44:13,2018-06-03 14:44:13,2018-06-06 01:44:13,2018-06-11 01:44:13,2018-06-13 01:44:13
order_000072,cust_01537,delivered,2017-05-30 14:47:03,2017-05-30 19:47:03,2017-06-01 14:47:03,2017-06-07 14:47:03,2017-06-08 14:47:03
order_000073,cust_00076,delivered,2018-02-16 12:05:07,2018-02-17 09:05:07,2018-02-18 12:05:07,2018-03-01 12:05:07,2018-03-04 12:05:07
order_000074,cust_02094,delivered,2018-01-31 07:08:34,2018-01-31 21:08:34,2018-02-04 07:08:34,2018-02-09 07:08:34,2018-02-15 07:08:34
order_000075,cust_00959,delivered,2018-05-20 05:04:34,2018-05-21 04:04:34,2018-05-24 05:04:34,2018-05-28 05:04:34,2018-05-29 05:04:34
order_000076,cust_03367,shipped,2018-03-20 16:41:29,2018-03-21 20:41:29,2018-03-23 16:41:29,2018-04-03 16:41:29,2018-04-06 16:41:29
order_000077,cust_02939,delivered,2018-03-04 02:02:53,2018-03-04 23:02:53,2018-03-05 02:02:53,2018-03-10 02:02:53,2018-03-16 02:02:53
order_000078,cust_03468,delivered,2017-02-01 16:49:02,2017-02-03 15:49:02,2017-02-05 16:49:02,2017-02-16 16:49:02,2017-02-19 16:49:02
order_000079,cust_03784,delivered,2018-07-25 21:43:01,2018-07-27 16:43:01,2018-07-27 21:43:01,2018-07-31 21:43:01,2018-08-05 21:43:01
order_000080,cust_01520,delivered,2017-03-18 10:55:51,2017-03-18 17:55:51,2017-03-21 10:55:51,2017-03-28 10:55:51,2017-03-31 10:55:51
order_000081,cust_01627,delivered,2017-06-04 11:52:27,2017-06-05 18:52:27,2017-06-07 11:52:27,2017-06-10 11:52:27,2017-06-14 11:52:27
order_000082,cust_02310,delivered,2017-09-29 12:52:24,2017-09-30 04:52:24,2017-10-01 12:52:24,2017-10-11 12:52:24,2017-10-17 12:52:24
order_000083,cust_01635,delivered,2017-06-25 02:17:07,2017-06-26 12:17:07,2017-06-28 02:17:07,2017-07-03 02:17:07,2017-07-07 02:17:07
order_000084,cust_01060,delivered,2017-12-27 15:02:13,2017-12-28 14:02:13,2017-12-30 15:02:13,2018-01-01 15:02:13,2018-01-06 15:02:13
order_000085,cust_02687,delivered,2017-02-02 08:45:56,2017-02-04 05:45:56,2017-02-03 08:45:56,2017-02-15 08:45:56,2017-02-20 08:45:56
order_000086,cust_01714,delivered,2017-10-03 11:14:47,2017-10-05 08:14:47,2017-10-04 11:14:47,2017-10-19 11:14:47,2017-10-20 11:14:47
order_000087,cust_03579,delivered,2017-08-01 00:33:04,2017-08-01 03:33:04,2017-08-05 00:33:04,2017-08-03 00:33:04,2017-08-04 00:33:04
order_000088,cust_00835,delivered,2018-01-29 21:03:24,2018-01-30 03:03:24,2018-01-30 21:03:24,2018-02-09 21:03:24,2018-02-13 21:03:24
order_000089,cust_01686,delivered,2017-11-13 08:00:03,2017-11-13 10:00:03,2017-11-15 08:00:03,2017-11-26 08:00:03,2017-11-29 08:00:03
order_000090,cust_02019,processing,2018-04-05 01:49:20,2018-04-06 15:49:20,2018-04-07 01:49:20,2018-04-18 01:49:20,2018-04-21 01:49:20
order_000091,cust_03449,delivered,2017-04-10 18:46:09,2017-04-11 05:46:09,2017-04-12 18:46:09,2017-04-15 18:46:09,2017-04-18 18:46:09
order_000092,cust_02197,shipped,2018-08-01 23:30:56,2018-08-03 09:30:56,2018-08-03 23:30:56,2018-08-04 23:30:56,2018-08-09 23:30:56
order_000093,cust_00262,delivered,2017-08-27 12:28:44,2017-08-28 04:28:44,2017-08-31 12:28:44,2017-09-06 12:28:44,2017-09-12 12:28:44
order_000094,cust_01283,delivered,2017-08-01 00:48:10,2017-08-01 15:48:10,2017-08-02 00:48:10,2017-08-13 00:48:10,2017-08-19 00:48:10
order_000095,cust_03367,delivered,2017-11-30 23:48:06,2017-12-02 04:48:06,2017-12-04 23:48:06,2017-12-06 23:48:06,2017-12-07 23:48:06
order_000096,cust_01034,delivered,2017-04-10 04:59:39,2017-04-11 17:59:39,2017-04-13 04:59:39,2017-04-17 04:59:39,2017-04-22 04:59:39
order_000097,cust_01294,shipped,2018-05-11 05:46:10,2018-05-12 08:46:10,2018-05-15 05:46:10,2018-05-21 05:46:10,2018-05-26 05:46:10
order_000098,cust_00573,delivered,2017-06-10 16:59:57,2017-06-11 20:59:57,2017-06-13 16:59:57,2017-06-19 16:59:57,2017-06-25 16:59:57
order_000099,cust_02733,delivered,2018-07-18 07:57:55,2018-07-19 18:57:55,2018-07-22 07:57:55,2018-07-27 07:57:55,2018-07-30 07:57:55
order_000100,cust_00530,shipped,2017-04-01 02:02:20,2017-04-01 11:02:20,2017-04-02 02:02:20,2017-04-13 02:02:20,2017-04-17 02:02:20
order_000101,cust_01397,delivered,2018-06-10 16:23:06,2018-06-11 20:23:06,2018-06-13 16:23:06,2018-06-27 16:23:06,2018-06-30 16:23:06
order_000102,cust_02703,delivered,2017-08-28 06:17:31,2017-08-28 20:17:31,2017-08-31 06:17:31,2017-09-11 06:17:31,2017-09-14 06:17:31
order_000103,cust_03402,delivered,2018-01-05 20:40:43,2018-01-06 04:40:43,2018-01-09 20:40:43,2018-01-07 20:40:43,2018-01-09 20:40:43
order_000104,cust_00842,shipped,2018-06-15 03:41:43,2018-06-15 19:41:43,2018-06-16 03:41:43,2018-06-22 03:41:43,2018-06-26 03:41:43
order_000105,cust_01262,delivered,2017-03-20 21:44:56,2017-03-21 07:44:56,2017-03-23 21:44:56,2017-03-22 21:44:56,2017-03-23 21:44:56
order_000106,cust_00448,canceled,2017-07-31 17:21:56,2017-08-01 09:21:56,2017-08-03 17:21:56,2017-08-15 17:21:56,2017-08-20 17:21:56
order_000107,cust_01663,delivered,2018-07-31 05:44:47,2018-07-31 07:44:47,2018-08-01 05:44:47,2018-08-12 05:44:47,2018-08-18 05:44:47
order_000108,cust_03795,delivered,2017-04-01 13:53:39,2017-04-03 01:53:39,2017-04-04 13:53:39,2017-04-06 13:53:39,2017-04-08 13:53:39
order_000109,cust_01156,delivered,2017-03-04 22:31:16,2017-03-05 15:31:16,2017-03-06 22:31:16,2017-03-19 22:31:16,2017-03-21 22:31:16
order_000110,cust_00987,delivered,2017-11-14 01:32:50,2017-11-15 09:32:50,2017-11-16 01:32:50,2017-11-25 01:32:50,2017-11-29 01:32:50
order_000111,cust_01518,delivered,2017-01-16 19:40:36,2017-01-18 07:40:36,2017-01-19 19:40:36,2017-01-18 19:40:36,2017-01-24 19:40:36
order_000112,cust_03404,delivered,2018-08-27 11:02:35,2018-08-29 02:02:35,2018-08-30 11:02:35,2018-08-31 11:02:35,2018-09-01 11:02:35
order_000113,cust_02078,delivered,2018-07-04 22:46:47,2018-07-05 02:46:47,2018-07-07 22:46:47,2018-07-18 22:46:47,2018-07-21 22:46:47
order_000114,cust_02314,delivered,2017-04-25 05:00:14,2017-04-26 06:00:14,2017-04-27 05:00:14,2017-05-01 05:00:14,2017-05-03 05:00:14
order_000115,cust_02966,delivered,2017-04-16 17:16:01,2017-04-17 13:16:01,2017-04-20 17:16:01,2017-04-26 17:16:01,2017-05-02 17:16:01
order_000116,cust_02717,delivered,2018-04-18 23:13:29,2018-04-19 16:13:29,2018-04-19 23:13:29,2018-05-04 23:13:29,2018-05-10 23:13:29
order_000117,cust_02275,shipped,2017-11-13 08:15:06,2017-11-14 22:15:06,2017-11-15 08:15:06,2017-11-19 08:15:06,2017-11-20 08:15:06
order_000118,cust_02131,delivered,2018-05-16 02:35:24,2018-05-16 06:35:24,2018-05-18 02:35:24,2018-05-18 02:35:24,2018-05-19 02:35:24
order_000119,cust_02026,delivered,2018-08-12 09:24:35,2018-08-13 00:24:35,2018-08-14 09:24:35,2018-08-15 09:24:35,2018-08-16 09:24:35
order_000120,cust_00687,delivered,2017-09-02 14:21:11,2017-09-04 04:21:11,2017-09-04 14:21:11,2017-09-18 14:21:11,2017-09-23 14:21:11
order_000121,cust_01574,processing,2017-06-04 15:07:19,2017-06-05 10:07:19,2017-06-08 15:07:19,2017-06-15 15:07:19,2017-06-21 15:07:19
order_000122,cust_03218,delivered,2018-01-12 11:33:51,2018-01-12 15:33:51,2018-01-13 11:33:51,2018-01-19 11:33:51,2018-01-22 11:33:51
order_000123,cust_00149,delivered,2018-01-22 22:23:01,2018-01-23 07:23:01,2018-01-25 22:23:01,2018-01-25 22:23:01,2018-01-26 22:23:01
order_000124,cust_03146,delivered,2017-09-20 13:52:26,2017-09-21 04:52:26,2017-09-22 13:52:26,2017-10-03 13:52:26,2017-10-07 13:52:26
order_000125,cust_02150,delivered,2017-07-01 15:22:37,2017-07-02 03:22:37,2017-07-02 15:22:37,2017-07-03 15:22:37,2017-07-09 15:22:37
order_000126,cust_01328,delivered,2017-06-09 22:57:20,2017-06-11 06:57:20,2017-06-10 22:57:20,2017-06-12 22:57:20,2017-06-18 22:57:20
order_000127,cust_00433,delivered,2017-11-14 22:32:33,2017-11-15 07:32:33,2017-11-16 22:32:33,2017-11-25 22:32:33,2017-11-28 22:32:33
order_000128,cust_02902,delivered,2017-09-17 08:11:26,2017-09-18 20:11:26,2017-09-19 08:11:26,2017-09-29 08:11:26,2017-10-04 08:11:26
order_000129,cust_00002,delivered,2017-10-06 06:52:00,2017-10-06 21:52:00,2017-10-08 06:52:00,2017-10-17 06:52:00,2017-10-23 06:52:00
order_000130,cust_02063,delivered,2017-02-27 17:58:13,2017-02-27 21:58:13,2017-03-02 17:58:13,2017-03-15 17:58:13,2017-03-20 17:58:13
order_000131,cust_00617,delivered,2018-06-20 12:36:13,2018-06-20 13:36:13,2018-06-22 12:36:13,2018-06-26 12:36:13,2018-06-29 12:36:13
order_000132,cust_03454,delivered,2018-03-06 10:44:21,2018-03-07 15:44:21,2018-03-10 10:44:21,2018-03-16 10:44:21,2018-03-18 10:44:21
order_000133,cust_00692,delivered,2018-07-13 16:45:35,2018-07-15 03:45:35,2018-07-15 16:45:35,2018-07-19 16:45:35,2018-07-22 16:45:35
order_000134,cust_03050,delivered,2018-05-20 15:51:29,2018-05-20 22:51:29,2018-05-24 15:51:29,2018-05-27 15:51:29,2018-05-30 15:51:29
order_000135,cust_02181,delivered,2018-01-12 21:55:49,2018-01-13 12:55:49,2018-01-16 21:55:49,2018-01-16 21:55:49,2018-01-22 21:55:49
order_000136,cust_00155,processing,2017-07-06 08:46:32,2017-07-07 20:46:32,2017-07-09 08:46:32,2017-07-20 08:46:32,2017-07-25 08:46:32
order_000137,cust_02736,delivered,2018-02-02 18:05:53,2018-02-04 11:05:53,2018-02-03 18:05:53,2018-02-15 18:05:53,2018-02-21 18:05:53
order_000138,cust_03341,delivered,2017-12-11 05:27:03,2017-12-12 16:27:03,2017-12-15 05:27:03,2017-12-24 05:27:03,2017-12-29 05:27:03
order_000139,cust_00841,delivered,2018-07-16 22:29:18,2018-07-18 04:29:18,2018-07-20 22:29:18,2018-07-20 22:29:18,2018-07-23 22:29:18
order_000140,cust_03680,delivered,2017-05-22 02:00:24,2017-05-23 14:00:24,2017-05-25 02:00:24,2017-05-25 02:00:24,2017-05-30 02:00:24
order_000141,cust_03033,delivered,2017-01-16 18:00:21,2017-01-17 08:00:21,2017-01-18 18:00:21,2017-01-30 18:00:21,2017-02-03 18:00:21
order_000142,cust_02820,delivered,2017-03-19 02:26:31,2017-03-19 05:26:31,2017-03-22 02:26:31,2017-03-31 02:26:31,2017-04-05 02:26:31
order_000143,cust_01276,delivered,2017-04-17 21:07:25,2017-04-19 00:07:25,2017-04-20 21:07:25,2017-04-19 21:07:25,2017-04-21 21:07:25
order_000144,cust_00455,delivered,2018-02-08 23:01:34,2018-02-10 02:01:34,2018-02-12 23:01:34,2018-02-20 23:01:34,2018-02-22 23:01:34
order_000145,cust_01631,delivered,2017-03-31 19:37:51,2017-04-02 09:37:51,2017-04-03 19:37:51,2017-04-17 19:37:51,2017-04-19 19:37:51
order_000146,cust_03068,delivered,2017-03-23 18:55:22,2017-03-24 06:55:22,2017-03-27 18:55:22,2017-04-06 18:55:22,2017-04-08 18:55:22
order_000147,cust_02229,delivered,2017-08-30 11:28:33,2017-09-01 05:28:33,2017-09-03 11:28:33,2017-09-05 11:28:33,2017-09-11 11:28:33
order_000148,cust_02460,delivered,2018-04-21 05:52:44,2018-04-22 05:52:44,2018-04-25 05:52:44,2018-04-28 05:52:44,2018-05-04 05:52:44
order_000149,cust_02967,delivered,2017-09-16 23:39:21,2017-09-17 20:39:21,2017-09-18 23:39:21,2017-09-30 23:39:21,2017-10-01 23:39:21
order_000150,cust_01287,delivered,2017-06-15 12:41:58,2017-06-17 11:41:58,2017-06-19 12:41:58,2017-06-23 12:41:58,2017-06-27 12:41:58
order_000151,cust_00141,delivered,2017-06-22 19:35:47,2017-06-23 21:35:47,2017-06-26 19:35:47,2017-07-05 19:35:47,2017-07-11 19:35:47
order_000152,cust_03359,delivered,2018-05-13 17:08:29,2018-05-13 22:08:29,2018-05-15 17:08:29,2018-05-30 17:08:29,2018-06-04 17:08:29
order_000153,cust_02330,delivered,2017-09-21 16:49:40,2017-09-22 04:49:40,2017-09-22 16:49:40,2017-09-29 16:49:40,2017-10-03 16:49:40
order_000154,cust_02149,delivered,2017-08-13 08:27:39,2017-08-14 12:27:39,2017-08-17 08:27:39,2017-08-24 08:27:39,2017-08-28 08:27:39
order_000155,cust_02178,delivered,2018-04-16 10:14:37,2018-04-16 21:14:37,2018-04-19 10:14:37,2018-04-25 10:14:37,2018-04-27 10:14:37
order_000156,cust_03241,delivered,2017-08-13 10:33:34,2017-08-13 18:33:34,2017-08-15 10:33:34,2017-08-23 10:33:34,2017-08-29 10:33:34
order_000157,cust_02923,delivered,2017-08-05 14:27:33,2017-08-06 04:27:33,2017-08-08 14:27:33,2017-08-08 14:27:33,2017-08-09 14:27:33
order_000158,cust_02546,delivered,2018-04-02 17:14:28,2018-04-03 17:14:28,2018-04-03 17:14:28,2018-04-19 17:14:28,2018-04-25 17:14:28
order_000159,cust_02971,delivered,2017-07-19 04:46:16,2017-07-19 09:46:16,2017-07-23 04:46:16,2017-07-29 04:46:16,2017-08-04 04:46:16
order_000160,cust_01096,delivered,2017-11-07 05:27:32,2017-11-08 06:27:32,2017-11-08 05:27:32,2017-11-12 05:27:32,2017-11-14 05:27:32
order_000161,cust_02704,delivered,2018-02-09 01:09:41,2018-02-10 12:09:41,2018-02-11 01:09:41,2018-02-20 01:09:41,2018-02-24 01:09:41
order_000162,cust_03705,delivered,2017-05-03 12:37:56,2017-05-04 10:37:56,2017-05-06 12:37:56,2017-05-11 12:37:56,2017-05-17 12:37:56
order_000163,cust_00892,delivered,2017-03-20 16:03:04,2017-03-22 01:03:04,2017-03-23 16:03:04,2017-04-04 16:03:04,2017-04-07 16:03:04
order_000164,cust_02169,delivered,2018-06-02 05:02:31,2018-06-03 12:02:31,2018-06-03 05:02:31,2018-06-16 05:02:31,2018-06-18 05:02:31
order_000165,cust_02588,delivered,2017-06-30 17:05:01,2017-07-01 17:05:01,2017-07-03 17:05:01,2017-07-08 17:05:01,2017-07-09 17:05:01
order_000166,cust_01963,canceled,2017-07-26 00:04:25,2017-07-27 22:04:25,2017-07-27 00:04:25,2017-08-08 00:04:25,2017-08-11 00:04:25
order_000167,cust_03681,delivered,2017-12-25 20:47:44,2017-12-27 01:47:44,2017-12-29 20:47:44,2017-12-27 20:47:44,2017-12-29 20:47:44
order_000168,cust_01533,delivered,2017-03-04 16:33:58,2017-03-06 06:33:58,2017-03-06 16:33:58,2017-03-21 16:33:58,2017-03-27 16:33:58
order_000169,cust_00827,delivered,2017-01-28 16:23:54,2017-01-29 23:23:54,2017-01-30 16:23:54,2017-02-07 16:23:54,2017-02-13 16:23:54
order_000170,cust_00518,delivered,2017-09-10 16:58:27,2017-09-12 14:58:27,2017-09-13 16:58:27,2017-09-22 16:58:27,2017-09-24 16:58:27
order_000171,cust_03227,delivered,2018-08-12 08:36:26,2018-08-13 05:36:26,2018-08-13 08:36:26,2018-08-24 08:36:26,2018-08-26 08:36:26
order_000172,cust_02607,delivered,2017-12-15 23:53:50,2017-12-16 08:53:50,2017-12-16 23:53:50,2017-12-22 23:53:50,2017-12-24 23:53:50
order_000173,cust_02196,delivered,2017-12-18 17:55:03,2017-12-19 02:55:03,2017-12-22 17:55:03,2017-12-31 17:55:03,2018-01-03 17:55:03
order_000174,cust_01637,delivered,2018-01-06 04:20:39,2018-01-08 03:20:39,2018-01-09 04:20:39,2018-01-14 04:20:39,2018-01-19 04:20:39
order_000175,cust_01557,delivered,2018-06-08 22:08:15,2018-06-10 12:08:15,2018-06-09 22:08:15,2018-06-20 22:08:15,2018-06-21 22:08:15
order_000176,cust_03551,shipped,2018-05-24 17:44:59,2018-05-25 08:44:59,2018-05-27 17:44:59,2018-05-27 17:44:59,2018-06-02 17:44:59
order_000177,cust_02585,delivered,2017-01-15 07:27:40,2017-01-16 05:27:40,2017-01-19 07:27:40,2017-01-19 07:27:40,2017-01-24 07:27:40
order_000178,cust_03667,shipped,2017-11-26 22:45:04,2017-11-27 00:45:04,2017-11-30 22:45:04,2017-12-12 22:45:04,2017-12-13 22:45:04
order_000179,cust_03045,delivered,2017-11-29 05:57:38,2017-12-01 02:57:38,2017-12-01 05:57:38,2017-12-12 05:57:38,2017-12-14 05:57:38
order_000180,cust_02917,delivered,2017-05-17 15:28:11,2017-05-18 12:28:11,2017-05-20 15:28:11,2017-05-21 15:28:11,2017-05-26 15:28:11
order_000181,cust_02103,delivered,2018-08-16 16:04:58,2018-08-17 11:04:58,2018-08-20 16:04:58,2018-08-21 16:04:58,2018-08-25 16:04:58
order_000182,cust_00921,delivered,2017-06-09 23:06:55,2017-06-10 11:06:55,2017-06-11 23:06:55,2017-06-19 23:06:55,2017-06-23 23:06:55
order_000183,cust_02483,shipped,2018-05-22 13:40:56,2018-05-22 17:40:56,2018-05-26 13:40:56,2018-05-24 13:40:56,2018-05-25 13:40:56
order_000184,cust_02720,delivered,2017-03-03 23:51:59,2017-03-05 11:51:59,2017-03-07 23:51:59,2017-03-11 23:51:59,2017-03-14 23:51:59
order_000185,cust_01983,delivered,2018-01-01 06:49:25,2018-01-01 17:49:25,2018-01-03 06:49:25,2018-01-08 06:49:25,2018-01-12 06:49:25
order_000186,cust_00077,delivered,2018-03-24 19:14:20,2018-03-25 00:14:20,2018-03-28 19:14:20,2018-03-28 19:14:20,2018-04-02 19:14:20
order_000187,cust_03648,delivered,2017-11-03 05:53:20,2017-11-05 03:53:20,2017-11-04 05:53:20,2017-11-09 05:53:20,2017-11-12 05:53:20
order_000188,cust_03140,delivered,2017-03-06 23:58:58,2017-03-08 01:58:58,2017-03-08 23:58:58,2017-03-12 23:58:58,2017-03-16 23:58:58
order_000189,cust_01338,delivered,2017-03-17 18:19:45,2017-03-17 22:19:45,2017-03-19 18:19:45,2017-03-20 18:19:45,2017-03-22 18:19:45
order_000190,cust_01875,delivered,2018-01-04 15:01:11,2018-01-05 05:01:11,2018-01-05 15:01:11,2018-01-16 15:01:11,2018-01-21 15:01:11
order_000191,cust_00468,shipped,2018-06-09 01:35:34,2018-06-10 04:35:34,2018-06-12 01:35:34,2018-06-15 01:35:34,2018-06-20 01:35:34
order_000192,cust_03559,delivered,2017-12-29 11:55:45,2017-12-29 21:55:45,2018-01-01 11:55:45,2017-12-31 11:55:45,2018-01-05 11:55:45
order_000193,cust_00876,delivered,2017-03-03 03:27:24,2017-03-05 02:27:24,2017-03-05 03:27:24,2017-03-05 03:27:24,2017-03-10 03:27:24
order_000194,cust_01435,delivered,2018-04-23 22:01:23,2018-04-25 16:01:23,2018-04-27 22:01:23,2018-05-10 22:01:23,2018-05-16 22:01:23
order_000195,cust_01628,delivered,2017-10-07 09:05:56,2017-10-09 03:05:56,2017-10-08 09:05:56,2017-10-10 09:05:56,2017-10-16 09:05:56
order_000196,cust_01000,delivered,2017-02-15 19:56:34,2017-02-16 20:56:34,2017-02-19 19:56:34,2017-03-03 19:56:34,2017-03-08 19:56:34
order_000197,cust_02411,delivered,2017-08-12 21:44:46,2017-08-14 20:44:46,2017-08-15 21:44:46,2017-08-16 21:44:46,2017-08-19 21:44:46
order_000198,cust_03781,processing,2017-05-04 02:38:33,2017-05-04 18:38:33,2017-05-08 02:38:33,2017-05-07 02:38:33,2017-05-08 02:38:33
order_000199,cust_03249,delivered,2018-08-23 18:13:19,2018-08-24 21:13:19,2018-08-24 18:13:19,2018-09-02 18:13:19,2018-09-03 18:13:19
order_000200,cust_02016,delivered,2018-07-08 07:15:55,2018-07-09 19:15:55,2018-07-12 07:15:55,2018-07-23 07:15:55,2018-07-28 07:15:55
order_000201,cust_00497,delivered,2017-03-06 02:36:37,2017-03-07 02:36:37,2017-03-07 02:36:37,2017-03-09 02:36:37,2017-03-15 02:36:37
order_000202,cust_03280,delivered,2017-12-14 06:15:19,2017-12-15 23:15:19,2017-12-17 06:15:19,2017-12-21 06:15:19,2017-12-25 06:15:19
order_000203,cust_00975,delivered,2017-01-05 13:11:55,2017-01-05 18:11:55,2017-01-09 13:11:55,2017-01-19 13:11:55,2017-01-24 13:11:55
order_000204,cust_03462,delivered,2017-10-06 20:31:34,2017-10-07 17:31:34,2017-10-07 20:31:34,2017-10-09 20:31:34,2017-10-10 20:31:34
order_000205,cust_01502,delivered,2017-04-05 16:35:58,2017-04-07 08:35:58,2017-04-06 16:35:58,2017-04-09 16:35:58,2017-04-13 16:35:58
order_000206,cust_01970,delivered,2018-03-31 05:35:52,2018-03-31 14:35:52,2018-04-01 05:35:52,2018-04-06 05:35:52,2018-04-10 05:35:52
order_000207,cust_01659,processing,2017-02-13 07:06:14,2017-02-14 02:06:14,2017-02-14 07:06:14,2017-02-27 07:06:14,2017-02-28 07:06:14
order_000208,cust_01731,canceled,2018-07-03 07:17:49,2018-07-05 06:17:49,2018-07-04 07:17:49,2018-07-17 07:17:49,2018-07-22 07:17:49
order_000209,cust_00626,delivered,2017-05-21 17:39:54,2017-05-22 22:39:54,2017-05-25 17:39:54,2017-06-03 17:39:54,2017-06-06 17:39:54
order_000210,cust_02100,delivered,2017-06-09 12:27:03,2017-06-10 05:27:03,2017-06-10 12:27:03,2017-06-21 12:27:03,2017-06-23 12:27:03
order_000211,cust_01531,delivered,2018-06-23 00:34:25,2018-06-23 18:34:25,2018-06-27 00:34:25,2018-06-25 00:34:25,2018-06-30 00:34:25
order_000212,cust_03221,delivered,2018-07-03 01:49:36,2018-07-03 11:49:36,2018-07-04 01:49:36,2018-07-08 01:49:36,2018-07-11 01:49:36
order_000213,cust_01813,processing,2017-02-28 01:48:53,2017-03-01 12:48:53,2017-03-03 01:48:53,2017-03-16 01:48:53,2017-03-20 01:48:53
order_000214,cust_03665,delivered,2017-03-08 23:04:10,2017-03-09 04:04:10,2017-03-10 23:04:10,2017-03-21 23:04:10,2017-03-25 23:04:10
order_000215,cust_01127,delivered,2018-06-03 12:06:43,2018-06-03 22:06:43,2018-06-06 12:06:43,2018-06-08 12:06:43,2018-06-12 12:06:43
order_000216,cust_01247,delivered,2018-08-18 11:47:07,2018-08-18 17:47:07,2018-08-22 11:47:07,2018-08-31 11:47:07,2018-09-03 11:47:07
order_000217,cust_00139,delivered,2017-10-25 18:15:57,2017-10-27 06:15:57,2017-10-26 18:15:57,2017-11-07 18:15:57,2017-11-12 18:15:57
order_000218,cust_02806,delivered,2017-04-11 04:34:13,2017-04-13 01:34:13,2017-04-12 04:34:13,2017-04-24 04:34:13,2017-04-30 04:34:13
order_000219,cust_00279,delivered,2017-04-03 00:45:26,2017-04-03 05:45:26,2017-04-04 00:45:26,2017-04-20 00:45:26,2017-04-23 00:45:26
order_000220,cust_01084,delivered,2017-06-11 06:29:58,2017-06-13 03:29:58,2017-06-15 06:29:58,2017-06-21 06:29:58,2017-06-23 06:29:58
order_000221,cust_03460,delivered,2018-02-21 05:00:13,2018-02-23 01:00:13,2018-02-24 05:00:13,2018-02-23 05:00:13,2018-02-25 05:00:13
order_000222,cust_02321,delivered,2017-02-28 19:09:14,2017-03-01 19:09:14,2017-03-04 19:09:14,2017-03-15 19:09:14,2017-03-20 19:09:14
order_000223,cust_02123,delivered,2018-01-26 19:38:29,2018-01-26 21:38:29,2018-01-30 19:38:29,2018-01-28 19:38:29,2018-01-30 19:38:29
order_000224,cust_03058,delivered,2018-05-04 15:12:58,2018-05-06 00:12:58,2018-05-05 15:12:58,2018-05-16 15:12:58,2018-05-21 15:12:58
order_000225,cust_02931,delivered,2017-03-29 21:50:22,2017-03-30 22:50:22,2017-03-30 21:50:22,2017-04-12 21:50:22,2017-04-16 21:50:22
order_000226,cust_03368,processing,2018-08-22 11:09:03,2018-08-24 03:09:03,2018-08-23 11:09:03,2018-08-26 11:09:03,2018-08-29 11:09:03
order_000227,cust_02528,delivered,2018-08-24 05:46:11,2018-08-24 19:46:11,2018-08-25 05:46:11,2018-09-07 05:46:11,2018-09-08 05:46:11
order_000228,cust_01705,delivered,2017-06-30 07:57:30,2017-07-01 10:57:30,2017-07-02 07:57:30,2017-07-14 07:57:30,2017-07-18 07:57:30
order_000229,cust_00496,delivered,2017-03-10 03:23:58,2017-03-11 21:23:58,2017-03-11 03:23:58,2017-03-22 03:23:58,2017-03-27 03:23:58
order_000230,cust_01405,delivered,2017-07-17 21:36:59,2017-07-19 05:36:59,2017-07-21 21:36:59,2017-07-24 21:36:59,2017-07-25 21:36:59
order_000231,cust_02679,delivered,2017-06-07 14:30:01,2017-06-08 21:30:01,2017-06-09 14:30:01,2017-06-12 14:30:01,2017-06-17 14:30:01
order_000232,cust_00963,delivered,2017-06-19 18:32:29,2017-06-21 16:32:29,2017-06-22 18:32:29,2017-07-02 18:32:29,2017-07-04 18:32:29
order_000233,cust_02549,delivered,2018-07-17 06:45:29,2018-07-18 06:45:29,2018-07-21 06:45:29,2018-07-21 06:45:29,2018-07-24 06:45:29
order_000234,cust_00506,delivered,2017-04-05 17:14:04,2017-04-06 02:14:04,2017-04-06 17:14:04,2017-04-17 17:14:04,2017-04-21 17:14:04
order_000235,cust_00229,delivered,2017-07-12 07:55:56,2017-07-14 05:55:56,2017-07-14 07:55:56,2017-07-16 07:55:56,2017-07-21 07:55:56
order_000236,cust_01386,delivered,2018-04-24 10:42:14,2018-04-24 17:42:14,2018-04-27 10:42:14,2018-05-01 10:42:14,2018-05-03 10:42:14
order_000237,cust_00873,delivered,2017-02-04 15:38:37,2017-02-05 17:38:37,2017-02-08 15:38:37,2017-02-14 15:38:37,2017-02-17 15:38:37
order_000238,cust_03313,delivered,2017-02-06 23:32:52,2017-02-08 11:32:52,2017-02-10 23:32:52,2017-02-10 23:32:52,2017-02-15 23:32:52
order_000239,cust_01437,processing,2017-07-03 13:23:48,2017-07-05 02:23:48,2017-07-04 13:23:48,2017-07-17 13:23:48,2017-07-19 13:23:48
order_000240,cust_01591,delivered,2018-08-12 17:02:30,2018-08-14 03:02:30,2018-08-14 17:02:30,2018-08-25 17:02:30,2018-08-29 17:02:30
order_000241,cust_01533,delivered,2018-05-26 14:16:21,2018-05-27 10:16:21,2018-05-30 14:16:21,2018-05-28 14:16:21,2018-05-31 14:16:21
order_000242,cust_01205,delivered,2018-07-18 10:10:01,2018-07-18 19:10:01,2018-07-21 10:10:01,2018-08-02 10:10:01,2018-08-03 10:10:01
order_000243,cust_03487,delivered,2018-06-10 22:22:53,2018-06-11 00:22:53,2018-06-11 22:22:53,2018-06-23 22:22:53,2018-06-27 22:22:53
order_000244,cust_02808,delivered,2017-03-14 23:03:11,2017-03-15 14:03:11,2017-03-16 23:03:11,2017-03-29 23:03:11,2017-04-01 23:03:11
order_000245,cust_00603,delivered,2017-09-01 07:27:01,2017-09-03 05:27:01,2017-09-05 07:27:01,2017-09-12 07:27:01,2017-09-14 07:27:01
order_000246,cust_00819,shipped,2017-11-18 21:29:50,2017-11-20 06:29:50,2017-11-19 21:29:50,2017-11-30 21:29:50,2017-12-06 21:29:50
order_000247,cust_00307,delivered,2017-04-12 10:49:45,2017-04-13 06:49:45,2017-04-14 10:49:45,2017-04-20 10:49:45,2017-04-25 10:49:45
order_000248,cust_00973,delivered,2018-08-27 17:45:32,2018-08-28 17:45:32,2018-08-31 17:45:32,2018-09-01 17:45:32,2018-09-03 17:45:32
order_000249,cust_02494,delivered,2018-01-02 12:24:36,2018-01-03 04:24:36,2018-01-05 12:24:36,2018-01-07 12:24:36,2018-01-11 12:24:36
order_000250,cust_03556,delivered,2018-06-03 18:24:28,2018-06-05 12:24:28,2018-06-04 18:24:28,2018-06-10 18:24:28,2018-06-15 18:24:28
order_000251,cust_01830,delivered,2017-06-07 20:55:03,2017-06-08 18:55:03,2017-06-09 20:55:03,2017-06-13 20:55:03,2017-06-14 20:55:03
order_000252,cust_00310,canceled,2018-03-11 10:10:01,2018-03-13 02:10:01,2018-03-15 10:10:01,2018-03-25 10:10:01,2018-03-26 10:10:01
order_000253,cust_00180,delivered,2017-03-06 16:49:02,2017-03-06 19:49:02,2017-03-08 16:49:02,2017-03-16 16:49:02,2017-03-20 16:49:02
order_000254,cust_01575,shipped,2017-01-14 12:10:35,2017-01-15 11:10:35,2017-01-17 12:10:35,2017-01-22 12:10:35,2017-01-28 12:10:35
order_000255,cust_01005,delivered,2018-01-25 19:10:39,2018-01-27 00:10:39,2018-01-27 19:10:39,2018-02-07 19:10:39,2018-02-13 19:10:39
order_000256,cust_02191,delivered,2017-02-11 04:35:49,2017-02-12 12:35:49,2017-02-12 04:35:49,2017-02-24 04:35:49,2017-02-27 04:35:49
order_000257,cust_00449,delivered,2017-06-17 17:29:51,2017-06-17 19:29:51,2017-06-19 17:29:51,2017-07-03 17:29:51,2017-07-08 17:29:51
order_000258,cust_00874,delivered,2018-04-28 14:17:22,2018-04-29 21:17:22,2018-05-01 14:17:22,2018-05-04 14:17:22,2018-05-07 14:17:22
order_000259,cust_02112,delivered,2017-10-30 10:50:02,2017-11-01 02:50:02,2017-11-03 10:50:02,2017-11-04 10:50:02,2017-11-10 10:50:02
order_000260,cust_01067,delivered,2017-08-17 08:52:40,2017-08-17 13:52:40,2017-08-18 08:52:40,2017-08-19 08:52:40,2017-08-23 08:52:40
order_000261,cust_01385,delivered,2017-06-26 16:50:24,2017-06-27 08:50:24,2017-06-30 16:50:24,2017-06-30 16:50:24,2017-07-06 16:50:24
order_000262,cust_00843,delivered,2018-02-11 08:20:18,2018-02-12 05:20:18,2018-02-12 08:20:18,2018-02-22 08:20:18,2018-02-25 08:20:18
order_000263,cust_00195,delivered,2018-08-04 00:47:22,2018-08-04 12:47:22,2018-08-07 00:47:22,2018-08-18 00:47:22,2018-08-24 00:47:22
order_000264,cust_01311,delivered,2018-03-26 22:45:26,2018-03-27 19:45:26,2018-03-28 22:45:26,2018-04-06 22:45:26,2018-04-11 22:45:26
order_000265,cust_01252,delivered,2017-08-07 10:44:55,2017-08-09 04:44:55,2017-08-09 10:44:55,2017-08-24 10:44:55,2017-08-29 10:44:55
order_000266,cust_03414,delivered,2017-09-14 03:57:17,2017-09-15 22:57:17,2017-09-18 03:57:17,2017-09-26 03:57:17,2017-09-27 03:57:17
order_000267,cust_03392,delivered,2017-03-04 05:24:59,2017-03-05 10:24:59,2017-03-07 05:24:59,2017-03-20 05:24:59,2017-03-25 05:24:59
order_000268,cust_01640,delivered,2017-03-29 19:55:09,2017-03-31 13:55:09,2017-04-02 19:55:09,2017-04-04 19:55:09,2017-04-05 19:55:09
order_000269,cust_01094,delivered,2017-06-13 07:57:31,2017-06-14 22:57:31,2017-06-14 07:57:31,2017-06-20 07:57:31,2017-06-26 07:57:31
order_000270,cust_01587,delivered,2017-08-24 06:45:18,2017-08-24 09:45:18,2017-08-26 06:45:18,2017-09-07 06:45:18,2017-09-09 06:45:18
order_000271,cust_02310,delivered,2018-08-26 11:41:44,2018-08-27 06:41:44,2018-08-27 11:41:44,2018-09-07 11:41:44,2018-09-12 11:41:44
order_000272,cust_01469,delivered,2018-06-14 00:41:15,2018-06-15 16:41:15,2018-06-16 00:41:15,2018-06-23 00:41:15,2018-06-27 00:41:15
order_000273,cust_02873,delivered,2017-03-10 13:26:45,2017-03-11 10:26:45,2017-03-12 13:26:45,2017-03-27 13:26:45,2017-03-30 13:26:45
order_000274,cust_03663,delivered,2017-07-21 00:58:16,2017-07-22 05:58:16,2017-07-25 00:58:16,2017-08-04 00:58:16,2017-08-10 00:58:16
order_000275,cust_01532,delivered,2017-02-04 20:03:15,2017-02-05 16:03:15,2017-02-05 20:03:15,2017-02-10 20:03:15,2017-02-13 20:03:15
order_000276,cust_00445,delivered,2017-02-08 10:18:00,2017-02-08 11:18:00,2017-02-11 10:18:00,2017-02-19 10:18:00,2017-02-20 10:18:00
order_000277,cust_00459,delivered,2017-08-16 05:14:14,2017-08-17 08:14:14,2017-08-20 05:14:14,2017-08-24 05:14:14,2017-08-25 05:14:14
order_000278,cust_03313,delivered,2018-08-07 10:54:25,2018-08-08 04:54:25,2018-08-08 10:54:25,2018-08-15 10:54:25,2018-08-21 10:54:25
order_000279,cust_01581,shipped,2017-04-23 04:12:49,2017-04-24 17:12:49,2017-04-25 04:12:49,2017-05-07 04:12:49,2017-05-10 04:12:49
order_000280,cust_01243,delivered,2018-02-18 07:41:09,2018-02-20 01:41:09,2018-02-20 07:41:09,2018-03-02 07:41:09,2018-03-07 07:41:09
order_000281,cust_02353,delivered,2017-08-27 03:08:15,2017-08-27 08:08:15,2017-08-28 03:08:15,2017-08-29 03:08:15,2017-08-30 03:08:15
order_000282,cust_03634,delivered,2017-11-25 16:03:02,2017-11-26 09:03:02,2017-11-27 16:03:02,2017-12-06 16:03:02,2017-12-07 16:03:02
order_000283,cust_01613,shipped,2018-06-13 23:25:37,2018-06-14 18:25:37,2018-06-15 23:25:37,2018-06-25 23:25:37,2018-07-01 23:25:37
order_000284,cust_01197,delivered,2018-05-20 11:38:53,2018-05-21 19:38:53,2018-05-22 11:38:53,2018-05-30 11:38:53,2018-05-31 11:38:53
order_000285,cust_03278,delivered,2018-05-19 02:21:58,2018-05-19 21:21:58,2018-05-20 02:21:58,2018-05-25 02:21:58,2018-05-30 02:21:58
order_000286,cust_00314,delivered,2017-09-07 01:46:43,2017-09-08 04:46:43,2017-09-10 01:46:43,2017-09-19 01:46:43,2017-09-22 01:46:43
order_000287,cust_03208,canceled,2017-01-30 19:58:18,2017-02-01 14:58:18,2017-02-01 19:58:18,2017-02-16 19:58:18,2017-02-20 19:58:18
order_000288,cust_01976,delivered,2018-08-22 08:21:13,2018-08-23 12:21:13,2018-08-25 08:21:13,2018-08-25 08:21:13,2018-08-26 08:21:13
order_000289,cust_00076,delivered,2018-08-28 07:06:22,2018-08-28 12:06:22,2018-08-30 07:06:22,2018-09-08 07:06:22,2018-09-10 07:06:22
order_000290,cust_00865,canceled,2018-06-06 02:26:49,2018-06-07 01:26:49,2018-06-09 02:26:49,2018-06-22 02:26:49,2018-06-27 02:26:49
order_000291,cust_02581,delivered,2017-10-18 15:55:46,2017-10-20 09:55:46,2017-10-21 15:55:46,2017-10-26 15:55:46,2017-10-30 15:55:46
order_000292,cust_02861,delivered,2017-06-20 01:30:35,2017-06-21 00:30:35,2017-06-22 01:30:35,2017-06-27 01:30:35,2017-07-01 01:30:35
order_000293,cust_00743,delivered,2017-04-17 21:41:58,2017-04-19 20:41:58,2017-04-21 21:41:58,2017-04-22 21:41:58,2017-04-28 21:41:58
order_000294,cust_02497,delivered,2017-08-14 04:59:57,2017-08-15 23:59:57,2017-08-17 04:59:57,2017-08-19 04:59:57,2017-08-22 04:59:57
order_000295,cust_03759,delivered,2017-07-23 01:39:25,2017-07-23 14:39:25,2017-07-26 01:39:25,2017-07-31 01:39:25,2017-08-05 01:39:25
order_000296,cust_02608,delivered,2017-06-17 16:48:49,2017-06-18 12:48:49,2017-06-20 16:48:49,2017-07-01 16:48:49,2017-07-06 16:48:49
order_000297,cust_02669,delivered,2018-08-01 08:30:01,2018-08-01 17:30:01,2018-08-05 08:30:01,2018-08-05 08:30:01,2018-08-08 08:30:01
order_000298,cust_00735,delivered,2018-02-05 16:42:14,2018-02-06 01:42:14,2018-02-09 16:42:14,2018-02-10 16:42:14,2018-02-12 16:42:14
order_000299,cust_02422,delivered,2017-05-16 00:57:17,2017-05-16 18:57:17,2017-05-19 00:57:17,2017-06-02 00:57:17,2017-06-05 00:57:17
order_000300,cust_02692,delivered,2018-01-24 20:40:24,2018-01-25 16:40:24,2018-01-25 20:40:24,2018-02-10 20:40:24,2018-02-16 20:40:24
order_000301,cust_00420,delivered,2018-03-05 07:26:02,2018-03-06 00:26:02,2018-03-06 07:26:02,2018-03-10 07:26:02,2018-03-12 07:26:02
order_000302,cust_01183,canceled,2017-11-14 18:09:14,2017-11-16 05:09:14,2017-11-16 18:09:14,2017-11-22 18:09:14,2017-11-26 18:09:14
order_000303,cust_03353,delivered,2018-07-30 22:27:21,2018-07-31 06:27:21,2018-08-02 22:27:21,2018-08-07 22:27:21,2018-08-08 22:27:21
order_000304,cust_03794,delivered,2018-08-11 12:51:06,2018-08-12 11:51:06,2018-08-13 12:51:06,2018-08-17 12:51:06,2018-08-20 12:51:06
order_000305,cust_00658,delivered,2017-09-20 08:01:01,2017-09-22 02:01:01,2017-09-24 08:01:01,2017-09-24 08:01:01,2017-09-30 08:01:01
order_000306,cust_02780,delivered,2017-10-15 07:30:09,2017-10-16 18:30:09,2017-10-17 07:30:09,2017-10-17 07:30:09,2017-10-21 07:30:09
order_000307,cust_01906,delivered,2017-05-12 16:28:20,2017-05-13 02:28:20,2017-05-15 16:28:20,2017-05-23 16:28:20,2017-05-28 16:28:20
order_000308,cust_02243,delivered,2018-04-22 00:08:22,2018-04-22 12:08:22,2018-04-25 00:08:22,2018-04-24 00:08:22,2018-04-26 00:08:22
order_000309,cust_01941,delivered,2018-07-21 03:31:31,2018-07-22 23:31:31,2018-07-23 03:31:31,2018-08-01 03:31:31,2018-08-06 03:31:31
order_000310,cust_03295,delivered,2018-02-05 15:31:52,2018-02-06 19:31:52,2018-02-08 15:31:52,2018-02-08 15:31:52,2018-02-14 15:31:52
order_000311,cust_01691,delivered,2017-05-03 00:36:58,2017-05-04 18:36:58,2017-05-06 00:36:58,2017-05-07 00:36:58,2017-05-13 00:36:58
order_000312,cust_02239,delivered,2017-11-12 06:57:11,2017-11-13 23:57:11,2017-11-14 06:57:11,2017-11-14 06:57:11,2017-11-17 06:57:11
order_000313,cust_02543,delivered,2018-04-29 15:32:39,2018-04-30 12:32:39,2018-05-03 15:32:39,2018-05-07 15:32:39,2018-05-12 15:32:39
order_000314,cust_02100,delivered,2017-01-26 06:00:08,2017-01-27 07:00:08,2017-01-29 06:00:08,2017-02-02 06:00:08,2017-02-08 06:00:08
order_000315,cust_03342,delivered,2017-12-25 22:20:15,2017-12-26 16:20:15,2017-12-29 22:20:15,2018-01-01 22:20:15,2018-01-06 22:20:15
order_000316,cust_00901,processing,2018-02-04 23:23:44,2018-02-06 05:23:44,2018-02-07 23:23:44,2018-02-10 23:23:44,2018-02-16 23:23:44
order_000317,cust_03602,delivered,2017-11-23 00:48:22,2017-11-24 07:48:22,2017-11-27 00:48:22,2017-12-10 00:48:22,2017-12-11 00:48:22
order_000318,cust_02576,shipped,2018-01-26 04:10:54,2018-01-27 12:10:54,2018-01-29 04:10:54,2018-02-03 04:10:54,2018-02-07 04:10:54
order_000319,cust_03648,delivered,2018-06-29 21:46:41,2018-07-01 14:46:41,2018-07-02 21:46:41,2018-07-13 21:46:41,2018-07-18 21:46:41
order_000320,cust_01423,delivered,2017-03-17 00:46:42,2017-03-18 11:46:42,2017-03-21 00:46:42,2017-03-22 00:46:42,2017-03-27 00:46:42
order_000321,cust_01819,delivered,2017-12-13 11:40:47,2017-12-13 16:40:47,2017-12-15 11:40:47,2017-12-22 11:40:47,2017-12-23 11:40:47
order_000322,cust_00163,delivered,2018-04-29 22:47:07,2018-04-30 15:47:07,2018-05-03 22:47:07,2018-05-02 22:47:07,2018-05-06 22:47:07
order_000323,cust_03511,delivered,2018-05-15 14:07:30,2018-05-16 17:07:30,2018-05-18 14:07:30,2018-05-21 14:07:30,2018-05-22 14:07:30
order_000324,cust_03101,delivered,2017-10-11 07:20:38,2017-10-12 13:20:38,2017-10-14 07:20:38,2017-10-14 07:20:38,2017-10-15 07:20:38
order_000325,cust_01125,delivered,2018-08-30 00:09:09,2018-08-31 17:09:09,2018-08-31 00:09:09,2018-09-01 00:09:09,2018-09-02 00:09:09
order_000326,cust_00197,delivered,2017-07-17 09:26:31,2017-07-18 05:26:31,2017-07-18 09:26:31,2017-07-21 09:26:31,2017-07-27 09:26:31
order_000327,cust_02647,delivered,2017-09-25 13:00:19,2017-09-27 04:00:19,2017-09-28 13:00:19,2017-09-29 13:00:19,2017-10-01 13:00:19
order_000328,cust_02554,delivered,2018-05-16 01:56:32,2018-05-16 20:56:32,2018-05-20 01:56:32,2018-05-23 01:56:32,2018-05-26 01:56:32
order_000329,cust_02005,delivered,2017-09-25 12:40:39,2017-09-25 19:40:39,2017-09-28 12:40:39,2017-10-08 12:40:39,2017-10-10 12:40:39
order_000330,cust_00595,delivered,2017-07-28 09:41:51,2017-07-29 08:41:51,2017-07-30 09:41:51,2017-08-01 09:41:51,2017-08-07 09:41:51
order_000331,cust_03489,delivered,2017-12-04 07:49:11,2017-12-04 15:49:11,2017-12-08 07:49:11,2017-12-15 07:49:11,2017-12-21 07:49:11
order_000332,cust_01643,delivered,2018-01-14 23:19:59,2018-01-15 19:19:59,2018-01-17 23:19:59,2018-01-21 23:19:59,2018-01-25 23:19:59
order_000333,cust_02753,delivered,2018-08-13 21:26:54,2018-08-14 09:26:54,2018-08-16 21:26:54,2018-08-21 21:26:54,2018-08-26 21:26:54
order_000334,cust_03264,delivered,2018-01-11 16:39:23,2018-01-11 18:39:23,2018-01-15 16:39:23,2018-01-27 16:39:23,2018-01-28 16:39:23
order_000335,cust_02083,shipped,2017-04-23 14:10:50,2017-04-24 22:10:50,2017-04-27 14:10:50,2017-05-02 14:10:50,2017-05-08 14:10:50
order_000336,cust_00358,delivered,2017-02-02 11:22:18,2017-02-03 22:22:18,2017-02-04 11:22:18,2017-02-08 11:22:18,2017-02-11 11:22:18
order_000337,cust_03373,delivered,2018-08-12 01:41:17,2018-08-12 08:41:17,2018-08-13 01:41:17,2018-08-17 01:41:17,2018-08-20 01:41:17
order_000338,cust_02535,delivered,2017-09-15 07:22:45,2017-09-16 11:22:45,2017-09-17 07:22:45,2017-09-19 07:22:45,2017-09-21 07:22:45
order_000339,cust_03398,delivered,2017-05-03 00:15:01,2017-05-04 00:15:01,2017-05-04 00:15:01,2017-05-17 00:15:01,2017-05-23 00:15:01
order_000340,cust_02327,delivered,2017-05-16 08:47:06,2017-05-16 15:47:06,2017-05-17 08:47:06,2017-05-28 08:47:06,2017-05-30 08:47:06
order_000341,cust_03448,delivered,2017-03-06 11:22:02,2017-03-07 16:22:02,2017-03-09 11:22:02,2017-03-12 11:22:02,2017-03-18 11:22:02
order_000342,cust_03296,delivered,2017-05-02 14:40:10,2017-05-03 03:40:10,2017-05-06 14:40:10,2017-05-11 14:40:10,2017-05-16 14:40:10
order_000343,cust_00819,delivered,2018-04-20 08:31:08,2018-04-21 23:31:08,2018-04-23 08:31:08,2018-04-30 08:31:08,2018-05-05 08:31:08
order_000344,cust_00656,delivered,2018-02-03 06:06:24,2018-02-04 11:06:24,2018-02-05 06:06:24,2018-02-05 06:06:24,2018-02-06 06:06:24
order_000345,cust_00608,delivered,2017-12-31 17:02:24,2017-12-31 23:02:24,2018-01-01 17:02:24,2018-01-16 17:02:24,2018-01-21 17:02:24
order_000346,cust_03039,delivered,2017-01-07 03:38:48,2017-01-08 04:38:48,2017-01-11 03:38:48,2017-01-21 03:38:48,2017-01-27 03:38:48
order_000347,cust_00913,delivered,2018-02-13 03:00:35,2018-02-13 09:00:35,2018-02-16 03:00:35,2018-02-23 03:00:35,2018-02-26 03:00:35
order_000348,cust_01710,delivered,2018-08-13 16:42:34,2018-08-15 03:42:34,2018-08-14 16:42:34,2018-08-26 16:42:34,2018-08-29 16:42:34
order_000349,cust_02994,processing,2018-07-16 14:03:38,2018-07-17 04:03:38,2018-07-18 14:03:38,2018-07-19 14:03:38,2018-07-20 14:03:38
order_000350,cust_01628,delivered,2017-08-29 20:52:02,2017-08-30 19:52:02,2017-08-30 20:52:02,2017-09-15 20:52:02,2017-09-18 20:52:02
order_000351,cust_00235,delivered,2017-12-31 17:44:03,2018-01-02 02:44:03,2018-01-02 17:44:03,2018-01-12 17:44:03,2018-01-17 17:44:03
order_000352,cust_01374,delivered,2017-07-01 21:38:12,2017-07-03 13:38:12,2017-07-02 21:38:12,2017-07-18 21:38:12,2017-07-20 21:38:12
order_000353,cust_00359,canceled,2018-06-25 15:56:43,2018-06-26 16:56:43,2018-06-26 15:56:43,2018-07-10 15:56:43,2018-07-15 15:56:43
order_000354,cust_01465,delivered,2018-07-14 20:11:38,2018-07-15 00:11:38,2018-07-18 20:11:38,2018-07-25 20:11:38,2018-07-26 20:11:38
order_000355,cust_02799,delivered,2017-05-16 04:03:35,2017-05-16 17:03:35,2017-05-17 04:03:35,2017-05-22 04:03:35,2017-05-27 04:03:35
order_000356,cust_01975,delivered,2017-10-23 12:44:03,2017-10-24 17:44:03,2017-10-24 12:44:03,2017-11-04 12:44:03,2017-11-08 12:44:03
order_000357,cust_02564,delivered,2017-05-24 22:40:07,2017-05-25 00:40:07,2017-05-25 22:40:07,2017-06-03 22:40:07,2017-06-05 22:40:07
order_000358,cust_00405,delivered,2018-01-09 18:55:54,2018-01-10 12:55:54,2018-01-13 18:55:54,2018-01-17 18:55:54,2018-01-20 18:55:54
order_000359,cust_02850,delivered,2017-06-28 09:40:25,2017-06-29 01:40:25,2017-07-02 09:40:25,2017-07-11 09:40:25,2017-07-13 09:40:25
order_000360,cust_01615,delivered,2018-02-28 22:13:57,2018-03-01 13:13:57,2018-03-03 22:13:57,2018-03-16 22:13:57,2018-03-20 22:13:57
order_000361,cust_01090,delivered,2018-08-20 07:30:00,2018-08-22 04:30:00,2018-08-24 07:30:00,2018-08-24 07:30:00,2018-08-28 07:30:00
order_000362,cust_02477,delivered,2018-06-14 00:33:38,2018-06-15 21:33:38,2018-06-18 00:33:38,2018-06-24 00:33:38,2018-06-28 00:33:38
order_000363,cust_00512,delivered,2017-04-21 19:07:03,2017-04-23 14:07:03,2017-04-23 19:07:03,2017-05-05 19:07:03,2017-05-07 19:07:03
order_000364,cust_01893,delivered,2017-03-20 09:53:25,2017-03-22 02:53:25,2017-03-22 09:53:25,2017-03-27 09:53:25,2017-03-29 09:53:25
order_000365,cust_01604,delivered,2018-05-11 00:49:23,2018-05-12 18:49:23,2018-05-12 00:49:23,2018-05-18 00:49:23,2018-05-23 00:49:23
order_000366,cust_00630,delivered,2017-02-19 04:53:56,2017-02-19 13:53:56,2017-02-22 04:53:56,2017-02-21 04:53:56,2017-02-24 04:53:56
order_000367,cust_03618,delivered,2017-09-01 01:43:38,2017-09-01 20:43:38,2017-09-05 01:43:38,2017-09-08 01:43:38,2017-09-11 01:43:38
order_000368,cust_01379,delivered,2018-08-28 23:55:20,2018-08-29 02:55:20,2018-08-29 23:55:20,2018-09-08 23:55:20,2018-09-10 23:55:20
order_000369,cust_00154,delivered,2017-09-30 20:20:41,2017-10-02 10:20:41,2017-10-03 20:20:41,2017-10-17 20:20:41,2017-10-23 20:20:41
order_000370,cust_01683,delivered,2017-01-06 22:18:34,2017-01-08 15:18:34,2017-01-08 22:18:34,2017-01-16 22:18:34,2017-01-18 22:18:34
order_000371,cust_03673,delivered,2018-08-16 04:22:06,2018-08-16 06:22:06,2018-08-20 04:22:06,2018-08-22 04:22:06,2018-08-27 04:22:06
order_000372,cust_02541,delivered,2018-03-07 19:15:08,2018-03-08 03:15:08,2018-03-10 19:15:08,2018-03-21 19:15:08,2018-03-26 19:15:08
order_000373,cust_02419,delivered,2017-07-21 13:31:46,2017-07-21 21:31:46,2017-07-23 13:31:46,2017-07-26 13:31:46,2017-07-28 13:31:46
order_000374,cust_03422,delivered,2018-01-07 07:06:04,2018-01-09 03:06:04,2018-01-08 07:06:04,2018-01-11 07:06:04,2018-01-12 07:06:04
order_000375,cust_00318,canceled,2018-01-08 16:03:10,2018-01-10 06:03:10,2018-01-11 16:03:10,2018-01-18 16:03:10,2018-01-20 16:03:10
order_000376,cust_02091,delivered,2017-12-02 22:51:01,2017-12-03 12:51:01,2017-12-06 22:51:01,2017-12-17 22:51:01,2017-12-19 22:51:01
order_000377,cust_01219,delivered,2018-08-08 11:03:08,2018-08-08 14:03:08,2018-08-09 11:03:08,2018-08-13 11:03:08,2018-08-18 11:03:08
order_000378,cust_02570,delivered,2018-04-23 00:42:07,2018-04-23 20:42:07,2018-04-24 00:42:07,2018-04-25 00:42:07,2018-04-29 00:42:07
order_000379,cust_03240,delivered,2017-06-07 20:13:05,2017-06-09 00:13:05,2017-06-11 20:13:05,2017-06-20 20:13:05,2017-06-23 20:13:05
order_000380,cust_00293,delivered,2018-08-27 04:30:46,2018-08-27 07:30:46,2018-08-29 04:30:46,2018-09-07 04:30:46,2018-09-10 04:30:46
order_000381,cust_00601,delivered,2018-08-09 04:22:54,2018-08-10 03:22:54,2018-08-12 04:22:54,2018-08-21 04:22:54,2018-08-27 04:22:54
order_000382,cust_03626,delivered,2017-01-29 14:48:17,2017-01-30 16:48:17,2017-02-01 14:48:17,2017-02-06 14:48:17,2017-02-12 14:48:17
order_000383,cust_01869,delivered,2017-06-30 19:10:26,2017-07-02 18:10:26,2017-07-02 19:10:26,2017-07-03 19:10:26,2017-07-04 19:10:26
order_000384,cust_01197,delivered,2018-01-09 19:01:55,2018-01-10 04:01:55,2018-01-11 19:01:55,2018-01-16 19:01:55,2018-01-22 19:01:55
order_000385,cust_00578,delivered,2018-06-19 20:49:51,2018-06-20 05:49:51,2018-06-22 20:49:51,2018-06-28 20:49:51,2018-07-01 20:49:51
order_000386,cust_01346,delivered,2018-03-12 21:12:25,2018-03-13 18:12:25,2018-03-13 21:12:25,2018-03-20 21:12:25,2018-03-25 21:12:25
order_000387,cust_00018,delivered,2017-12-16 03:04:45,2017-12-16 19:04:45,2017-12-17 03:04:45,2018-01-01 03:04:45,2018-01-07 03:04:45
order_000388,cust_00846,delivered,2017-07-06 07:12:43,2017-07-08 03:12:43,2017-07-10 07:12:43,2017-07-11 07:12:43,2017-07-15 07:12:43
order_000389,cust_00695,delivered,2017-02-28 17:16:58,2017-03-02 06:16:58,2017-03-01 17:16:58,2017-03-06 17:16:58,2017-03-10 17:16:58
order_000390,cust_00321,shipped,2018-06-27 09:22:45,2018-06-27 21:22:45,2018-06-28 09:22:45,2018-07-01 09:22:45,2018-07-04 09:22:45
order_000391,cust_03682,delivered,2017-11-20 17:11:01,2017-11-21 09:11:01,2017-11-23 17:11:01,2017-12-01 17:11:01,2017-12-02 17:11:01
order_000392,cust_03002,delivered,2017-10-05 10:54:57,2017-10-06 16:54:57,2017-10-08 10:54:57,2017-10-19 10:54:57,2017-10-20 10:54:57
order_000393,cust_03573,delivered,2018-08-19 10:50:01,2018-08-21 03:50:01,2018-08-21 10:50:01,2018-09-04 10:50:01,2018-09-07 10:50:01
order_000394,cust_00913,delivered,2017-04-11 00:38:50,2017-04-11 10:38:50,2017-04-12 00:38:50,2017-04-16 00:38:50,2017-04-21 00:38:50
order_000395,cust_01096,delivered,2017-06-04 14:35:59,2017-06-05 04:35:59,2017-06-06 14:35:59,2017-06-12 14:35:59,2017-06-15 14:35:59
order_000396,cust_01074,delivered,2018-06-04 20:44:06,2018-06-06 01:44:06,2018-06-05 20:44:06,2018-06-17 20:44:06,2018-06-20 20:44:06
order_000397,cust_02122,delivered,2017-06-22 19:38:53,2017-06-24 12:38:53,2017-06-25 19:38:53,2017-06-24 19:38:53,2017-06-28 19:38:53
order_000398,cust_00690,delivered,2018-07-28 08:06:38,2018-07-28 22:06:38,2018-07-30 08:06:38,2018-08-10 08:06:38,2018-08-12 08:06:38
order_000399,cust_00894,delivered,2018-06-06 16:14:30,2018-06-07 14:14:30,2018-06-10 16:14:30,2018-06-10 16:14:30,2018-06-13 16:14:30
order_000400,cust_03704,delivered,2017-03-02 04:46:57,2017-03-03 13:46:57,2017-03-06 04:46:57,2017-03-04 04:46:57,2017-03-08 04:46:57
order_000401,cust_01338,delivered,2017-10-06 15:12:18,2017-10-07 11:12:18,2017-10-08 15:12:18,2017-10-09 15:12:18,2017-10-15 15:12:18
order_000402,cust_02967,delivered,2018-04-03 09:49:14,2018-04-04 22:49:14,2018-04-06 09:49:14,2018-04-19 09:49:14,2018-04-24 09:49:14
order_000403,cust_00870,delivered,2017-10-25 22:14:26,2017-10-26 23:14:26,2017-10-28 22:14:26,2017-11-06 22:14:26,2017-11-11 22:14:26
order_000404,cust_03533,delivered,2017-05-11 17:03:12,2017-05-13 11:03:12,2017-05-13 17:03:12,2017-05-25 17:03:12,2017-05-29 17:03:12
order_000405,cust_02636,delivered,2017-01-28 01:45:33,2017-01-29 06:45:33,2017-01-31 01:45:33,2017-02-10 01:45:33,2017-02-15 01:45:33
order_000406,cust_03274,delivered,2017-01-05 20:54:07,2017-01-07 16:54:07,2017-01-06 20:54:07,2017-01-19 20:54:07,2017-01-20 20:54:07
order_000407,cust_01962,delivered,2017-04-19 17:22:46,2017-04-21 10:22:46,2017-04-23 17:22:46,2017-04-28 17:22:46,2017-04-29 17:22:46
order_000408,cust_03443,delivered,2017-06-08 05:10:08,2017-06-08 17:10:08,2017-06-12 05:10:08,2017-06-22 05:10:08,2017-06-28 05:10:08
order_000409,cust_01378,shipped,2017-07-03 06:46:52,2017-07-05 01:46:52,2017-07-07 06:46:52,2017-07-05 06:46:52,2017-07-09 06:46:52
order_000410,cust_01820,delivered,2018-06-04 04:08:33,2018-06-04 11:08:33,2018-06-05 04:08:33,2018-06-15 04:08:33,2018-06-16 04:08:33
order_000411,cust_00234,delivered,2017-11-06 07:26:40,2017-11-06 21:26:40,2017-11-10 07:26:40,2017-11-20 07:26:40,2017-11-23 07:26:40
order_000412,cust_00648,delivered,2017-03-27 22:39:02,2017-03-28 01:39:02,2017-03-30 22:39:02,2017-04-13 22:39:02,2017-04-19 22:39:02
order_000413,cust_02930,delivered,2017-02-20 21:39:12,2017-02-21 02:39:12,2017-02-24 21:39:12,2017-02-27 21:39:12,2017-02-28 21:39:12
order_000414,cust_01242,delivered,2017-03-21 13:13:17,2017-03-22 23:13:17,2017-03-22 13:13:17,2017-03-25 13:13:17,2017-03-28 13:13:17
order_000415,cust_00387,delivered,2017-07-10 08:41:34,2017-07-10 14:41:34,2017-07-12 08:41:34,2017-07-23 08:41:34,2017-07-29 08:41:34
order_000416,cust_01111,delivered,2018-03-26 08:46:42,2018-03-26 17:46:42,2018-03-27 08:46:42,2018-03-29 08:46:42,2018-04-04 08:46:42
order_000417,cust_01340,delivered,2017-01-31 22:58:00,2017-02-01 18:58:00,2017-02-04 22:58:00,2017-02-14 22:58:00,2017-02-17 22:58:00
order_000418,cust_02725,delivered,2017-09-05 04:47:01,2017-09-06 18:47:01,2017-09-06 04:47:01,2017-09-18 04:47:01,2017-09-24 04:47:01
order_000419,cust_00343,delivered,2017-09-30 18:10:49,2017-10-02 09:10:49,2017-10-01 18:10:49,2017-10-13 18:10:49,2017-10-18 18:10:49
order_000420,cust_00097,delivered,2017-04-01 23:53:09,2017-04-03 21:53:09,2017-04-02 23:53:09,2017-04-07 23:53:09,2017-04-10 23:53:09
order_000421,cust_02751,delivered,2017-02-05 20:31:36,2017-02-05 23:31:36,2017-02-09 20:31:36,2017-02-08 20:31:36,2017-02-13 20:31:36
order_000422,cust_00539,delivered,2017-05-20 17:15:37,2017-05-21 00:15:37,2017-05-23 17:15:37,2017-05-31 17:15:37,2017-06-05 17:15:37
order_000423,cust_01594,delivered,2017-04-03 21:35:43,2017-04-04 16:35:43,2017-04-04 21:35:43,2017-04-10 21:35:43,2017-04-12 21:35:43
order_000424,cust_02594,delivered,2018-04-29 05:13:45,2018-04-29 19:13:45,2018-05-01 05:13:45,2018-05-07 05:13:45,2018-05-08 05:13:45
order_000425,cust_01953,processing,2018-07-12 23:36:34,2018-07-13 04:36:34,2018-07-14 23:36:34,2018-07-17 23:36:34,2018-07-22 23:36:34
order_000426,cust_00469,delivered,2018-01-14 02:11:24,2018-01-15 03:11:24,2018-01-18 02:11:24,2018-01-21 02:11:24,2018-01-22 02:11:24
order_000427,cust_02744,delivered,2018-04-07 00:19:55,2018-04-07 23:19:55,2018-04-08 00:19:55,2018-04-22 00:19:55,2018-04-27 00:19:55
order_000428,cust_00183,delivered,2018-04-08 04:46:57,2018-04-09 01:46:57,2018-04-09 04:46:57,2018-04-24 04:46:57,2018-04-27 04:46:57
order_000429,cust_00882,delivered,2018-06-18 14:36:51,2018-06-18 16:36:51,2018-06-21 14:36:51,2018-06-25 14:36:51,2018-06-30 14:36:51
order_000430,cust_00415,processing,2017-03-01 05:56:44,2017-03-02 02:56:44,2017-03-03 05:56:44,2017-03-05 05:56:44,2017-03-09 05:56:44
order_000431,cust_01947,delivered,2018-08-30 15:12:15,2018-08-31 13:12:15,2018-08-31 15:12:15,2018-09-01 15:12:15,2018-09-02 15:12:15
order_000432,cust_02624,delivered,2017-10-06 02:39:57,2017-10-06 13:39:57,2017-10-08 02:39:57,2017-10-11 02:39:57,2017-10-12 02:39:57
order_000433,cust_02469,delivered,2017-11-27 16:43:46,2017-11-29 06:43:46,2017-11-29 16:43:46,2017-11-29 16:43:46,2017-12-03 16:43:46
order_000434,cust_00529,delivered,2018-04-30 05:30:41,2018-05-01 23:30:41,2018-05-01 05:30:41,2018-05-12 05:30:41,2018-05-16 05:30:41
order_000435,cust_01304,delivered,2017-10-28 12:33:47,2017-10-30 08:33:47,2017-10-29 12:33:47,2017-11-09 12:33:47,2017-11-10 12:33:47
order_000436,cust_00555,delivered,2017-06-11 02:48:09,2017-06-12 11:48:09,2017-06-12 02:48:09,2017-06-25 02:48:09,2017-07-01 02:48:09
order_000437,cust_01302,delivered,2017-01-12 23:17:08,2017-01-14 07:17:08,2017-01-16 23:17:08,2017-01-19 23:17:08,2017-01-21 23:17:08
order_000438,cust_00875,processing,2017-04-13 09:03:56,2017-04-13 17:03:56,2017-04-14 09:03:56,2017-04-28 09:03:56,2017-05-04 09:03:56
order_000439,cust_02813,delivered,2017-02-21 14:30:47,2017-02-22 09:30:47,2017-02-24 14:30:47,2017-02-25 14:30:47,2017-02-26 14:30:47
order_000440,cust_02853,delivered,2017-08-21 11:40:07,2017-08-21 12:40:07,2017-08-22 11:40:07,2017-08-26 11:40:07,2017-08-28 11:40:07
order_000441,cust_03109,delivered,2018-04-19 14:17:13,2018-04-20 17:17:13,2018-04-23 14:17:13,2018-05-05 14:17:13,2018-05-09 14:17:13
order_000442,cust_00761,delivered,2017-07-22 10:55:36,2017-07-23 22:55:36,2017-07-24 10:55:36,2017-08-07 10:55:36,2017-08-11 10:55:36
order_000443,cust_00051,delivered,2017-12-30 01:45:20,2017-12-31 09:45:20,2018-01-03 01:45:20,2018-01-10 01:45:20,2018-01-14 01:45:20
order_000444,cust_00134,delivered,2017-04-23 19:54:03,2017-04-23 20:54:03,2017-04-24 19:54:03,2017-05-04 19:54:03,2017-05-06 19:54:03
order_000445,cust_03205,processing,2017-12-25 15:25:09,2017-12-26 18:25:09,2017-12-27 15:25:09,2018-01-07 15:25:09,2018-01-09 15:25:09
order_000446,cust_03442,delivered,2018-08-03 06:05:45,2018-08-05 00:05:45,2018-08-05 06:05:45,2018-08-18 06:05:45,2018-08-20 06:05:45
order_000447,cust_00804,delivered,2017-07-11 02:01:00,2017-07-11 07:01:00,2017-07-12 02:01:00,2017-07-16 02:01:00,2017-07-19 02:01:00
order_000448,cust_03330,delivered,2017-10-21 21:17:24,2017-10-22 22:17:24,2017-10-23 21:17:24,2017-10-24 21:17:24,2017-10-30 21:17:24
order_000449,cust_02013,delivered,2018-08-09 07:58:52,2018-08-09 19:58:52,2018-08-11 07:58:52,2018-08-13 07:58:52,2018-08-16 07:58:52
order_000450,cust_00702,delivered,2018-01-05 21:47:41,2018-01-07 17:47:41,2018-01-07 21:47:41,2018-01-12 21:47:41,2018-01-18 21:47:41
order_000451,cust_01189,delivered,2017-08-31 18:22:51,2017-09-01 20:22:51,2017-09-03 18:22:51,2017-09-05 18:22:51,2017-09-07 18:22:51
order_000452,cust_01008,delivered,2017-03-15 23:02:06,2017-03-17 12:02:06,2017-03-16 23:02:06,2017-03-25 23:02:06,2017-03-27 23:02:06
order_000453,cust_02901,delivered,2018-07-24 15:50:15,2018-07-25 16:50:15,2018-07-25 15:50:15,2018-07-28 15:50:15,2018-07-29 15:50:15
order_000454,cust_00716,delivered,2018-01-06 04:20:36,2018-01-07 23:20:36,2018-01-08 04:20:36,2018-01-17 04:20:36,2018-01-19 04:20:36
order_000455,cust_00695,delivered,2017-02-04 00:51:01,2017-02-04 14:51:01,2017-02-07 00:51:01,2017-02-17 00:51:01,2017-02-19 00:51:01
order_000456,cust_02734,delivered,2017-12-04 05:53:52,2017-12-05 16:53:52,2017-12-06 05:53:52,2017-12-07 05:53:52,2017-12-10 05:53:52
order_000457,cust_01148,delivered,2018-08-12 10:32:32,2018-08-13 07:32:32,2018-08-14 10:32:32,2018-08-18 10:32:32,2018-08-23 10:32:32
order_000458,cust_00950,delivered,2018-07-21 14:58:19,2018-07-22 18:58:19,2018-07-25 14:58:19,2018-07-31 14:58:19,2018-08-03 14:58:19
order_000459,cust_03069,delivered,2017-04-30 21:30:04,2017-05-02 06:30:04,2017-05-03 21:30:04,2017-05-03 21:30:04,2017-05-08 21:30:04
order_000460,cust_03539,delivered,2017-09-08 03:22:53,2017-09-08 12:22:53,2017-09-09 03:22:53,2017-09-20 03:22:53,2017-09-21 03:22:53
order_000461,cust_02110,delivered,2018-08-23 15:14:20,2018-08-25 08:14:20,2018-08-25 15:14:20,2018-09-06 15:14:20,2018-09-12 15:14:20
order_000462,cust_03145,processing,2018-04-21 02:03:17,2018-04-22 13:03:17,2018-04-22 02:03:17,2018-04-28 02:03:17,2018-04-29 02:03:17
order_000463,cust_03196,shipped,2017-12-07 11:33:16,2017-12-08 07:33:16,2017-12-11 11:33:16,2017-12-09 11:33:16,2017-12-10 11:33:16
order_000464,cust_02235,delivered,2017-07-04 01:46:07,2017-07-05 05:46:07,2017-07-08 01:46:07,2017-07-14 01:46:07,2017-07-17 01:46:07
order_000465,cust_03152,delivered,2018-04-09 08:58:23,2018-04-10 16:58:23,2018-04-11 08:58:23,2018-04-24 08:58:23,2018-04-28 08:58:23
order_000466,cust_00033,delivered,2017-12-18 14:32:51,2017-12-19 12:32:51,2017-12-20 14:32:51,2017-12-24 14:32:51,2017-12-26 14:32:51
order_000467,cust_00134,delivered,2017-11-15 17:44:04,2017-11-16 23:44:04,2017-11-18 17:44:04,2017-11-30 17:44:04,2017-12-01 17:44:04
order_000468,cust_03357,delivered,2018-07-18 19:18:44,2018-07-19 22:18:44,2018-07-19 19:18:44,2018-08-02 19:18:44,2018-08-08 19:18:44
order_000469,cust_00533,shipped,2017-08-18 12:35:17,2017-08-20 01:35:17,2017-08-22 12:35:17,2017-08-24 12:35:17,2017-08-29 12:35:17
order_000470,cust_02765,shipped,2018-01-16 06:12:47,2018-01-16 17:12:47,2018-01-20 06:12:47,2018-01-27 06:12:47,2018-02-01 06:12:47
order_000471,cust_01596,delivered,2017-01-27 21:54:44,2017-01-27 22:54:44,2017-01-28 21:54:44,2017-01-29 21:54:44,2017-01-31 21:54:44
order_000472,cust_02994,delivered,2018-03-09 22:24:17,2018-03-10 18:24:17,2018-03-12 22:24:17,2018-03-19 22:24:17,2018-03-23 22:24:17
order_000473,cust_02527,delivered,2017-11-29 23:13:18,2017-12-01 14:13:18,2017-11-30 23:13:18,2017-12-15 23:13:18,2017-12-20 23:13:18
order_000474,cust_00272,delivered,2018-06-17 19:00:23,2018-06-18 01:00:23,2018-06-20 19:00:23,2018-07-04 19:00:23,2018-07-07 19:00:23
order_000475,cust_01279,shipped,2017-07-22 18:40:09,2017-07-24 11:40:09,2017-07-25 18:40:09,2017-07-27 18:40:09,2017-07-29 18:40:09
order_000476,cust_02692,processing,2018-07-17 01:51:32,2018-07-17 21:51:32,2018-07-18 01:51:32,2018-07-29 01:51:32,2018-08-03 01:51:32
order_000477,cust_03501,canceled,2017-12-16 13:44:29,2017-12-16 23:44:29,2017-12-20 13:44:29,2017-12-19 13:44:29,2017-12-25 13:44:29
order_000478,cust_03057,delivered,2017-05-07 09:46:30,2017-05-08 07:46:30,2017-05-09 09:46:30,2017-05-13 09:46:30,2017-05-14 09:46:30
order_000479,cust_03389,delivered,2017-04-08 06:12:54,2017-04-09 21:12:54,2017-04-10 06:12:54,2017-04-23 06:12:54,2017-04-28 06:12:54
order_000480,cust_03635,delivered,2017-04-30 01:37:56,2017-05-01 18:37:56,2017-05-02 01:37:56,2017-05-12 01:37:56,2017-05-18 01:37:56
order_000481,cust_03398,processing,2017-07-03 05:07:11,2017-07-04 10:07:11,2017-07-07 05:07:11,2017-07-11 05:07:11,2017-07-15 05:07:11
order_000482,cust_02205,delivered,2017-12-01 21:57:52,2017-12-02 22:57:52,2017-12-05 21:57:52,2017-12-18 21:57:52,2017-12-19 21:57:52
order_000483,cust_01277,delivered,2018-06-12 21:48:29,2018-06-14 11:48:29,2018-06-16 21:48:29,2018-06-26 21:48:29,2018-07-01 21:48:29
order_000484,cust_01930,delivered,2018-08-29 17:49:38,2018-08-31 12:49:38,2018-08-31 17:49:38,2018-08-31 17:49:38,2018-09-06 17:49:38
order_000485,cust_03023,delivered,2018-02-17 02:26:15,2018-02-18 16:26:15,2018-02-20 02:26:15,2018-02-20 02:26:15,2018-02-22 02:26:15
order_000486,cust_01616,delivered,2017-10-26 16:28:37,2017-10-28 14:28:37,2017-10-29 16:28:37,2017-11-07 16:28:37,2017-11-08 16:28:37
order_000487,cust_03157,delivered,2018-01-08 03:02:34,2018-01-09 19:02:34,2018-01-09 03:02:34,2018-01-24 03:02:34,2018-01-26 03:02:34
order_000488,cust_02664,delivered,2017-07-21 16:23:05,2017-07-21 19:23:05,2017-07-25 16:23:05,2017-07-25 16:23:05,2017-07-30 16:23:05
order_000489,cust_00795,delivered,2017-05-29 00:48:29,2017-05-29 01:48:29,2017-06-02 00:48:29,2017-06-08 00:48:29,2017-06-12 00:48:29
order_000490,cust_03499,delivered,2017-11-23 06:50:39,2017-11-24 11:50:39,2017-11-27 06:50:39,2017-12-08 06:50:39,2017-12-09 06:50:39
order_000491,cust_03215,delivered,2018-05-19 02:56:25,2018-05-20 23:56:25,2018-05-21 02:56:25,2018-06-03 02:56:25,2018-06-07 02:56:25
order_000492,cust_02279,delivered,2017-02-09 22:24:17,2017-02-10 13:24:17,2017-02-10 22:24:17,2017-02-21 22:24:17,2017-02-26 22:24:17
order_000493,cust_00737,shipped,2017-03-09 13:39:01,2017-03-11 11:39:01,2017-03-10 13:39:01,2017-03-26 13:39:01,2017-03-28 13:39:01
order_000494,cust_00863,delivered,2017-04-18 22:08:47,2017-04-20 15:08:47,2017-04-21 22:08:47,2017-05-04 22:08:47,2017-05-08 22:08:47
order_000495,cust_03189,delivered,2017-05-08 00:29:13,2017-05-08 07:29:13,2017-05-12 00:29:13,2017-05-23 00:29:13,2017-05-25 00:29:13
order_000496,cust_00066,delivered,2017-04-01 17:44:51,2017-04-02 17:44:51,2017-04-04 17:44:51,2017-04-13 17:44:51,2017-04-14 17:44:51
order_000497,cust_01837,delivered,2017-03-21 11:30:59,2017-03-21 22:30:59,2017-03-24 11:30:59,2017-04-07 11:30:59,2017-04-10 11:30:59
order_000498,cust_02352,delivered,2017-01-17 11:15:15,2017-01-17 15:15:15,2017-01-21 11:15:15,2017-01-19 11:15:15,2017-01-24 11:15:15
order_000499,cust_00883,delivered,2017-07-31 20:57:29,2017-08-02 05:57:29,2017-08-04 20:57:29,2017-08-03 20:57:29,2017-08-08 20:57:29
order_000500,cust_03285,delivered,2018-03-16 01:07:50,2018-03-16 12:07:50,2018-03-20 01:07:50,2018-03-26 01:07:50,2018-03-27 01:07:50
order_000501,cust_01984,delivered,2017-04-06 22:39:36,2017-04-08 01:39:36,2017-04-08 22:39:36,2017-04-18 22:39:36,2017-04-20 22:39:36
order_000502,cust_00250,delivered,2017-07-17 00:40:46,2017-07-18 08:40:46,2017-07-20 00:40:46,2017-08-02 00:40:46,2017-08-06 00:40:46
order_000503,cust_01216,delivered,2018-08-15 08:42:24,2018-08-16 05:42:24,2018-08-17 08:42:24,2018-08-27 08:42:24,2018-08-29 08:42:24
order_000504,cust_01510,delivered,2017-04-13 03:18:54,2017-04-13 07:18:54,2017-04-16 03:18:54,2017-04-18 03:18:54,2017-04-20 03:18:54
order_000505,cust_00846,delivered,2018-08-24 12:33:19,2018-08-24 16:33:19,2018-08-25 12:33:19,2018-09-09 12:33:19,2018-09-12 12:33:19
order_000506,cust_03572,delivered,2017-11-08 14:17:54,2017-11-09 08:17:54,2017-11-09 14:17:54,2017-11-11 14:17:54,2017-11-16 14:17:54
order_000507,cust_01369,delivered,2018-03-17 15:24:34,2018-03-17 18:24:34,2018-03-18 15:24:34,2018-03-20 15:24:34,2018-03-24 15:24:34
order_000508,cust_01906,delivered,2017-07-16 19:09:15,2017-07-18 12:09:15,2017-07-19 19:09:15,2017-07-29 19:09:15,2017-08-04 19:09:15
order_000509,cust_02033,delivered,2017-07-17 18:01:23,2017-07-18 02:01:23,2017-07-21 18:01:23,2017-08-03 18:01:23,2017-08-04 18:01:23
order_000510,cust_00838,delivered,2017-08-27 22:45:47,2017-08-28 00:45:47,2017-08-30 22:45:47,2017-09-06 22:45:47,2017-09-09 22:45:47
order_000511,cust_02158,delivered,2017-03-19 10:47:26,2017-03-19 17:47:26,2017-03-22 10:47:26,2017-03-23 10:47:26,2017-03-27 10:47:26
order_000512,cust_01343,delivered,2017-07-11 04:12:31,2017-07-12 13:12:31,2017-07-14 04:12:31,2017-07-13 04:12:31,2017-07-18 04:12:31
order_000513,cust_00039,delivered,2018-06-28 03:44:11,2018-06-29 07:44:11,2018-07-02 03:44:11,2018-07-15 03:44:11,2018-07-19 03:44:11
order_000514,cust_01550,delivered,2017-01-03 06:36:45,2017-01-04 14:36:45,2017-01-06 06:36:45,2017-01-09 06:36:45,2017-01-15 06:36:45
order_000515,cust_02218,delivered,2017-12-14 14:28:12,2017-12-15 07:28:12,2017-12-17 14:28:12,2017-12-26 14:28:12,2018-01-01 14:28:12
order_000516,cust_00445,delivered,2018-02-23 01:17:54,2018-02-23 17:17:54,2018-02-25 01:17:54,2018-03-02 01:17:54,2018-03-07 01:17:54
order_000517,cust_02961,delivered,2017-03-27 22:54:57,2017-03-29 06:54:57,2017-03-31 22:54:57,2017-04-01 22:54:57,2017-04-04 22:54:57
order_000518,cust_02511,delivered,2017-03-09 23:44:13,2017-03-10 05:44:13,2017-03-11 23:44:13,2017-03-21 23:44:13,2017-03-23 23:44:13
order_000519,cust_01177,canceled,2017-12-02 03:57:19,2017-12-02 22:57:19,2017-12-06 03:57:19,2017-12-15 03:57:19,2017-12-19 03:57:19
order_000520,cust_02250,delivered,2017-05-14 18:44:31,2017-05-14 23:44:31,2017-05-18 18:44:31,2017-05-23 18:44:31,2017-05-26 18:44:31
order_000521,cust_01153,delivered,2018-08-18 14:18:39,2018-08-19 10:18:39,2018-08-22 14:18:39,2018-08-28 14:18:39,2018-08-29 14:18:39
order_000522,cust_02461,delivered,2017-04-26 11:32:13,2017-04-28 09:32:13,2017-04-28 11:32:13,2017-05-05 11:32:13,2017-05-07 11:32:13
order_000523,cust_00584,delivered,2017-03-21 17:37:51,2017-03-23 09:37:51,2017-03-23 17:37:51,2017-04-01 17:37:51,2017-04-07 17:37:51
order_000524,cust_02321,delivered,2017-07-21 13:48:48,2017-07-22 21:48:48,2017-07-25 13:48:48,2017-08-04 13:48:48,2017-08-07 13:48:48
order_000525,cust_00209,delivered,2017-07-21 07:46:06,2017-07-22 14:46:06,2017-07-25 07:46:06,2017-08-03 07:46:06,2017-08-09 07:46:06
order_000526,cust_00063,delivered,2017-04-08 13:29:31,2017-04-09 07:29:31,2017-04-11 13:29:31,2017-04-14 13:29:31,2017-04-16 13:29:31
order_000527,cust_00966,delivered,2018-02-09 03:15:29,2018-02-10 13:15:29,2018-02-13 03:15:29,2018-02-14 03:15:29,2018-02-20 03:15:29
order_000528,cust_00662,delivered,2017-07-30 06:06:16,2017-07-31 22:06:16,2017-08-01 06:06:16,2017-08-11 06:06:16,2017-08-16 06:06:16
order_000529,cust_01864,delivered,2017-11-17 23:21:04,2017-11-19 02:21:04,2017-11-21 23:21:04,2017-11-29 23:21:04,2017-12-02 23:21:04
order_000530,cust_00629,delivered,2017-05-28 04:26:57,2017-05-28 09:26:57,2017-05-30 04:26:57,2017-06-04 04:26:57,2017-06-08 04:26:57
order_000531,cust_00928,delivered,2017-02-28 14:21:26,2017-03-01 23:21:26,2017-03-03 14:21:26,2017-03-15 14:21:26,2017-03-21 14:21:26
order_000532,cust_00372,delivered,2017-02-07 07:07:38,2017-02-07 13:07:38,2017-02-10 07:07:38,2017-02-15 07:07:38,2017-02-19 07:07:38
order_000533,cust_03370,delivered,2017-02-02 11:09:16,2017-02-03 03:09:16,2017-02-06 11:09:16,2017-02-09 11:09:16,2017-02-15 11:09:16
order_000534,cust_02794,delivered,2018-06-14 05:55:54,2018-06-14 15:55:54,2018-06-18 05:55:54,2018-06-24 05:55:54,2018-06-25 05:55:54
order_000535,cust_00827,delivered,2017-06-10 13:39:02,2017-06-10 16:39:02,2017-06-14 13:39:02,2017-06-15 13:39:02,2017-06-16 13:39:02
order_000536,cust_00456,shipped,2017-07-05 13:22:50,2017-07-07 01:22:50,2017-07-06 13:22:50,2017-07-18 13:22:50,2017-07-19 13:22:50
order_000537,cust_03230,delivered,2017-12-19 14:49:22,2017-12-20 21:49:22,2017-12-20 14:49:22,2018-01-04 14:49:22,2018-01-06 14:49:22
order_000538,cust_02539,delivered,2017-02-27 07:23:48,2017-02-28 03:23:48,2017-03-03 07:23:48,2017-03-16 07:23:48,2017-03-21 07:23:48
order_000539,cust_03366,delivered,2018-01-01 13:53:33,2018-01-02 07:53:33,2018-01-02 13:53:33,2018-01-10 13:53:33,2018-01-16 13:53:33
order_000540,cust_00677,delivered,2017-11-14 17:29:40,2017-11-16 00:29:40,2017-11-18 17:29:40,2017-11-20 17:29:40,2017-11-24 17:29:40
order_000541,cust_01363,delivered,2018-04-27 17:16:43,2018-04-28 18:16:43,2018-04-30 17:16:43,2018-05-06 17:16:43,2018-05-09 17:16:43
order_000542,cust_00449,shipped,2017-03-16 13:37:49,2017-03-17 00:37:49,2017-03-18 13:37:49,2017-03-19 13:37:49,2017-03-25 13:37:49
order_000543,cust_01608,delivered,2017-01-11 07:10:46,2017-01-12 06:10:46,2017-01-12 07:10:46,2017-01-23 07:10:46,2017-01-27 07:10:46
order_000544,cust_00617,delivered,2018-04-16 12:46:27,2018-04-18 01:46:27,2018-04-17 12:46:27,2018-04-24 12:46:27,2018-04-28 12:46:27
order_000545,cust_00015,delivered,2017-08-13 12:53:12,2017-08-14 14:53:12,2017-08-17 12:53:12,2017-08-16 12:53:12,2017-08-17 12:53:12
order_000546,cust_01931,delivered,2017-02-07 22:49:51,2017-02-09 12:49:51,2017-02-08 22:49:51,2017-02-17 22:49:51,2017-02-19 22:49:51
order_000547,cust_03720,delivered,2017-12-05 09:02:55,2017-12-06 09:02:55,2017-12-08 09:02:55,2017-12-18 09:02:55,2017-12-23 09:02:55
order_000548,cust_02452,delivered,2017-10-10 07:44:16,2017-10-11 03:44:16,2017-10-11 07:44:16,2017-10-15 07:44:16,2017-10-20 07:44:16
order_000549,cust_02876,shipped,2018-08-02 17:59:49,2018-08-04 04:59:49,2018-08-04 17:59:49,2018-08-10 17:59:49,2018-08-13 17:59:49
order_000550,cust_03085,delivered,2018-07-28 15:14:47,2018-07-29 01:14:47,2018-07-29 15:14:47,2018-08-13 15:14:47,2018-08-18 15:14:47
order_000551,cust_03694,delivered,2017-11-24 10:15:01,2017-11-25 16:15:01,2017-11-27 10:15:01,2017-12-07 10:15:01,2017-12-12 10:15:01
order_000552,cust_00488,delivered,2017-04-07 00:00:04,2017-04-08 06:00:04,2017-04-08 00:00:04,2017-04-21 00:00:04,2017-04-22 00:00:04
order_000553,cust_00952,delivered,2018-03-31 16:55:04,2018-04-01 06:55:04,2018-04-03 16:55:04,2018-04-09 16:55:04,2018-04-15 16:55:04
order_000554,cust_02341,delivered,2017-05-03 17:41:10,2017-05-04 06:41:10,2017-05-07 17:41:10,2017-05-12 17:41:10,2017-05-17 17:41:10
order_000555,cust_03119,delivered,2018-05-25 22:19:40,2018-05-26 02:19:40,2018-05-28 22:19:40,2018-06-03 22:19:40,2018-06-05 22:19:40
order_000556,cust_02940,delivered,2018-01-01 12:03:39,2018-01-01 19:03:39,2018-01-04 12:03:39,2018-01-10 12:03:39,2018-01-12 12:03:39
order_000557,cust_02765,delivered,2017-08-04 12:21:45,2017-08-04 17:21:45,2017-08-08 12:21:45,2017-08-08 12:21:45,2017-08-14 12:21:45
order_000558,cust_01187,delivered,2018-08-19 05:00:04,2018-08-20 10:00:04,2018-08-23 05:00:04,2018-08-21 05:00:04,2018-08-23 05:00:04
order_000559,cust_01386,delivered,2017-11-09 11:01:55,2017-11-09 17:01:55,2017-11-12 11:01:55,2017-11-24 11:01:55,2017-11-25 11:01:55
order_000560,cust_00302,shipped,2017-08-23 00:02:10,2017-08-24 01:02:10,2017-08-26 00:02:10,2017-09-02 00:02:10,2017-09-03 00:02:10
order_000561,cust_01192,delivered,2017-04-25 12:01:02,2017-04-25 18:01:02,2017-04-27 12:01:02,2017-05-05 12:01:02,2017-05-07 12:01:02
order_000562,cust_00592,delivered,2018-01-30 16:57:59,2018-02-01 05:57:59,2018-02-02 16:57:59,2018-02-10 16:57:59,2018-02-14 16:57:59
order_000563,cust_03564,delivered,2017-06-14 18:51:42,2017-06-16 02:51:42,2017-06-15 18:51:42,2017-06-22 18:51:42,2017-06-25 18:51:42
order_000564,cust_00347,delivered,2017-04-03 15:54:17,2017-04-04 05:54:17,2017-04-07 15:54:17,2017-04-19 15:54:17,2017-04-24 15:54:17
order_000565,cust_01380,delivered,2017-03-13 19:19:46,2017-03-15 06:19:46,2017-03-17 19:19:46,2017-03-22 19:19:46,2017-03-24 19:19:46
order_000566,cust_03371,delivered,2018-01-25 15:58:11,2018-01-26 02:58:11,2018-01-27 15:58:11,2018-02-04 15:58:11,2018-02-06 15:58:11
order_000567,cust_03632,delivered,2018-07-15 18:42:58,2018-07-17 00:42:58,2018-07-19 18:42:58,2018-07-25 18:42:58,2018-07-28 18:42:58
order_000568,cust_01431,delivered,2017-06-03 10:29:56,2017-06-04 17:29:56,2017-06-06 10:29:56,2017-06-07 10:29:56,2017-06-12 10:29:56
order_000569,cust_01768,delivered,2017-05-13 14:27:09,2017-05-14 11:27:09,2017-05-17 14:27:09,2017-05-17 14:27:09,2017-05-21 14:27:09
order_000570,cust_01988,delivered,2018-01-08 15:20:35,2018-01-10 00:20:35,2018-01-12 15:20:35,2018-01-12 15:20:35,2018-01-17 15:20:35
order_000571,cust_03124,delivered,2017-03-28 13:44:28,2017-03-30 10:44:28,2017-03-31 13:44:28,2017-04-03 13:44:28,2017-04-04 13:44:28
order_000572,cust_02921,delivered,2017-02-23 13:42:43,2017-02-24 09:42:43,2017-02-27 13:42:43,2017-02-27 13:42:43,2017-03-02 13:42:43
order_000573,cust_01991,delivered,2018-01-23 18:45:52,2018-01-24 08:45:52,2018-01-25 18:45:52,2018-01-28 18:45:52,2018-01-31 18:45:52
order_000574,cust_01411,delivered,2017-11-16 05:44:00,2017-11-17 02:44:00,2017-11-18 05:44:00,2017-12-03 05:44:00,2017-12-04 05:44:00
order_000575,cust_01415,delivered,2017-01-18 07:36:17,2017-01-19 10:36:17,2017-01-19 07:36:17,2017-01-25 07:36:17,2017-01-27 07:36:17
order_000576,cust_02466,processing,2017-05-25 12:27:01,2017-05-25 18:27:01,2017-05-29 12:27:01,2017-06-08 12:27:01,2017-06-10 12:27:01
order_000577,cust_03174,delivered,2017-05-01 15:29:22,2017-05-03 13:29:22,2017-05-03 15:29:22,2017-05-09 15:29:22,2017-05-12 15:29:22
order_000578,cust_00291,processing,2018-02-19 12:21:00,2018-02-20 11:21:00,2018-02-22 12:21:00,2018-03-06 12:21:00,2018-03-07 12:21:00
order_000579,cust_02921,delivered,2018-02-09 04:47:08,2018-02-11 02:47:08,2018-02-10 04:47:08,2018-02-23 04:47:08,2018-02-25 04:47:08
order_000580,cust_01827,delivered,2018-03-31 19:46:01,2018-04-02 17:46:01,2018-04-02 19:46:01,2018-04-15 19:46:01,2018-04-21 19:46:01
order_000581,cust_00551,processing,2017-03-02 13:05:58,2017-03-02 16:05:58,2017-03-05 13:05:58,2017-03-08 13:05:58,2017-03-09 13:05:58
order_000582,cust_00366,delivered,2018-05-31 10:24:13,2018-05-31 16:24:13,2018-06-02 10:24:13,2018-06-03 10:24:13,2018-06-08 10:24:13
order_000583,cust_01280,delivered,2017-05-08 21:04:25,2017-05-09 06:04:25,2017-05-11 21:04:25,2017-05-14 21:04:25,2017-05-18 21:04:25
order_000584,cust_00943,delivered,2018-08-27 10:27:57,2018-08-28 13:27:57,2018-08-29 10:27:57,2018-09-09 10:27:57,2018-09-10 10:27:57
order_000585,cust_00395,delivered,2018-06-15 03:52:34,2018-06-15 20:52:34,2018-06-18 03:52:34,2018-06-27 03:52:34,2018-06-30 03:52:34
order_000586,cust_01114,canceled,2017-10-07 23:37:32,2017-10-08 00:37:32,2017-10-09 23:37:32,2017-10-20 23:37:32,2017-10-24 23:37:32
order_000587,cust_03168,delivered,2018-04-23 09:10:58,2018-04-24 12:10:58,2018-04-25 09:10:58,2018-05-10 09:10:58,2018-05-12 09:10:58
order_000588,cust_02726,delivered,2018-02-12 21:28:01,2018-02-13 13:28:01,2018-02-13 21:28:01,2018-02-17 21:28:01,2018-02-19 21:28:01
order_000589,cust_00794,delivered,2018-04-16 12:24:16,2018-04-18 04:24:16,2018-04-19 12:24:16,2018-04-25 12:24:16,2018-04-30 12:24:16
order_000590,cust_02561,delivered,2017-01-12 05:48:53,2017-01-13 17:48:53,2017-01-13 05:48:53,2017-01-21 05:48:53,2017-01-22 05:48:53
order_000591,cust_01716,delivered,2017-02-20 09:02:14,2017-02-22 01:02:14,2017-02-23 09:02:14,2017-02-24 09:02:14,2017-03-02 09:02:14
order_000592,cust_02838,delivered,2018-07-05 21:50:49,2018-07-07 00:50:49,2018-07-09 21:50:49,2018-07-17 21:50:49,2018-07-19 21:50:49
order_000593,cust_00939,delivered,2018-04-21 22:40:20,2018-04-23 07:40:20,2018-04-23 22:40:20,2018-04-23 22:40:20,2018-04-26 22:40:20
order_000594,cust_00234,delivered,2018-01-10 03:18:40,2018-01-10 07:18:40,2018-01-14 03:18:40,2018-01-26 03:18:40,2018-01-27 03:18:40
order_000595,cust_01188,delivered,2017-07-09 23:41:26,2017-07-11 11:41:26,2017-07-11 23:41:26,2017-07-12 23:41:26,2017-07-18 23:41:26
order_000596,cust_03776,delivered,2017-09-14 20:28:52,2017-09-15 18:28:52,2017-09-18 20:28:52,2017-09-17 20:28:52,2017-09-19 20:28:52
order_000597,cust_02112,delivered,2017-08-27 15:32:42,2017-08-27 16:32:42,2017-08-30 15:32:42,2017-08-31 15:32:42,2017-09-05 15:32:42
order_000598,cust_00206,delivered,2017-09-22 04:23:59,2017-09-22 08:23:59,2017-09-25 04:23:59,2017-10-08 04:23:59,2017-10-10 04:23:59
order_000599,cust_03706,delivered,2018-01-17 14:04:38,2018-01-18 05:04:38,2018-01-19 14:04:38,2018-02-01 14:04:38,2018-02-02 14:04:38
order_000600,cust_03137,delivered,2018-04-06 10:12:52,2018-04-07 04:12:52,2018-04-10 10:12:52,2018-04-22 10:12:52,2018-04-25 10:12:52
order_000601,cust_02066,delivered,2017-08-22 02:59:15,2017-08-22 12:59:15,2017-08-25 02:59:15,2017-09-06 02:59:15,2017-09-10 02:59:15
order_000602,cust_02813,delivered,2018-05-22 23:36:50,2018-05-24 12:36:50,2018-05-24 23:36:50,2018-06-07 23:36:50,2018-06-10 23:36:50
order_000603,cust_00702,delivered,2017-02-24 14:28:54,2017-02-25 12:28:54,2017-02-28 14:28:54,2017-03-05 14:28:54,2017-03-11 14:28:54
order_000604,cust_02248,delivered,2018-05-07 02:19:45,2018-05-07 15:19:45,2018-05-09 02:19:45,2018-05-09 02:19:45,2018-05-13 02:19:45
order_000605,cust_03469,delivered,2018-02-16 08:12:04,2018-02-17 16:12:04,2018-02-20 08:12:04,2018-02-25 08:12:04,2018-03-02 08:12:04
order_000606,cust_01667,delivered,2017-11-07 20:09:17,2017-11-08 18:09:17,2017-11-09 20:09:17,2017-11-12 20:09:17,2017-11-15 20:09:17
order_000607,cust_00148,delivered,2017-08-17 10:36:47,2017-08-18 23:36:47,2017-08-21 10:36:47,2017-08-22 10:36:47,2017-08-23 10:36:47
order_000608,cust_02877,delivered,2017-08-14 11:52:25,2017-08-15 11:52:25,2017-08-16 11:52:25,2017-08-27 11:52:25,2017-08-30 11:52:25
order_000609,cust_02774,delivered,2017-08-08 03:25:09,2017-08-09 15:25:09,2017-08-11 03:25:09,2017-08-12 03:25:09,2017-08-16 03:25:09
order_000610,cust_02811,processing,2018-07-29 02:39:49,2018-07-30 19:39:49,2018-08-01 02:39:49,2018-08-05 02:39:49,2018-08-08 02:39:49
order_000611,cust_02464,delivered,2017-01-17 23:28:12,2017-01-18 03:28:12,2017-01-20 23:28:12,2017-01-25 23:28:12,2017-01-30 23:28:12
order_000612,cust_00521,processing,2018-01-21 22:51:35,2018-01-22 04:51:35,2018-01-23 22:51:35,2018-01-23 22:51:35,2018-01-29 22:51:35
order_000613,cust_00435,delivered,2018-08-25 02:17:14,2018-08-26 13:17:14,2018-08-26 02:17:14,2018-09-07 02:17:14,2018-09-08 02:17:14
order_000614,cust_03012,delivered,2017-11-27 13:10:53,2017-11-28 15:10:53,2017-12-01 13:10:53,2017-12-11 13:10:53,2017-12-12 13:10:53
order_000615,cust_03249,delivered,2018-01-24 16:20:41,2018-01-25 04:20:41,2018-01-25 16:20:41,2018-02-03 16:20:41,2018-02-05 16:20:41
order_000616,cust_00298,delivered,2017-12-30 21:08:07,2017-12-30 23:08:07,2017-12-31 21:08:07,2018-01-01 21:08:07,2018-01-05 21:08:07
order_000617,cust_02207,processing,2017-11-04 13:25:54,2017-11-06 10:25:54,2017-11-08 13:25:54,2017-11-18 13:25:54,2017-11-19 13:25:54
order_000618,cust_01902,delivered,2018-01-18 20:51:30,2018-01-19 01:51:30,2018-01-19 20:51:30,2018-01-27 20:51:30,2018-01-29 20:51:30
order_000619,cust_01330,delivered,2018-07-04 02:54:05,2018-07-05 00:54:05,2018-07-08 02:54:05,2018-07-10 02:54:05,2018-07-13 02:54:05
order_000620,cust_02451,processing,2018-03-10 00:21:04,2018-03-10 11:21:04,2018-03-12 00:21:04,2018-03-27 00:21:04,2018-03-30 00:21:04
order_000621,cust_03474,delivered,2018-06-01 11:09:27,2018-06-02 06:09:27,2018-06-04 11:09:27,2018-06-16 11:09:27,2018-06-22 11:09:27
order_000622,cust_03122,delivered,2017-12-03 06:21:22,2017-12-04 16:21:22,2017-12-04 06:21:22,2017-12-12 06:21:22,2017-12-16 06:21:22
order_000623,cust_00581,delivered,2018-04-16 18:07:24,2018-04-17 18:07:24,2018-04-19 18:07:24,2018-04-25 18:07:24,2018-05-01 18:07:24
order_000624,cust_01759,delivered,2018-06-17 08:05:10,2018-06-17 10:05:10,2018-06-21 08:05:10,2018-07-03 08:05:10,2018-07-08 08:05:10
order_000625,cust_03555,shipped,2017-05-09 09:46:06,2017-05-09 14:46:06,2017-05-12 09:46:06,2017-05-14 09:46:06,2017-05-17 09:46:06
order_000626,cust_00900,delivered,2018-06-07 12:50:12,2018-06-09 09:50:12,2018-06-10 12:50:12,2018-06-15 12:50:12,2018-06-21 12:50:12
order_000627,cust_03245,delivered,2018-02-22 23:04:29,2018-02-23 11:04:29,2018-02-25 23:04:29,2018-03-05 23:04:29,2018-03-11 23:04:29
order_000628,cust_01864,delivered,2017-09-26 01:43:29,2017-09-26 22:43:29,2017-09-28 01:43:29,2017-10-03 01:43:29,2017-10-06 01:43:29
order_000629,cust_01981,delivered,2018-04-16 13:15:42,2018-04-18 02:15:42,2018-04-19 13:15:42,2018-04-23 13:15:42,2018-04-29 13:15:42
order_000630,cust_00950,delivered,2017-04-13 09:20:06,2017-04-15 01:20:06,2017-04-16 09:20:06,2017-04-16 09:20:06,2017-04-18 09:20:06
order_000631,cust_03493,delivered,2018-03-01 00:51:50,2018-03-01 14:51:50,2018-03-02 00:51:50,2018-03-07 00:51:50,2018-03-09 00:51:50
order_000632,cust_02009,delivered,2017-12-17 19:33:04,2017-12-18 06:33:04,2017-12-19 19:33:04,2017-12-24 19:33:04,2017-12-29 19:33:04
order_000633,cust_02184,delivered,2018-06-24 21:56:08,2018-06-25 18:56:08,2018-06-27 21:56:08,2018-07-09 21:56:08,2018-07-14 21:56:08
order_000634,cust_01757,delivered,2018-01-13 04:09:23,2018-01-13 20:09:23,2018-01-14 04:09:23,2018-01-20 04:09:23,2018-01-22 04:09:23
order_000635,cust_00339,delivered,2017-11-16 18:14:01,2017-11-18 03:14:01,2017-11-18 18:14:01,2017-11-20 18:14:01,2017-11-25 18:14:01
order_000636,cust_02965,delivered,2017-11-15 16:49:50,2017-11-17 03:49:50,2017-11-17 16:49:50,2017-11-30 16:49:50,2017-12-04 16:49:50
order_000637,cust_01248,delivered,2017-12-04 16:55:41,2017-12-05 05:55:41,2017-12-07 16:55:41,2017-12-11 16:55:41,2017-12-15 16:55:41
order_000638,cust_00912,delivered,2018-06-26 11:02:52,2018-06-27 05:02:52,2018-06-28 11:02:52,2018-07-12 11:02:52,2018-07-18 11:02:52
order_000639,cust_02971,delivered,2018-04-23 07:41:04,2018-04-24 18:41:04,2018-04-27 07:41:04,2018-04-26 07:41:04,2018-04-27 07:41:04
order_000640,cust_00759,delivered,2017-02-26 01:41:48,2017-02-27 01:41:48,2017-03-01 01:41:48,2017-02-28 01:41:48,2017-03-03 01:41:48
order_000641,cust_02594,delivered,2017-11-20 00:50:16,2017-11-21 02:50:16,2017-11-23 00:50:16,2017-12-06 00:50:16,2017-12-08 00:50:16
order_000642,cust_01801,delivered,2017-06-24 04:15:25,2017-06-25 19:15:25,2017-06-28 04:15:25,2017-06-27 04:15:25,2017-07-01 04:15:25
order_000643,cust_03039,delivered,2017-04-11 12:40:06,2017-04-12 19:40:06,2017-04-12 12:40:06,2017-04-13 12:40:06,2017-04-14 12:40:06
order_000644,cust_00191,delivered,2018-06-11 03:23:05,2018-06-12 10:23:05,2018-06-13 03:23:05,2018-06-23 03:23:05,2018-06-24 03:23:05
order_000645,cust_02943,delivered,2018-06-06 16:28:42,2018-06-07 15:28:42,2018-06-07 16:28:42,2018-06-13 16:28:42,2018-06-18 16:28:42
order_000646,cust_00871,delivered,2018-07-26 14:52:23,2018-07-28 06:52:23,2018-07-29 14:52:23,2018-08-04 14:52:23,2018-08-05 14:52:23
order_000647,cust_03308,shipped,2017-08-28 08:16:11,2017-08-28 10:16:11,2017-08-30 08:16:11,2017-09-05 08:16:11,2017-09-08 08:16:11
order_000648,cust_01344,delivered,2017-09-16 02:05:44,2017-09-16 07:05:44,2017-09-19 02:05:44,2017-09-22 02:05:44,2017-09-28 02:05:44
order_000649,cust_00026,delivered,2018-04-19 12:25:04,2018-04-20 20:25:04,2018-04-23 12:25:04,2018-04-28 12:25:04,2018-05-04 12:25:04
order_000650,cust_01852,delivered,2017-04-28 19:45:11,2017-04-30 00:45:11,2017-04-30 19:45:11,2017-05-04 19:45:11,2017-05-06 19:45:11
order_000651,cust_00207,delivered,2017-02-03 09:27:00,2017-02-03 23:27:00,2017-02-05 09:27:00,2017-02-08 09:27:00,2017-02-14 09:27:00
order_000652,cust_01023,delivered,2017-09-13 19:21:35,2017-09-15 00:21:35,2017-09-15 19:21:35,2017-09-18 19:21:35,2017-09-21 19:21:35
order_000653,cust_02723,delivered,2018-01-18 06:52:08,2018-01-18 12:52:08,2018-01-20 06:52:08,2018-01-21 06:52:08,2018-01-23 06:52:08
order_000654,cust_02130,delivered,2017-10-05 01:55:17,2017-10-06 06:55:17,2017-10-07 01:55:17,2017-10-15 01:55:17,2017-10-19 01:55:17
order_000655,cust_02693,delivered,2017-05-09 15:35:58,2017-05-10 08:35:58,2017-05-11 15:35:58,2017-05-19 15:35:58,2017-05-22 15:35:58
order_000656,cust_03337,delivered,2017-11-12 21:19:00,2017-11-14 01:19:00,2017-11-14 21:19:00,2017-11-14 21:19:00,2017-11-17 21:19:00
order_000657,cust_01778,shipped,2018-07-28 21:12:25,2018-07-29 14:12:25,2018-07-30 21:12:25,2018-08-06 21:12:25,2018-08-09 21:12:25
order_000658,cust_02066,delivered,2017-06-16 23:01:11,2017-06-18 10:01:11,2017-06-18 23:01:11,2017-06-29 23:01:11,2017-06-30 23:01:11
order_000659,cust_00221,delivered,2017-09-01 02:35:10,2017-09-01 08:35:10,2017-09-03 02:35:10,2017-09-03 02:35:10,2017-09-05 02:35:10
order_000660,cust_01089,delivered,2017-07-10 01:02:35,2017-07-11 17:02:35,2017-07-12 01:02:35,2017-07-16 01:02:35,2017-07-18 01:02:35
order_000661,cust_02752,shipped,2017-06-28 13:40:04,2017-06-29 13:40:04,2017-07-01 13:40:04,2017-07-15 13:40:04,2017-07-21 13:40:04
order_000662,cust_00235,shipped,2018-02-03 22:48:28,2018-02-04 09:48:28,2018-02-05 22:48:28,2018-02-11 22:48:28,2018-02-14 22:48:28
order_000663,cust_01365,delivered,2017-08-16 23:56:59,2017-08-18 21:56:59,2017-08-17 23:56:59,2017-08-18 23:56:59,2017-08-22 23:56:59
order_000664,cust_00519,delivered,2018-01-14 06:42:25,2018-01-14 11:42:25,2018-01-18 06:42:25,2018-01-24 06:42:25,2018-01-27 06:42:25
order_000665,cust_03257,shipped,2017-01-12 09:00:16,2017-01-13 11:00:16,2017-01-16 09:00:16,2017-01-20 09:00:16,2017-01-26 09:00:16
order_000666,cust_02132,delivered,2018-02-07 15:57:15,2018-02-07 19:57:15,2018-02-09 15:57:15,2018-02-12 15:57:15,2018-02-17 15:57:15
order_000667,cust_02448,delivered,2017-03-06 21:55:35,2017-03-08 16:55:35,2017-03-09 21:55:35,2017-03-09 21:55:35,2017-03-14 21:55:35
order_000668,cust_02598,delivered,2017-08-18 04:11:44,2017-08-18 12:11:44,2017-08-22 04:11:44,2017-09-03 04:11:44,2017-09-05 04:11:44
order_000669,cust_00852,delivered,2018-06-15 23:24:57,2018-06-16 11:24:57,2018-06-17 23:24:57,2018-06-30 23:24:57,2018-07-02 23:24:57
order_000670,cust_00188,delivered,2017-07-24 19:37:08,2017-07-26 02:37:08,2017-07-25 19:37:08,2017-08-05 19:37:08,2017-08-11 19:37:08
order_000671,cust_01511,delivered,2018-03-01 01:38:03,2018-03-02 19:38:03,2018-03-03 01:38:03,2018-03-03 01:38:03,2018-03-09 01:38:03
order_000672,cust_00705,delivered,2017-08-02 20:12:21,2017-08-03 16:12:21,2017-08-04 20:12:21,2017-08-17 20:12:21,2017-08-19 20:12:21
order_000673,cust_01223,delivered,2018-07-03 15:23:57,2018-07-04 04:23:57,2018-07-05 15:23:57,2018-07-12 15:23:57,2018-07-15 15:23:57
order_000674,cust_01212,delivered,2018-08-02 23:28:48,2018-08-03 16:28:48,2018-08-05 23:28:48,2018-08-11 23:28:48,2018-08-13 23:28:48
order_000675,cust_02971,delivered,2018-07-07 05:01:30,2018-07-09 01:01:30,2018-07-09 05:01:30,2018-07-23 05:01:30,2018-07-28 05:01:30
order_000676,cust_01215,delivered,2017-08-29 23:49:14,2017-08-31 18:49:14,2017-09-01 23:49:14,2017-09-06 23:49:14,2017-09-12 23:49:14
order_000677,cust_00575,delivered,2017-07-13 01:08:29,2017-07-13 07:08:29,2017-07-14 01:08:29,2017-07-18 01:08:29,2017-07-24 01:08:29
order_000678,cust_03641,delivered,2018-01-04 01:49:14,2018-01-05 20:49:14,2018-01-08 01:49:14,2018-01-09 01:49:14,2018-01-15 01:49:14
order_000679,cust_00186,delivered,2018-05-12 10:44:42,2018-05-14 02:44:42,2018-05-14 10:44:42,2018-05-28 10:44:42,2018-05-31 10:44:42
order_000680,cust_00774,delivered,2017-11-14 15:47:28,2017-11-15 17:47:28,2017-11-16 15:47:28,2017-11-24 15:47:28,2017-11-26 15:47:28
order_000681,cust_01319,delivered,2018-03-25 04:00:21,2018-03-25 17:00:21,2018-03-26 04:00:21,2018-04-05 04:00:21,2018-04-11 04:00:21
order_000682,cust_00237,delivered,2018-06-17 06:33:11,2018-06-18 04:33:11,2018-06-19 06:33:11,2018-06-28 06:33:11,2018-07-01 06:33:11
order_000683,cust_03417,delivered,2018-04-03 09:21:24,2018-04-04 22:21:24,2018-04-07 09:21:24,2018-04-08 09:21:24,2018-04-10 09:21:24
order_000684,cust_01341,delivered,2017-08-13 03:00:49,2017-08-13 16:00:49,2017-08-16 03:00:49,2017-08-21 03:00:49,2017-08-27 03:00:49
order_000685,cust_02972,delivered,2017-06-01 04:13:24,2017-06-01 21:13:24,2017-06-04 04:13:24,2017-06-18 04:13:24,2017-06-21 04:13:24
order_000686,cust_00510,delivered,2017-09-21 03:34:15,2017-09-22 01:34:15,2017-09-24 03:34:15,2017-09-25 03:34:15,2017-09-26 03:34:15
order_000687,cust_01982,delivered,2017-12-16 22:53:48,2017-12-17 02:53:48,2017-12-18 22:53:48,2018-01-02 22:53:48,2018-01-08 22:53:48
order_000688,cust_00481,delivered,2018-05-28 22:28:28,2018-05-29 18:28:28,2018-06-01 22:28:28,2018-06-03 22:28:28,2018-06-05 22:28:28
order_000689,cust_00880,shipped,2017-07-02 15:05:08,2017-07-02 22:05:08,2017-07-04 15:05:08,2017-07-08 15:05:08,2017-07-10 15:05:08
order_000690,cust_01548,delivered,2017-04-08 16:24:27,2017-04-08 17:24:27,2017-04-12 16:24:27,2017-04-10 16:24:27,2017-04-14 16:24:27
order_000691,cust_03278,delivered,2017-07-11 03:17:24,2017-07-11 22:17:24,2017-07-15 03:17:24,2017-07-23 03:17:24,2017-07-25 03:17:24
order_000692,cust_01164,delivered,2017-12-28 01:12:39,2017-12-29 13:12:39,2017-12-29 01:12:39,2018-01-04 01:12:39,2018-01-09 01:12:39
order_000693,cust_02868,delivered,2017-05-22 09:02:52,2017-05-24 08:02:52,2017-05-23 09:02:52,2017-05-31 09:02:52,2017-06-05 09:02:52
order_000694,cust_00348,delivered,2017-09-01 23:37:17,2017-09-02 20:37:17,2017-09-05 23:37:17,2017-09-12 23:37:17,2017-09-16 23:37:17
order_000695,cust_00955,delivered,2017-06-06 11:28:09,2017-06-07 23:28:09,2017-06-07 11:28:09,2017-06-18 11:28:09,2017-06-20 11:28:09
order_000696,cust_02296,shipped,2018-08-23 19:23:14,2018-08-24 06:23:14,2018-08-26 19:23:14,2018-09-09 19:23:14,2018-09-12 19:23:14
order_000697,cust_01779,delivered,2017-11-08 08:52:35,2017-11-09 14:52:35,2017-11-09 08:52:35,2017-11-18 08:52:35,2017-11-20 08:52:35
order_000698,cust_01906,shipped,2018-03-15 07:25:13,2018-03-16 15:25:13,2018-03-18 07:25:13,2018-03-19 07:25:13,2018-03-25 07:25:13
order_000699,cust_02577,delivered,2017-11-13 19:29:28,2017-11-14 11:29:28,2017-11-16 19:29:28,2017-11-26 19:29:28,2017-12-01 19:29:28
order_000700,cust_00292,delivered,2017-01-07 11:18:02,2017-01-08 09:18:02,2017-01-09 11:18:02,2017-01-09 11:18:02,2017-01-10 11:18:02
order_000701,cust_02642,delivered,2017-06-10 17:34:00,2017-06-12 01:34:00,2017-06-14 17:34:00,2017-06-25 17:34:00,2017-06-29 17:34:00
order_000702,cust_03278,delivered,2018-05-26 17:26:16,2018-05-27 08:26:16,2018-05-30 17:26:16,2018-06-01 17:26:16,2018-06-06 17:26:16
order_000703,cust_02911,delivered,2017-11-07 17:27:00,2017-11-08 22:27:00,2017-11-08 17:27:00,2017-11-20 17:27:00,2017-11-24 17:27:00
order_000704,cust_01081,delivered,2018-03-04 16:13:29,2018-03-05 03:13:29,2018-03-07 16:13:29,2018-03-08 16:13:29,2018-03-09 16:13:29
order_000705,cust_01333,shipped,2018-04-09 19:25:34,2018-04-10 21:25:34,2018-04-12 19:25:34,2018-04-17 19:25:34,2018-04-18 19:25:34
order_000706,cust_03653,delivered,2017-12-08 11:06:50,2017-12-08 14:06:50,2017-12-10 11:06:50,2017-12-21 11:06:50,2017-12-26 11:06:50
order_000707,cust_03001,processing,2017-12-18 07:16:34,2017-12-19 04:16:34,2017-12-22 07:16:34,2017-12-29 07:16:34,2018-01-02 07:16:34
order_000708,cust_03539,delivered,2017-05-24 12:17:50,2017-05-25 12:17:50,2017-05-26 12:17:50,2017-05-26 12:17:50,2017-05-30 12:17:50
order_000709,cust_03471,delivered,2017-06-01 07:47:25,2017-06-02 22:47:25,2017-06-03 07:47:25,2017-06-03 07:47:25,2017-06-05 07:47:25
order_000710,cust_01649,delivered,2017-04-01 01:02:13,2017-04-01 19:02:13,2017-04-04 01:02:13,2017-04-18 01:02:13,2017-04-20 01:02:13
order_000711,cust_00491,delivered,2017-06-30 08:41:00,2017-06-30 09:41:00,2017-07-01 08:41:00,2017-07-10 08:41:00,2017-07-13 08:41:00
order_000712,cust_00868,delivered,2018-01-18 12:00:54,2018-01-18 14:00:54,2018-01-22 12:00:54,2018-02-02 12:00:54,2018-02-06 12:00:54
order_000713,cust_01117,delivered,2018-07-19 12:29:21,2018-07-20 14:29:21,2018-07-21 12:29:21,2018-07-22 12:29:21,2018-07-25 12:29:21
order_000714,cust_03172,delivered,2017-09-25 08:09:57,2017-09-26 23:09:57,2017-09-27 08:09:57,2017-10-04 08:09:57,2017-10-10 08:09:57
order_000715,cust_01049,delivered,2018-01-02 17:24:41,2018-01-04 11:24:41,2018-01-05 17:24:41,2018-01-13 17:24:41,2018-01-15 17:24:41
order_000716,cust_01372,delivered,2018-06-08 06:50:28,2018-06-09 20:50:28,2018-06-12 06:50:28,2018-06-24 06:50:28,2018-06-27 06:50:28
order_000717,cust_03234,delivered,2018-02-16 15:32:30,2018-02-17 07:32:30,2018-02-20 15:32:30,2018-03-01 15:32:30,2018-03-03 15:32:30
order_000718,cust_00621,canceled,2017-06-09 06:28:15,2017-06-10 06:28:15,2017-06-11 06:28:15,2017-06-21 06:28:15,2017-06-22 06:28:15
order_000719,cust_02521,delivered,2017-06-20 23:40:43,2017-06-22 17:40:43,2017-06-23 23:40:43,2017-06-26 23:40:43,2017-06-29 23:40:43
order_000720,cust_02096,delivered,2018-01-23 15:34:29,2018-01-25 07:34:29,2018-01-25 15:34:29,2018-02-09 15:34:29,2018-02-10 15:34:29
order_000721,cust_03740,delivered,2017-06-24 13:21:50,2017-06-25 11:21:50,2017-06-27 13:21:50,2017-07-01 13:21:50,2017-07-04 13:21:50
order_000722,cust_01859,delivered,2017-06-01 10:18:07,2017-06-02 09:18:07,2017-06-04 10:18:07,2017-06-07 10:18:07,2017-06-11 10:18:07
order_000723,cust_01980,delivered,2017-12-26 18:08:35,2017-12-26 22:08:35,2017-12-29 18:08:35,2018-01-08 18:08:35,2018-01-11 18:08:35
order_000724,cust_03230,delivered,2018-01-22 10:13:09,2018-01-22 18:13:09,2018-01-23 10:13:09,2018-02-08 10:13:09,2018-02-13 10:13:09
order_000725,cust_03768,delivered,2017-06-04 19:16:39,2017-06-05 20:16:39,2017-06-05 19:16:39,2017-06-19 19:16:39,2017-06-21 19:16:39
order_000726,cust_02771,delivered,2017-01-30 03:49:13,2017-01-31 04:49:13,2017-01-31 03:49:13,2017-02-03 03:49:13,2017-02-06 03:49:13
order_000727,cust_02652,delivered,2018-04-13 19:41:05,2018-04-14 23:41:05,2018-04-14 19:41:05,2018-04-28 19:41:05,2018-05-04 19:41:05
order_000728,cust_03329,delivered,2017-08-27 23:05:05,2017-08-28 14:05:05,2017-08-30 23:05:05,2017-09-03 23:05:05,2017-09-05 23:05:05
order_000729,cust_03722,delivered,2018-01-20 05:49:20,2018-01-20 16:49:20,2018-01-21 05:49:20,2018-01-25 05:49:20,2018-01-29 05:49:20
order_000730,cust_02791,delivered,2017-04-15 05:22:27,2017-04-16 03:22:27,2017-04-16 05:22:27,2017-05-01 05:22:27,2017-05-06 05:22:27
order_000731,cust_01111,delivered,2017-07-11 22:55:01,2017-07-13 16:55:01,2017-07-13 22:55:01,2017-07-28 22:55:01,2017-07-31 22:55:01
order_000732,cust_02440,canceled,2018-01-04 09:44:47,2018-01-06 07:44:47,2018-01-05 09:44:47,2018-01-11 09:44:47,2018-01-13 09:44:47
order_000733,cust_00897,delivered,2017-03-17 16:41:20,2017-03-17 19:41:20,2017-03-21 16:41:20,2017-03-19 16:41:20,2017-03-24 16:41:20
order_000734,cust_01900,delivered,2017-07-12 04:33:53,2017-07-12 21:33:53,2017-07-13 04:33:53,2017-07-17 04:33:53,2017-07-18 04:33:53
order_000735,cust_01688,delivered,2018-03-14 10:15:39,2018-03-15 11:15:39,2018-03-15 10:15:39,2018-03-24 10:15:39,2018-03-26 10:15:39
order_000736,cust_03752,delivered,2018-04-15 16:52:31,2018-04-16 03:52:31,2018-04-16 16:52:31,2018-04-17 16:52:31,2018-04-20 16:52:31
order_000737,cust_02106,delivered,2017-08-03 21:28:34,2017-08-04 14:28:34,2017-08-04 21:28:34,2017-08-08 21:28:34,2017-08-10 21:28:34
order_000738,cust_03644,delivered,2017-03-11 10:28:01,2017-03-11 17:28:01,2017-03-13 10:28:01,2017-03-15 10:28:01,2017-03-19 10:28:01
order_000739,cust_03070,delivered,2017-01-16 01:48:12,2017-01-16 23:48:12,2017-01-17 01:48:12,2017-02-02 01:48:12,2017-02-06 01:48:12
order_000740,cust_03225,delivered,2017-12-05 09:55:39,2017-12-07 03:55:39,2017-12-07 09:55:39,2017-12-12 09:55:39,2017-12-18 09:55:39
order_000741,cust_00643,delivered,2018-02-26 15:25:47,2018-02-28 11:25:47,2018-02-27 15:25:47,2018-03-06 15:25:47,2018-03-10 15:25:47
order_000742,cust_02946,delivered,2017-12-27 21:00:08,2017-12-27 22:00:08,2017-12-31 21:00:08,2018-01-04 21:00:08,2018-01-08 21:00:08
order_000743,cust_00955,delivered,2017-09-04 20:00:46,2017-09-06 02:00:46,2017-09-08 20:00:46,2017-09-06 20:00:46,2017-09-11 20:00:46
order_000744,cust_02194,processing,2017-01-14 18:13:39,2017-01-16 13:13:39,2017-01-17 18:13:39,2017-01-24 18:13:39,2017-01-26 18:13:39
order_000745,cust_01847,delivered,2017-05-18 03:58:02,2017-05-19 16:58:02,2017-05-21 03:58:02,2017-06-03 03:58:02,2017-06-06 03:58:02
order_000746,cust_00987,processing,2017-01-22 12:28:37,2017-01-22 15:28:37,2017-01-25 12:28:37,2017-02-06 12:28:37,2017-02-11 12:28:37
order_000747,cust_03742,delivered,2017-10-09 13:49:35,2017-10-10 08:49:35,2017-10-13 13:49:35,2017-10-15 13:49:35,2017-10-17 13:49:35
order_000748,cust_03326,delivered,2017-07-07 11:14:46,2017-07-08 23:14:46,2017-07-08 11:14:46,2017-07-09 11:14:46,2017-07-11 11:14:46
order_000749,cust_02182,shipped,2017-02-13 22:09:10,2017-02-15 21:09:10,2017-02-16 22:09:10,2017-02-27 22:09:10,2017-03-01 22:09:10
order_000750,cust_00041,delivered,2018-01-06 23:02:15,2018-01-07 13:02:15,2018-01-07 23:02:15,2018-01-21 23:02:15,2018-01-27 23:02:15
order_000751,cust_00696,delivered,2017-08-14 05:02:43,2017-08-14 19:02:43,2017-08-16 05:02:43,2017-08-30 05:02:43,2017-09-02 05:02:43
order_000752,cust_00864,canceled,2018-08-09 22:57:18,2018-08-10 10:57:18,2018-08-13 22:57:18,2018-08-20 22:57:18,2018-08-22 22:57:18
order_000753,cust_03693,delivered,2017-09-11 20:18:57,2017-09-13 15:18:57,2017-09-14 20:18:57,2017-09-20 20:18:57,2017-09-25 20:18:57
order_000754,cust_01534,shipped,2017-02-25 16:54:52,2017-02-26 01:54:52,2017-02-28 16:54:52,2017-03-11 16:54:52,2017-03-17 16:54:52
order_000755,cust_00177,delivered,2018-03-05 09:09:16,2018-03-06 03:09:16,2018-03-06 09:09:16,2018-03-18 09:09:16,2018-03-19 09:09:16
order_000756,cust_02227,delivered,2018-03-04 18:14:36,2018-03-05 01:14:36,2018-03-08 18:14:36,2018-03-18 18:14:36,2018-03-24 18:14:36
order_000757,cust_03611,delivered,2018-07-19 14:04:05,2018-07-21 11:04:05,2018-07-22 14:04:05,2018-07-25 14:04:05,2018-07-30 14:04:05
order_000758,cust_02131,delivered,2018-02-26 21:34:41,2018-02-27 01:34:41,2018-02-28 21:34:41,2018-03-14 21:34:41,2018-03-20 21:34:41
order_000759,cust_01687,shipped,2017-08-08 17:04:13,2017-08-09 17:04:13,2017-08-10 17:04:13,2017-08-10 17:04:13,2017-08-11 17:04:13
order_000760,cust_00668,delivered,2018-02-12 23:08:36,2018-02-13 07:08:36,2018-02-15 23:08:36,2018-02-15 23:08:36,2018-02-16 23:08:36
order_000761,cust_03339,delivered,2018-05-01 10:03:41,2018-05-02 06:03:41,2018-05-05 10:03:41,2018-05-13 10:03:41,2018-05-16 10:03:41
order_000762,cust_00398,shipped,2017-11-10 01:58:28,2017-11-11 05:58:28,2017-11-13 01:58:28,2017-11-21 01:58:28,2017-11-27 01:58:28
order_000763,cust_03547,shipped,2018-04-29 11:48:26,2018-04-30 20:48:26,2018-05-03 11:48:26,2018-05-09 11:48:26,2018-05-12 11:48:26
order_000764,cust_00844,delivered,2018-08-11 23:56:10,2018-08-13 02:56:10,2018-08-12 23:56:10,2018-08-27 23:56:10,2018-09-01 23:56:10
order_000765,cust_00525,delivered,2018-04-04 15:43:16,2018-04-05 12:43:16,2018-04-07 15:43:16,2018-04-19 15:43:16,2018-04-21 15:43:16
order_000766,cust_01325,shipped,2017-11-02 16:52:21,2017-11-03 06:52:21,2017-11-06 16:52:21,2017-11-15 16:52:21,2017-11-18 16:52:21
order_000767,cust_00018,delivered,2017-10-27 15:00:28,2017-10-29 05:00:28,2017-10-30 15:00:28,2017-10-31 15:00:28,2017-11-06 15:00:28
order_000768,cust_00053,delivered,2018-05-25 14:13:33,2018-05-26 22:13:33,2018-05-27 14:13:33,2018-05-28 14:13:33,2018-05-31 14:13:33
order_000769,cust_00708,delivered,2018-06-15 01:28:21,2018-06-16 09:28:21,2018-06-17 01:28:21,2018-06-19 01:28:21,2018-06-24 01:28:21
order_000770,cust_02631,delivered,2017-06-09 09:54:57,2017-06-10 22:54:57,2017-06-11 09:54:57,2017-06-20 09:54:57,2017-06-24 09:54:57
order_000771,cust_03094,canceled,2017-01-06 02:04:29,2017-01-06 13:04:29,2017-01-08 02:04:29,2017-01-19 02:04:29,2017-01-21 02:04:29
order_000772,cust_00941,delivered,2018-05-06 08:04:24,2018-05-08 07:04:24,2018-05-07 08:04:24,2018-05-20 08:04:24,2018-05-26 08:04:24
order_000773,cust_02449,delivered,2017-05-24 17:16:32,2017-05-26 13:16:32,2017-05-25 17:16:32,2017-05-27 17:16:32,2017-06-02 17:16:32
order_000774,cust_01335,delivered,2018-08-29 19:18:03,2018-08-30 16:18:03,2018-09-01 19:18:03,2018-09-04 19:18:03,2018-09-09 19:18:03
order_000775,cust_01645,delivered,2017-01-22 05:22:00,2017-01-22 15:22:00,2017-01-23 05:22:00,2017-01-29 05:22:00,2017-02-01 05:22:00
order_000776,cust_01272,delivered,2018-07-08 15:42:23,2018-07-09 09:42:23,2018-07-12 15:42:23,2018-07-20 15:42:23,2018-07-23 15:42:23
order_000777,cust_03387,shipped,2018-02-17 05:26:07,2018-02-18 00:26:07,2018-02-21 05:26:07,2018-02-19 05:26:07,2018-02-21 05:26:07
order_000778,cust_01944,delivered,2017-07-04 04:49:00,2017-07-06 02:49:00,2017-07-06 04:49:00,2017-07-19 04:49:00,2017-07-23 04:49:00
order_000779,cust_01923,delivered,2017-01-22 23:02:23,2017-01-23 13:02:23,2017-01-24 23:02:23,2017-01-25 23:02:23,2017-01-27 23:02:23
order_000780,cust_03267,delivered,2018-05-30 14:38:16,2018-06-01 11:38:16,2018-06-03 14:38:16,2018-06-09 14:38:16,2018-06-11 14:38:16
order_000781,cust_02497,delivered,2017-03-14 04:44:24,2017-03-14 15:44:24,2017-03-15 04:44:24,2017-03-30 04:44:24,2017-03-31 04:44:24
order_000782,cust_00567,delivered,2017-02-27 03:23:16,2017-02-28 23:23:16,2017-03-01 03:23:16,2017-03-04 03:23:16,2017-03-07 03:23:16
order_000783,cust_00717,delivered,2018-04-26 01:11:16,2018-04-27 21:11:16,2018-04-29 01:11:16,2018-05-08 01:11:16,2018-05-13 01:11:16
order_000784,cust_01294,delivered,2018-02-17 11:55:29,2018-02-18 16:55:29,2018-02-21 11:55:29,2018-02-27 11:55:29,2018-03-04 11:55:29
order_000785,cust_00371,delivered,2017-03-19 02:25:46,2017-03-19 08:25:46,2017-03-21 02:25:46,2017-04-03 02:25:46,2017-04-09 02:25:46
order_000786,cust_02629,delivered,2017-07-28 14:00:10,2017-07-29 20:00:10,2017-07-31 14:00:10,2017-08-08 14:00:10,2017-08-12 14:00:10
order_000787,cust_01882,delivered,2018-02-10 10:24:37,2018-02-12 05:24:37,2018-02-11 10:24:37,2018-02-25 10:24:37,2018-03-03 10:24:37
order_000788,cust_00168,delivered,2018-02-05 15:15:23,2018-02-07 11:15:23,2018-02-09 15:15:23,2018-02-13 15:15:23,2018-02-18 15:15:23
order_000789,cust_01521,delivered,2017-08-09 04:58:48,2017-08-10 02:58:48,2017-08-12 04:58:48,2017-08-13 04:58:48,2017-08-18 04:58:48
order_000790,cust_03153,delivered,2017-09-08 03:29:10,2017-09-09 02:29:10,2017-09-11 03:29:10,2017-09-20 03:29:10,2017-09-24 03:29:10
order_000791,cust_03446,delivered,2017-02-18 02:25:07,2017-02-18 21:25:07,2017-02-19 02:25:07,2017-03-07 02:25:07,2017-03-08 02:25:07
order_000792,cust_03654,delivered,2017-01-06 02:17:39,2017-01-06 13:17:39,2017-01-08 02:17:39,2017-01-14 02:17:39,2017-01-17 02:17:39
order_000793,cust_03505,delivered,2018-08-12 01:44:06,2018-08-13 08:44:06,2018-08-15 01:44:06,2018-08-27 01:44:06,2018-09-02 01:44:06
order_000794,cust_02309,delivered,2017-05-21 06:12:32,2017-05-23 05:12:32,2017-05-23 06:12:32,2017-06-06 06:12:32,2017-06-11 06:12:32
order_000795,cust_03523,delivered,2018-07-18 19:12:37,2018-07-19 08:12:37,2018-07-22 19:12:37,2018-07-30 19:12:37,2018-07-31 19:12:37
order_000796,cust_03634,delivered,2017-01-26 14:34:07,2017-01-28 06:34:07,2017-01-30 14:34:07,2017-02-09 14:34:07,2017-02-10 14:34:07
order_000797,cust_02414,delivered,2018-08-25 06:00:31,2018-08-25 11:00:31,2018-08-26 06:00:31,2018-09-05 06:00:31,2018-09-09 06:00:31
order_000798,cust_01569,delivered,2017-09-17 22:21:37,2017-09-18 01:21:37,2017-09-21 22:21:37,2017-10-01 22:21:37,2017-10-07 22:21:37
order_000799,cust_03671,delivered,2018-05-06 18:15:55,2018-05-08 13:15:55,2018-05-08 18:15:55,2018-05-13 18:15:55,2018-05-18 18:15:55
order_000800,cust_01577,delivered,2018-05-26 18:41:56,2018-05-27 00:41:56,2018-05-29 18:41:56,2018-06-05 18:41:56,2018-06-11 18:41:56
order_000801,cust_00632,delivered,2017-08-02 21:33:55,2017-08-03 17:33:55,2017-08-04 21:33:55,2017-08-05 21:33:55,2017-08-06 21:33:55
order_000802,cust_00403,delivered,2018-03-25 17:53:49,2018-03-27 11:53:49,2018-03-28 17:53:49,2018-03-30 17:53:49,2018-04-05 17:53:49
order_000803,cust_02156,shipped,2017-07-23 22:57:46,2017-07-24 15:57:46,2017-07-25 22:57:46,2017-08-03 22:57:46,2017-08-04 22:57:46
order_000804,cust_00134,delivered,2018-04-25 07:55:32,2018-04-25 22:55:32,2018-04-27 07:55:32,2018-05-08 07:55:32,2018-05-14 07:55:32
order_000805,cust_00450,delivered,2018-08-07 20:32:52,2018-08-07 22:32:52,2018-08-10 20:32:52,2018-08-09 20:32:52,2018-08-15 20:32:52
order_000806,cust_00929,delivered,2018-05-06 02:40:51,2018-05-07 11:40:51,2018-05-07 02:40:51,2018-05-09 02:40:51,2018-05-13 02:40:51
order_000807,cust_02013,delivered,2018-03-19 07:12:12,2018-03-19 23:12:12,2018-03-21 07:12:12,2018-03-21 07:12:12,2018-03-25 07:12:12
order_000808,cust_01816,delivered,2017-08-15 21:24:23,2017-08-16 03:24:23,2017-08-16 21:24:23,2017-08-25 21:24:23,2017-08-28 21:24:23
order_000809,cust_01942,delivered,2017-03-08 03:12:05,2017-03-09 02:12:05,2017-03-09 03:12:05,2017-03-15 03:12:05,2017-03-19 03:12:05
order_000810,cust_01929,delivered,2017-11-04 12:01:13,2017-11-04 21:01:13,2017-11-07 12:01:13,2017-11-06 12:01:13,2017-11-11 12:01:13
order_000811,cust_03777,delivered,2017-03-20 08:10:23,2017-03-22 00:10:23,2017-03-22 08:10:23,2017-04-03 08:10:23,2017-04-05 08:10:23
order_000812,cust_00826,delivered,2017-11-06 02:24:44,2017-11-07 14:24:44,2017-11-09 02:24:44,2017-11-16 02:24:44,2017-11-18 02:24:44
order_000813,cust_01801,delivered,2018-06-13 05:39:44,2018-06-15 04:39:44,2018-06-17 05:39:44,2018-06-15 05:39:44,2018-06-21 05:39:44
order_000814,cust_02328,delivered,2017-03-10 12:50:21,2017-03-12 11:50:21,2017-03-13 12:50:21,2017-03-22 12:50:21,2017-03-28 12:50:21
order_000815,cust_01040,delivered,2018-07-02 15:08:12,2018-07-04 07:08:12,2018-07-04 15:08:12,2018-07-18 15:08:12,2018-07-22 15:08:12
order_000816,cust_00688,delivered,2017-12-30 16:12:35,2017-12-31 16:12:35,2018-01-02 16:12:35,2018-01-07 16:12:35,2018-01-09 16:12:35
order_000817,cust_00177,delivered,2017-01-29 03:09:19,2017-01-29 12:09:19,2017-02-02 03:09:19,2017-02-15 03:09:19,2017-02-21 03:09:19
order_000818,cust_01239,delivered,2018-03-14 07:40:39,2018-03-14 10:40:39,2018-03-16 07:40:39,2018-03-22 07:40:39,2018-03-28 07:40:39
order_000819,cust_00965,delivered,2017-01-01 02:29:58,2017-01-01 07:29:58,2017-01-03 02:29:58,2017-01-04 02:29:58,2017-01-06 02:29:58
order_000820,cust_00743,delivered,2018-01-07 00:13:19,2018-01-07 12:13:19,2018-01-08 00:13:19,2018-01-10 00:13:19,2018-01-14 00:13:19
order_000821,cust_01030,delivered,2017-11-05 09:22:23,2017-11-07 03:22:23,2017-11-06 09:22:23,2017-11-08 09:22:23,2017-11-11 09:22:23
order_000822,cust_02647,delivered,2018-03-30 14:55:06,2018-03-31 00:55:06,2018-03-31 14:55:06,2018-04-05 14:55:06,2018-04-11 14:55:06
order_000823,cust_03144,delivered,2017-08-17 08:53:57,2017-08-17 13:53:57,2017-08-18 08:53:57,2017-08-25 08:53:57,2017-08-30 08:53:57
order_000824,cust_01962,delivered,2017-03-14 00:57:44,2017-03-15 20:57:44,2017-03-15 00:57:44,2017-03-23 00:57:44,2017-03-26 00:57:44
order_000825,cust_00252,delivered,2017-08-24 05:16:44,2017-08-25 02:16:44,2017-08-28 05:16:44,2017-09-02 05:16:44,2017-09-08 05:16:44
order_000826,cust_02797,delivered,2018-04-08 10:23:13,2018-04-09 06:23:13,2018-04-11 10:23:13,2018-04-23 10:23:13,2018-04-27 10:23:13
order_000827,cust_00577,delivered,2018-08-03 08:32:16,2018-08-03 23:32:16,2018-08-04 08:32:16,2018-08-05 08:32:16,2018-08-08 08:32:16
order_000828,cust_00217,delivered,2017-05-07 19:47:40,2017-05-09 16:47:40,2017-05-11 19:47:40,2017-05-23 19:47:40,2017-05-29 19:47:40
order_000829,cust_02160,delivered,2017-08-02 14:21:05,2017-08-03 07:21:05,2017-08-06 14:21:05,2017-08-07 14:21:05,2017-08-10 14:21:05
order_000830,cust_01616,processing,2018-06-18 23:58:20,2018-06-20 16:58:20,2018-06-22 23:58:20,2018-07-05 23:58:20,2018-07-08 23:58:20
order_000831,cust_01184,delivered,2017-07-10 04:12:43,2017-07-12 03:12:43,2017-07-14 04:12:43,2017-07-14 04:12:43,2017-07-17 04:12:43
order_000832,cust_03674,delivered,2017-05-29 08:53:14,2017-05-30 06:53:14,2017-05-30 08:53:14,2017-06-01 08:53:14,2017-06-03 08:53:14
order_000833,cust_00346,delivered,2018-05-21 02:05:46,2018-05-22 11:05:46,2018-05-24 02:05:46,2018-05-24 02:05:46,2018-05-26 02:05:46
order_000834,cust_00203,delivered,2017-10-27 00:28:58,2017-10-27 02:28:58,2017-10-31 00:28:58,2017-11-02 00:28:58,2017-11-03 00:28:58
order_000835,cust_02232,delivered,2017-12-21 22:10:31,2017-12-23 11:10:31,2017-12-22 22:10:31,2018-01-07 22:10:31,2018-01-12 22:10:31
order_000836,cust_01589,canceled,2017-10-24 11:49:46,2017-10-26 09:49:46,2017-10-27 11:49:46,2017-11-02 11:49:46,2017-11-06 11:49:46
order_000837,cust_03045,delivered,2018-01-02 15:50:07,2018-01-03 01:50:07,2018-01-03 15:50:07,2018-01-06 15:50:07,2018-01-12 15:50:07
order_000838,cust_00153,delivered,2017-06-13 06:37:50,2017-06-13 07:37:50,2017-06-15 06:37:50,2017-06-25 06:37:50,2017-06-29 06:37:50
order_000839,cust_01593,delivered,2018-03-22 01:14:12,2018-03-22 04:14:12,2018-03-26 01:14:12,2018-04-01 01:14:12,2018-04-02 01:14:12
order_000840,cust_00557,delivered,2017-08-08 21:25:35,2017-08-10 14:25:35,2017-08-11 21:25:35,2017-08-21 21:25:35,2017-08-25 21:25:35
order_000841,cust_00156,delivered,2017-11-15 15:48:07,2017-11-16 03:48:07,2017-11-17 15:48:07,2017-11-28 15:48:07,2017-11-30 15:48:07
order_000842,cust_01757,canceled,2017-04-23 17:04:33,2017-04-24 13:04:33,2017-04-27 17:04:33,2017-05-07 17:04:33,2017-05-08 17:04:33
order_000843,cust_02792,delivered,2017-01-07 12:48:04,2017-01-08 04:48:04,2017-01-08 12:48:04,2017-01-11 12:48:04,2017-01-15 12:48:04
order_000844,cust_00598,processing,2017-12-13 09:42:13,2017-12-14 00:42:13,2017-12-15 09:42:13,2017-12-22 09:42:13,2017-12-23 09:42:13
order_000845,cust_03200,delivered,2017-03-26 10:08:04,2017-03-26 18:08:04,2017-03-28 10:08:04,2017-04-07 10:08:04,2017-04-10 10:08:04
order_000846,cust_01971,delivered,2018-07-10 18:17:19,2018-07-11 14:17:19,2018-07-13 18:17:19,2018-07-20 18:17:19,2018-07-26 18:17:19
order_000847,cust_01825,delivered,2018-08-07 05:27:15,2018-08-09 01:27:15,2018-08-09 05:27:15,2018-08-24 05:27:15,2018-08-26 05:27:15
order_000848,cust_03506,delivered,2017-07-12 08:11:20,2017-07-13 01:11:20,2017-07-14 08:11:20,2017-07-29 08:11:20,2017-08-03 08:11:20
order_000849,cust_01250,delivered,2017-06-25 07:22:42,2017-06-26 21:22:42,2017-06-28 07:22:42,2017-07-09 07:22:42,2017-07-12 07:22:42
order_000850,cust_00761,delivered,2017-11-05 12:31:20,2017-11-06 21:31:20,2017-11-06 12:31:20,2017-11-10 12:31:20,2017-11-11 12:31:20
order_000851,cust_02987,delivered,2017-05-05 23:13:24,2017-05-07 13:13:24,2017-05-06 23:13:24,2017-05-15 23:13:24,2017-05-17 23:13:24
order_000852,cust_00407,delivered,2018-06-09 22:08:48,2018-06-11 01:08:48,2018-06-10 22:08:48,2018-06-23 22:08:48,2018-06-24 22:08:48
order_000853,cust_03313,delivered,2017-03-03 13:04:31,2017-03-04 07:04:31,2017-03-05 13:04:31,2017-03-09 13:04:31,2017-03-10 13:04:31
order_000854,cust_03136,shipped,2017-10-03 04:48:13,2017-10-03 17:48:13,2017-10-04 04:48:13,2017-10-16 04:48:13,2017-10-17 04:48:13
order_000855,cust_03712,delivered,2017-04-25 22:34:11,2017-04-26 12:34:11,2017-04-26 22:34:11,2017-04-30 22:34:11,2017-05-06 22:34:11
order_000856,cust_01749,delivered,2018-05-21 07:30:48,2018-05-22 08:30:48,2018-05-24 07:30:48,2018-05-25 07:30:48,2018-05-30 07:30:48
order_000857,cust_02364,delivered,2017-03-29 08:33:06,2017-03-30 03:33:06,2017-04-01 08:33:06,2017-04-03 08:33:06,2017-04-06 08:33:06
order_000858,cust_03353,delivered,2017-09-29 21:15:15,2017-09-30 17:15:15,2017-09-30 21:15:15,2017-10-15 21:15:15,2017-10-20 21:15:15
order_000859,cust_00500,delivered,2018-05-22 06:19:11,2018-05-23 00:19:11,2018-05-24 06:19:11,2018-06-08 06:19:11,2018-06-10 06:19:11
order_000860,cust_01163,delivered,2017-09-25 11:05:06,2017-09-27 07:05:06,2017-09-28 11:05:06,2017-10-10 11:05:06,2017-10-14 11:05:06
order_000861,cust_01793,delivered,2017-04-23 22:00:08,2017-04-25 05:00:08,2017-04-27 22:00:08,2017-04-29 22:00:08,2017-05-01 22:00:08
order_000862,cust_02384,delivered,2017-04-06 07:37:45,2017-04-08 01:37:45,2017-04-10 07:37:45,2017-04-20 07:37:45,2017-04-24 07:37:45
order_000863,cust_02580,delivered,2018-01-03 14:59:00,2018-01-05 10:59:00,2018-01-04 14:59:00,2018-01-08 14:59:00,2018-01-11 14:59:00
order_000864,cust_03508,delivered,2017-03-17 00:53:42,2017-03-18 06:53:42,2017-03-21 00:53:42,2017-03-21 00:53:42,2017-03-27 00:53:42
order_000865,cust_01859,delivered,2017-08-05 23:53:39,2017-08-06 04:53:39,2017-08-07 23:53:39,2017-08-11 23:53:39,2017-08-17 23:53:39
order_000866,cust_00652,delivered,2018-01-07 10:03:17,2018-01-09 08:03:17,2018-01-09 10:03:17,2018-01-11 10:03:17,2018-01-14 10:03:17
order_000867,cust_00721,delivered,2017-08-19 16:05:12,2017-08-20 15:05:12,2017-08-22 16:05:12,2017-08-31 16:05:12,2017-09-01 16:05:12
order_000868,cust_03042,delivered,2018-05-19 12:00:51,2018-05-20 06:00:51,2018-05-20 12:00:51,2018-05-31 12:00:51,2018-06-02 12:00:51
order_000869,cust_01751,delivered,2018-02-23 10:24:55,2018-02-24 06:24:55,2018-02-25 10:24:55,2018-02-25 10:24:55,2018-02-27 10:24:55
order_000870,cust_02399,delivered,2017-03-24 09:45:07,2017-03-24 14:45:07,2017-03-26 09:45:07,2017-03-27 09:45:07,2017-03-30 09:45:07
order_000871,cust_02138,delivered,2018-05-12 00:25:35,2018-05-13 08:25:35,2018-05-15 00:25:35,2018-05-21 00:25:35,2018-05-25 00:25:35
order_000872,cust_03089,delivered,2018-07-08 06:39:32,2018-07-08 09:39:32,2018-07-09 06:39:32,2018-07-11 06:39:32,2018-07-17 06:39:32
order_000873,cust_00830,shipped,2017-05-03 09:08:08,2017-05-04 19:08:08,2017-05-04 09:08:08,2017-05-18 09:08:08,2017-05-19 09:08:08
order_000874,cust_00648,shipped,2017-08-07 08:51:32,2017-08-09 00:51:32,2017-08-09 08:51:32,2017-08-15 08:51:32,2017-08-19 08:51:32
order_000875,cust_02787,delivered,2017-08-29 06:33:53,2017-08-30 02:33:53,2017-09-02 06:33:53,2017-09-06 06:33:53,2017-09-08 06:33:53
order_000876,cust_01649,delivered,2017-09-16 15:25:07,2017-09-17 10:25:07,2017-09-19 15:25:07,2017-09-18 15:25:07,2017-09-22 15:25:07
order_000877,cust_03100,processing,2017-10-09 19:53:57,2017-10-11 03:53:57,2017-10-12 19:53:57,2017-10-22 19:53:57,2017-10-26 19:53:57
order_000878,cust_00489,delivered,2018-06-28 21:23:26,2018-06-30 14:23:26,2018-07-01 21:23:26,2018-07-11 21:23:26,2018-07-16 21:23:26
order_000879,cust_01033,delivered,2018-02-01 23:20:04,2018-02-02 04:20:04,2018-02-04 23:20:04,2018-02-15 23:20:04,2018-02-19 23:20:04
order_000880,cust_03648,delivered,2018-06-29 15:35:31,2018-06-30 13:35:31,2018-06-30 15:35:31,2018-07-09 15:35:31,2018-07-11 15:35:31
order_000881,cust_03205,shipped,2017-08-02 09:51:52,2017-08-03 01:51:52,2017-08-06 09:51:52,2017-08-08 09:51:52,2017-08-14 09:51:52
order_000882,cust_00238,delivered,2017-11-16 15:30:28,2017-11-16 16:30:28,2017-11-17 15:30:28,2017-11-19 15:30:28,2017-11-22 15:30:28
order_000883,cust_03104,delivered,2017-03-06 03:10:37,2017-03-06 04:10:37,2017-03-09 03:10:37,2017-03-13 03:10:37,2017-03-16 03:10:37
order_000884,cust_00248,delivered,2017-06-18 19:36:17,2017-06-19 20:36:17,2017-06-22 19:36:17,2017-06-28 19:36:17,2017-07-02 19:36:17
order_000885,cust_00457,delivered,2017-12-22 12:50:21,2017-12-24 00:50:21,2017-12-25 12:50:21,2017-12-25 12:50:21,2017-12-27 12:50:21
order_000886,cust_03412,delivered,2017-04-15 03:57:48,2017-04-16 07:57:48,2017-04-19 03:57:48,2017-04-17 03:57:48,2017-04-23 03:57:48
order_000887,cust_00478,delivered,2018-08-07 10:13:11,2018-08-07 22:13:11,2018-08-08 10:13:11,2018-08-12 10:13:11,2018-08-13 10:13:11
order_000888,cust_01142,delivered,2017-06-15 07:13:34,2017-06-16 05:13:34,2017-06-18 07:13:34,2017-06-18 07:13:34,2017-06-19 07:13:34
order_000889,cust_00514,delivered,2017-04-09 08:23:22,2017-04-11 06:23:22,2017-04-10 08:23:22,2017-04-11 08:23:22,2017-04-17 08:23:22
order_000890,cust_02268,delivered,2018-04-20 01:12:51,2018-04-21 17:12:51,2018-04-23 01:12:51,2018-04-29 01:12:51,2018-05-02 01:12:51
order_000891,cust_00217,delivered,2017-02-24 00:23:07,2017-02-24 06:23:07,2017-02-25 00:23:07,2017-03-09 00:23:07,2017-03-15 00:23:07
order_000892,cust_01092,delivered,2017-07-17 08:23:28,2017-07-18 15:23:28,2017-07-20 08:23:28,2017-07-26 08:23:28,2017-08-01 08:23:28
order_000893,cust_01240,delivered,2017-05-01 07:14:24,2017-05-02 13:14:24,2017-05-03 07:14:24,2017-05-04 07:14:24,2017-05-10 07:14:24
order_000894,cust_02465,delivered,2018-02-27 23:58:18,2018-02-28 17:58:18,2018-02-28 23:58:18,2018-03-06 23:58:18,2018-03-11 23:58:18
order_000895,cust_01886,delivered,2018-05-28 06:18:06,2018-05-29 00:18:06,2018-06-01 06:18:06,2018-05-30 06:18:06,2018-06-04 06:18:06
order_000896,cust_00731,delivered,2017-04-29 07:54:12,2017-04-30 17:54:12,2017-05-03 07:54:12,2017-05-10 07:54:12,2017-05-14 07:54:12
order_000897,cust_01764,canceled,2017-09-10 21:57:54,2017-09-12 17:57:54,2017-09-11 21:57:54,2017-09-15 21:57:54,2017-09-20 21:57:54
order_000898,cust_01743,shipped,2017-10-18 20:38:04,2017-10-19 12:38:04,2017-10-19 20:38:04,2017-10-26 20:38:04,2017-10-28 20:38:04
order_000899,cust_01344,delivered,2018-02-25 01:21:51,2018-02-26 21:21:51,2018-02-26 01:21:51,2018-03-13 01:21:51,2018-03-18 01:21:51
order_000900,cust_02027,delivered,2017-08-03 02:03:31,2017-08-04 18:03:31,2017-08-06 02:03:31,2017-08-14 02:03:31,2017-08-16 02:03:31
order_000901,cust_01239,delivered,2017-11-14 02:16:46,2017-11-14 05:16:46,2017-11-18 02:16:46,2017-11-28 02:16:46,2017-12-01 02:16:46
order_000902,cust_01267,delivered,2017-11-03 11:01:59,2017-11-04 01:01:59,2017-11-04 11:01:59,2017-11-10 11:01:59,2017-11-13 11:01:59
order_000903,cust_02976,delivered,2017-01-07 13:44:30,2017-01-08 10:44:30,2017-01-09 13:44:30,2017-01-23 13:44:30,2017-01-28 13:44:30
order_000904,cust_00956,delivered,2017-12-13 08:26:06,2017-12-14 16:26:06,2017-12-16 08:26:06,2017-12-26 08:26:06,2017-12-28 08:26:06
order_000905,cust_01250,delivered,2017-12-12 00:18:40,2017-12-12 11:18:40,2017-12-14 00:18:40,2017-12-22 00:18:40,2017-12-24 00:18:40
order_000906,cust_00532,shipped,2018-08-26 04:50:16,2018-08-27 00:50:16,2018-08-30 04:50:16,2018-09-06 04:50:16,2018-09-11 04:50:16
order_000907,cust_02652,delivered,2017-11-07 14:45:01,2017-11-07 19:45:01,2017-11-11 14:45:01,2017-11-18 14:45:01,2017-11-21 14:45:01
order_000908,cust_02683,shipped,2018-07-02 08:56:24,2018-07-02 13:56:24,2018-07-05 08:56:24,2018-07-06 08:56:24,2018-07-11 08:56:24
order_000909,cust_02576,processing,2017-08-01 02:57:54,2017-08-01 23:57:54,2017-08-04 02:57:54,2017-08-07 02:57:54,2017-08-13 02:57:54
order_000910,cust_00639,delivered,2018-02-28 15:37:50,2018-03-01 21:37:50,2018-03-02 15:37:50,2018-03-12 15:37:50,2018-03-18 15:37:50
order_000911,cust_01716,delivered,2018-07-03 14:43:15,2018-07-04 12:43:15,2018-07-05 14:43:15,2018-07-12 14:43:15,2018-07-15 14:43:15
order_000912,cust_01110,delivered,2017-04-04 11:46:02,2017-04-05 06:46:02,2017-04-07 11:46:02,2017-04-18 11:46:02,2017-04-20 11:46:02
order_000913,cust_02902,shipped,2017-12-11 22:33:52,2017-12-12 22:33:52,2017-12-12 22:33:52,2017-12-21 22:33:52,2017-12-27 22:33:52
order_000914,cust_01280,delivered,2018-07-13 20:15:50,2018-07-15 02:15:50,2018-07-16 20:15:50,2018-07-16 20:15:50,2018-07-18 20:15:50
order_000915,cust_01580,delivered,2017-12-05 00:57:16,2017-12-06 10:57:16,2017-12-06 00:57:16,2017-12-17 00:57:16,2017-12-22 00:57:16
order_000916,cust_01726,delivered,2018-06-27 21:43:07,2018-06-28 23:43:07,2018-06-30 21:43:07,2018-07-08 21:43:07,2018-07-13 21:43:07
order_000917,cust_02890,delivered,2017-09-13 01:11:26,2017-09-13 06:11:26,2017-09-16 01:11:26,2017-09-20 01:11:26,2017-09-23 01:11:26
order_000918,cust_02669,delivered,2018-06-24 11:33:55,2018-06-24 13:33:55,2018-06-26 11:33:55,2018-07-08 11:33:55,2018-07-09 11:33:55
order_000919,cust_03115,delivered,2018-01-18 21:38:25,2018-01-19 14:38:25,2018-01-20 21:38:25,2018-01-25 21:38:25,2018-01-28 21:38:25
order_000920,cust_01626,processing,2017-10-19 23:33:41,2017-10-20 09:33:41,2017-10-22 23:33:41,2017-10-22 23:33:41,2017-10-23 23:33:41
order_000921,cust_03114,delivered,2017-05-11 00:32:30,2017-05-12 02:32:30,2017-05-14 00:32:30,2017-05-14 00:32:30,2017-05-17 00:32:30
order_000922,cust_03310,canceled,2017-04-14 01:43:42,2017-04-15 10:43:42,2017-04-17 01:43:42,2017-04-30 01:43:42,2017-05-03 01:43:42
order_000923,cust_01990,delivered,2017-06-25 05:47:27,2017-06-25 17:47:27,2017-06-29 05:47:27,2017-07-03 05:47:27,2017-07-07 05:47:27
order_000924,cust_02583,shipped,2018-04-04 06:37:55,2018-04-05 04:37:55,2018-04-05 06:37:55,2018-04-12 06:37:55,2018-04-14 06:37:55
order_000925,cust_03456,delivered,2017-10-12 06:42:24,2017-10-12 17:42:24,2017-10-13 06:42:24,2017-10-18 06:42:24,2017-10-24 06:42:24
order_000926,cust_03186,delivered,2017-08-25 10:00:03,2017-08-26 08:00:03,2017-08-28 10:00:03,2017-09-07 10:00:03,2017-09-08 10:00:03
order_000927,cust_01050,delivered,2017-10-11 07:39:06,2017-10-12 01:39:06,2017-10-12 07:39:06,2017-10-22 07:39:06,2017-10-28 07:39:06
order_000928,cust_02722,delivered,2017-07-29 13:59:05,2017-07-29 14:59:05,2017-07-30 13:59:05,2017-08-14 13:59:05,2017-08-16 13:59:05
order_000929,cust_01694,delivered,2018-05-06 20:29:43,2018-05-08 04:29:43,2018-05-08 20:29:43,2018-05-22 20:29:43,2018-05-25 20:29:43
order_000930,cust_00564,delivered,2017-08-26 13:06:08,2017-08-27 04:06:08,2017-08-29 13:06:08,2017-09-12 13:06:08,2017-09-18 13:06:08
order_000931,cust_01412,delivered,2017-10-15 07:57:58,2017-10-16 19:57:58,2017-10-16 07:57:58,2017-10-22 07:57:58,2017-10-26 07:57:58
order_000932,cust_03716,delivered,2017-12-06 13:37:53,2017-12-07 21:37:53,2017-12-08 13:37:53,2017-12-17 13:37:53,2017-12-18 13:37:53
order_000933,cust_03639,delivered,2018-01-28 14:53:25,2018-01-29 00:53:25,2018-01-29 14:53:25,2018-02-04 14:53:25,2018-02-08 14:53:25
order_000934,cust_02989,canceled,2017-07-22 21:30:36,2017-07-24 15:30:36,2017-07-26 21:30:36,2017-08-04 21:30:36,2017-08-08 21:30:36
order_000935,cust_03763,delivered,2017-02-14 22:44:16,2017-02-15 00:44:16,2017-02-18 22:44:16,2017-02-27 22:44:16,2017-03-05 22:44:16
order_000936,cust_02176,delivered,2018-02-24 06:39:41,2018-02-25 09:39:41,2018-02-25 06:39:41,2018-03-02 06:39:41,2018-03-06 06:39:41
order_000937,cust_02878,delivered,2017-12-07 22:02:18,2017-12-09 12:02:18,2017-12-09 22:02:18,2017-12-22 22:02:18,2017-12-28 22:02:18
order_000938,cust_00627,delivered,2018-01-29 19:36:16,2018-01-30 21:36:16,2018-01-31 19:36:16,2018-02-04 19:36:16,2018-02-08 19:36:16
order_000939,cust_01135,delivered,2017-11-27 03:04:34,2017-11-28 06:04:34,2017-11-29 03:04:34,2017-12-14 03:04:34,2017-12-16 03:04:34
order_000940,cust_00656,delivered,2017-11-06 13:23:31,2017-11-07 12:23:31,2017-11-07 13:23:31,2017-11-21 13:23:31,2017-11-25 13:23:31
order_000941,cust_03562,delivered,2018-07-31 03:39:10,2018-07-31 06:39:10,2018-08-02 03:39:10,2018-08-02 03:39:10,2018-08-08 03:39:10
order_000942,cust_02334,delivered,2017-02-02 11:46:18,2017-02-03 19:46:18,2017-02-06 11:46:18,2017-02-10 11:46:18,2017-02-11 11:46:18
order_000943,cust_03543,delivered,2017-02-26 01:04:23,2017-02-27 22:04:23,2017-02-27 01:04:23,2017-03-06 01:04:23,2017-03-09 01:04:23
order_000944,cust_01581,delivered,2018-07-24 07:11:09,2018-07-25 21:11:09,2018-07-25 07:11:09,2018-08-08 07:11:09,2018-08-09 07:11:09
order_000945,cust_01533,delivered,2018-06-24 14:06:50,2018-06-24 17:06:50,2018-06-26 14:06:50,2018-07-07 14:06:50,2018-07-13 14:06:50
order_000946,cust_02568,delivered,2017-09-08 07:17:51,2017-09-08 18:17:51,2017-09-10 07:17:51,2017-09-10 07:17:51,2017-09-14 07:17:51
order_000947,cust_02158,delivered,2017-11-25 00:14:30,2017-11-26 16:14:30,2017-11-27 00:14:30,2017-12-10 00:14:30,2017-12-15 00:14:30
order_000948,cust_01415,delivered,2017-10-01 09:19:24,2017-10-02 19:19:24,2017-10-02 09:19:24,2017-10-06 09:19:24,2017-10-12 09:19:24
order_000949,cust_01206,delivered,2018-08-30 12:59:17,2018-08-31 06:59:17,2018-08-31 12:59:17,2018-09-06 12:59:17,2018-09-11 12:59:17
order_000950,cust_01948,delivered,2017-10-05 18:19:27,2017-10-06 06:19:27,2017-10-09 18:19:27,2017-10-09 18:19:27,2017-10-12 18:19:27
order_000951,cust_00287,delivered,2018-04-08 03:16:29,2018-04-09 01:16:29,2018-04-09 03:16:29,2018-04-12 03:16:29,2018-04-18 03:16:29
order_000952,cust_00714,delivered,2017-08-10 11:26:29,2017-08-10 13:26:29,2017-08-12 11:26:29,2017-08-20 11:26:29,2017-08-23 11:26:29
order_000953,cust_00166,delivered,2017-08-20 04:46:12,2017-08-20 09:46:12,2017-08-24 04:46:12,2017-08-23 04:46:12,2017-08-29 04:46:12
order_000954,cust_00589,delivered,2018-02-15 03:41:31,2018-02-15 07:41:31,2018-02-18 03:41:31,2018-02-18 03:41:31,2018-02-24 03:41:31
order_000955,cust_00754,delivered,2017-08-31 02:55:38,2017-09-01 17:55:38,2017-09-01 02:55:38,2017-09-14 02:55:38,2017-09-16 02:55:38
order_000956,cust_00287,delivered,2017-01-09 18:14:12,2017-01-09 21:14:12,2017-01-10 18:14:12,2017-01-16 18:14:12,2017-01-21 18:14:12
order_000957,cust_00210,delivered,2017-04-16 22:04:07,2017-04-18 00:04:07,2017-04-18 22:04:07,2017-04-28 22:04:07,2017-05-03 22:04:07
order_000958,cust_03114,delivered,2018-06-16 15:55:16,2018-06-17 05:55:16,2018-06-18 15:55:16,2018-07-03 15:55:16,2018-07-08 15:55:16
order_000959,cust_00694,processing,2017-08-12 09:04:47,2017-08-13 21:04:47,2017-08-16 09:04:47,2017-08-14 09:04:47,2017-08-16 09:04:47
order_000960,cust_02110,delivered,2017-03-04 22:46:54,2017-03-05 04:46:54,2017-03-05 22:46:54,2017-03-18 22:46:54,2017-03-22 22:46:54
order_000961,cust_00374,delivered,2018-07-26 11:55:54,2018-07-28 06:55:54,2018-07-27 11:55:54,2018-07-29 11:55:54,2018-07-30 11:55:54
order_000962,cust_03599,delivered,2018-08-31 12:42:21,2018-08-31 17:42:21,2018-09-03 12:42:21,2018-09-14 12:42:21,2018-09-20 12:42:21
order_000963,cust_00908,delivered,2017-10-31 15:13:42,2017-11-02 07:13:42,2017-11-04 15:13:42,2017-11-06 15:13:42,2017-11-12 15:13:42
order_000964,cust_02848,delivered,2018-01-17 15:42:22,2018-01-17 22:42:22,2018-01-18 15:42:22,2018-01-21 15:42:22,2018-01-25 15:42:22
order_000965,cust_02436,delivered,2018-04-04 11:48:42,2018-04-04 13:48:42,2018-04-08 11:48:42,2018-04-09 11:48:42,2018-04-10 11:48:42
order_000966,cust_02921,processing,2017-02-10 11:30:14,2017-02-10 13:30:14,2017-02-14 11:30:14,2017-02-17 11:30:14,2017-02-21 11:30:14
order_000967,cust_02390,delivered,2017-06-30 07:37:48,2017-07-01 20:37:48,2017-07-02 07:37:48,2017-07-13 07:37:48,2017-07-16 07:37:48
order_000968,cust_01934,delivered,2017-12-08 16:20:19,2017-12-09 09:20:19,2017-12-10 16:20:19,2017-12-20 16:20:19,2017-12-25 16:20:19
order_000969,cust_02934,delivered,2017-12-01 16:08:11,2017-12-02 12:08:11,2017-12-05 16:08:11,2017-12-14 16:08:11,2017-12-15 16:08:11
order_000970,cust_03098,delivered,2017-07-21 10:28:00,2017-07-23 01:28:00,2017-07-24 10:28:00,2017-07-23 10:28:00,2017-07-26 10:28:00
order_000971,cust_01443,delivered,2017-01-01 17:05:24,2017-01-02 06:05:24,2017-01-04 17:05:24,2017-01-18 17:05:24,2017-01-21 17:05:24
order_000972,cust_03579,delivered,2018-08-03 03:18:30,2018-08-04 06:18:30,2018-08-05 03:18:30,2018-08-11 03:18:30,2018-08-17 03:18:30
order_000973,cust_03752,delivered,2018-01-09 09:59:20,2018-01-10 00:59:20,2018-01-13 09:59:20,2018-01-12 09:59:20,2018-01-14 09:59:20
order_000974,cust_02742,delivered,2018-04-05 23:40:49,2018-04-06 03:40:49,2018-04-07 23:40:49,2018-04-21 23:40:49,2018-04-27 23:40:49
order_000975,cust_03530,shipped,2017-09-23 17:36:28,2017-09-25 16:36:28,2017-09-25 17:36:28,2017-10-07 17:36:28,2017-10-13 17:36:28
order_000976,cust_00401,delivered,2017-11-05 17:17:19,2017-11-06 11:17:19,2017-11-09 17:17:19,2017-11-08 17:17:19,2017-11-12 17:17:19
order_000977,cust_02053,delivered,2017-09-28 20:43:02,2017-09-30 12:43:02,2017-10-01 20:43:02,2017-10-06 20:43:02,2017-10-08 20:43:02
order_000978,cust_02473,delivered,2017-09-19 14:36:25,2017-09-20 11:36:25,2017-09-23 14:36:25,2017-10-05 14:36:25,2017-10-07 14:36:25
order_000979,cust_03525,delivered,2018-02-12 15:54:07,2018-02-14 08:54:07,2018-02-16 15:54:07,2018-02-24 15:54:07,2018-02-25 15:54:07
order_000980,cust_00457,delivered,2018-08-29 11:33:14,2018-08-29 20:33:14,2018-09-01 11:33:14,2018-09-03 11:33:14,2018-09-08 11:33:14
order_000981,cust_03063,delivered,2018-04-18 19:49:46,2018-04-19 21:49:46,2018-04-19 19:49:46,2018-05-01 19:49:46,2018-05-06 19:49:46
order_000982,cust_00293,canceled,2018-02-10 17:04:27,2018-02-11 11:04:27,2018-02-14 17:04:27,2018-02-15 17:04:27,2018-02-17 17:04:27
order_000983,cust_01360,delivered,2017-01-08 12:33:54,2017-01-10 11:33:54,2017-01-11 12:33:54,2017-01-15 12:33:54,2017-01-20 12:33:54
order_000984,cust_02633,delivered,2017-11-09 03:02:33,2017-11-09 19:02:33,2017-11-10 03:02:33,2017-11-14 03:02:33,2017-11-18 03:02:33
order_000985,cust_01105,delivered,2018-08-05 19:20:38,2018-08-07 08:20:38,2018-08-06 19:20:38,2018-08-18 19:20:38,2018-08-23 19:20:38
order_000986,cust_03172,shipped,2017-08-30 07:49:36,2017-08-31 07:49:36,2017-09-03 07:49:36,2017-09-15 07:49:36,2017-09-16 07:49:36
order_000987,cust_03535,canceled,2017-12-01 08:36:59,2017-12-02 03:36:59,2017-12-02 08:36:59,2017-12-03 08:36:59,2017-12-05 08:36:59
order_000988,cust_00603,delivered,2017-07-17 02:59:34,2017-07-18 11:59:34,2017-07-19 02:59:34,2017-07-28 02:59:34,2017-08-02 02:59:34
order_000989,cust_00980,delivered,2017-04-27 05:12:32,2017-04-28 12:12:32,2017-05-01 05:12:32,2017-05-02 05:12:32,2017-05-05 05:12:32
order_000990,cust_00281,delivered,2018-03-05 03:01:28,2018-03-06 02:01:28,2018-03-09 03:01:28,2018-03-19 03:01:28,2018-03-25 03:01:28
order_000991,cust_02698,delivered,2017-07-10 02:20:21,2017-07-10 05:20:21,2017-07-14 02:20:21,2017-07-14 02:20:21,2017-07-20 02:20:21
order_000992,cust_03368,delivered,2017-12-24 00:30:44,2017-12-24 04:30:44,2017-12-27 00:30:44,2017-12-31 00:30:44,2018-01-01 00:30:44
order_000993,cust_02286,delivered,2017-12-27 07:04:23,2017-12-28 12:04:23,2017-12-29 07:04:23,2018-01-01 07:04:23,2018-01-04 07:04:23
order_000994,cust_00502,shipped,2018-05-31 18:08:29,2018-05-31 21:08:29,2018-06-02 18:08:29,2018-06-15 18:08:29,2018-06-20 18:08:29
order_000995,cust_00660,delivered,2018-07-25 20:43:59,2018-07-27 01:43:59,2018-07-29 20:43:59,2018-07-28 20:43:59,2018-07-29 20:43:59
order_000996,cust_00133,delivered,2017-12-03 05:27:19,2017-12-04 23:27:19,2017-12-06 05:27:19,2017-12-14 05:27:19,2017-12-20 05:27:19
order_000997,cust_01861,delivered,2017-01-31 10:10:21,2017-02-02 00:10:21,2017-02-02 10:10:21,2017-02-03 10:10:21,2017-02-04 10:10:21
order_000998,cust_02740,delivered,2017-12-21 19:58:05,2017-12-23 04:58:05,2017-12-25 19:58:05,2018-01-01 19:58:05,2018-01-02 19:58:05
order_000999,cust_00570,delivered,2018-06-22 16:57:54,2018-06-23 05:57:54,2018-06-24 16:57:54,2018-07-06 16:57:54,2018-07-10 16:57:54
order_001000,cust_03221,delivered,2017-10-18 21:42:23,2017-10-20 04:42:23,2017-10-19 21:42:23,2017-11-01 21:42:23,2017-11-03 21:42:23
order_001001,cust_00960,shipped,2017-12-10 10:05:28,2017-12-10 19:05:28,2017-12-13 10:05:28,2017-12-12 10:05:28,2017-12-16 10:05:28
order_001002,cust_01954,delivered,2018-04-09 04:02:44,2018-04-10 23:02:44,2018-04-11 04:02:44,2018-04-23 04:02:44,2018-04-26 04:02:44
order_001003,cust_02537,delivered,2017-09-24 03:26:14,2017-09-24 08:26:14,2017-09-27 03:26:14,2017-09-30 03:26:14,2017-10-02 03:26:14
order_001004,cust_02051,delivered,2017-09-10 17:00:45,2017-09-11 19:00:45,2017-09-13 17:00:45,2017-09-22 17:00:45,2017-09-28 17:00:45
order_001005,cust_01815,delivered,2017-10-21 00:37:49,2017-10-21 23:37:49,2017-10-24 00:37:49,2017-11-07 00:37:49,2017-11-08 00:37:49
order_001006,cust_01280,delivered,2018-06-02 11:02:50,2018-06-02 15:02:50,2018-06-04 11:02:50,2018-06-05 11:02:50,2018-06-08 11:02:50
order_001007,cust_01634,delivered,2017-10-24 08:28:44,2017-10-24 17:28:44,2017-10-26 08:28:44,2017-10-31 08:28:44,2017-11-02 08:28:44
order_001008,cust_00906,delivered,2017-07-18 22:03:18,2017-07-20 08:03:18,2017-07-20 22:03:18,2017-08-02 22:03:18,2017-08-03 22:03:18
order_001009,cust_01119,delivered,2017-12-29 23:57:23,2017-12-31 04:57:23,2018-01-02 23:57:23,2018-01-02 23:57:23,2018-01-04 23:57:23
order_001010,cust_02869,delivered,2018-02-26 11:37:33,2018-02-26 19:37:33,2018-03-01 11:37:33,2018-03-04 11:37:33,2018-03-06 11:37:33
order_001011,cust_03353,delivered,2018-07-09 13:55:24,2018-07-09 20:55:24,2018-07-11 13:55:24,2018-07-19 13:55:24,2018-07-22 13:55:24
order_001012,cust_03227,delivered,2018-06-27 09:05:34,2018-06-28 17:05:34,2018-07-01 09:05:34,2018-07-14 09:05:34,2018-07-17 09:05:34
order_001013,cust_01257,shipped,2018-04-22 18:38:42,2018-04-24 02:38:42,2018-04-26 18:38:42,2018-04-28 18:38:42,2018-04-29 18:38:42
order_001014,cust_01220,delivered,2018-04-13 07:04:10,2018-04-14 02:04:10,2018-04-16 07:04:10,2018-04-21 07:04:10,2018-04-22 07:04:10
order_001015,cust_00221,canceled,2017-10-01 17:51:52,2017-10-01 18:51:52,2017-10-05 17:51:52,2017-10-15 17:51:52,2017-10-16 17:51:52
order_001016,cust_01040,shipped,2017-07-28 21:41:12,2017-07-28 23:41:12,2017-08-01 21:41:12,2017-07-31 21:41:12,2017-08-04 21:41:12
order_001017,cust_02225,delivered,2017-12-09 04:07:14,2017-12-09 12:07:14,2017-12-12 04:07:14,2017-12-16 04:07:14,2017-12-22 04:07:14
order_001018,cust_01017,delivered,2018-03-06 05:25:41,2018-03-06 08:25:41,2018-03-07 05:25:41,2018-03-13 05:25:41,2018-03-14 05:25:41
order_001019,cust_02787,delivered,2017-11-12 09:04:36,2017-11-13 12:04:36,2017-11-14 09:04:36,2017-11-20 09:04:36,2017-11-21 09:04:36
order_001020,cust_00192,delivered,2017-05-06 19:51:54,2017-05-07 14:51:54,2017-05-07 19:51:54,2017-05-17 19:51:54,2017-05-22 19:51:54
order_001021,cust_01564,delivered,2017-01-09 15:22:58,2017-01-10 02:22:58,2017-01-12 15:22:58,2017-01-14 15:22:58,2017-01-19 15:22:58
order_001022,cust_01068,delivered,2017-02-05 04:39:37,2017-02-06 08:39:37,2017-02-06 04:39:37,2017-02-13 04:39:37,2017-02-18 04:39:37
order_001023,cust_01878,delivered,2017-09-17 08:49:57,2017-09-18 18:49:57,2017-09-19 08:49:57,2017-10-03 08:49:57,2017-10-05 08:49:57
order_001024,cust_00097,delivered,2018-04-27 15:26:29,2018-04-28 00:26:29,2018-04-29 15:26:29,2018-05-12 15:26:29,2018-05-18 15:26:29
order_001025,cust_01591,delivered,2018-04-26 23:09:13,2018-04-28 05:09:13,2018-04-28 23:09:13,2018-05-13 23:09:13,2018-05-17 23:09:13
order_001026,cust_02995,delivered,2018-05-07 10:49:32,2018-05-07 16:49:32,2018-05-10 10:49:32,2018-05-19 10:49:32,2018-05-20 10:49:32
order_001027,cust_03256,delivered,2018-03-08 01:47:19,2018-03-09 06:47:19,2018-03-11 01:47:19,2018-03-19 01:47:19,2018-03-20 01:47:19
order_001028,cust_00972,delivered,2017-01-14 02:30:38,2017-01-14 20:30:38,2017-01-15 02:30:38,2017-01-19 02:30:38,2017-01-23 02:30:38
order_001029,cust_01629,delivered,2018-06-22 00:41:25,2018-06-22 06:41:25,2018-06-26 00:41:25,2018-06-26 00:41:25,2018-07-01 00:41:25
order_001030,cust_02622,delivered,2018-07-31 03:01:20,2018-08-01 17:01:20,2018-08-02 03:01:20,2018-08-10 03:01:20,2018-08-15 03:01:20
order_001031,cust_01762,delivered,2018-06-01 09:54:05,2018-06-01 18:54:05,2018-06-02 09:54:05,2018-06-09 09:54:05,2018-06-13 09:54:05
order_001032,cust_02064,delivered,2017-09-29 06:45:22,2017-09-30 19:45:22,2017-10-02 06:45:22,2017-10-13 06:45:22,2017-10-17 06:45:22
order_001033,cust_01297,shipped,2017-05-11 07:13:28,2017-05-12 01:13:28,2017-05-13 07:13:28,2017-05-13 07:13:28,2017-05-18 07:13:28
order_001034,cust_03182,delivered,2018-07-05 18:23:58,2018-07-07 03:23:58,2018-07-08 18:23:58,2018-07-21 18:23:58,2018-07-22 18:23:58
order_001035,cust_02399,delivered,2017-04-23 11:27:04,2017-04-24 21:27:04,2017-04-27 11:27:04,2017-04-27 11:27:04,2017-04-30 11:27:04
order_001036,cust_03649,delivered,2018-04-25 17:29:40,2018-04-26 13:29:40,2018-04-28 17:29:40,2018-05-03 17:29:40,2018-05-04 17:29:40
order_001037,cust_02963,delivered,2018-08-10 13:00:23,2018-08-11 21:00:23,2018-08-14 13:00:23,2018-08-17 13:00:23,2018-08-23 13:00:23
order_001038,cust_01395,delivered,2018-07-02 04:55:22,2018-07-03 01:55:22,2018-07-05 04:55:22,2018-07-18 04:55:22,2018-07-22 04:55:22
order_001039,cust_01245,delivered,2017-11-13 22:45:29,2017-11-15 03:45:29,2017-11-15 22:45:29,2017-11-26 22:45:29,2017-12-01 22:45:29
order_001040,cust_00335,delivered,2018-05-22 11:25:43,2018-05-22 22:25:43,2018-05-26 11:25:43,2018-05-24 11:25:43,2018-05-27 11:25:43
order_001041,cust_02365,delivered,2018-05-21 20:03:56,2018-05-22 16:03:56,2018-05-24 20:03:56,2018-06-05 20:03:56,2018-06-11 20:03:56
order_001042,cust_02848,delivered,2018-08-16 02:19:39,2018-08-16 09:19:39,2018-08-19 02:19:39,2018-08-28 02:19:39,2018-09-03 02:19:39
order_001043,cust_01346,delivered,2017-08-08 20:23:17,2017-08-09 16:23:17,2017-08-10 20:23:17,2017-08-11 20:23:17,2017-08-15 20:23:17
order_001044,cust_00080,delivered,2018-01-18 17:10:57,2018-01-18 18:10:57,2018-01-22 17:10:57,2018-02-01 17:10:57,2018-02-07 17:10:57
order_001045,cust_03137,delivered,2018-05-12 05:59:58,2018-05-13 01:59:58,2018-05-16 05:59:58,2018-05-14 05:59:58,2018-05-18 05:59:58
order_001046,cust_00847,shipped,2017-05-19 19:02:21,2017-05-21 12:02:21,2017-05-23 19:02:21,2017-05-27 19:02:21,2017-06-01 19:02:21
order_001047,cust_02212,delivered,2017-05-18 17:49:19,2017-05-19 10:49:19,2017-05-20 17:49:19,2017-05-22 17:49:19,2017-05-24 17:49:19
order_001048,cust_00202,delivered,2017-08-25 21:26:39,2017-08-26 21:26:39,2017-08-29 21:26:39,2017-08-27 21:26:39,2017-09-02 21:26:39
order_001049,cust_00238,delivered,2017-08-07 05:01:59,2017-08-08 22:01:59,2017-08-10 05:01:59,2017-08-17 05:01:59,2017-08-19 05:01:59
order_001050,cust_03412,delivered,2018-04-03 21:15:28,2018-04-03 22:15:28,2018-04-04 21:15:28,2018-04-15 21:15:28,2018-04-20 21:15:28
order_001051,cust_02555,delivered,2018-07-24 18:17:23,2018-07-26 02:17:23,2018-07-28 18:17:23,2018-08-02 18:17:23,2018-08-06 18:17:23
order_001052,cust_00020,delivered,2017-04-06 08:06:33,2017-04-07 09:06:33,2017-04-09 08:06:33,2017-04-13 08:06:33,2017-04-14 08:06:33
order_001053,cust_00382,delivered,2017-07-17 08:24:35,2017-07-18 01:24:35,2017-07-20 08:24:35,2017-07-27 08:24:35,2017-08-01 08:24:35
order_001054,cust_01872,canceled,2018-07-20 06:06:31,2018-07-20 19:06:31,2018-07-22 06:06:31,2018-07-24 06:06:31,2018-07-25 06:06:31
order_001055,cust_02585,delivered,2017-12-28 11:26:30,2017-12-29 15:26:30,2018-01-01 11:26:30,2017-12-30 11:26:30,2018-01-03 11:26:30
order_001056,cust_01611,delivered,2017-05-05 21:31:05,2017-05-06 18:31:05,2017-05-06 21:31:05,2017-05-09 21:31:05,2017-05-14 21:31:05
order_001057,cust_03316,delivered,2018-01-02 20:06:16,2018-01-03 15:06:16,2018-01-04 20:06:16,2018-01-04 20:06:16,2018-01-05 20:06:16
order_001058,cust_02480,delivered,2018-06-17 03:30:15,2018-06-18 11:30:15,2018-06-20 03:30:15,2018-07-01 03:30:15,2018-07-04 03:30:15
order_001059,cust_02334,delivered,2017-08-16 03:09:05,2017-08-16 22:09:05,2017-08-17 03:09:05,2017-08-27 03:09:05,2017-08-31 03:09:05
order_001060,cust_01101,delivered,2017-10-22 01:25:27,2017-10-23 16:25:27,2017-10-23 01:25:27,2017-10-26 01:25:27,2017-11-01 01:25:27
order_001061,cust_02591,delivered,2018-01-09 14:44:14,2018-01-10 04:44:14,2018-01-12 14:44:14,2018-01-20 14:44:14,2018-01-23 14:44:14
order_001062,cust_03320,delivered,2018-05-27 07:32:30,2018-05-28 16:32:30,2018-05-30 07:32:30,2018-06-05 07:32:30,2018-06-06 07:32:30
order_001063,cust_00186,delivered,2017-12-10 18:15:36,2017-12-11 21:15:36,2017-12-14 18:15:36,2017-12-13 18:15:36,2017-12-14 18:15:36
order_001064,cust_02790,delivered,2018-08-06 18:14:49,2018-08-08 13:14:49,2018-08-10 18:14:49,2018-08-23 18:14:49,2018-08-25 18:14:49
order_001065,cust_03342,delivered,2018-04-05 04:44:42,2018-04-05 23:44:42,2018-04-06 04:44:42,2018-04-22 04:44:42,2018-04-28 04:44:42
order_001066,cust_01642,delivered,2017-09-14 16:39:38,2017-09-15 04:39:38,2017-09-16 16:39:38,2017-09-28 16:39:38,2017-10-03 16:39:38
order_001067,cust_02910,delivered,2017-10-24 18:20:53,2017-10-25 13:20:53,2017-10-28 18:20:53,2017-11-07 18:20:53,2017-11-10 18:20:53
order_001068,cust_01360,delivered,2018-02-28 23:41:21,2018-03-02 07:41:21,2018-03-04 23:41:21,2018-03-10 23:41:21,2018-03-16 23:41:21
order_001069,cust_00732,processing,2017-02-12 17:20:39,2017-02-13 14:20:39,2017-02-13 17:20:39,2017-02-26 17:20:39,2017-03-04 17:20:39
order_001070,cust_03100,delivered,2017-05-18 08:37:43,2017-05-20 02:37:43,2017-05-22 08:37:43,2017-05-28 08:37:43,2017-06-03 08:37:43
order_001071,cust_01182,shipped,2017-05-25 23:59:35,2017-05-26 07:59:35,2017-05-26 23:59:35,2017-05-29 23:59:35,2017-05-30 23:59:35
order_001072,cust_02876,delivered,2018-05-02 06:37:13,2018-05-02 21:37:13,2018-05-06 06:37:13,2018-05-06 06:37:13,2018-05-07 06:37:13
order_001073,cust_01198,delivered,2018-05-16 19:19:38,2018-05-18 18:19:38,2018-05-18 19:19:38,2018-05-31 19:19:38,2018-06-05 19:19:38
order_001074,cust_01516,delivered,2018-05-14 09:04:37,2018-05-15 23:04:37,2018-05-15 09:04:37,2018-05-23 09:04:37,2018-05-26 09:04:37
order_001075,cust_02603,delivered,2017-03-06 22:26:26,2017-03-07 02:26:26,2017-03-07 22:26:26,2017-03-19 22:26:26,2017-03-20 22:26:26
order_001076,cust_01297,delivered,2017-06-29 18:46:26,2017-07-01 15:46:26,2017-07-03 18:46:26,2017-07-03 18:46:26,2017-07-07 18:46:26
order_001077,cust_03069,delivered,2017-07-09 14:23:32,2017-07-10 11:23:32,2017-07-13 14:23:32,2017-07-18 14:23:32,2017-07-21 14:23:32
order_001078,cust_00147,shipped,2017-01-15 05:08:35,2017-01-16 12:08:35,2017-01-16 05:08:35,2017-01-18 05:08:35,2017-01-24 05:08:35
order_001079,cust_00044,delivered,2017-06-06 04:31:21,2017-06-06 05:31:21,2017-06-10 04:31:21,2017-06-11 04:31:21,2017-06-15 04:31:21
order_001080,cust_00310,delivered,2017-09-20 22:44:45,2017-09-21 06:44:45,2017-09-24 22:44:45,2017-09-23 22:44:45,2017-09-25 22:44:45
order_001081,cust_00973,delivered,2018-06-23 19:14:24,2018-06-25 04:14:24,2018-06-26 19:14:24,2018-06-28 19:14:24,2018-07-04 19:14:24
order_001082,cust_00204,processing,2017-04-14 12:18:04,2017-04-15 01:18:04,2017-04-15 12:18:04,2017-04-25 12:18:04,2017-04-29 12:18:04
order_001083,cust_01446,delivered,2018-06-08 21:03:27,2018-06-09 03:03:27,2018-06-10 21:03:27,2018-06-10 21:03:27,2018-06-12 21:03:27
order_001084,cust_00092,delivered,2018-05-13 18:47:43,2018-05-15 02:47:43,2018-05-14 18:47:43,2018-05-18 18:47:43,2018-05-19 18:47:43
order_001085,cust_02873,delivered,2017-04-07 09:18:18,2017-04-07 20:18:18,2017-04-09 09:18:18,2017-04-20 09:18:18,2017-04-24 09:18:18
order_001086,cust_00580,delivered,2017-06-08 19:51:15,2017-06-10 12:51:15,2017-06-10 19:51:15,2017-06-12 19:51:15,2017-06-17 19:51:15
order_001087,cust_03693,delivered,2017-10-06 19:06:17,2017-10-07 04:06:17,2017-10-09 19:06:17,2017-10-16 19:06:17,2017-10-22 19:06:17
order_001088,cust_03257,delivered,2018-07-28 11:29:29,2018-07-28 13:29:29,2018-07-31 11:29:29,2018-08-12 11:29:29,2018-08-13 11:29:29
order_001089,cust_02638,shipped,2018-04-23 00:28:03,2018-04-23 19:28:03,2018-04-24 00:28:03,2018-05-07 00:28:03,2018-05-10 00:28:03
order_001090,cust_03033,delivered,2018-08-14 17:47:34,2018-08-15 09:47:34,2018-08-18 17:47:34,2018-08-17 17:47:34,2018-08-23 17:47:34
order_001091,cust_02944,delivered,2017-07-10 08:09:04,2017-07-11 15:09:04,2017-07-13 08:09:04,2017-07-14 08:09:04,2017-07-18 08:09:04
order_001092,cust_03213,delivered,2018-07-07 08:45:09,2018-07-07 19:45:09,2018-07-10 08:45:09,2018-07-20 08:45:09,2018-07-21 08:45:09
order_001093,cust_02110,delivered,2018-08-05 17:07:37,2018-08-07 16:07:37,2018-08-09 17:07:37,2018-08-12 17:07:37,2018-08-18 17:07:37
order_001094,cust_02370,delivered,2017-12-31 19:27:44,2018-01-01 15:27:44,2018-01-03 19:27:44,2018-01-08 19:27:44,2018-01-13 19:27:44
order_001095,cust_01782,shipped,2017-04-04 02:06:31,2017-04-05 12:06:31,2017-04-08 02:06:31,2017-04-13 02:06:31,2017-04-16 02:06:31
order_001096,cust_02371,delivered,2017-06-12 19:46:25,2017-06-14 08:46:25,2017-06-14 19:46:25,2017-06-23 19:46:25,2017-06-28 19:46:25
order_001097,cust_01449,delivered,2017-03-20 07:01:45,2017-03-22 01:01:45,2017-03-23 07:01:45,2017-03-29 07:01:45,2017-04-02 07:01:45
order_001098,cust_00470,delivered,2018-05-06 13:35:20,2018-05-07 13:35:20,2018-05-10 13:35:20,2018-05-08 13:35:20,2018-05-10 13:35:20
order_001099,cust_03538,shipped,2017-07-10 20:50:40,2017-07-11 07:50:40,2017-07-14 20:50:40,2017-07-13 20:50:40,2017-07-18 20:50:40
order_001100,cust_02656,delivered,2018-03-03 05:14:07,2018-03-04 06:14:07,2018-03-05 05:14:07,2018-03-05 05:14:07,2018-03-07 05:14:07
order_001101,cust_02678,delivered,2017-06-12 05:18:09,2017-06-13 02:18:09,2017-06-15 05:18:09,2017-06-18 05:18:09,2017-06-20 05:18:09
order_001102,cust_01064,delivered,2018-08-18 23:17:07,2018-08-20 04:17:07,2018-08-22 23:17:07,2018-09-02 23:17:07,2018-09-06 23:17:07
order_001103,cust_02929,delivered,2018-04-16 08:57:08,2018-04-16 20:57:08,2018-04-19 08:57:08,2018-05-03 08:57:08,2018-05-04 08:57:08
order_001104,cust_01973,delivered,2017-08-18 22:43:39,2017-08-19 23:43:39,2017-08-22 22:43:39,2017-08-27 22:43:39,2017-08-31 22:43:39
order_001105,cust_00291,delivered,2017-10-17 08:34:18,2017-10-19 06:34:18,2017-10-21 08:34:18,2017-10-19 08:34:18,2017-10-23 08:34:18
order_001106,cust_03627,delivered,2017-02-05 14:52:32,2017-02-06 23:52:32,2017-02-07 14:52:32,2017-02-08 14:52:32,2017-02-13 14:52:32
order_001107,cust_03768,delivered,2017-03-25 12:14:44,2017-03-27 10:14:44,2017-03-27 12:14:44,2017-04-09 12:14:44,2017-04-10 12:14:44
order_001108,cust_03308,delivered,2018-08-31 23:36:47,2018-09-01 05:36:47,2018-09-02 23:36:47,2018-09-07 23:36:47,2018-09-11 23:36:47
order_001109,cust_01804,delivered,2018-05-12 13:12:22,2018-05-13 20:12:22,2018-05-14 13:12:22,2018-05-28 13:12:22,2018-05-31 13:12:22
order_001110,cust_00886,delivered,2018-05-25 12:04:01,2018-05-25 14:04:01,2018-05-28 12:04:01,2018-06-04 12:04:01,2018-06-06 12:04:01
order_001111,cust_00041,delivered,2018-01-27 11:11:29,2018-01-27 21:11:29,2018-01-29 11:11:29,2018-02-12 11:11:29,2018-02-15 11:11:29
order_001112,cust_02799,delivered,2017-05-15 09:00:41,2017-05-17 00:00:41,2017-05-19 09:00:41,2017-05-19 09:00:41,2017-05-25 09:00:41
order_001113,cust_03385,delivered,2017-03-06 10:33:42,2017-03-06 15:33:42,2017-03-09 10:33:42,2017-03-21 10:33:42,2017-03-26 10:33:42
order_001114,cust_00395,delivered,2018-03-18 11:03:07,2018-03-19 10:03:07,2018-03-21 11:03:07,2018-03-28 11:03:07,2018-03-29 11:03:07
order_001115,cust_02600,shipped,2017-07-21 18:19:38,2017-07-21 22:19:38,2017-07-25 18:19:38,2017-07-30 18:19:38,2017-08-05 18:19:38
order_001116,cust_00101,delivered,2017-01-01 01:06:06,2017-01-01 16:06:06,2017-01-05 01:06:06,2017-01-11 01:06:06,2017-01-15 01:06:06
order_001117,cust_02951,delivered,2017-01-14 12:01:24,2017-01-14 18:01:24,2017-01-15 12:01:24,2017-01-21 12:01:24,2017-01-22 12:01:24
order_001118,cust_00107,shipped,2017-12-06 13:10:44,2017-12-07 11:10:44,2017-12-10 13:10:44,2017-12-17 13:10:44,2017-12-23 13:10:44
order_001119,cust_03706,delivered,2018-05-26 18:04:36,2018-05-28 01:04:36,2018-05-30 18:04:36,2018-06-09 18:04:36,2018-06-13 18:04:36
order_001120,cust_00646,processing,2017-08-09 15:59:22,2017-08-10 22:59:22,2017-08-11 15:59:22,2017-08-23 15:59:22,2017-08-29 15:59:22
order_001121,cust_01521,delivered,2018-08-31 10:21:57,2018-09-02 06:21:57,2018-09-01 10:21:57,2018-09-17 10:21:57,2018-09-18 10:21:57
order_001122,cust_02640,delivered,2017-08-20 02:37:42,2017-08-20 08:37:42,2017-08-23 02:37:42,2017-08-28 02:37:42,2017-08-30 02:37:42
order_001123,cust_03215,delivered,2018-03-22 08:55:46,2018-03-23 03:55:46,2018-03-26 08:55:46,2018-04-05 08:55:46,2018-04-11 08:55:46
order_001124,cust_01380,processing,2017-05-29 06:08:03,2017-05-30 07:08:03,2017-06-01 06:08:03,2017-06-14 06:08:03,2017-06-16 06:08:03
order_001125,cust_03725,delivered,2018-01-05 04:53:55,2018-01-05 09:53:55,2018-01-08 04:53:55,2018-01-07 04:53:55,2018-01-11 04:53:55
order_001126,cust_00060,delivered,2017-06-17 17:18:30,2017-06-17 23:18:30,2017-06-18 17:18:30,2017-06-26 17:18:30,2017-06-30 17:18:30
order_001127,cust_01791,delivered,2018-04-19 11:28:30,2018-04-20 02:28:30,2018-04-23 11:28:30,2018-05-02 11:28:30,2018-05-08 11:28:30
order_001128,cust_03754,delivered,2017-10-04 19:02:46,2017-10-06 12:02:46,2017-10-08 19:02:46,2017-10-13 19:02:46,2017-10-16 19:02:46
order_001129,cust_01041,delivered,2017-01-26 03:19:18,2017-01-27 07:19:18,2017-01-27 03:19:18,2017-01-29 03:19:18,2017-02-03 03:19:18
order_001130,cust_02026,delivered,2017-05-31 23:39:38,2017-06-02 02:39:38,2017-06-02 23:39:38,2017-06-12 23:39:38,2017-06-17 23:39:38
order_001131,cust_01689,delivered,2017-08-03 11:21:37,2017-08-04 13:21:37,2017-08-07 11:21:37,2017-08-11 11:21:37,2017-08-16 11:21:37
order_001132,cust_01496,delivered,2017-10-11 06:04:38,2017-10-12 21:04:38,2017-10-14 06:04:38,2017-10-22 06:04:38,2017-10-26 06:04:38
order_001133,cust_02917,delivered,2017-06-14 08:42:34,2017-06-15 10:42:34,2017-06-16 08:42:34,2017-06-16 08:42:34,2017-06-17 08:42:34
order_001134,cust_01971,delivered,2017-12-18 20:11:40,2017-12-20 06:11:40,2017-12-21 20:11:40,2017-12-20 20:11:40,2017-12-22 20:11:40
order_001135,cust_02712,delivered,2018-08-09 17:02:21,2018-08-10 08:02:21,2018-08-10 17:02:21,2018-08-20 17:02:21,2018-08-24 17:02:21
order_001136,cust_01975,delivered,2018-03-09 04:07:49,2018-03-10 19:07:49,2018-03-13 04:07:49,2018-03-26 04:07:49,2018-03-29 04:07:49
order_001137,cust_03790,delivered,2017-07-09 23:45:46,2017-07-10 01:45:46,2017-07-12 23:45:46,2017-07-21 23:45:46,2017-07-23 23:45:46
order_001138,cust_01786,canceled,2018-02-16 03:08:27,2018-02-16 20:08:27,2018-02-19 03:08:27,2018-03-05 03:08:27,2018-03-10 03:08:27
order_001139,cust_03025,delivered,2018-08-11 06:36:32,2018-08-11 18:36:32,2018-08-14 06:36:32,2018-08-26 06:36:32,2018-08-29 06:36:32
order_001140,cust_02329,delivered,2017-05-28 17:30:03,2017-05-29 00:30:03,2017-05-31 17:30:03,2017-06-03 17:30:03,2017-06-08 17:30:03
order_001141,cust_03045,delivered,2017-05-22 12:42:47,2017-05-23 14:42:47,2017-05-24 12:42:47,2017-05-25 12:42:47,2017-05-29 12:42:47
order_001142,cust_03365,delivered,2017-01-24 10:42:03,2017-01-26 04:42:03,2017-01-25 10:42:03,2017-02-03 10:42:03,2017-02-06 10:42:03
order_001143,cust_00860,delivered,2018-05-28 22:13:50,2018-05-29 06:13:50,2018-05-30 22:13:50,2018-06-08 22:13:50,2018-06-09 22:13:50
order_001144,cust_01146,delivered,2018-05-22 19:03:14,2018-05-24 13:03:14,2018-05-26 19:03:14,2018-06-05 19:03:14,2018-06-06 19:03:14
order_001145,cust_01145,delivered,2017-09-09 23:05:30,2017-09-11 16:05:30,2017-09-10 23:05:30,2017-09-19 23:05:30,2017-09-23 23:05:30
order_001146,cust_01850,delivered,2018-06-15 06:46:53,2018-06-17 00:46:53,2018-06-17 06:46:53,2018-07-01 06:46:53,2018-07-04 06:46:53
order_001147,cust_01869,delivered,2018-02-01 20:24:56,2018-02-01 21:24:56,2018-02-05 20:24:56,2018-02-16 20:24:56,2018-02-21 20:24:56
order_001148,cust_00013,delivered,2018-08-19 05:06:59,2018-08-21 04:06:59,2018-08-22 05:06:59,2018-08-30 05:06:59,2018-09-03 05:06:59
order_001149,cust_03402,delivered,2018-07-15 19:20:28,2018-07-16 16:20:28,2018-07-16 19:20:28,2018-07-25 19:20:28,2018-07-27 19:20:28
order_001150,cust_03267,delivered,2018-08-07 13:10:16,2018-08-08 18:10:16,2018-08-11 13:10:16,2018-08-09 13:10:16,2018-08-14 13:10:16
order_001151,cust_02283,processing,2017-08-27 14:20:57,2017-08-28 05:20:57,2017-08-28 14:20:57,2017-09-10 14:20:57,2017-09-14 14:20:57
order_001152,cust_01162,delivered,2018-01-21 02:46:02,2018-01-22 03:46:02,2018-01-23 02:46:02,2018-02-02 02:46:02,2018-02-08 02:46:02
order_001153,cust_03141,delivered,2017-04-12 21:06:01,2017-04-13 23:06:01,2017-04-13 21:06:01,2017-04-28 21:06:01,2017-05-04 21:06:01
order_001154,cust_01030,delivered,2018-06-28 06:41:23,2018-06-29 20:41:23,2018-06-30 06:41:23,2018-07-01 06:41:23,2018-07-07 06:41:23
order_001155,cust_01162,delivered,2017-07-13 14:21:18,2017-07-14 07:21:18,2017-07-15 14:21:18,2017-07-17 14:21:18,2017-07-18 14:21:18
order_001156,cust_03790,delivered,2017-09-30 03:59:22,2017-09-30 09:59:22,2017-10-02 03:59:22,2017-10-12 03:59:22,2017-10-16 03:59:22
order_001157,cust_03510,delivered,2017-12-28 22:13:21,2017-12-30 02:13:21,2018-01-01 22:13:21,2018-01-06 22:13:21,2018-01-07 22:13:21
order_001158,cust_02220,delivered,2018-04-24 07:40:52,2018-04-25 20:40:52,2018-04-27 07:40:52,2018-05-05 07:40:52,2018-05-11 07:40:52
order_001159,cust_00643,shipped,2018-03-21 18:18:19,2018-03-21 19:18:19,2018-03-23 18:18:19,2018-03-29 18:18:19,2018-04-03 18:18:19
order_001160,cust_00467,delivered,2018-08-04 18:22:19,2018-08-06 09:22:19,2018-08-06 18:22:19,2018-08-16 18:22:19,2018-08-18 18:22:19
order_001161,cust_03664,delivered,2018-03-10 13:12:26,2018-03-12 03:12:26,2018-03-12 13:12:26,2018-03-22 13:12:26,2018-03-26 13:12:26
order_001162,cust_01008,delivered,2018-04-30 02:53:52,2018-05-01 06:53:52,2018-05-02 02:53:52,2018-05-05 02:53:52,2018-05-09 02:53:52
order_001163,cust_02589,delivered,2017-12-15 06:43:03,2017-12-17 03:43:03,2017-12-19 06:43:03,2017-12-29 06:43:03,2018-01-02 06:43:03
order_001164,cust_01342,delivered,2017-09-10 14:41:05,2017-09-11 09:41:05,2017-09-11 14:41:05,2017-09-19 14:41:05,2017-09-23 14:41:05
order_001165,cust_01887,delivered,2018-07-10 12:51:40,2018-07-10 19:51:40,2018-07-13 12:51:40,2018-07-21 12:51:40,2018-07-27 12:51:40
order_001166,cust_03747,delivered,2017-08-18 14:02:03,2017-08-19 21:02:03,2017-08-20 14:02:03,2017-08-29 14:02:03,2017-09-03 14:02:03
order_001167,cust_02253,delivered,2018-01-13 05:59:07,2018-01-14 10:59:07,2018-01-15 05:59:07,2018-01-26 05:59:07,2018-01-29 05:59:07
order_001168,cust_01636,delivered,2017-06-27 12:54:54,2017-06-29 08:54:54,2017-06-29 12:54:54,2017-07-03 12:54:54,2017-07-08 12:54:54
order_001169,cust_01579,delivered,2017-10-21 02:02:51,2017-10-21 13:02:51,2017-10-22 02:02:51,2017-10-23 02:02:51,2017-10-24 02:02:51
order_001170,cust_00874,delivered,2017-08-12 11:37:18,2017-08-12 19:37:18,2017-08-15 11:37:18,2017-08-16 11:37:18,2017-08-18 11:37:18
order_001171,cust_02114,delivered,2017-06-07 02:11:37,2017-06-08 10:11:37,2017-06-10 02:11:37,2017-06-24 02:11:37,2017-06-25 02:11:37
order_001172,cust_02164,delivered,2018-05-14 15:55:57,2018-05-15 06:55:57,2018-05-17 15:55:57,2018-05-19 15:55:57,2018-05-25 15:55:57
order_001173,cust_00361,delivered,2018-04-12 13:36:11,2018-04-12 22:36:11,2018-04-13 13:36:11,2018-04-17 13:36:11,2018-04-18 13:36:11
order_001174,cust_01538,delivered,2018-03-03 20:26:36,2018-03-05 04:26:36,2018-03-06 20:26:36,2018-03-18 20:26:36,2018-03-24 20:26:36
order_001175,cust_02450,delivered,2017-02-20 11:05:21,2017-02-20 20:05:21,2017-02-21 11:05:21,2017-02-25 11:05:21,2017-03-02 11:05:21
order_001176,cust_00208,delivered,2017-06-01 03:53:19,2017-06-02 19:53:19,2017-06-03 03:53:19,2017-06-10 03:53:19,2017-06-16 03:53:19
order_001177,cust_03710,delivered,2017-05-13 05:38:43,2017-05-13 20:38:43,2017-05-16 05:38:43,2017-05-20 05:38:43,2017-05-25 05:38:43
order_001178,cust_03271,delivered,2018-03-09 19:32:20,2018-03-11 02:32:20,2018-03-13 19:32:20,2018-03-21 19:32:20,2018-03-24 19:32:20
order_001179,cust_02420,delivered,2018-06-27 22:59:51,2018-06-29 02:59:51,2018-07-01 22:59:51,2018-07-08 22:59:51,2018-07-13 22:59:51
order_001180,cust_00059,processing,2017-08-19 01:28:31,2017-08-20 05:28:31,2017-08-22 01:28:31,2017-08-29 01:28:31,2017-09-04 01:28:31
order_001181,cust_01968,delivered,2017-07-20 16:14:02,2017-07-21 07:14:02,2017-07-21 16:14:02,2017-07-30 16:14:02,2017-08-05 16:14:02
order_001182,cust_03414,delivered,2017-12-06 11:34:15,2017-12-06 16:34:15,2017-12-10 11:34:15,2017-12-21 11:34:15,2017-12-26 11:34:15
order_001183,cust_00086,delivered,2018-08-24 06:11:17,2018-08-25 13:11:17,2018-08-26 06:11:17,2018-09-04 06:11:17,2018-09-09 06:11:17
order_001184,cust_03009,delivered,2017-08-14 12:16:30,2017-08-15 09:16:30,2017-08-17 12:16:30,2017-08-24 12:16:30,2017-08-28 12:16:30
order_001185,cust_03189,delivered,2017-06-19 22:27:32,2017-06-21 20:27:32,2017-06-20 22:27:32,2017-07-05 22:27:32,2017-07-11 22:27:32
order_001186,cust_00288,delivered,2017-11-14 04:44:31,2017-11-15 22:44:31,2017-11-16 04:44:31,2017-11-17 04:44:31,2017-11-20 04:44:31
order_001187,cust_00875,delivered,2018-07-11 20:05:24,2018-07-12 00:05:24,2018-07-13 20:05:24,2018-07-26 20:05:24,2018-07-30 20:05:24
order_001188,cust_02749,delivered,2018-03-20 02:09:07,2018-03-20 19:09:07,2018-03-23 02:09:07,2018-03-25 02:09:07,2018-03-31 02:09:07
order_001189,cust_03464,delivered,2017-11-12 17:17:42,2017-11-13 13:17:42,2017-11-16 17:17:42,2017-11-19 17:17:42,2017-11-21 17:17:42
order_001190,cust_02929,delivered,2018-03-21 01:47:52,2018-03-21 19:47:52,2018-03-22 01:47:52,2018-03-23 01:47:52,2018-03-28 01:47:52
order_001191,cust_01997,delivered,2017-01-10 01:27:22,2017-01-11 11:27:22,2017-01-13 01:27:22,2017-01-21 01:27:22,2017-01-22 01:27:22
order_001192,cust_02288,delivered,2018-04-03 00:53:37,2018-04-03 17:53:37,2018-04-07 00:53:37,2018-04-18 00:53:37,2018-04-22 00:53:37
order_001193,cust_01993,delivered,2017-03-01 19:18:52,2017-03-02 03:18:52,2017-03-02 19:18:52,2017-03-09 19:18:52,2017-03-10 19:18:52
order_001194,cust_02195,delivered,2017-08-26 13:45:58,2017-08-27 07:45:58,2017-08-29 13:45:58,2017-09-07 13:45:58,2017-09-13 13:45:58
order_001195,cust_02928,delivered,2017-08-01 16:34:07,2017-08-03 05:34:07,2017-08-05 16:34:07,2017-08-09 16:34:07,2017-08-15 16:34:07
order_001196,cust_00188,delivered,2018-02-24 03:43:53,2018-02-24 23:43:53,2018-02-25 03:43:53,2018-03-10 03:43:53,2018-03-12 03:43:53
order_001197,cust_00796,delivered,2017-05-26 22:06:55,2017-05-27 12:06:55,2017-05-29 22:06:55,2017-06-12 22:06:55,2017-06-13 22:06:55
order_001198,cust_00226,delivered,2017-05-26 19:24:32,2017-05-28 08:24:32,2017-05-28 19:24:32,2017-06-08 19:24:32,2017-06-12 19:24:32
order_001199,cust_03025,delivered,2018-06-22 11:43:37,2018-06-22 15:43:37,2018-06-25 11:43:37,2018-06-29 11:43:37,2018-07-05 11:43:37
order_001200,cust_02763,delivered,2017-10-18 21:34:29,2017-10-19 19:34:29,2017-10-21 21:34:29,2017-11-02 21:34:29,2017-11-04 21:34:29
order_001201,cust_00201,delivered,2018-03-27 03:25:57,2018-03-27 08:25:57,2018-03-28 03:25:57,2018-03-29 03:25:57,2018-04-04 03:25:57
order_001202,cust_00401,delivered,2017-12-21 07:01:04,2017-12-22 12:01:04,2017-12-22 07:01:04,2018-01-07 07:01:04,2018-01-10 07:01:04
order_001203,cust_01006,delivered,2018-01-12 01:09:44,2018-01-13 20:09:44,2018-01-14 01:09:44,2018-01-27 01:09:44,2018-01-30 01:09:44
order_001204,cust_00919,delivered,2018-02-22 03:56:49,2018-02-23 00:56:49,2018-02-24 03:56:49,2018-03-06 03:56:49,2018-03-09 03:56:49
order_001205,cust_01973,delivered,2018-02-10 20:11:43,2018-02-12 19:11:43,2018-02-12 20:11:43,2018-02-21 20:11:43,2018-02-23 20:11:43
order_001206,cust_01895,delivered,2018-07-09 09:49:50,2018-07-11 03:49:50,2018-07-13 09:49:50,2018-07-15 09:49:50,2018-07-18 09:49:50
order_001207,cust_01359,shipped,2018-04-23 15:29:15,2018-04-25 02:29:15,2018-04-26 15:29:15,2018-05-01 15:29:15,2018-05-03 15:29:15
order_001208,cust_00623,delivered,2017-07-05 21:09:27,2017-07-06 06:09:27,2017-07-07 21:09:27,2017-07-08 21:09:27,2017-07-11 21:09:27
order_001209,cust_02467,delivered,2017-04-14 18:20:11,2017-04-14 20:20:11,2017-04-17 18:20:11,2017-04-21 18:20:11,2017-04-23 18:20:11
order_001210,cust_03001,delivered,2018-05-29 09:35:44,2018-05-29 15:35:44,2018-05-30 09:35:44,2018-06-09 09:35:44,2018-06-10 09:35:44
order_001211,cust_02433,canceled,2017-08-15 08:21:31,2017-08-16 01:21:31,2017-08-16 08:21:31,2017-08-22 08:21:31,2017-08-25 08:21:31
order_001212,cust_03068,delivered,2017-07-09 02:36:00,2017-07-09 22:36:00,2017-07-10 02:36:00,2017-07-23 02:36:00,2017-07-24 02:36:00
order_001213,cust_03473,delivered,2017-03-09 19:54:42,2017-03-10 05:54:42,2017-03-11 19:54:42,2017-03-24 19:54:42,2017-03-26 19:54:42
order_001214,cust_03200,delivered,2017-12-02 23:37:55,2017-12-04 21:37:55,2017-12-05 23:37:55,2017-12-12 23:37:55,2017-12-17 23:37:55
order_001215,cust_02475,processing,2017-11-08 12:00:13,2017-11-09 23:00:13,2017-11-11 12:00:13,2017-11-15 12:00:13,2017-11-16 12:00:13
order_001216,cust_00188,processing,2018-05-19 11:59:31,2018-05-20 20:59:31,2018-05-22 11:59:31,2018-05-25 11:59:31,2018-05-27 11:59:31
order_001217,cust_01271,delivered,2018-04-01 20:21:39,2018-04-03 03:21:39,2018-04-02 20:21:39,2018-04-11 20:21:39,2018-04-16 20:21:39
order_001218,cust_01625,delivered,2018-03-16 08:13:00,2018-03-17 13:13:00,2018-03-19 08:13:00,2018-03-29 08:13:00,2018-03-30 08:13:00
order_001219,cust_02707,delivered,2017-11-24 09:45:25,2017-11-26 03:45:25,2017-11-27 09:45:25,2017-11-28 09:45:25,2017-12-03 09:45:25
order_001220,cust_03218,delivered,2018-06-09 21:26:48,2018-06-10 16:26:48,2018-06-13 21:26:48,2018-06-18 21:26:48,2018-06-19 21:26:48
order_001221,cust_02433,delivered,2018-08-21 09:06:16,2018-08-21 16:06:16,2018-08-22 09:06:16,2018-08-30 09:06:16,2018-08-31 09:06:16
order_001222,cust_01380,shipped,2018-05-11 22:15:27,2018-05-12 12:15:27,2018-05-12 22:15:27,2018-05-17 22:15:27,2018-05-19 22:15:27
order_001223,cust_02993,delivered,2017-07-31 03:52:25,2017-07-31 14:52:25,2017-08-02 03:52:25,2017-08-05 03:52:25,2017-08-11 03:52:25
order_001224,cust_02644,delivered,2017-06-18 11:55:23,2017-06-20 08:55:23,2017-06-19 11:55:23,2017-07-03 11:55:23,2017-07-04 11:55:23
order_001225,cust_03032,delivered,2017-01-01 11:45:13,2017-01-02 14:45:13,2017-01-02 11:45:13,2017-01-09 11:45:13,2017-01-10 11:45:13
order_001226,cust_02239,delivered,2018-08-27 07:21:40,2018-08-28 04:21:40,2018-08-28 07:21:40,2018-09-07 07:21:40,2018-09-13 07:21:40
order_001227,cust_02457,delivered,2018-03-22 23:06:45,2018-03-23 01:06:45,2018-03-25 23:06:45,2018-03-24 23:06:45,2018-03-28 23:06:45
order_001228,cust_01319,delivered,2018-07-24 11:34:59,2018-07-25 21:34:59,2018-07-26 11:34:59,2018-07-30 11:34:59,2018-08-03 11:34:59
order_001229,cust_01519,delivered,2018-04-24 21:05:47,2018-04-26 04:05:47,2018-04-28 21:05:47,2018-04-29 21:05:47,2018-04-30 21:05:47
order_001230,cust_01050,delivered,2017-09-19 05:15:45,2017-09-20 20:15:45,2017-09-20 05:15:45,2017-09-26 05:15:45,2017-09-29 05:15:45
order_001231,cust_00976,delivered,2017-03-30 08:22:29,2017-03-30 15:22:29,2017-04-03 08:22:29,2017-04-14 08:22:29,2017-04-18 08:22:29
order_001232,cust_02480,delivered,2017-01-29 11:28:39,2017-01-30 18:28:39,2017-01-31 11:28:39,2017-02-09 11:28:39,2017-02-13 11:28:39
order_001233,cust_01457,delivered,2018-04-27 13:32:08,2018-04-28 07:32:08,2018-04-30 13:32:08,2018-05-13 13:32:08,2018-05-17 13:32:08
order_001234,cust_00507,delivered,2017-07-04 05:30:22,2017-07-04 16:30:22,2017-07-08 05:30:22,2017-07-12 05:30:22,2017-07-13 05:30:22
order_001235,cust_00133,delivered,2017-08-19 07:30:52,2017-08-19 18:30:52,2017-08-21 07:30:52,2017-09-02 07:30:52,2017-09-08 07:30:52
order_001236,cust_03268,delivered,2018-05-24 14:55:58,2018-05-25 04:55:58,2018-05-25 14:55:58,2018-05-28 14:55:58,2018-06-02 14:55:58
order_001237,cust_01654,delivered,2017-10-20 06:41:02,2017-10-21 17:41:02,2017-10-21 06:41:02,2017-11-04 06:41:02,2017-11-06 06:41:02
order_001238,cust_02190,delivered,2018-08-02 18:14:14,2018-08-02 20:14:14,2018-08-06 18:14:14,2018-08-13 18:14:14,2018-08-19 18:14:14
order_001239,cust_03438,canceled,2017-11-29 11:27:03,2017-12-01 08:27:03,2017-11-30 11:27:03,2017-12-01 11:27:03,2017-12-03 11:27:03
order_001240,cust_00423,delivered,2018-05-21 23:15:58,2018-05-23 21:15:58,2018-05-25 23:15:58,2018-06-03 23:15:58,2018-06-04 23:15:58
order_001241,cust_03562,delivered,2017-03-18 05:42:17,2017-03-20 03:42:17,2017-03-21 05:42:17,2017-03-27 05:42:17,2017-04-02 05:42:17
order_001242,cust_02673,delivered,2017-08-30 20:13:18,2017-09-01 12:13:18,2017-09-02 20:13:18,2017-09-01 20:13:18,2017-09-02 20:13:18
order_001243,cust_02432,delivered,2017-04-22 11:45:51,2017-04-23 03:45:51,2017-04-24 11:45:51,2017-05-07 11:45:51,2017-05-08 11:45:51
order_001244,cust_01638,delivered,2017-02-04 02:04:02,2017-02-04 21:04:02,2017-02-08 02:04:02,2017-02-14 02:04:02,2017-02-18 02:04:02
order_001245,cust_02683,shipped,2018-08-26 16:55:25,2018-08-26 22:55:25,2018-08-27 16:55:25,2018-09-06 16:55:25,2018-09-08 16:55:25
order_001246,cust_00775,delivered,2017-11-11 05:04:35,2017-11-12 23:04:35,2017-11-14 05:04:35,2017-11-22 05:04:35,2017-11-23 05:04:35
order_001247,cust_01148,delivered,2017-08-04 03:19:28,2017-08-05 16:19:28,2017-08-05 03:19:28,2017-08-07 03:19:28,2017-08-08 03:19:28
order_001248,cust_03652,delivered,2017-08-17 12:45:38,2017-08-17 20:45:38,2017-08-19 12:45:38,2017-08-24 12:45:38,2017-08-25 12:45:38
order_001249,cust_01048,delivered,2017-05-27 18:51:39,2017-05-29 17:51:39,2017-05-28 18:51:39,2017-06-09 18:51:39,2017-06-15 18:51:39
order_001250,cust_02734,delivered,2017-03-16 06:10:55,2017-03-16 08:10:55,2017-03-19 06:10:55,2017-03-23 06:10:55,2017-03-28 06:10:55
order_001251,cust_03535,delivered,2018-07-10 14:57:10,2018-07-12 03:57:10,2018-07-11 14:57:10,2018-07-26 14:57:10,2018-08-01 14:57:10
order_001252,cust_02253,delivered,2017-03-06 00:20:41,2017-03-06 07:20:41,2017-03-07 00:20:41,2017-03-13 00:20:41,2017-03-17 00:20:41
order_001253,cust_01131,delivered,2017-08-22 04:25:50,2017-08-23 16:25:50,2017-08-24 04:25:50,2017-08-31 04:25:50,2017-09-04 04:25:50
order_001254,cust_03225,shipped,2017-04-04 18:06:53,2017-04-06 12:06:53,2017-04-06 18:06:53,2017-04-13 18:06:53,2017-04-15 18:06:53
order_001255,cust_03139,delivered,2018-07-20 00:18:32,2018-07-21 21:18:32,2018-07-24 00:18:32,2018-07-22 00:18:32,2018-07-28 00:18:32
order_001256,cust_02066,delivered,2017-05-06 08:35:11,2017-05-06 16:35:11,2017-05-10 08:35:11,2017-05-20 08:35:11,2017-05-25 08:35:11
order_001257,cust_00436,delivered,2017-08-28 12:11:17,2017-08-28 20:11:17,2017-08-30 12:11:17,2017-09-01 12:11:17,2017-09-05 12:11:17
order_001258,cust_01677,delivered,2018-04-04 01:35:11,2018-04-04 05:35:11,2018-04-07 01:35:11,2018-04-13 01:35:11,2018-04-14 01:35:11
order_001259,cust_01640,delivered,2017-12-13 23:29:07,2017-12-15 14:29:07,2017-12-17 23:29:07,2017-12-29 23:29:07,2018-01-03 23:29:07
order_001260,cust_00719,delivered,2017-08-21 12:12:43,2017-08-21 21:12:43,2017-08-23 12:12:43,2017-09-07 12:12:43,2017-09-09 12:12:43
order_001261,cust_01528,delivered,2017-12-09 08:07:33,2017-12-10 03:07:33,2017-12-13 08:07:33,2017-12-14 08:07:33,2017-12-16 08:07:33
order_001262,cust_00582,processing,2017-09-23 23:27:10,2017-09-24 19:27:10,2017-09-26 23:27:10,2017-10-01 23:27:10,2017-10-06 23:27:10
order_001263,cust_02631,canceled,2017-06-25 13:24:16,2017-06-26 06:24:16,2017-06-28 13:24:16,2017-07-06 13:24:16,2017-07-12 13:24:16
order_001264,cust_01641,delivered,2017-12-30 16:17:05,2017-12-31 16:17:05,2018-01-03 16:17:05,2018-01-12 16:17:05,2018-01-16 16:17:05
order_001265,cust_02776,delivered,2017-08-11 02:10:05,2017-08-11 19:10:05,2017-08-13 02:10:05,2017-08-17 02:10:05,2017-08-18 02:10:05
order_001266,cust_01732,delivered,2018-08-07 03:48:37,2018-08-07 15:48:37,2018-08-08 03:48:37,2018-08-17 03:48:37,2018-08-21 03:48:37
order_001267,cust_02712,delivered,2017-10-09 01:05:05,2017-10-09 20:05:05,2017-10-12 01:05:05,2017-10-24 01:05:05,2017-10-30 01:05:05
order_001268,cust_02786,delivered,2018-04-05 12:20:35,2018-04-07 02:20:35,2018-04-07 12:20:35,2018-04-19 12:20:35,2018-04-24 12:20:35
order_001269,cust_00608,delivered,2017-05-23 20:04:21,2017-05-24 02:04:21,2017-05-24 20:04:21,2017-06-07 20:04:21,2017-06-09 20:04:21
order_001270,cust_01679,shipped,2018-01-28 21:38:28,2018-01-30 19:38:28,2018-01-29 21:38:28,2018-02-13 21:38:28,2018-02-17 21:38:28
order_001271,cust_02849,delivered,2017-12-07 13:47:02,2017-12-08 09:47:02,2017-12-10 13:47:02,2017-12-22 13:47:02,2017-12-24 13:47:02
order_001272,cust_02254,delivered,2018-03-29 01:18:06,2018-03-29 15:18:06,2018-04-02 01:18:06,2018-04-08 01:18:06,2018-04-14 01:18:06
order_001273,cust_00842,delivered,2017-10-08 15:01:40,2017-10-09 12:01:40,2017-10-10 15:01:40,2017-10-25 15:01:40,2017-10-31 15:01:40
order_001274,cust_03163,delivered,2018-03-14 15:18:33,2018-03-16 11:18:33,2018-03-17 15:18:33,2018-03-23 15:18:33,2018-03-27 15:18:33
order_001275,cust_00759,delivered,2017-02-05 14:19:49,2017-02-07 05:19:49,2017-02-06 14:19:49,2017-02-18 14:19:49,2017-02-19 14:19:49
order_001276,cust_03774,delivered,2018-02-24 17:18:37,2018-02-26 08:18:37,2018-02-25 17:18:37,2018-03-13 17:18:37,2018-03-16 17:18:37
order_001277,cust_02686,shipped,2018-04-04 13:22:22,2018-04-05 00:22:22,2018-04-08 13:22:22,2018-04-06 13:22:22,2018-04-07 13:22:22
order_001278,cust_01225,delivered,2017-10-29 16:53:46,2017-10-31 10:53:46,2017-11-01 16:53:46,2017-11-14 16:53:46,2017-11-19 16:53:46
order_001279,cust_00739,delivered,2017-01-21 11:40:21,2017-01-22 21:40:21,2017-01-22 11:40:21,2017-02-05 11:40:21,2017-02-10 11:40:21
order_001280,cust_03427,delivered,2017-12-11 03:36:14,2017-12-11 06:36:14,2017-12-14 03:36:14,2017-12-28 03:36:14,2017-12-30 03:36:14
order_001281,cust_01989,delivered,2018-04-21 01:55:07,2018-04-21 22:55:07,2018-04-24 01:55:07,2018-05-05 01:55:07,2018-05-11 01:55:07
order_001282,cust_03062,delivered,2017-10-08 21:46:28,2017-10-10 13:46:28,2017-10-09 21:46:28,2017-10-12 21:46:28,2017-10-17 21:46:28
order_001283,cust_03160,delivered,2017-02-27 10:35:00,2017-02-28 12:35:00,2017-03-01 10:35:00,2017-03-05 10:35:00,2017-03-11 10:35:00
order_001284,cust_00258,delivered,2017-08-29 07:44:04,2017-08-30 11:44:04,2017-09-02 07:44:04,2017-08-31 07:44:04,2017-09-02 07:44:04
order_001285,cust_02598,delivered,2018-08-28 07:02:15,2018-08-29 01:02:15,2018-08-30 07:02:15,2018-09-08 07:02:15,2018-09-10 07:02:15
order_001286,cust_01269,delivered,2017-06-14 01:14:30,2017-06-14 03:14:30,2017-06-17 01:14:30,2017-06-22 01:14:30,2017-06-25 01:14:30
order_001287,cust_03449,delivered,2017-11-18 22:40:57,2017-11-20 16:40:57,2017-11-21 22:40:57,2017-11-27 22:40:57,2017-11-29 22:40:57
order_001288,cust_00832,delivered,2017-08-04 01:59:50,2017-08-05 13:59:50,2017-08-05 01:59:50,2017-08-17 01:59:50,2017-08-22 01:59:50
order_001289,cust_00127,delivered,2018-03-10 05:15:22,2018-03-10 18:15:22,2018-03-14 05:15:22,2018-03-25 05:15:22,2018-03-28 05:15:22
order_001290,cust_02524,delivered,2017-09-18 10:58:54,2017-09-18 22:58:54,2017-09-22 10:58:54,2017-09-21 10:58:54,2017-09-25 10:58:54
order_001291,cust_02097,delivered,2017-08-22 08:35:40,2017-08-23 09:35:40,2017-08-25 08:35:40,2017-09-07 08:35:40,2017-09-09 08:35:40
order_001292,cust_02110,delivered,2017-12-19 00:57:34,2017-12-20 14:57:34,2017-12-20 00:57:34,2017-12-26 00:57:34,2017-12-27 00:57:34
order_001293,cust_01000,delivered,2017-12-14 07:53:58,2017-12-14 12:53:58,2017-12-18 07:53:58,2017-12-28 07:53:58,2018-01-03 07:53:58
order_001294,cust_01880,delivered,2017-10-31 18:42:33,2017-11-02 00:42:33,2017-11-01 18:42:33,2017-11-11 18:42:33,2017-11-14 18:42:33
order_001295,cust_03664,delivered,2017-06-07 06:00:49,2017-06-08 22:00:49,2017-06-10 06:00:49,2017-06-16 06:00:49,2017-06-17 06:00:49
order_001296,cust_02901,delivered,2017-03-07 20:46:47,2017-03-08 20:46:47,2017-03-09 20:46:47,2017-03-12 20:46:47,2017-03-17 20:46:47
order_001297,cust_03742,delivered,2018-02-24 08:38:40,2018-02-24 11:38:40,2018-02-27 08:38:40,2018-03-01 08:38:40,2018-03-02 08:38:40
order_001298,cust_01266,delivered,2017-07-26 00:19:15,2017-07-26 02:19:15,2017-07-27 00:19:15,2017-08-08 00:19:15,2017-08-14 00:19:15
order_001299,cust_03306,delivered,2018-01-08 02:36:48,2018-01-08 10:36:48,2018-01-12 02:36:48,2018-01-15 02:36:48,2018-01-18 02:36:48
order_001300,cust_01454,delivered,2017-08-17 19:26:25,2017-08-19 13:26:25,2017-08-20 19:26:25,2017-08-22 19:26:25,2017-08-25 19:26:25
order_001301,cust_03555,delivered,2018-06-04 09:43:59,2018-06-05 07:43:59,2018-06-06 09:43:59,2018-06-06 09:43:59,2018-06-08 09:43:59
order_001302,cust_03289,delivered,2018-03-06 23:32:56,2018-03-07 06:32:56,2018-03-08 23:32:56,2018-03-21 23:32:56,2018-03-22 23:32:56
order_001303,cust_00625,delivered,2017-09-03 18:55:56,2017-09-05 13:55:56,2017-09-06 18:55:56,2017-09-11 18:55:56,2017-09-14 18:55:56
order_001304,cust_03694,delivered,2017-07-22 00:43:43,2017-07-23 15:43:43,2017-07-23 00:43:43,2017-07-29 00:43:43,2017-08-01 00:43:43
order_001305,cust_02307,delivered,2018-04-01 07:29:58,2018-04-01 14:29:58,2018-04-03 07:29:58,2018-04-08 07:29:58,2018-04-11 07:29:58
order_001306,cust_02950,delivered,2017-01-05 17:23:57,2017-01-07 02:23:57,2017-01-09 17:23:57,2017-01-16 17:23:57,2017-01-19 17:23:57
order_001307,cust_02200,delivered,2017-02-05 01:30:51,2017-02-05 17:30:51,2017-02-09 01:30:51,2017-02-14 01:30:51,2017-02-18 01:30:51
order_001308,cust_00824,delivered,2017-02-21 23:58:41,2017-02-22 03:58:41,2017-02-23 23:58:41,2017-03-03 23:58:41,2017-03-04 23:58:41
order_001309,cust_03742,delivered,2017-07-30 03:59:27,2017-07-30 06:59:27,2017-08-02 03:59:27,2017-08-05 03:59:27,2017-08-08 03:59:27
order_001310,cust_00428,delivered,2017-10-30 19:07:51,2017-10-31 21:07:51,2017-11-01 19:07:51,2017-11-05 19:07:51,2017-11-11 19:07:51
order_001311,cust_03074,delivered,2017-06-28 20:10:18,2017-06-30 12:10:18,2017-06-29 20:10:18,2017-07-13 20:10:18,2017-07-19 20:10:18
order_001312,cust_00794,delivered,2017-04-25 12:07:42,2017-04-27 10:07:42,2017-04-27 12:07:42,2017-05-04 12:07:42,2017-05-08 12:07:42
order_001313,cust_02985,delivered,2017-07-10 19:17:10,2017-07-12 05:17:10,2017-07-11 19:17:10,2017-07-27 19:17:10,2017-07-30 19:17:10
order_001314,cust_01606,delivered,2017-10-28 21:14:08,2017-10-30 17:14:08,2017-11-01 21:14:08,2017-11-12 21:14:08,2017-11-15 21:14:08
order_001315,cust_00898,delivered,2017-06-30 17:37:29,2017-07-01 05:37:29,2017-07-01 17:37:29,2017-07-13 17:37:29,2017-07-18 17:37:29
order_001316,cust_00899,delivered,2017-12-16 16:59:25,2017-12-16 23:59:25,2017-12-17 16:59:25,2017-12-26 16:59:25,2017-12-29 16:59:25
order_001317,cust_01214,delivered,2017-08-21 09:19:37,2017-08-21 15:19:37,2017-08-24 09:19:37,2017-09-05 09:19:37,2017-09-11 09:19:37
order_001318,cust_03423,delivered,2018-07-22 07:01:07,2018-07-22 16:01:07,2018-07-23 07:01:07,2018-07-24 07:01:07,2018-07-25 07:01:07
order_001319,cust_02923,delivered,2018-08-27 20:49:31,2018-08-29 08:49:31,2018-08-31 20:49:31,2018-09-05 20:49:31,2018-09-09 20:49:31
order_001320,cust_02548,delivered,2018-02-03 05:23:01,2018-02-03 13:23:01,2018-02-07 05:23:01,2018-02-16 05:23:01,2018-02-20 05:23:01
order_001321,cust_02393,delivered,2017-12-04 09:56:55,2017-12-05 06:56:55,2017-12-06 09:56:55,2017-12-07 09:56:55,2017-12-10 09:56:55
order_001322,cust_01583,shipped,2017-01-19 12:18:03,2017-01-21 00:18:03,2017-01-20 12:18:03,2017-01-23 12:18:03,2017-01-26 12:18:03
order_001323,cust_03425,delivered,2018-01-14 09:22:38,2018-01-16 05:22:38,2018-01-15 09:22:38,2018-01-17 09:22:38,2018-01-18 09:22:38
order_001324,cust_01040,delivered,2017-08-20 08:57:06,2017-08-20 16:57:06,2017-08-24 08:57:06,2017-08-29 08:57:06,2017-09-01 08:57:06
order_001325,cust_03583,delivered,2017-06-26 14:22:50,2017-06-26 23:22:50,2017-06-28 14:22:50,2017-07-06 14:22:50,2017-07-09 14:22:50
order_001326,cust_01446,delivered,2018-04-28 07:54:26,2018-04-28 11:54:26,2018-05-01 07:54:26,2018-05-07 07:54:26,2018-05-11 07:54:26
order_001327,cust_01297,canceled,2017-01-26 23:43:49,2017-01-27 05:43:49,2017-01-27 23:43:49,2017-01-28 23:43:49,2017-02-01 23:43:49
order_001328,cust_01808,delivered,2017-06-08 04:16:12,2017-06-08 23:16:12,2017-06-12 04:16:12,2017-06-17 04:16:12,2017-06-20 04:16:12
order_001329,cust_02844,delivered,2018-04-16 09:20:09,2018-04-17 00:20:09,2018-04-19 09:20:09,2018-05-02 09:20:09,2018-05-06 09:20:09
order_001330,cust_02712,delivered,2018-07-17 20:17:12,2018-07-19 18:17:12,2018-07-18 20:17:12,2018-07-19 20:17:12,2018-07-23 20:17:12
order_001331,cust_02913,delivered,2017-11-09 11:24:44,2017-11-10 08:24:44,2017-11-10 11:24:44,2017-11-23 11:24:44,2017-11-24 11:24:44
order_001332,cust_00339,delivered,2017-11-18 16:55:13,2017-11-19 07:55:13,2017-11-22 16:55:13,2017-11-24 16:55:13,2017-11-30 16:55:13
order_001333,cust_00612,processing,2018-08-11 15:31:37,2018-08-12 14:31:37,2018-08-12 15:31:37,2018-08-14 15:31:37,2018-08-20 15:31:37
order_001334,cust_03225,delivered,2017-02-26 07:57:06,2017-02-27 18:57:06,2017-02-28 07:57:06,2017-02-28 07:57:06,2017-03-03 07:57:06
order_001335,cust_03727,delivered,2017-10-20 17:51:33,2017-10-21 09:51:33,2017-10-21 17:51:33,2017-10-22 17:51:33,2017-10-27 17:51:33
order_001336,cust_00484,canceled,2017-05-27 05:42:14,2017-05-27 12:42:14,2017-05-28 05:42:14,2017-06-04 05:42:14,2017-06-07 05:42:14
order_001337,cust_03435,delivered,2017-10-17 17:59:41,2017-10-18 13:59:41,2017-10-21 17:59:41,2017-10-26 17:59:41,2017-10-27 17:59:41
order_001338,cust_00997,delivered,2018-07-06 03:04:31,2018-07-07 09:04:31,2018-07-10 03:04:31,2018-07-17 03:04:31,2018-07-23 03:04:31
order_001339,cust_03721,delivered,2017-12-29 16:39:29,2017-12-30 07:39:29,2017-12-31 16:39:29,2018-01-01 16:39:29,2018-01-03 16:39:29
order_001340,cust_03775,delivered,2018-08-26 02:42:01,2018-08-27 06:42:01,2018-08-27 02:42:01,2018-09-07 02:42:01,2018-09-10 02:42:01
order_001341,cust_02420,delivered,2017-11-04 20:51:07,2017-11-05 12:51:07,2017-11-05 20:51:07,2017-11-17 20:51:07,2017-11-21 20:51:07
order_001342,cust_00722,delivered,2018-06-09 15:00:41,2018-06-11 10:00:41,2018-06-11 15:00:41,2018-06-12 15:00:41,2018-06-15 15:00:41
order_001343,cust_02995,canceled,2017-04-14 00:58:15,2017-04-15 18:58:15,2017-04-18 00:58:15,2017-04-26 00:58:15,2017-04-28 00:58:15
order_001344,cust_00384,delivered,2017-07-14 02:36:41,2017-07-15 12:36:41,2017-07-17 02:36:41,2017-07-17 02:36:41,2017-07-22 02:36:41
order_001345,cust_01270,delivered,2017-06-16 04:29:53,2017-06-17 20:29:53,2017-06-18 04:29:53,2017-06-25 04:29:53,2017-06-28 04:29:53
order_001346,cust_02425,delivered,2018-04-13 23:02:42,2018-04-14 05:02:42,2018-04-14 23:02:42,2018-04-25 23:02:42,2018-04-29 23:02:42
order_001347,cust_00256,delivered,2017-11-08 14:08:49,2017-11-09 21:08:49,2017-11-09 14:08:49,2017-11-23 14:08:49,2017-11-27 14:08:49
order_001348,cust_01493,delivered,2017-05-16 06:41:57,2017-05-17 02:41:57,2017-05-17 06:41:57,2017-05-26 06:41:57,2017-06-01 06:41:57
order_001349,cust_03029,delivered,2017-04-16 06:38:36,2017-04-17 19:38:36,2017-04-17 06:38:36,2017-04-24 06:38:36,2017-04-27 06:38:36
order_001350,cust_00348,delivered,2017-08-22 00:37:09,2017-08-22 01:37:09,2017-08-24 00:37:09,2017-09-06 00:37:09,2017-09-09 00:37:09
order_001351,cust_01393,delivered,2017-04-04 04:52:35,2017-04-04 13:52:35,2017-04-08 04:52:35,2017-04-09 04:52:35,2017-04-15 04:52:35
order_001352,cust_00014,delivered,2018-02-28 20:31:40,2018-03-01 08:31:40,2018-03-02 20:31:40,2018-03-05 20:31:40,2018-03-08 20:31:40
order_001353,cust_02501,delivered,2018-05-31 14:22:20,2018-06-01 17:22:20,2018-06-02 14:22:20,2018-06-09 14:22:20,2018-06-11 14:22:20
order_001354,cust_00300,delivered,2018-08-13 08:49:19,2018-08-15 06:49:19,2018-08-16 08:49:19,2018-08-16 08:49:19,2018-08-17 08:49:19
order_001355,cust_01067,delivered,2017-05-24 00:30:32,2017-05-25 19:30:32,2017-05-25 00:30:32,2017-05-26 00:30:32,2017-05-28 00:30:32
order_001356,cust_01986,delivered,2017-09-25 08:13:52,2017-09-26 06:13:52,2017-09-28 08:13:52,2017-10-02 08:13:52,2017-10-04 08:13:52
order_001357,cust_00815,delivered,2017-11-03 09:11:20,2017-11-03 10:11:20,2017-11-04 09:11:20,2017-11-07 09:11:20,2017-11-09 09:11:20
order_001358,cust_00877,processing,2017-10-29 02:50:48,2017-10-30 19:50:48,2017-10-31 02:50:48,2017-11-10 02:50:48,2017-11-14 02:50:48
order_001359,cust_03172,delivered,2017-10-03 14:34:23,2017-10-04 17:34:23,2017-10-07 14:34:23,2017-10-13 14:34:23,2017-10-17 14:34:23
order_001360,cust_02954,canceled,2017-05-14 15:51:00,2017-05-14 17:51:00,2017-05-16 15:51:00,2017-05-23 15:51:00,2017-05-25 15:51:00
order_001361,cust_00307,delivered,2017-03-10 23:57:23,2017-03-12 06:57:23,2017-03-13 23:57:23,2017-03-19 23:57:23,2017-03-22 23:57:23
order_001362,cust_03258,delivered,2017-09-03 08:36:39,2017-09-05 02:36:39,2017-09-05 08:36:39,2017-09-06 08:36:39,2017-09-09 08:36:39
order_001363,cust_01779,delivered,2017-02-26 06:37:24,2017-02-27 23:37:24,2017-03-02 06:37:24,2017-03-06 06:37:24,2017-03-07 06:37:24
order_001364,cust_00550,delivered,2017-02-08 19:45:06,2017-02-10 13:45:06,2017-02-10 19:45:06,2017-02-11 19:45:06,2017-02-13 19:45:06
order_001365,cust_03445,delivered,2017-11-15 08:24:34,2017-11-17 06:24:34,2017-11-16 08:24:34,2017-11-22 08:24:34,2017-11-27 08:24:34
order_001366,cust_01280,delivered,2018-06-07 15:08:05,2018-06-08 22:08:05,2018-06-08 15:08:05,2018-06-19 15:08:05,2018-06-20 15:08:05
order_001367,cust_01237,delivered,2017-11-25 17:42:00,2017-11-26 22:42:00,2017-11-27 17:42:00,2017-12-12 17:42:00,2017-12-14 17:42:00
order_001368,cust_00556,delivered,2017-01-15 21:07:04,2017-01-16 03:07:04,2017-01-18 21:07:04,2017-01-21 21:07:04,2017-01-24 21:07:04
order_001369,cust_03367,delivered,2018-05-26 07:38:53,2018-05-27 13:38:53,2018-05-27 07:38:53,2018-06-01 07:38:53,2018-06-02 07:38:53
order_001370,cust_01089,delivered,2018-02-20 14:56:29,2018-02-22 08:56:29,2018-02-21 14:56:29,2018-03-04 14:56:29,2018-03-08 14:56:29
order_001371,cust_02251,shipped,2017-07-04 03:08:46,2017-07-05 18:08:46,2017-07-06 03:08:46,2017-07-20 03:08:46,2017-07-25 03:08:46
order_001372,cust_00908,delivered,2017-06-16 18:42:09,2017-06-18 13:42:09,2017-06-19 18:42:09,2017-06-22 18:42:09,2017-06-25 18:42:09
order_001373,cust_03402,delivered,2018-07-01 01:04:49,2018-07-01 09:04:49,2018-07-04 01:04:49,2018-07-16 01:04:49,2018-07-18 01:04:49
order_001374,cust_02990,delivered,2017-10-17 16:43:00,2017-10-18 02:43:00,2017-10-18 16:43:00,2017-10-24 16:43:00,2017-10-29 16:43:00
order_001375,cust_01911,delivered,2017-03-27 05:00:58,2017-03-28 22:00:58,2017-03-28 05:00:58,2017-04-08 05:00:58,2017-04-10 05:00:58
order_001376,cust_01312,shipped,2017-06-21 11:06:07,2017-06-23 08:06:07,2017-06-22 11:06:07,2017-06-26 11:06:07,2017-06-27 11:06:07
order_001377,cust_02489,delivered,2017-06-10 01:49:55,2017-06-11 02:49:55,2017-06-12 01:49:55,2017-06-16 01:49:55,2017-06-17 01:49:55
order_001378,cust_01883,canceled,2017-09-01 16:31:41,2017-09-03 10:31:41,2017-09-03 16:31:41,2017-09-18 16:31:41,2017-09-19 16:31:41
order_001379,cust_03575,delivered,2017-07-30 11:34:17,2017-07-31 20:34:17,2017-07-31 11:34:17,2017-08-07 11:34:17,2017-08-13 11:34:17
order_001380,cust_02560,delivered,2017-11-29 15:55:36,2017-11-30 01:55:36,2017-12-01 15:55:36,2017-12-01 15:55:36,2017-12-07 15:55:36
order_001381,cust_00103,delivered,2017-07-16 08:20:25,2017-07-17 08:20:25,2017-07-19 08:20:25,2017-07-30 08:20:25,2017-08-03 08:20:25
order_001382,cust_03124,delivered,2018-01-25 00:09:39,2018-01-25 19:09:39,2018-01-28 00:09:39,2018-01-29 00:09:39,2018-02-04 00:09:39
order_001383,cust_00732,delivered,2017-10-27 13:56:36,2017-10-29 03:56:36,2017-10-31 13:56:36,2017-10-30 13:56:36,2017-11-04 13:56:36
order_001384,cust_01144,delivered,2018-07-26 16:46:02,2018-07-27 08:46:02,2018-07-29 16:46:02,2018-08-10 16:46:02,2018-08-13 16:46:02
order_001385,cust_01656,processing,2018-05-19 15:57:16,2018-05-20 00:57:16,2018-05-23 15:57:16,2018-05-26 15:57:16,2018-05-31 15:57:16
order_001386,cust_00795,delivered,2017-07-21 06:17:30,2017-07-22 06:17:30,2017-07-25 06:17:30,2017-07-25 06:17:30,2017-07-28 06:17:30
order_001387,cust_03580,delivered,2017-01-26 17:11:50,2017-01-27 17:11:50,2017-01-30 17:11:50,2017-02-12 17:11:50,2017-02-18 17:11:50
order_001388,cust_03718,delivered,2017-12-22 13:00:13,2017-12-24 07:00:13,2017-12-24 13:00:13,2017-12-28 13:00:13,2018-01-03 13:00:13
order_001389,cust_00591,delivered,2017-07-25 05:02:40,2017-07-25 06:02:40,2017-07-26 05:02:40,2017-08-06 05:02:40,2017-08-12 05:02:40
order_001390,cust_01216,shipped,2018-07-03 02:40:19,2018-07-04 20:40:19,2018-07-04 02:40:19,2018-07-09 02:40:19,2018-07-13 02:40:19
order_001391,cust_01408,delivered,2017-09-04 07:48:26,2017-09-04 17:48:26,2017-09-08 07:48:26,2017-09-15 07:48:26,2017-09-19 07:48:26
order_001392,cust_02550,delivered,2017-06-26 00:33:09,2017-06-26 09:33:09,2017-06-30 00:33:09,2017-07-09 00:33:09,2017-07-10 00:33:09
order_001393,cust_02271,delivered,2017-07-26 17:11:12,2017-07-27 13:11:12,2017-07-28 17:11:12,2017-08-09 17:11:12,2017-08-13 17:11:12
order_001394,cust_02575,delivered,2018-06-10 00:21:46,2018-06-11 02:21:46,2018-06-13 00:21:46,2018-06-18 00:21:46,2018-06-19 00:21:46
order_001395,cust_00117,shipped,2017-03-10 01:09:44,2017-03-11 21:09:44,2017-03-12 01:09:44,2017-03-21 01:09:44,2017-03-25 01:09:44
order_001396,cust_01953,delivered,2018-08-06 03:47:48,2018-08-07 05:47:48,2018-08-07 03:47:48,2018-08-21 03:47:48,2018-08-22 03:47:48
order_001397,cust_00801,delivered,2017-05-22 07:49:32,2017-05-22 14:49:32,2017-05-25 07:49:32,2017-06-06 07:49:32,2017-06-09 07:49:32
order_001398,cust_00868,delivered,2018-05-31 00:28:38,2018-05-31 22:28:38,2018-06-01 00:28:38,2018-06-13 00:28:38,2018-06-18 00:28:38
order_001399,cust_02943,delivered,2017-11-27 15:07:01,2017-11-29 11:07:01,2017-11-28 15:07:01,2017-12-05 15:07:01,2017-12-07 15:07:01
order_001400,cust_00537,delivered,2017-12-13 03:10:39,2017-12-14 13:10:39,2017-12-15 03:10:39,2017-12-23 03:10:39,2017-12-27 03:10:39
order_001401,cust_00119,delivered,2017-05-05 19:16:36,2017-05-06 06:16:36,2017-05-06 19:16:36,2017-05-22 19:16:36,2017-05-24 19:16:36
order_001402,cust_01850,delivered,2018-03-16 13:25:12,2018-03-17 20:25:12,2018-03-18 13:25:12,2018-03-21 13:25:12,2018-03-23 13:25:12
order_001403,cust_02796,delivered,2018-01-30 02:00:00,2018-01-31 13:00:00,2018-02-03 02:00:00,2018-02-12 02:00:00,2018-02-14 02:00:00
order_001404,cust_01941,delivered,2017-10-20 09:36:23,2017-10-20 22:36:23,2017-10-23 09:36:23,2017-11-03 09:36:23,2017-11-04 09:36:23
order_001405,cust_00613,delivered,2017-10-06 03:21:58,2017-10-07 04:21:58,2017-10-07 03:21:58,2017-10-15 03:21:58,2017-10-18 03:21:58
order_001406,cust_02938,delivered,2017-12-30 23:32:16,2017-12-31 16:32:16,2017-12-31 23:32:16,2018-01-14 23:32:16,2018-01-15 23:32:16
order_001407,cust_01450,delivered,2017-10-14 14:13:14,2017-10-14 23:13:14,2017-10-18 14:13:14,2017-10-22 14:13:14,2017-10-28 14:13:14
order_001408,cust_02697,delivered,2018-08-16 19:24:31,2018-08-18 13:24:31,2018-08-20 19:24:31,2018-08-31 19:24:31,2018-09-05 19:24:31
order_001409,cust_00767,delivered,2017-01-26 08:59:07,2017-01-27 00:59:07,2017-01-30 08:59:07,2017-02-07 08:59:07,2017-02-09 08:59:07
order_001410,cust_03465,delivered,2017-06-02 03:31:21,2017-06-02 19:31:21,2017-06-05 03:31:21,2017-06-04 03:31:21,2017-06-10 03:31:21
order_001411,cust_01077,delivered,2018-06-02 05:38:16,2018-06-02 10:38:16,2018-06-04 05:38:16,2018-06-17 05:38:16,2018-06-20 05:38:16
order_001412,cust_03689,delivered,2018-04-27 10:00:10,2018-04-28 07:00:10,2018-05-01 10:00:10,2018-05-10 10:00:10,2018-05-14 10:00:10
order_001413,cust_01433,delivered,2017-07-31 18:29:33,2017-08-02 01:29:33,2017-08-04 18:29:33,2017-08-05 18:29:33,2017-08-10 18:29:33
order_001414,cust_02765,shipped,2017-11-04 10:20:35,2017-11-06 08:20:35,2017-11-05 10:20:35,2017-11-17 10:20:35,2017-11-22 10:20:35
order_001415,cust_01907,delivered,2017-01-17 22:17:13,2017-01-19 11:17:13,2017-01-21 22:17:13,2017-01-27 22:17:13,2017-01-28 22:17:13
order_001416,cust_00290,delivered,2017-04-18 08:41:26,2017-04-20 01:41:26,2017-04-21 08:41:26,2017-05-05 08:41:26,2017-05-07 08:41:26
order_001417,cust_00373,delivered,2018-07-29 05:35:52,2018-07-31 04:35:52,2018-07-30 05:35:52,2018-08-04 05:35:52,2018-08-07 05:35:52
order_001418,cust_01539,delivered,2018-01-27 11:53:38,2018-01-28 20:53:38,2018-01-31 11:53:38,2018-02-02 11:53:38,2018-02-06 11:53:38
order_001419,cust_00733,delivered,2017-01-24 02:40:02,2017-01-25 19:40:02,2017-01-25 02:40:02,2017-01-26 02:40:02,2017-02-01 02:40:02
order_001420,cust_02313,shipped,2018-04-27 16:04:37,2018-04-28 07:04:37,2018-04-28 16:04:37,2018-05-11 16:04:37,2018-05-14 16:04:37
order_001421,cust_00524,delivered,2017-09-03 02:25:21,2017-09-04 12:25:21,2017-09-05 02:25:21,2017-09-20 02:25:21,2017-09-23 02:25:21
order_001422,cust_02242,delivered,2017-12-12 15:22:52,2017-12-13 21:22:52,2017-12-15 15:22:52,2017-12-25 15:22:52,2017-12-26 15:22:52
order_001423,cust_00778,delivered,2018-06-05 09:10:52,2018-06-06 07:10:52,2018-06-07 09:10:52,2018-06-12 09:10:52,2018-06-16 09:10:52
order_001424,cust_00689,delivered,2018-05-25 08:34:13,2018-05-26 15:34:13,2018-05-26 08:34:13,2018-06-10 08:34:13,2018-06-13 08:34:13
order_001425,cust_01394,delivered,2017-03-24 14:39:37,2017-03-26 00:39:37,2017-03-27 14:39:37,2017-03-30 14:39:37,2017-04-03 14:39:37
order_001426,cust_02215,delivered,2017-08-11 16:55:15,2017-08-12 12:55:15,2017-08-13 16:55:15,2017-08-24 16:55:15,2017-08-30 16:55:15
order_001427,cust_01517,delivered,2017-06-15 22:17:42,2017-06-17 14:17:42,2017-06-16 22:17:42,2017-06-26 22:17:42,2017-06-30 22:17:42
order_001428,cust_01328,delivered,2018-07-10 06:56:51,2018-07-10 08:56:51,2018-07-14 06:56:51,2018-07-25 06:56:51,2018-07-26 06:56:51
order_001429,cust_01292,delivered,2018-04-20 19:29:10,2018-04-21 11:29:10,2018-04-22 19:29:10,2018-05-07 19:29:10,2018-05-12 19:29:10
order_001430,cust_01287,delivered,2018-01-30 20:03:04,2018-01-31 14:03:04,2018-02-02 20:03:04,2018-02-06 20:03:04,2018-02-09 20:03:04
order_001431,cust_01534,delivered,2017-02-05 23:53:47,2017-02-07 15:53:47,2017-02-07 23:53:47,2017-02-08 23:53:47,2017-02-11 23:53:47
order_001432,cust_03169,delivered,2018-05-04 23:08:41,2018-05-05 23:08:41,2018-05-08 23:08:41,2018-05-08 23:08:41,2018-05-14 23:08:41
order_001433,cust_02196,delivered,2017-12-08 18:58:15,2017-12-10 14:58:15,2017-12-10 18:58:15,2017-12-21 18:58:15,2017-12-25 18:58:15
order_001434,cust_01603,delivered,2017-06-15 07:04:25,2017-06-17 04:04:25,2017-06-16 07:04:25,2017-06-22 07:04:25,2017-06-27 07:04:25
order_001435,cust_02848,delivered,2017-09-27 16:40:11,2017-09-28 14:40:11,2017-09-28 16:40:11,2017-10-01 16:40:11,2017-10-07 16:40:11
order_001436,cust_02004,delivered,2017-09-29 18:49:57,2017-10-01 05:49:57,2017-10-03 18:49:57,2017-10-14 18:49:57,2017-10-17 18:49:57
order_001437,cust_03606,delivered,2017-06-30 06:59:41,2017-06-30 18:59:41,2017-07-03 06:59:41,2017-07-12 06:59:41,2017-07-18 06:59:41
order_001438,cust_02138,delivered,2018-07-08 19:31:19,2018-07-09 01:31:19,2018-07-11 19:31:19,2018-07-12 19:31:19,2018-07-14 19:31:19
order_001439,cust_00820,delivered,2018-07-12 16:50:44,2018-07-13 16:50:44,2018-07-15 16:50:44,2018-07-25 16:50:44,2018-07-31 16:50:44
order_001440,cust_02139,processing,2017-01-31 11:46:41,2017-02-01 02:46:41,2017-02-01 11:46:41,2017-02-12 11:46:41,2017-02-18 11:46:41
order_001441,cust_02939,shipped,2018-07-24 20:40:54,2018-07-26 07:40:54,2018-07-26 20:40:54,2018-08-10 20:40:54,2018-08-11 20:40:54
order_001442,cust_00809,delivered,2017-09-03 02:06:21,2017-09-04 03:06:21,2017-09-07 02:06:21,2017-09-20 02:06:21,2017-09-21 02:06:21
order_001443,cust_00768,delivered,2018-05-02 16:24:48,2018-05-02 23:24:48,2018-05-04 16:24:48,2018-05-19 16:24:48,2018-05-20 16:24:48
order_001444,cust_02277,shipped,2018-04-20 18:52:06,2018-04-21 16:52:06,2018-04-21 18:52:06,2018-05-06 18:52:06,2018-05-08 18:52:06
order_001445,cust_03361,delivered,2017-12-31 00:58:07,2017-12-31 19:58:07,2018-01-04 00:58:07,2018-01-14 00:58:07,2018-01-20 00:58:07
order_001446,cust_01271,delivered,2018-03-29 09:46:46,2018-03-29 10:46:46,2018-03-30 09:46:46,2018-04-10 09:46:46,2018-04-11 09:46:46
order_001447,cust_01925,canceled,2018-02-19 12:24:31,2018-02-20 14:24:31,2018-02-22 12:24:31,2018-03-01 12:24:31,2018-03-02 12:24:31
order_001448,cust_02489,delivered,2018-06-02 04:59:37,2018-06-04 00:59:37,2018-06-06 04:59:37,2018-06-16 04:59:37,2018-06-19 04:59:37
order_001449,cust_02521,delivered,2017-09-15 21:06:15,2017-09-17 16:06:15,2017-09-18 21:06:15,2017-10-02 21:06:15,2017-10-05 21:06:15
order_001450,cust_00553,shipped,2018-03-26 15:02:22,2018-03-28 10:02:22,2018-03-27 15:02:22,2018-03-29 15:02:22,2018-04-02 15:02:22
order_001451,cust_01501,delivered,2018-08-19 06:36:06,2018-08-21 01:36:06,2018-08-23 06:36:06,2018-08-23 06:36:06,2018-08-27 06:36:06
order_001452,cust_03777,delivered,2018-07-30 10:29:11,2018-08-01 06:29:11,2018-07-31 10:29:11,2018-08-08 10:29:11,2018-08-13 10:29:11
order_001453,cust_03376,delivered,2017-03-31 02:41:18,2017-03-31 07:41:18,2017-04-04 02:41:18,2017-04-06 02:41:18,2017-04-09 02:41:18
order_001454,cust_02933,delivered,2017-10-30 02:06:06,2017-10-30 23:06:06,2017-10-31 02:06:06,2017-11-09 02:06:06,2017-11-12 02:06:06
order_001455,cust_00092,delivered,2017-11-07 17:54:52,2017-11-08 19:54:52,2017-11-09 17:54:52,2017-11-13 17:54:52,2017-11-14 17:54:52
order_001456,cust_01585,delivered,2018-01-15 23:36:29,2018-01-17 15:36:29,2018-01-19 23:36:29,2018-01-29 23:36:29,2018-02-04 23:36:29
order_001457,cust_00194,delivered,2018-01-29 06:38:35,2018-01-30 00:38:35,2018-01-31 06:38:35,2018-02-14 06:38:35,2018-02-16 06:38:35
order_001458,cust_01145,delivered,2018-05-31 05:52:18,2018-06-01 15:52:18,2018-06-01 05:52:18,2018-06-06 05:52:18,2018-06-10 05:52:18
order_001459,cust_03286,shipped,2017-11-20 16:24:49,2017-11-22 05:24:49,2017-11-21 16:24:49,2017-12-04 16:24:49,2017-12-10 16:24:49
order_001460,cust_01473,delivered,2018-03-03 12:15:47,2018-03-04 13:15:47,2018-03-05 12:15:47,2018-03-06 12:15:47,2018-03-10 12:15:47
order_001461,cust_00640,delivered,2018-07-01 03:20:47,2018-07-01 15:20:47,2018-07-03 03:20:47,2018-07-15 03:20:47,2018-07-19 03:20:47
order_001462,cust_02740,delivered,2017-03-04 16:00:53,2017-03-04 20:00:53,2017-03-05 16:00:53,2017-03-17 16:00:53,2017-03-19 16:00:53
order_001463,cust_02884,shipped,2018-01-26 05:02:07,2018-01-27 02:02:07,2018-01-28 05:02:07,2018-02-08 05:02:07,2018-02-13 05:02:07
order_001464,cust_02490,delivered,2017-08-12 02:45:43,2017-08-12 10:45:43,2017-08-14 02:45:43,2017-08-21 02:45:43,2017-08-23 02:45:43
order_001465,cust_03074,delivered,2018-07-05 11:08:31,2018-07-06 18:08:31,2018-07-08 11:08:31,2018-07-08 11:08:31,2018-07-13 11:08:31
order_001466,cust_02667,delivered,2017-12-02 17:44:45,2017-12-03 05:44:45,2017-12-04 17:44:45,2017-12-17 17:44:45,2017-12-21 17:44:45
order_001467,cust_02411,delivered,2018-01-02 12:30:27,2018-01-04 06:30:27,2018-01-04 12:30:27,2018-01-05 12:30:27,2018-01-08 12:30:27
order_001468,cust_03378,delivered,2018-04-04 15:33:32,2018-04-06 10:33:32,2018-04-08 15:33:32,2018-04-13 15:33:32,2018-04-18 15:33:32
order_001469,cust_01231,delivered,2017-05-28 05:42:39,2017-05-29 21:42:39,2017-06-01 05:42:39,2017-06-01 05:42:39,2017-06-06 05:42:39
order_001470,cust_01733,delivered,2017-11-27 11:51:00,2017-11-28 19:51:00,2017-12-01 11:51:00,2017-12-12 11:51:00,2017-12-14 11:51:00
order_001471,cust_02139,delivered,2018-04-15 17:06:37,2018-04-15 23:06:37,2018-04-17 17:06:37,2018-04-26 17:06:37,2018-04-29 17:06:37
order_001472,cust_02544,delivered,2018-04-18 12:40:47,2018-04-20 11:40:47,2018-04-22 12:40:47,2018-04-28 12:40:47,2018-05-01 12:40:47
order_001473,cust_01810,delivered,2017-05-19 05:45:03,2017-05-19 09:45:03,2017-05-21 05:45:03,2017-05-26 05:45:03,2017-05-27 05:45:03
order_001474,cust_01677,delivered,2018-05-25 22:54:54,2018-05-27 01:54:54,2018-05-28 22:54:54,2018-06-08 22:54:54,2018-06-11 22:54:54
order_001475,cust_00628,delivered,2017-04-10 01:36:57,2017-04-11 15:36:57,2017-04-14 01:36:57,2017-04-15 01:36:57,2017-04-16 01:36:57
order_001476,cust_02424,delivered,2017-06-11 21:51:41,2017-06-12 01:51:41,2017-06-13 21:51:41,2017-06-24 21:51:41,2017-06-27 21:51:41
order_001477,cust_00469,delivered,2018-06-05 17:23:21,2018-06-06 17:23:21,2018-06-08 17:23:21,2018-06-22 17:23:21,2018-06-24 17:23:21
order_001478,cust_01804,delivered,2018-01-10 02:41:15,2018-01-11 01:41:15,2018-01-11 02:41:15,2018-01-16 02:41:15,2018-01-18 02:41:15
order_001479,cust_01554,delivered,2017-11-26 06:07:28,2017-11-26 16:07:28,2017-11-28 06:07:28,2017-12-08 06:07:28,2017-12-13 06:07:28
order_001480,cust_02951,delivered,2017-12-05 08:51:00,2017-12-05 14:51:00,2017-12-08 08:51:00,2017-12-11 08:51:00,2017-12-12 08:51:00
order_001481,cust_01810,delivered,2018-08-13 22:58:57,2018-08-15 17:58:57,2018-08-16 22:58:57,2018-08-29 22:58:57,2018-08-30 22:58:57
order_001482,cust_00019,delivered,2017-05-19 12:24:09,2017-05-21 07:24:09,2017-05-21 12:24:09,2017-06-04 12:24:09,2017-06-06 12:24:09
order_001483,cust_01922,delivered,2017-07-01 06:11:38,2017-07-01 11:11:38,2017-07-04 06:11:38,2017-07-08 06:11:38,2017-07-09 06:11:38
order_001484,cust_00819,delivered,2017-10-25 22:04:45,2017-10-26 12:04:45,2017-10-28 22:04:45,2017-10-30 22:04:45,2017-11-05 22:04:45
order_001485,cust_01444,delivered,2018-05-30 02:49:55,2018-05-30 21:49:55,2018-06-03 02:49:55,2018-06-02 02:49:55,2018-06-08 02:49:55
order_001486,cust_01126,delivered,2017-11-30 19:35:51,2017-12-01 05:35:51,2017-12-01 19:35:51,2017-12-13 19:35:51,2017-12-18 19:35:51
order_001487,cust_00633,delivered,2018-03-18 19:56:11,2018-03-18 23:56:11,2018-03-21 19:56:11,2018-04-03 19:56:11,2018-04-08 19:56:11
order_001488,cust_03592,delivered,2018-05-12 09:16:32,2018-05-13 10:16:32,2018-05-15 09:16:32,2018-05-16 09:16:32,2018-05-17 09:16:32
order_001489,cust_00963,delivered,2018-06-27 01:02:05,2018-06-27 22:02:05,2018-06-29 01:02:05,2018-07-12 01:02:05,2018-07-16 01:02:05
order_001490,cust_01926,delivered,2017-10-08 21:16:08,2017-10-10 11:16:08,2017-10-10 21:16:08,2017-10-22 21:16:08,2017-10-23 21:16:08
order_001491,cust_03146,delivered,2017-10-06 23:13:05,2017-10-07 13:13:05,2017-10-09 23:13:05,2017-10-15 23:13:05,2017-10-17 23:13:05
order_001492,cust_01384,delivered,2017-02-19 09:04:32,2017-02-20 09:04:32,2017-02-21 09:04:32,2017-02-24 09:04:32,2017-02-27 09:04:32
order_001493,cust_03561,delivered,2017-02-18 04:27:27,2017-02-18 19:27:27,2017-02-20 04:27:27,2017-03-02 04:27:27,2017-03-07 04:27:27
order_001494,cust_01536,delivered,2017-10-24 06:30:31,2017-10-24 08:30:31,2017-10-28 06:30:31,2017-11-04 06:30:31,2017-11-06 06:30:31
order_001495,cust_03597,delivered,2018-04-01 03:16:27,2018-04-02 14:16:27,2018-04-03 03:16:27,2018-04-15 03:16:27,2018-04-17 03:16:27
order_001496,cust_01716,processing,2018-05-25 14:38:14,2018-05-27 01:38:14,2018-05-26 14:38:14,2018-06-05 14:38:14,2018-06-10 14:38:14
order_001497,cust_00054,delivered,2017-09-06 12:26:46,2017-09-07 20:26:46,2017-09-07 12:26:46,2017-09-08 12:26:46,2017-09-10 12:26:46
order_001498,cust_03297,delivered,2017-12-14 08:32:29,2017-12-14 10:32:29,2017-12-15 08:32:29,2017-12-19 08:32:29,2017-12-22 08:32:29
order_001499,cust_03283,delivered,2018-05-10 15:36:57,2018-05-12 00:36:57,2018-05-13 15:36:57,2018-05-18 15:36:57,2018-05-20 15:36:57
order_001500,cust_03656,shipped,2017-07-13 14:56:16,2017-07-14 19:56:16,2017-07-14 14:56:16,2017-07-22 14:56:16,2017-07-28 14:56:16
order_001501,cust_00470,delivered,2017-04-07 00:16:11,2017-04-07 21:16:11,2017-04-08 00:16:11,2017-04-14 00:16:11,2017-04-18 00:16:11
order_001502,cust_03207,delivered,2018-07-14 09:49:56,2018-07-15 14:49:56,2018-07-16 09:49:56,2018-07-30 09:49:56,2018-07-31 09:49:56
order_001503,cust_01298,delivered,2017-11-28 20:43:27,2017-11-29 02:43:27,2017-11-29 20:43:27,2017-12-04 20:43:27,2017-12-05 20:43:27
order_001504,cust_03198,delivered,2017-04-05 19:05:54,2017-04-06 05:05:54,2017-04-08 19:05:54,2017-04-17 19:05:54,2017-04-23 19:05:54
order_001505,cust_03661,delivered,2017-06-03 20:31:02,2017-06-04 03:31:02,2017-06-04 20:31:02,2017-06-10 20:31:02,2017-06-16 20:31:02
order_001506,cust_00756,delivered,2017-07-18 22:54:12,2017-07-19 19:54:12,2017-07-22 22:54:12,2017-08-04 22:54:12,2017-08-09 22:54:12
order_001507,cust_01410,delivered,2017-05-03 01:28:25,2017-05-04 20:28:25,2017-05-07 01:28:25,2017-05-19 01:28:25,2017-05-20 01:28:25
order_001508,cust_01020,delivered,2017-09-23 06:29:14,2017-09-23 07:29:14,2017-09-27 06:29:14,2017-10-07 06:29:14,2017-10-12 06:29:14
order_001509,cust_01157,delivered,2018-05-10 11:01:31,2018-05-11 08:01:31,2018-05-11 11:01:31,2018-05-24 11:01:31,2018-05-28 11:01:31
order_001510,cust_02264,delivered,2018-03-25 12:14:24,2018-03-26 02:14:24,2018-03-28 12:14:24,2018-04-06 12:14:24,2018-04-12 12:14:24
order_001511,cust_01567,delivered,2018-07-12 18:52:12,2018-07-14 15:52:12,2018-07-13 18:52:12,2018-07-23 18:52:12,2018-07-26 18:52:12
order_001512,cust_02493,delivered,2018-05-24 17:23:10,2018-05-25 23:23:10,2018-05-27 17:23:10,2018-06-04 17:23:10,2018-06-07 17:23:10
order_001513,cust_02562,delivered,2017-07-09 16:56:57,2017-07-10 03:56:57,2017-07-13 16:56:57,2017-07-11 16:56:57,2017-07-15 16:56:57
order_001514,cust_00770,canceled,2017-02-05 03:48:16,2017-02-05 17:48:16,2017-02-07 03:48:16,2017-02-21 03:48:16,2017-02-22 03:48:16
order_001515,cust_00166,delivered,2017-04-03 16:15:47,2017-04-04 20:15:47,2017-04-05 16:15:47,2017-04-20 16:15:47,2017-04-25 16:15:47
order_001516,cust_02835,delivered,2018-04-27 19:06:06,2018-04-27 22:06:06,2018-05-01 19:06:06,2018-05-07 19:06:06,2018-05-10 19:06:06
order_001517,cust_00690,delivered,2017-07-26 18:02:59,2017-07-26 22:02:59,2017-07-27 18:02:59,2017-08-10 18:02:59,2017-08-12 18:02:59
order_001518,cust_00759,delivered,2018-03-15 13:59:28,2018-03-16 21:59:28,2018-03-18 13:59:28,2018-03-23 13:59:28,2018-03-28 13:59:28
order_001519,cust_02285,delivered,2017-10-06 02:07:08,2017-10-07 16:07:08,2017-10-08 02:07:08,2017-10-09 02:07:08,2017-10-11 02:07:08
order_001520,cust_00999,delivered,2018-06-28 03:35:37,2018-06-29 14:35:37,2018-06-29 03:35:37,2018-07-13 03:35:37,2018-07-19 03:35:37
order_001521,cust_00721,delivered,2017-11-05 17:50:08,2017-11-06 02:50:08,2017-11-08 17:50:08,2017-11-15 17:50:08,2017-11-17 17:50:08
order_001522,cust_01165,delivered,2018-07-02 20:50:15,2018-07-04 13:50:15,2018-07-06 20:50:15,2018-07-19 20:50:15,2018-07-22 20:50:15
order_001523,cust_01985,delivered,2017-06-02 19:48:31,2017-06-03 06:48:31,2017-06-05 19:48:31,2017-06-07 19:48:31,2017-06-10 19:48:31
order_001524,cust_03214,delivered,2018-04-18 10:14:26,2018-04-20 04:14:26,2018-04-21 10:14:26,2018-04-27 10:14:26,2018-05-02 10:14:26
order_001525,cust_03756,delivered,2017-11-15 14:05:40,2017-11-16 04:05:40,2017-11-18 14:05:40,2017-11-27 14:05:40,2017-11-29 14:05:40
order_001526,cust_02781,delivered,2017-04-26 04:14:19,2017-04-27 04:14:19,2017-04-27 04:14:19,2017-04-30 04:14:19,2017-05-02 04:14:19
order_001527,cust_03415,delivered,2017-05-23 14:12:11,2017-05-25 11:12:11,2017-05-24 14:12:11,2017-06-09 14:12:11,2017-06-11 14:12:11
order_001528,cust_02016,delivered,2017-07-10 04:41:22,2017-07-11 00:41:22,2017-07-13 04:41:22,2017-07-21 04:41:22,2017-07-23 04:41:22
order_001529,cust_01551,delivered,2017-04-05 19:04:53,2017-04-07 03:04:53,2017-04-08 19:04:53,2017-04-09 19:04:53,2017-04-12 19:04:53
order_001530,cust_03115,delivered,2018-07-24 18:51:07,2018-07-25 22:51:07,2018-07-25 18:51:07,2018-08-06 18:51:07,2018-08-10 18:51:07
order_001531,cust_01149,delivered,2017-05-10 01:13:40,2017-05-10 05:13:40,2017-05-11 01:13:40,2017-05-26 01:13:40,2017-06-01 01:13:40
order_001532,cust_03089,delivered,2017-12-30 22:27:25,2018-01-01 12:27:25,2017-12-31 22:27:25,2018-01-06 22:27:25,2018-01-09 22:27:25
order_001533,cust_03793,shipped,2017-12-14 19:06:24,2017-12-15 12:06:24,2017-12-17 19:06:24,2017-12-25 19:06:24,2017-12-28 19:06:24
order_001534,cust_01481,delivered,2017-11-24 09:04:40,2017-11-25 08:04:40,2017-11-26 09:04:40,2017-12-07 09:04:40,2017-12-08 09:04:40
order_001535,cust_02406,delivered,2018-01-17 10:49:42,2018-01-18 01:49:42,2018-01-20 10:49:42,2018-01-21 10:49:42,2018-01-22 10:49:42
order_001536,cust_02969,delivered,2018-07-11 01:53:30,2018-07-13 00:53:30,2018-07-14 01:53:30,2018-07-21 01:53:30,2018-07-26 01:53:30
order_001537,cust_02977,delivered,2018-08-12 22:28:18,2018-08-14 00:28:18,2018-08-13 22:28:18,2018-08-22 22:28:18,2018-08-26 22:28:18
order_001538,cust_00783,shipped,2018-06-16 02:25:11,2018-06-17 08:25:11,2018-06-18 02:25:11,2018-06-22 02:25:11,2018-06-26 02:25:11
order_001539,cust_03657,delivered,2017-10-07 22:08:17,2017-10-08 23:08:17,2017-10-08 22:08:17,2017-10-13 22:08:17,2017-10-16 22:08:17
order_001540,cust_01912,delivered,2018-03-19 15:42:26,2018-03-20 06:42:26,2018-03-20 15:42:26,2018-03-31 15:42:26,2018-04-04 15:42:26
order_001541,cust_00158,shipped,2017-04-24 22:02:56,2017-04-26 02:02:56,2017-04-28 22:02:56,2017-05-08 22:02:56,2017-05-14 22:02:56
order_001542,cust_00449,delivered,2018-06-21 08:53:52,2018-06-22 22:53:52,2018-06-23 08:53:52,2018-06-29 08:53:52,2018-07-01 08:53:52
order_001543,cust_02764,delivered,2017-04-29 21:29:48,2017-04-30 02:29:48,2017-05-03 21:29:48,2017-05-03 21:29:48,2017-05-06 21:29:48
order_001544,cust_01621,delivered,2017-03-11 10:13:37,2017-03-11 18:13:37,2017-03-12 10:13:37,2017-03-25 10:13:37,2017-03-27 10:13:37
order_001545,cust_00410,delivered,2018-05-19 08:24:07,2018-05-19 16:24:07,2018-05-21 08:24:07,2018-05-23 08:24:07,2018-05-24 08:24:07
order_001546,cust_01977,delivered,2018-04-06 08:05:20,2018-04-08 04:05:20,2018-04-09 08:05:20,2018-04-08 08:05:20,2018-04-13 08:05:20
order_001547,cust_02278,delivered,2017-03-26 22:50:50,2017-03-28 02:50:50,2017-03-28 22:50:50,2017-04-02 22:50:50,2017-04-07 22:50:50
order_001548,cust_00303,delivered,2018-08-11 11:10:22,2018-08-12 03:10:22,2018-08-13 11:10:22,2018-08-26 11:10:22,2018-09-01 11:10:22
order_001549,cust_01330,delivered,2017-03-09 11:29:08,2017-03-09 21:29:08,2017-03-10 11:29:08,2017-03-23 11:29:08,2017-03-24 11:29:08
order_001550,cust_01757,processing,2017-01-30 15:26:42,2017-02-01 00:26:42,2017-01-31 15:26:42,2017-02-05 15:26:42,2017-02-07 15:26:42
order_001551,cust_02965,delivered,2018-08-05 13:20:24,2018-08-06 14:20:24,2018-08-09 13:20:24,2018-08-15 13:20:24,2018-08-19 13:20:24
order_001552,cust_02476,delivered,2017-05-16 12:59:14,2017-05-17 18:59:14,2017-05-17 12:59:14,2017-06-02 12:59:14,2017-06-07 12:59:14
order_001553,cust_00330,delivered,2017-05-23 09:05:50,2017-05-24 19:05:50,2017-05-24 09:05:50,2017-06-05 09:05:50,2017-06-11 09:05:50
order_001554,cust_02333,delivered,2018-04-28 03:56:30,2018-04-28 08:56:30,2018-04-30 03:56:30,2018-05-12 03:56:30,2018-05-17 03:56:30
order_001555,cust_03429,delivered,2018-01-05 23:52:10,2018-01-07 07:52:10,2018-01-07 23:52:10,2018-01-08 23:52:10,2018-01-14 23:52:10
order_001556,cust_00206,processing,2017-11-13 11:47:27,2017-11-14 21:47:27,2017-11-15 11:47:27,2017-11-18 11:47:27,2017-11-23 11:47:27
order_001557,cust_03749,delivered,2018-08-24 23:20:02,2018-08-25 13:20:02,2018-08-28 23:20:02,2018-08-27 23:20:02,2018-08-29 23:20:02
order_001558,cust_00362,delivered,2017-02-22 11:03:16,2017-02-23 02:03:16,2017-02-26 11:03:16,2017-03-11 11:03:16,2017-03-15 11:03:16
order_001559,cust_02366,delivered,2018-07-17 14:23:10,2018-07-18 18:23:10,2018-07-19 14:23:10,2018-07-24 14:23:10,2018-07-28 14:23:10
order_001560,cust_01335,delivered,2017-06-12 13:05:51,2017-06-13 07:05:51,2017-06-13 13:05:51,2017-06-21 13:05:51,2017-06-24 13:05:51
order_001561,cust_02777,delivered,2018-01-14 23:10:41,2018-01-16 19:10:41,2018-01-15 23:10:41,2018-01-24 23:10:41,2018-01-30 23:10:41
order_001562,cust_03202,delivered,2017-07-17 02:39:21,2017-07-17 07:39:21,2017-07-18 02:39:21,2017-07-27 02:39:21,2017-08-01 02:39:21
order_001563,cust_03237,delivered,2017-06-28 12:25:13,2017-06-28 20:25:13,2017-06-29 12:25:13,2017-06-30 12:25:13,2017-07-04 12:25:13
order_001564,cust_03305,delivered,2017-07-15 03:41:04,2017-07-16 18:41:04,2017-07-16 03:41:04,2017-07-31 03:41:04,2017-08-03 03:41:04
order_001565,cust_03101,delivered,2017-12-06 20:49:57,2017-12-08 05:49:57,2017-12-08 20:49:57,2017-12-14 20:49:57,2017-12-19 20:49:57
order_001566,cust_01176,canceled,2018-06-18 12:43:33,2018-06-20 05:43:33,2018-06-21 12:43:33,2018-07-04 12:43:33,2018-07-06 12:43:33
order_001567,cust_01768,processing,2017-03-10 22:09:11,2017-03-11 00:09:11,2017-03-14 22:09:11,2017-03-24 22:09:11,2017-03-26 22:09:11
order_001568,cust_02731,delivered,2018-02-07 06:36:37,2018-02-07 13:36:37,2018-02-09 06:36:37,2018-02-20 06:36:37,2018-02-23 06:36:37
order_001569,cust_00639,delivered,2018-06-08 03:54:33,2018-06-09 19:54:33,2018-06-10 03:54:33,2018-06-21 03:54:33,2018-06-22 03:54:33
order_001570,cust_02194,delivered,2018-03-23 15:05:48,2018-03-25 06:05:48,2018-03-26 15:05:48,2018-04-09 15:05:48,2018-04-12 15:05:48
order_001571,cust_02014,delivered,2018-08-19 03:29:54,2018-08-20 18:29:54,2018-08-22 03:29:54,2018-08-25 03:29:54,2018-08-28 03:29:54
order_001572,cust_03737,delivered,2017-01-09 08:56:45,2017-01-11 03:56:45,2017-01-12 08:56:45,2017-01-16 08:56:45,2017-01-20 08:56:45
order_001573,cust_00188,delivered,2017-08-09 07:31:57,2017-08-09 18:31:57,2017-08-10 07:31:57,2017-08-21 07:31:57,2017-08-24 07:31:57
order_001574,cust_00359,delivered,2017-09-17 05:17:51,2017-09-17 10:17:51,2017-09-18 05:17:51,2017-09-22 05:17:51,2017-09-28 05:17:51
order_001575,cust_00114,delivered,2017-11-22 03:08:14,2017-11-22 17:08:14,2017-11-25 03:08:14,2017-12-06 03:08:14,2017-12-08 03:08:14
order_001576,cust_02081,delivered,2017-07-13 15:45:12,2017-07-15 14:45:12,2017-07-15 15:45:12,2017-07-15 15:45:12,2017-07-18 15:45:12
order_001577,cust_02092,delivered,2017-06-03 18:11:46,2017-06-04 19:11:46,2017-06-05 18:11:46,2017-06-19 18:11:46,2017-06-24 18:11:46
order_001578,cust_02251,shipped,2018-06-02 09:27:13,2018-06-02 10:27:13,2018-06-06 09:27:13,2018-06-09 09:27:13,2018-06-11 09:27:13
order_001579,cust_00919,delivered,2017-05-22 06:44:41,2017-05-23 17:44:41,2017-05-23 06:44:41,2017-05-24 06:44:41,2017-05-28 06:44:41
order_001580,cust_01169,delivered,2018-08-03 03:46:57,2018-08-04 19:46:57,2018-08-05 03:46:57,2018-08-14 03:46:57,2018-08-20 03:46:57
order_001581,cust_01584,delivered,2017-01-23 16:14:56,2017-01-23 22:14:56,2017-01-26 16:14:56,2017-01-29 16:14:56,2017-02-01 16:14:56
order_001582,cust_00178,delivered,2017-09-15 19:24:41,2017-09-16 22:24:41,2017-09-18 19:24:41,2017-09-21 19:24:41,2017-09-23 19:24:41
order_001583,cust_02859,delivered,2018-01-06 13:09:09,2018-01-08 01:09:09,2018-01-07 13:09:09,2018-01-15 13:09:09,2018-01-17 13:09:09
order_001584,cust_00197,delivered,2018-08-15 10:21:43,2018-08-17 07:21:43,2018-08-18 10:21:43,2018-08-26 10:21:43,2018-08-27 10:21:43
order_001585,cust_02534,delivered,2018-04-10 15:33:38,2018-04-11 20:33:38,2018-04-12 15:33:38,2018-04-14 15:33:38,2018-04-16 15:33:38
order_001586,cust_01723,shipped,2017-01-09 21:57:42,2017-01-10 13:57:42,2017-01-11 21:57:42,2017-01-11 21:57:42,2017-01-17 21:57:42
order_001587,cust_03795,delivered,2018-04-01 23:45:09,2018-04-03 18:45:09,2018-04-04 23:45:09,2018-04-10 23:45:09,2018-04-12 23:45:09
order_001588,cust_02631,delivered,2017-07-18 04:38:29,2017-07-18 21:38:29,2017-07-22 04:38:29,2017-07-25 04:38:29,2017-07-31 04:38:29
order_001589,cust_01807,delivered,2018-06-07 11:26:29,2018-06-08 17:26:29,2018-06-08 11:26:29,2018-06-18 11:26:29,2018-06-24 11:26:29
order_001590,cust_02660,delivered,2018-04-17 21:01:56,2018-04-19 13:01:56,2018-04-18 21:01:56,2018-04-30 21:01:56,2018-05-05 21:01:56
order_001591,cust_00445,delivered,2017-04-27 15:11:15,2017-04-28 16:11:15,2017-05-01 15:11:15,2017-05-08 15:11:15,2017-05-14 15:11:15
order_001592,cust_00687,delivered,2017-08-07 19:34:54,2017-08-09 05:34:54,2017-08-08 19:34:54,2017-08-10 19:34:54,2017-08-13 19:34:54
order_001593,cust_01896,delivered,2018-05-15 23:54:00,2018-05-17 15:54:00,2018-05-16 23:54:00,2018-06-01 23:54:00,2018-06-07 23:54:00
order_001594,cust_03260,delivered,2018-07-14 02:29:38,2018-07-15 07:29:38,2018-07-17 02:29:38,2018-07-27 02:29:38,2018-07-31 02:29:38
order_001595,cust_03116,delivered,2018-01-03 14:41:48,2018-01-04 10:41:48,2018-01-05 14:41:48,2018-01-05 14:41:48,2018-01-06 14:41:48
order_001596,cust_01433,delivered,2017-05-13 12:45:37,2017-05-14 19:45:37,2017-05-17 12:45:37,2017-05-27 12:45:37,2017-06-01 12:45:37
order_001597,cust_01077,delivered,2017-08-25 06:50:00,2017-08-26 01:50:00,2017-08-29 06:50:00,2017-09-10 06:50:00,2017-09-16 06:50:00
order_001598,cust_03664,delivered,2018-04-29 15:41:18,2018-05-01 00:41:18,2018-04-30 15:41:18,2018-05-10 15:41:18,2018-05-16 15:41:18
order_001599,cust_02148,delivered,2017-12-30 02:29:33,2017-12-30 06:29:33,2017-12-31 02:29:33,2018-01-14 02:29:33,2018-01-17 02:29:33
order_001600,cust_00449,delivered,2017-05-03 11:53:29,2017-05-03 14:53:29,2017-05-06 11:53:29,2017-05-19 11:53:29,2017-05-20 11:53:29
order_001601,cust_00854,delivered,2017-06-23 09:57:09,2017-06-24 08:57:09,2017-06-25 09:57:09,2017-07-10 09:57:09,2017-07-14 09:57:09
order_001602,cust_03178,delivered,2017-04-30 09:21:58,2017-04-30 15:21:58,2017-05-01 09:21:58,2017-05-17 09:21:58,2017-05-23 09:21:58
order_001603,cust_03413,delivered,2017-10-13 14:44:24,2017-10-15 01:44:24,2017-10-15 14:44:24,2017-10-18 14:44:24,2017-10-24 14:44:24
order_001604,cust_03451,delivered,2017-09-29 22:39:07,2017-09-30 07:39:07,2017-10-02 22:39:07,2017-10-01 22:39:07,2017-10-05 22:39:07
order_001605,cust_00026,delivered,2017-11-26 22:44:18,2017-11-27 22:44:18,2017-11-30 22:44:18,2017-12-08 22:44:18,2017-12-13 22:44:18
order_001606,cust_03126,delivered,2018-07-29 16:49:10,2018-07-30 01:49:10,2018-07-31 16:49:10,2018-08-10 16:49:10,2018-08-11 16:49:10
order_001607,cust_00425,delivered,2018-02-01 07:56:39,2018-02-03 03:56:39,2018-02-05 07:56:39,2018-02-12 07:56:39,2018-02-16 07:56:39
order_001608,cust_03073,delivered,2017-12-22 23:10:51,2017-12-24 15:10:51,2017-12-24 23:10:51,2017-12-27 23:10:51,2017-12-28 23:10:51
order_001609,cust_03349,delivered,2017-08-11 23:57:39,2017-08-12 00:57:39,2017-08-14 23:57:39,2017-08-28 23:57:39,2017-09-02 23:57:39
order_001610,cust_01372,delivered,2018-01-22 20:18:34,2018-01-23 15:18:34,2018-01-26 20:18:34,2018-01-30 20:18:34,2018-01-31 20:18:34
order_001611,cust_00735,processing,2018-08-04 20:57:19,2018-08-06 17:57:19,2018-08-08 20:57:19,2018-08-17 20:57:19,2018-08-21 20:57:19
order_001612,cust_02710,delivered,2017-01-06 19:36:40,2017-01-07 19:36:40,2017-01-09 19:36:40,2017-01-17 19:36:40,2017-01-23 19:36:40
order_001613,cust_00260,delivered,2017-08-01 18:14:34,2017-08-03 10:14:34,2017-08-05 18:14:34,2017-08-17 18:14:34,2017-08-18 18:14:34
order_001614,cust_02201,shipped,2017-02-04 17:24:54,2017-02-04 22:24:54,2017-02-05 17:24:54,2017-02-17 17:24:54,2017-02-20 17:24:54
order_001615,cust_01259,delivered,2017-05-04 15:19:16,2017-05-05 12:19:16,2017-05-08 15:19:16,2017-05-16 15:19:16,2017-05-17 15:19:16
order_001616,cust_01613,delivered,2017-02-10 15:30:21,2017-02-12 08:30:21,2017-02-14 15:30:21,2017-02-25 15:30:21,2017-03-02 15:30:21
order_001617,cust_03137,processing,2017-12-27 09:21:15,2017-12-27 19:21:15,2017-12-31 09:21:15,2017-12-29 09:21:15,2018-01-04 09:21:15
order_001618,cust_03773,delivered,2018-05-14 21:17:04,2018-05-14 22:17:04,2018-05-16 21:17:04,2018-05-27 21:17:04,2018-05-28 21:17:04
order_001619,cust_01528,delivered,2018-07-26 15:13:53,2018-07-28 02:13:53,2018-07-28 15:13:53,2018-08-06 15:13:53,2018-08-10 15:13:53
order_001620,cust_01103,delivered,2017-05-25 14:43:18,2017-05-25 18:43:18,2017-05-28 14:43:18,2017-06-08 14:43:18,2017-06-13 14:43:18
order_001621,cust_03170,canceled,2018-03-02 17:48:14,2018-03-03 08:48:14,2018-03-03 17:48:14,2018-03-07 17:48:14,2018-03-08 17:48:14
order_001622,cust_01569,delivered,2017-07-19 01:48:24,2017-07-20 16:48:24,2017-07-22 01:48:24,2017-07-30 01:48:24,2017-08-02 01:48:24
order_001623,cust_00759,delivered,2017-07-12 22:03:13,2017-07-14 16:03:13,2017-07-14 22:03:13,2017-07-18 22:03:13,2017-07-19 22:03:13
order_001624,cust_03430,delivered,2018-01-06 13:58:53,2018-01-06 20:58:53,2018-01-10 13:58:53,2018-01-09 13:58:53,2018-01-15 13:58:53
order_001625,cust_03768,delivered,2018-02-17 22:39:56,2018-02-18 22:39:56,2018-02-20 22:39:56,2018-02-28 22:39:56,2018-03-04 22:39:56
order_001626,cust_01098,delivered,2017-12-22 02:28:04,2017-12-23 16:28:04,2017-12-24 02:28:04,2017-12-24 02:28:04,2017-12-28 02:28:04
order_001627,cust_00600,processing,2017-03-02 05:36:25,2017-03-03 00:36:25,2017-03-03 05:36:25,2017-03-05 05:36:25,2017-03-11 05:36:25
order_001628,cust_00580,delivered,2017-09-07 22:46:59,2017-09-08 15:46:59,2017-09-10 22:46:59,2017-09-17 22:46:59,2017-09-22 22:46:59
order_001629,cust_02274,delivered,2017-06-23 16:37:40,2017-06-24 18:37:40,2017-06-26 16:37:40,2017-07-09 16:37:40,2017-07-11 16:37:40
order_001630,cust_01177,delivered,2017-01-03 15:31:12,2017-01-05 04:31:12,2017-01-06 15:31:12,2017-01-16 15:31:12,2017-01-20 15:31:12
order_001631,cust_02367,delivered,2017-01-25 09:42:12,2017-01-25 11:42:12,2017-01-26 09:42:12,2017-01-27 09:42:12,2017-01-29 09:42:12
order_001632,cust_02885,delivered,2017-10-01 13:20:07,2017-10-01 16:20:07,2017-10-03 13:20:07,2017-10-04 13:20:07,2017-10-08 13:20:07
order_001633,cust_00021,delivered,2017-03-03 13:06:39,2017-03-03 19:06:39,2017-03-07 13:06:39,2017-03-11 13:06:39,2017-03-16 13:06:39
order_001634,cust_03267,canceled,2018-03-26 04:44:51,2018-03-26 21:44:51,2018-03-30 04:44:51,2018-04-03 04:44:51,2018-04-09 04:44:51
order_001635,cust_00110,delivered,2017-02-04 13:35:52,2017-02-05 03:35:52,2017-02-06 13:35:52,2017-02-06 13:35:52,2017-02-12 13:35:52
order_001636,cust_00434,delivered,2017-05-24 12:22:42,2017-05-25 11:22:42,2017-05-26 12:22:42,2017-05-30 12:22:42,2017-06-02 12:22:42
order_001637,cust_02754,delivered,2018-08-23 07:30:49,2018-08-23 22:30:49,2018-08-26 07:30:49,2018-08-27 07:30:49,2018-09-02 07:30:49
order_001638,cust_02362,delivered,2018-03-07 08:13:14,2018-03-08 14:13:14,2018-03-08 08:13:14,2018-03-18 08:13:14,2018-03-24 08:13:14
order_001639,cust_03718,delivered,2017-12-05 18:25:44,2017-12-06 10:25:44,2017-12-09 18:25:44,2017-12-17 18:25:44,2017-12-21 18:25:44
order_001640,cust_02155,delivered,2017-01-10 16:12:33,2017-01-12 08:12:33,2017-01-13 16:12:33,2017-01-18 16:12:33,2017-01-19 16:12:33
order_001641,cust_01585,delivered,2017-01-27 11:16:41,2017-01-28 02:16:41,2017-01-31 11:16:41,2017-02-07 11:16:41,2017-02-08 11:16:41
order_001642,cust_02541,delivered,2018-07-07 14:30:21,2018-07-08 02:30:21,2018-07-08 14:30:21,2018-07-12 14:30:21,2018-07-16 14:30:21
order_001643,cust_02895,delivered,2018-05-02 05:47:23,2018-05-03 22:47:23,2018-05-03 05:47:23,2018-05-17 05:47:23,2018-05-22 05:47:23
order_001644,cust_02550,shipped,2018-08-01 11:59:00,2018-08-02 18:59:00,2018-08-05 11:59:00,2018-08-03 11:59:00,2018-08-09 11:59:00
order_001645,cust_01408,delivered,2018-05-07 13:28:57,2018-05-07 16:28:57,2018-05-09 13:28:57,2018-05-17 13:28:57,2018-05-19 13:28:57
order_001646,cust_03645,delivered,2017-01-02 06:03:56,2017-01-02 14:03:56,2017-01-04 06:03:56,2017-01-09 06:03:56,2017-01-15 06:03:56
order_001647,cust_01146,delivered,2018-05-05 04:04:03,2018-05-05 07:04:03,2018-05-07 04:04:03,2018-05-14 04:04:03,2018-05-19 04:04:03
order_001648,cust_01316,delivered,2017-10-06 12:37:04,2017-10-08 02:37:04,2017-10-08 12:37:04,2017-10-16 12:37:04,2017-10-19 12:37:04
order_001649,cust_01055,delivered,2018-02-25 22:34:44,2018-02-27 04:34:44,2018-03-01 22:34:44,2018-03-09 22:34:44,2018-03-12 22:34:44
order_001650,cust_01139,delivered,2017-09-09 11:04:50,2017-09-11 07:04:50,2017-09-12 11:04:50,2017-09-25 11:04:50,2017-09-28 11:04:50
order_001651,cust_00809,delivered,2018-03-15 21:38:03,2018-03-16 13:38:03,2018-03-16 21:38:03,2018-03-25 21:38:03,2018-03-30 21:38:03
order_001652,cust_02208,delivered,2018-05-27 20:25:49,2018-05-27 23:25:49,2018-05-31 20:25:49,2018-06-01 20:25:49,2018-06-06 20:25:49
order_001653,cust_02769,processing,2018-08-16 17:52:26,2018-08-17 15:52:26,2018-08-18 17:52:26,2018-08-26 17:52:26,2018-08-28 17:52:26
order_001654,cust_01631,delivered,2017-11-25 21:27:50,2017-11-26 01:27:50,2017-11-28 21:27:50,2017-12-05 21:27:50,2017-12-08 21:27:50
order_001655,cust_03506,delivered,2017-06-19 09:52:14,2017-06-19 16:52:14,2017-06-21 09:52:14,2017-07-04 09:52:14,2017-07-05 09:52:14
order_001656,cust_01800,delivered,2018-01-07 18:13:19,2018-01-09 08:13:19,2018-01-08 18:13:19,2018-01-18 18:13:19,2018-01-24 18:13:19
order_001657,cust_01774,delivered,2017-10-31 03:28:25,2017-10-31 21:28:25,2017-11-02 03:28:25,2017-11-15 03:28:25,2017-11-18 03:28:25
order_001658,cust_00263,delivered,2017-05-04 07:40:16,2017-05-06 01:40:16,2017-05-06 07:40:16,2017-05-16 07:40:16,2017-05-18 07:40:16
order_001659,cust_03433,delivered,2018-03-17 13:35:56,2018-03-18 14:35:56,2018-03-18 13:35:56,2018-03-28 13:35:56,2018-03-30 13:35:56
order_001660,cust_00563,delivered,2017-02-16 00:54:50,2017-02-17 07:54:50,2017-02-20 00:54:50,2017-02-23 00:54:50,2017-02-24 00:54:50
order_001661,cust_00624,delivered,2017-09-03 18:21:57,2017-09-05 10:21:57,2017-09-07 18:21:57,2017-09-09 18:21:57,2017-09-12 18:21:57
order_001662,cust_03554,delivered,2018-02-25 22:12:29,2018-02-26 20:12:29,2018-03-01 22:12:29,2018-02-28 22:12:29,2018-03-05 22:12:29
order_001663,cust_01974,delivered,2018-07-15 02:31:38,2018-07-15 18:31:38,2018-07-16 02:31:38,2018-07-25 02:31:38,2018-07-27 02:31:38
order_001664,cust_00259,delivered,2018-01-13 23:48:29,2018-01-15 12:48:29,2018-01-16 23:48:29,2018-01-29 23:48:29,2018-02-01 23:48:29
order_001665,cust_01678,delivered,2018-08-19 02:06:57,2018-08-20 18:06:57,2018-08-22 02:06:57,2018-08-21 02:06:57,2018-08-25 02:06:57
order_001666,cust_02242,delivered,2018-05-22 03:02:54,2018-05-22 18:02:54,2018-05-25 03:02:54,2018-06-08 03:02:54,2018-06-11 03:02:54
order_001667,cust_00038,delivered,2017-05-24 18:17:52,2017-05-26 09:17:52,2017-05-28 18:17:52,2017-06-08 18:17:52,2017-06-13 18:17:52
order_001668,cust_02867,delivered,2018-05-29 16:27:17,2018-05-31 15:27:17,2018-05-31 16:27:17,2018-06-07 16:27:17,2018-06-09 16:27:17
order_001669,cust_02540,delivered,2017-07-24 22:27:54,2017-07-25 08:27:54,2017-07-26 22:27:54,2017-07-31 22:27:54,2017-08-03 22:27:54
order_001670,cust_00045,delivered,2018-01-19 10:12:12,2018-01-21 02:12:12,2018-01-21 10:12:12,2018-01-30 10:12:12,2018-02-05 10:12:12
order_001671,cust_02350,delivered,2017-05-03 13:44:26,2017-05-03 18:44:26,2017-05-06 13:44:26,2017-05-18 13:44:26,2017-05-24 13:44:26
order_001672,cust_00846,delivered,2017-11-24 03:33:52,2017-11-25 21:33:52,2017-11-26 03:33:52,2017-11-26 03:33:52,2017-11-30 03:33:52
order_001673,cust_02790,processing,2018-02-18 16:36:14,2018-02-20 10:36:14,2018-02-20 16:36:14,2018-02-27 16:36:14,2018-03-02 16:36:14
order_001674,cust_01432,delivered,2018-07-10 23:57:15,2018-07-12 16:57:15,2018-07-11 23:57:15,2018-07-12 23:57:15,2018-07-18 23:57:15
order_001675,cust_00768,delivered,2018-07-28 14:19:29,2018-07-29 07:19:29,2018-07-31 14:19:29,2018-08-09 14:19:29,2018-08-12 14:19:29
order_001676,cust_01925,delivered,2018-05-03 22:23:50,2018-05-05 18:23:50,2018-05-04 22:23:50,2018-05-06 22:23:50,2018-05-09 22:23:50
order_001677,cust_01683,delivered,2017-12-06 09:26:44,2017-12-07 12:26:44,2017-12-08 09:26:44,2017-12-13 09:26:44,2017-12-17 09:26:44
order_001678,cust_01298,delivered,2018-06-21 23:34:57,2018-06-22 03:34:57,2018-06-24 23:34:57,2018-07-04 23:34:57,2018-07-07 23:34:57
order_001679,cust_03338,delivered,2017-03-06 12:52:48,2017-03-08 04:52:48,2017-03-08 12:52:48,2017-03-20 12:52:48,2017-03-26 12:52:48
order_001680,cust_02466,delivered,2018-08-29 03:27:12,2018-08-30 22:27:12,2018-09-01 03:27:12,2018-09-03 03:27:12,2018-09-05 03:27:12
order_001681,cust_01852,delivered,2017-05-04 08:42:07,2017-05-04 23:42:07,2017-05-06 08:42:07,2017-05-14 08:42:07,2017-05-15 08:42:07
order_001682,cust_00860,delivered,2017-09-03 11:48:22,2017-09-03 23:48:22,2017-09-04 11:48:22,2017-09-07 11:48:22,2017-09-10 11:48:22
order_001683,cust_02160,delivered,2018-07-06 01:36:30,2018-07-07 04:36:30,2018-07-10 01:36:30,2018-07-17 01:36:30,2018-07-23 01:36:30
order_001684,cust_00096,delivered,2018-03-12 21:29:54,2018-03-13 14:29:54,2018-03-16 21:29:54,2018-03-14 21:29:54,2018-03-15 21:29:54
order_001685,cust_03362,delivered,2018-06-01 05:44:24,2018-06-02 12:44:24,2018-06-02 05:44:24,2018-06-16 05:44:24,2018-06-21 05:44:24
order_001686,cust_00005,delivered,2018-02-23 16:12:13,2018-02-24 10:12:13,2018-02-24 16:12:13,2018-02-25 16:12:13,2018-02-26 16:12:13
order_001687,cust_02655,delivered,2018-01-01 22:04:46,2018-01-02 09:04:46,2018-01-03 22:04:46,2018-01-12 22:04:46,2018-01-16 22:04:46
order_001688,cust_01312,shipped,2017-04-16 10:25:49,2017-04-16 21:25:49,2017-04-19 10:25:49,2017-04-24 10:25:49,2017-04-27 10:25:49
order_001689,cust_02732,shipped,2018-08-29 14:37:26,2018-08-30 21:37:26,2018-08-30 14:37:26,2018-09-03 14:37:26,2018-09-04 14:37:26
order_001690,cust_01374,delivered,2018-01-23 12:24:02,2018-01-24 09:24:02,2018-01-27 12:24:02,2018-02-02 12:24:02,2018-02-07 12:24:02
order_001691,cust_00099,delivered,2018-02-11 18:20:23,2018-02-11 19:20:23,2018-02-12 18:20:23,2018-02-15 18:20:23,2018-02-17 18:20:23
order_001692,cust_03604,delivered,2017-09-18 00:55:35,2017-09-19 00:55:35,2017-09-22 00:55:35,2017-09-29 00:55:35,2017-10-02 00:55:35
order_001693,cust_02910,delivered,2018-08-02 08:37:52,2018-08-03 22:37:52,2018-08-03 08:37:52,2018-08-14 08:37:52,2018-08-18 08:37:52
order_001694,cust_00170,delivered,2017-10-01 14:40:35,2017-10-01 21:40:35,2017-10-05 14:40:35,2017-10-10 14:40:35,2017-10-14 14:40:35
order_001695,cust_00124,delivered,2017-04-26 02:11:34,2017-04-26 14:11:34,2017-04-30 02:11:34,2017-05-03 02:11:34,2017-05-04 02:11:34
order_001696,cust_02014,delivered,2017-04-20 20:37:59,2017-04-21 13:37:59,2017-04-24 20:37:59,2017-04-29 20:37:59,2017-05-02 20:37:59
order_001697,cust_03635,shipped,2018-03-01 15:10:08,2018-03-03 11:10:08,2018-03-05 15:10:08,2018-03-18 15:10:08,2018-03-22 15:10:08
order_001698,cust_02195,delivered,2018-03-29 00:04:01,2018-03-29 17:04:01,2018-03-31 00:04:01,2018-04-12 00:04:01,2018-04-16 00:04:01
order_001699,cust_00040,delivered,2017-05-06 00:17:30,2017-05-07 16:17:30,2017-05-09 00:17:30,2017-05-08 00:17:30,2017-05-13 00:17:30
order_001700,cust_02657,delivered,2018-03-01 03:50:20,2018-03-02 11:50:20,2018-03-04 03:50:20,2018-03-07 03:50:20,2018-03-12 03:50:20
order_001701,cust_01625,delivered,2018-08-30 15:56:01,2018-09-01 14:56:01,2018-08-31 15:56:01,2018-09-01 15:56:01,2018-09-03 15:56:01
order_001702,cust_02427,delivered,2017-11-20 12:25:54,2017-11-21 16:25:54,2017-11-24 12:25:54,2017-11-25 12:25:54,2017-11-30 12:25:54
order_001703,cust_01331,delivered,2018-08-14 11:34:30,2018-08-15 02:34:30,2018-08-17 11:34:30,2018-08-28 11:34:30,2018-09-03 11:34:30
order_001704,cust_00030,delivered,2017-04-06 13:27:47,2017-04-07 23:27:47,2017-04-08 13:27:47,2017-04-21 13:27:47,2017-04-27 13:27:47
order_001705,cust_00069,delivered,2017-09-02 11:52:22,2017-09-02 16:52:22,2017-09-03 11:52:22,2017-09-11 11:52:22,2017-09-17 11:52:22
order_001706,cust_02401,delivered,2017-12-05 08:14:25,2017-12-06 21:14:25,2017-12-08 08:14:25,2017-12-18 08:14:25,2017-12-20 08:14:25
order_001707,cust_02413,delivered,2017-08-06 00:10:32,2017-08-06 11:10:32,2017-08-10 00:10:32,2017-08-13 00:10:32,2017-08-17 00:10:32
order_001708,cust_01225,delivered,2017-03-02 00:40:13,2017-03-03 08:40:13,2017-03-03 00:40:13,2017-03-11 00:40:13,2017-03-14 00:40:13
order_001709,cust_00312,delivered,2017-10-06 16:32:12,2017-10-07 20:32:12,2017-10-10 16:32:12,2017-10-21 16:32:12,2017-10-27 16:32:12
order_001710,cust_02936,delivered,2017-07-26 17:50:47,2017-07-27 05:50:47,2017-07-29 17:50:47,2017-08-01 17:50:47,2017-08-06 17:50:47
order_001711,cust_00574,delivered,2017-05-04 05:45:20,2017-05-05 04:45:20,2017-05-08 05:45:20,2017-05-11 05:45:20,2017-05-12 05:45:20
order_001712,cust_00715,delivered,2017-08-15 05:49:48,2017-08-16 05:49:48,2017-08-16 05:49:48,2017-08-19 05:49:48,2017-08-25 05:49:48
order_001713,cust_01718,delivered,2017-09-12 09:47:19,2017-09-13 22:47:19,2017-09-13 09:47:19,2017-09-17 09:47:19,2017-09-22 09:47:19
order_001714,cust_02721,canceled,2018-06-22 15:28:11,2018-06-23 13:28:11,2018-06-25 15:28:11,2018-06-24 15:28:11,2018-06-28 15:28:11
order_001715,cust_03781,delivered,2017-10-26 14:14:36,2017-10-26 17:14:36,2017-10-28 14:14:36,2017-11-10 14:14:36,2017-11-13 14:14:36
order_001716,cust_02376,delivered,2017-09-10 13:25:10,2017-09-10 17:25:10,2017-09-12 13:25:10,2017-09-25 13:25:10,2017-09-28 13:25:10
order_001717,cust_03649,delivered,2017-08-25 00:52:53,2017-08-26 08:52:53,2017-08-28 00:52:53,2017-09-02 00:52:53,2017-09-07 00:52:53
order_001718,cust_02478,delivered,2017-12-30 10:20:24,2018-01-01 05:20:24,2017-12-31 10:20:24,2018-01-10 10:20:24,2018-01-15 10:20:24
order_001719,cust_03221,delivered,2017-06-17 18:03:50,2017-06-18 15:03:50,2017-06-19 18:03:50,2017-06-22 18:03:50,2017-06-26 18:03:50
order_001720,cust_00668,delivered,2018-06-16 14:10:01,2018-06-16 19:10:01,2018-06-18 14:10:01,2018-06-18 14:10:01,2018-06-24 14:10:01
order_001721,cust_00214,delivered,2017-09-12 19:21:57,2017-09-13 04:21:57,2017-09-14 19:21:57,2017-09-22 19:21:57,2017-09-24 19:21:57
order_001722,cust_02542,delivered,2017-09-16 16:40:51,2017-09-18 14:40:51,2017-09-19 16:40:51,2017-09-20 16:40:51,2017-09-23 16:40:51
order_001723,cust_03705,delivered,2017-02-08 21:35:36,2017-02-10 07:35:36,2017-02-09 21:35:36,2017-02-23 21:35:36,2017-02-27 21:35:36
order_001724,cust_02800,delivered,2018-06-22 13:44:01,2018-06-22 15:44:01,2018-06-26 13:44:01,2018-06-28 13:44:01,2018-06-29 13:44:01
order_001725,cust_01304,delivered,2017-10-14 13:39:46,2017-10-15 02:39:46,2017-10-17 13:39:46,2017-10-27 13:39:46,2017-10-30 13:39:46
order_001726,cust_01859,shipped,2017-03-24 13:22:50,2017-03-26 00:22:50,2017-03-25 13:22:50,2017-03-30 13:22:50,2017-04-05 13:22:50
order_001727,cust_00426,delivered,2017-04-15 06:20:57,2017-04-16 12:20:57,2017-04-18 06:20:57,2017-04-19 06:20:57,2017-04-24 06:20:57
order_001728,cust_01293,delivered,2017-08-10 10:27:57,2017-08-11 00:27:57,2017-08-11 10:27:57,2017-08-20 10:27:57,2017-08-25 10:27:57
order_001729,cust_02595,delivered,2018-04-20 04:02:56,2018-04-21 13:02:56,2018-04-21 04:02:56,2018-04-24 04:02:56,2018-04-25 04:02:56
order_001730,cust_00632,shipped,2017-02-27 10:19:14,2017-03-01 05:19:14,2017-03-02 10:19:14,2017-03-07 10:19:14,2017-03-08 10:19:14
order_001731,cust_01830,delivered,2017-03-15 03:35:39,2017-03-16 22:35:39,2017-03-16 03:35:39,2017-03-21 03:35:39,2017-03-24 03:35:39
order_001732,cust_01101,delivered,2017-12-08 11:46:59,2017-12-10 02:46:59,2017-12-11 11:46:59,2017-12-24 11:46:59,2017-12-26 11:46:59
order_001733,cust_01865,delivered,2017-10-31 22:53:58,2017-11-01 15:53:58,2017-11-02 22:53:58,2017-11-10 22:53:58,2017-11-11 22:53:58
order_001734,cust_02902,delivered,2018-08-06 10:50:59,2018-08-06 12:50:59,2018-08-08 10:50:59,2018-08-19 10:50:59,2018-08-23 10:50:59
order_001735,cust_03362,delivered,2018-04-03 17:43:36,2018-04-04 12:43:36,2018-04-06 17:43:36,2018-04-14 17:43:36,2018-04-19 17:43:36
order_001736,cust_01555,delivered,2018-02-04 10:32:11,2018-02-04 12:32:11,2018-02-07 10:32:11,2018-02-20 10:32:11,2018-02-25 10:32:11
order_001737,cust_03143,delivered,2017-07-24 21:44:31,2017-07-26 00:44:31,2017-07-25 21:44:31,2017-08-02 21:44:31,2017-08-03 21:44:31
order_001738,cust_02670,delivered,2018-01-16 05:02:55,2018-01-17 10:02:55,2018-01-20 05:02:55,2018-01-31 05:02:55,2018-02-05 05:02:55
order_001739,cust_03502,processing,2017-12-22 20:01:23,2017-12-23 13:01:23,2017-12-25 20:01:23,2018-01-07 20:01:23,2018-01-10 20:01:23
order_001740,cust_02812,delivered,2017-06-19 17:23:45,2017-06-20 01:23:45,2017-06-21 17:23:45,2017-07-05 17:23:45,2017-07-06 17:23:45
order_001741,cust_02093,delivered,2017-08-14 21:19:50,2017-08-15 22:19:50,2017-08-15 21:19:50,2017-08-27 21:19:50,2017-08-30 21:19:50
order_001742,cust_02561,delivered,2018-07-21 03:11:27,2018-07-21 04:11:27,2018-07-23 03:11:27,2018-08-07 03:11:27,2018-08-09 03:11:27
order_001743,cust_01207,delivered,2017-11-24 21:28:29,2017-11-25 10:28:29,2017-11-27 21:28:29,2017-12-07 21:28:29,2017-12-12 21:28:29
order_001744,cust_02559,delivered,2017-10-14 21:48:32,2017-10-16 19:48:32,2017-10-15 21:48:32,2017-10-20 21:48:32,2017-10-25 21:48:32
order_001745,cust_02693,delivered,2018-04-30 07:06:09,2018-05-02 02:06:09,2018-05-02 07:06:09,2018-05-04 07:06:09,2018-05-09 07:06:09
order_001746,cust_02321,delivered,2017-06-12 14:59:46,2017-06-13 20:59:46,2017-06-16 14:59:46,2017-06-17 14:59:46,2017-06-18 14:59:46
order_001747,cust_00391,delivered,2017-05-14 14:04:47,2017-05-15 08:04:47,2017-05-15 14:04:47,2017-05-25 14:04:47,2017-05-28 14:04:47
order_001748,cust_01970,delivered,2018-08-24 01:10:25,2018-08-24 02:10:25,2018-08-28 01:10:25,2018-08-28 01:10:25,2018-08-31 01:10:25
order_001749,cust_02701,delivered,2018-05-04 12:36:23,2018-05-05 19:36:23,2018-05-05 12:36:23,2018-05-09 12:36:23,2018-05-15 12:36:23
order_001750,cust_00751,delivered,2017-09-15 15:48:57,2017-09-16 15:48:57,2017-09-18 15:48:57,2017-09-27 15:48:57,2017-10-01 15:48:57
order_001751,cust_02992,delivered,2018-07-30 04:55:18,2018-07-31 14:55:18,2018-08-03 04:55:18,2018-08-06 04:55:18,2018-08-10 04:55:18
order_001752,cust_03202,delivered,2017-08-14 08:40:34,2017-08-14 16:40:34,2017-08-18 08:40:34,2017-08-26 08:40:34,2017-08-29 08:40:34
order_001753,cust_02047,delivered,2018-02-15 14:02:58,2018-02-17 06:02:58,2018-02-18 14:02:58,2018-03-04 14:02:58,2018-03-06 14:02:58
order_001754,cust_03664,shipped,2017-01-22 22:18:51,2017-01-24 12:18:51,2017-01-23 22:18:51,2017-01-25 22:18:51,2017-01-30 22:18:51
order_001755,cust_03259,delivered,2018-03-01 01:27:14,2018-03-01 22:27:14,2018-03-02 01:27:14,2018-03-13 01:27:14,2018-03-19 01:27:14
order_001756,cust_01772,delivered,2017-04-19 22:27:56,2017-04-20 00:27:56,2017-04-22 22:27:56,2017-05-04 22:27:56,2017-05-05 22:27:56
order_001757,cust_03360,delivered,2017-05-27 19:35:17,2017-05-28 17:35:17,2017-05-30 19:35:17,2017-05-31 19:35:17,2017-06-04 19:35:17
order_001758,cust_03546,delivered,2018-05-07 20:18:08,2018-05-08 14:18:08,2018-05-11 20:18:08,2018-05-21 20:18:08,2018-05-26 20:18:08
order_001759,cust_00410,delivered,2017-05-05 01:08:35,2017-05-06 13:08:35,2017-05-09 01:08:35,2017-05-15 01:08:35,2017-05-16 01:08:35
order_001760,cust_03792,delivered,2017-10-21 13:37:42,2017-10-22 01:37:42,2017-10-25 13:37:42,2017-11-02 13:37:42,2017-11-06 13:37:42
order_001761,cust_00018,delivered,2018-07-14 08:50:52,2018-07-14 09:50:52,2018-07-17 08:50:52,2018-07-16 08:50:52,2018-07-19 08:50:52
order_001762,cust_01847,delivered,2018-08-04 22:03:36,2018-08-06 21:03:36,2018-08-07 22:03:36,2018-08-12 22:03:36,2018-08-16 22:03:36
order_001763,cust_03564,delivered,2017-09-27 17:46:54,2017-09-28 05:46:54,2017-09-30 17:46:54,2017-10-04 17:46:54,2017-10-08 17:46:54
order_001764,cust_02752,delivered,2017-02-21 15:35:43,2017-02-21 19:35:43,2017-02-22 15:35:43,2017-02-25 15:35:43,2017-03-03 15:35:43
order_001765,cust_01013,delivered,2017-06-24 00:40:01,2017-06-25 17:40:01,2017-06-26 00:40:01,2017-07-08 00:40:01,2017-07-09 00:40:01
order_001766,cust_02446,delivered,2018-01-10 21:00:11,2018-01-12 07:00:11,2018-01-11 21:00:11,2018-01-20 21:00:11,2018-01-22 21:00:11
order_001767,cust_00815,delivered,2017-07-24 11:45:12,2017-07-25 00:45:12,2017-07-26 11:45:12,2017-08-09 11:45:12,2017-08-12 11:45:12
order_001768,cust_00901,delivered,2018-03-14 03:50:28,2018-03-15 02:50:28,2018-03-15 03:50:28,2018-03-18 03:50:28,2018-03-23 03:50:28
order_001769,cust_03464,delivered,2018-08-27 20:58:37,2018-08-29 05:58:37,2018-08-31 20:58:37,2018-09-09 20:58:37,2018-09-13 20:58:37
order_001770,cust_00178,delivered,2018-01-13 21:42:01,2018-01-15 12:42:01,2018-01-17 21:42:01,2018-01-24 21:42:01,2018-01-26 21:42:01
order_001771,cust_03656,delivered,2018-01-15 11:55:06,2018-01-16 05:55:06,2018-01-18 11:55:06,2018-01-27 11:55:06,2018-01-28 11:55:06
order_001772,cust_01722,delivered,2017-11-19 15:52:41,2017-11-20 02:52:41,2017-11-21 15:52:41,2017-11-25 15:52:41,2017-12-01 15:52:41
order_001773,cust_00246,delivered,2017-04-24 14:39:01,2017-04-24 15:39:01,2017-04-25 14:39:01,2017-05-07 14:39:01,2017-05-08 14:39:01
order_001774,cust_02991,shipped,2017-12-18 07:16:42,2017-12-20 00:16:42,2017-12-21 07:16:42,2017-12-23 07:16:42,2017-12-24 07:16:42
order_001775,cust_00183,delivered,2018-07-21 17:57:39,2018-07-23 08:57:39,2018-07-22 17:57:39,2018-08-04 17:57:39,2018-08-07 17:57:39
order_001776,cust_01235,delivered,2018-02-24 23:56:51,2018-02-26 20:56:51,2018-02-25 23:56:51,2018-03-05 23:56:51,2018-03-09 23:56:51
order_001777,cust_00914,processing,2018-04-03 22:25:14,2018-04-05 10:25:14,2018-04-04 22:25:14,2018-04-12 22:25:14,2018-04-14 22:25:14
order_001778,cust_02980,delivered,2018-06-09 16:29:06,2018-06-10 03:29:06,2018-06-11 16:29:06,2018-06-20 16:29:06,2018-06-22 16:29:06
order_001779,cust_01507,delivered,2017-08-24 08:38:47,2017-08-24 20:38:47,2017-08-27 08:38:47,2017-08-27 08:38:47,2017-08-28 08:38:47
order_001780,cust_02488,delivered,2017-07-24 21:48:07,2017-07-25 09:48:07,2017-07-26 21:48:07,2017-07-31 21:48:07,2017-08-03 21:48:07
order_001781,cust_00274,delivered,2018-08-13 22:15:28,2018-08-14 20:15:28,2018-08-17 22:15:28,2018-08-18 22:15:28,2018-08-24 22:15:28
order_001782,cust_02643,delivered,2017-10-07 00:08:02,2017-10-08 22:08:02,2017-10-10 00:08:02,2017-10-24 00:08:02,2017-10-25 00:08:02
order_001783,cust_02701,delivered,2018-03-23 08:07:18,2018-03-24 17:07:18,2018-03-27 08:07:18,2018-03-31 08:07:18,2018-04-04 08:07:18
order_001784,cust_01085,delivered,2018-01-22 13:15:22,2018-01-23 10:15:22,2018-01-24 13:15:22,2018-01-24 13:15:22,2018-01-26 13:15:22
order_001785,cust_03348,delivered,2017-03-17 13:52:05,2017-03-19 00:52:05,2017-03-19 13:52:05,2017-03-19 13:52:05,2017-03-24 13:52:05
order_001786,cust_01786,delivered,2017-07-11 17:06:02,2017-07-13 09:06:02,2017-07-12 17:06:02,2017-07-27 17:06:02,2017-07-28 17:06:02
order_001787,cust_02535,delivered,2017-07-18 12:19:38,2017-07-19 07:19:38,2017-07-19 12:19:38,2017-07-22 12:19:38,2017-07-24 12:19:38
order_001788,cust_00690,delivered,2017-04-19 00:19:46,2017-04-20 16:19:46,2017-04-20 00:19:46,2017-04-21 00:19:46,2017-04-22 00:19:46
order_001789,cust_03544,delivered,2018-04-19 03:58:40,2018-04-19 04:58:40,2018-04-20 03:58:40,2018-04-24 03:58:40,2018-04-28 03:58:40
order_001790,cust_00937,delivered,2018-08-11 18:18:05,2018-08-12 09:18:05,2018-08-15 18:18:05,2018-08-16 18:18:05,2018-08-21 18:18:05
order_001791,cust_02379,processing,2018-08-11 16:38:24,2018-08-12 00:38:24,2018-08-14 16:38:24,2018-08-14 16:38:24,2018-08-16 16:38:24
order_001792,cust_00341,delivered,2017-04-29 15:38:05,2017-04-30 00:38:05,2017-05-02 15:38:05,2017-05-16 15:38:05,2017-05-19 15:38:05
order_001793,cust_00169,delivered,2017-10-01 10:34:55,2017-10-01 20:34:55,2017-10-03 10:34:55,2017-10-03 10:34:55,2017-10-05 10:34:55
order_001794,cust_00481,delivered,2017-05-22 06:35:39,2017-05-23 00:35:39,2017-05-25 06:35:39,2017-06-04 06:35:39,2017-06-05 06:35:39
order_001795,cust_03582,delivered,2017-02-08 07:23:35,2017-02-09 18:23:35,2017-02-11 07:23:35,2017-02-23 07:23:35,2017-02-24 07:23:35
order_001796,cust_00799,shipped,2018-01-12 16:32:04,2018-01-13 20:32:04,2018-01-16 16:32:04,2018-01-24 16:32:04,2018-01-30 16:32:04
order_001797,cust_03342,delivered,2018-06-07 12:06:11,2018-06-08 09:06:11,2018-06-11 12:06:11,2018-06-11 12:06:11,2018-06-15 12:06:11
order_001798,cust_02204,delivered,2017-02-17 03:08:29,2017-02-18 03:08:29,2017-02-20 03:08:29,2017-03-02 03:08:29,2017-03-06 03:08:29
order_001799,cust_00336,delivered,2018-01-26 09:35:14,2018-01-26 18:35:14,2018-01-30 09:35:14,2018-02-02 09:35:14,2018-02-04 09:35:14
order_001800,cust_01676,delivered,2017-01-21 19:46:36,2017-01-23 06:46:36,2017-01-24 19:46:36,2017-01-29 19:46:36,2017-01-31 19:46:36
order_001801,cust_01821,delivered,2018-05-28 14:22:37,2018-05-30 02:22:37,2018-06-01 14:22:37,2018-06-03 14:22:37,2018-06-08 14:22:37
order_001802,cust_01014,delivered,2017-02-08 20:47:21,2017-02-09 22:47:21,2017-02-11 20:47:21,2017-02-22 20:47:21,2017-02-25 20:47:21
order_001803,cust_02295,delivered,2017-09-22 12:12:24,2017-09-24 03:12:24,2017-09-26 12:12:24,2017-10-03 12:12:24,2017-10-04 12:12:24
order_001804,cust_03272,delivered,2017-03-16 11:39:05,2017-03-18 01:39:05,2017-03-17 11:39:05,2017-03-20 11:39:05,2017-03-23 11:39:05
order_001805,cust_03358,canceled,2017-09-08 22:47:06,2017-09-10 12:47:06,2017-09-09 22:47:06,2017-09-16 22:47:06,2017-09-20 22:47:06
order_001806,cust_01995,shipped,2017-09-18 12:10:43,2017-09-18 17:10:43,2017-09-20 12:10:43,2017-10-02 12:10:43,2017-10-06 12:10:43
order_001807,cust_03395,delivered,2017-11-25 03:14:38,2017-11-25 08:14:38,2017-11-29 03:14:38,2017-12-12 03:14:38,2017-12-16 03:14:38
order_001808,cust_03507,delivered,2018-05-20 09:38:57,2018-05-21 06:38:57,2018-05-24 09:38:57,2018-06-06 09:38:57,2018-06-12 09:38:57
order_001809,cust_00334,delivered,2018-08-29 15:32:38,2018-08-29 18:32:38,2018-08-31 15:32:38,2018-09-02 15:32:38,2018-09-04 15:32:38
order_001810,cust_02412,delivered,2017-07-27 08:17:16,2017-07-27 09:17:16,2017-07-29 08:17:16,2017-08-11 08:17:16,2017-08-15 08:17:16
order_001811,cust_02938,delivered,2018-07-16 09:50:45,2018-07-16 16:50:45,2018-07-18 09:50:45,2018-07-27 09:50:45,2018-08-02 09:50:45
order_001812,cust_00059,delivered,2017-09-17 20:56:58,2017-09-18 02:56:58,2017-09-18 20:56:58,2017-09-30 20:56:58,2017-10-06 20:56:58
order_001813,cust_02292,shipped,2017-03-13 10:26:36,2017-03-14 02:26:36,2017-03-16 10:26:36,2017-03-21 10:26:36,2017-03-27 10:26:36
order_001814,cust_03471,delivered,2017-12-31 07:19:01,2017-12-31 23:19:01,2018-01-04 07:19:01,2018-01-12 07:19:01,2018-01-17 07:19:01
order_001815,cust_01019,canceled,2018-03-16 02:35:16,2018-03-17 17:35:16,2018-03-20 02:35:16,2018-03-22 02:35:16,2018-03-23 02:35:16
order_001816,cust_03258,canceled,2017-07-03 09:40:06,2017-07-05 04:40:06,2017-07-04 09:40:06,2017-07-13 09:40:06,2017-07-19 09:40:06
order_001817,cust_03548,delivered,2017-12-25 18:23:56,2017-12-26 03:23:56,2017-12-27 18:23:56,2017-12-30 18:23:56,2017-12-31 18:23:56
order_001818,cust_02414,shipped,2017-09-20 07:11:52,2017-09-21 01:11:52,2017-09-23 07:11:52,2017-09-28 07:11:52,2017-10-02 07:11:52
order_001819,cust_02392,delivered,2017-03-30 11:17:42,2017-03-31 11:17:42,2017-04-02 11:17:42,2017-04-07 11:17:42,2017-04-10 11:17:42
order_001820,cust_02032,delivered,2017-08-23 15:45:39,2017-08-24 04:45:39,2017-08-26 15:45:39,2017-09-07 15:45:39,2017-09-12 15:45:39
order_001821,cust_01554,delivered,2017-09-17 22:16:14,2017-09-18 14:16:14,2017-09-20 22:16:14,2017-09-29 22:16:14,2017-10-04 22:16:14
order_001822,cust_01721,delivered,2017-07-27 19:32:28,2017-07-29 03:32:28,2017-07-29 19:32:28,2017-08-08 19:32:28,2017-08-13 19:32:28
order_001823,cust_01985,delivered,2018-07-11 06:52:07,2018-07-12 02:52:07,2018-07-13 06:52:07,2018-07-17 06:52:07,2018-07-19 06:52:07
order_001824,cust_01832,delivered,2017-08-25 03:56:38,2017-08-26 13:56:38,2017-08-26 03:56:38,2017-09-02 03:56:38,2017-09-07 03:56:38
order_001825,cust_03139,delivered,2018-01-16 16:05:55,2018-01-16 20:05:55,2018-01-19 16:05:55,2018-01-25 16:05:55,2018-01-30 16:05:55
order_001826,cust_02923,delivered,2017-01-07 06:06:49,2017-01-08 05:06:49,2017-01-09 06:06:49,2017-01-21 06:06:49,2017-01-22 06:06:49
order_001827,cust_01320,delivered,2017-07-10 09:25:08,2017-07-11 00:25:08,2017-07-12 09:25:08,2017-07-14 09:25:08,2017-07-18 09:25:08
order_001828,cust_01949,delivered,2018-06-23 02:29:54,2018-06-23 16:29:54,2018-06-27 02:29:54,2018-06-25 02:29:54,2018-06-26 02:29:54
order_001829,cust_00817,shipped,2018-06-27 18:35:05,2018-06-28 17:35:05,2018-07-01 18:35:05,2018-07-07 18:35:05,2018-07-11 18:35:05
order_001830,cust_00668,delivered,2018-08-18 03:50:39,2018-08-18 18:50:39,2018-08-22 03:50:39,2018-09-02 03:50:39,2018-09-04 03:50:39
order_001831,cust_01401,delivered,2017-02-04 09:08:08,2017-02-05 21:08:08,2017-02-05 09:08:08,2017-02-17 09:08:08,2017-02-20 09:08:08
order_001832,cust_00221,processing,2018-06-09 09:45:54,2018-06-09 18:45:54,2018-06-13 09:45:54,2018-06-23 09:45:54,2018-06-25 09:45:54
order_001833,cust_03247,delivered,2017-06-12 01:01:18,2017-06-13 19:01:18,2017-06-15 01:01:18,2017-06-20 01:01:18,2017-06-26 01:01:18
order_001834,cust_00479,delivered,2017-01-04 18:37:15,2017-01-05 12:37:15,2017-01-05 18:37:15,2017-01-09 18:37:15,2017-01-15 18:37:15
order_001835,cust_01240,delivered,2017-02-26 14:50:42,2017-02-27 15:50:42,2017-02-28 14:50:42,2017-03-10 14:50:42,2017-03-15 14:50:42
order_001836,cust_00955,processing,2018-04-02 12:59:55,2018-04-02 20:59:55,2018-04-03 12:59:55,2018-04-04 12:59:55,2018-04-09 12:59:55
order_001837,cust_00785,delivered,2017-12-26 04:16:17,2017-12-28 00:16:17,2017-12-28 04:16:17,2018-01-11 04:16:17,2018-01-14 04:16:17
order_001838,cust_01397,delivered,2017-12-15 01:16:43,2017-12-16 08:16:43,2017-12-18 01:16:43,2017-12-28 01:16:43,2017-12-29 01:16:43
order_001839,cust_02733,delivered,2018-06-21 01:20:06,2018-06-22 14:20:06,2018-06-23 01:20:06,2018-07-01 01:20:06,2018-07-05 01:20:06
order_001840,cust_03391,delivered,2017-02-27 15:00:07,2017-03-01 10:00:07,2017-03-02 15:00:07,2017-03-04 15:00:07,2017-03-07 15:00:07
order_001841,cust_00717,delivered,2017-02-20 17:56:49,2017-02-22 16:56:49,2017-02-24 17:56:49,2017-02-26 17:56:49,2017-02-28 17:56:49
order_001842,cust_00908,delivered,2018-07-22 19:05:14,2018-07-23 07:05:14,2018-07-23 19:05:14,2018-08-08 19:05:14,2018-08-10 19:05:14
order_001843,cust_01784,delivered,2018-01-04 19:12:30,2018-01-05 11:12:30,2018-01-08 19:12:30,2018-01-06 19:12:30,2018-01-07 19:12:30
order_001844,cust_01214,shipped,2018-04-17 09:26:35,2018-04-17 21:26:35,2018-04-18 09:26:35,2018-04-19 09:26:35,2018-04-24 09:26:35
order_001845,cust_03039,delivered,2017-11-16 00:01:55,2017-11-17 00:01:55,2017-11-17 00:01:55,2017-11-23 00:01:55,2017-11-25 00:01:55
order_001846,cust_00847,delivered,2017-03-30 05:52:49,2017-04-01 00:52:49,2017-03-31 05:52:49,2017-04-04 05:52:49,2017-04-10 05:52:49
order_001847,cust_01529,shipped,2017-11-14 18:53:19,2017-11-16 05:53:19,2017-11-15 18:53:19,2017-11-26 18:53:19,2017-12-01 18:53:19
order_001848,cust_02073,delivered,2018-08-10 18:20:04,2018-08-11 21:20:04,2018-08-12 18:20:04,2018-08-12 18:20:04,2018-08-13 18:20:04
order_001849,cust_01449,delivered,2017-03-13 12:10:51,2017-03-14 11:10:51,2017-03-17 12:10:51,2017-03-27 12:10:51,2017-03-28 12:10:51
order_001850,cust_02344,delivered,2017-03-18 00:34:25,2017-03-19 11:34:25,2017-03-21 00:34:25,2017-04-01 00:34:25,2017-04-04 00:34:25
order_001851,cust_03038,delivered,2017-07-30 18:38:28,2017-07-31 16:38:28,2017-08-01 18:38:28,2017-08-04 18:38:28,2017-08-05 18:38:28
order_001852,cust_02022,delivered,2017-10-04 19:34:27,2017-10-06 13:34:27,2017-10-08 19:34:27,2017-10-15 19:34:27,2017-10-21 19:34:27
order_001853,cust_01735,delivered,2018-01-18 05:26:51,2018-01-19 08:26:51,2018-01-20 05:26:51,2018-01-30 05:26:51,2018-02-05 05:26:51
order_001854,cust_03617,delivered,2017-04-07 19:18:08,2017-04-09 03:18:08,2017-04-08 19:18:08,2017-04-22 19:18:08,2017-04-26 19:18:08
order_001855,cust_03730,delivered,2018-07-22 15:21:13,2018-07-23 23:21:13,2018-07-23 15:21:13,2018-08-04 15:21:13,2018-08-06 15:21:13
order_001856,cust_03782,delivered,2017-04-02 21:18:41,2017-04-04 08:18:41,2017-04-05 21:18:41,2017-04-19 21:18:41,2017-04-25 21:18:41
order_001857,cust_00062,canceled,2017-05-02 15:02:08,2017-05-03 14:02:08,2017-05-03 15:02:08,2017-05-05 15:02:08,2017-05-09 15:02:08
order_001858,cust_03182,delivered,2018-08-12 02:08:51,2018-08-12 21:08:51,2018-08-14 02:08:51,2018-08-23 02:08:51,2018-08-26 02:08:51
order_001859,cust_03415,delivered,2017-08-18 15:31:38,2017-08-19 11:31:38,2017-08-20 15:31:38,2017-09-01 15:31:38,2017-09-07 15:31:38
order_001860,cust_03060,delivered,2017-12-14 02:35:10,2017-12-15 23:35:10,2017-12-16 02:35:10,2017-12-19 02:35:10,2017-12-21 02:35:10
order_001861,cust_02848,delivered,2017-09-22 06:12:34,2017-09-22 12:12:34,2017-09-26 06:12:34,2017-09-27 06:12:34,2017-10-01 06:12:34
order_001862,cust_01391,delivered,2017-06-07 20:56:45,2017-06-09 06:56:45,2017-06-08 20:56:45,2017-06-10 20:56:45,2017-06-15 20:56:45
order_001863,cust_02758,delivered,2017-11-05 23:14:04,2017-11-07 21:14:04,2017-11-06 23:14:04,2017-11-22 23:14:04,2017-11-28 23:14:04
order_001864,cust_02203,delivered,2018-04-18 11:24:22,2018-04-18 15:24:22,2018-04-20 11:24:22,2018-05-03 11:24:22,2018-05-04 11:24:22
order_001865,cust_03159,delivered,2017-01-07 06:59:12,2017-01-08 12:59:12,2017-01-10 06:59:12,2017-01-10 06:59:12,2017-01-12 06:59:12
order_001866,cust_01335,delivered,2018-06-17 09:24:58,2018-06-18 13:24:58,2018-06-19 09:24:58,2018-06-22 09:24:58,2018-06-28 09:24:58
order_001867,cust_02821,delivered,2017-04-23 05:48:43,2017-04-23 21:48:43,2017-04-24 05:48:43,2017-05-02 05:48:43,2017-05-05 05:48:43
order_001868,cust_02980,delivered,2018-07-12 13:45:32,2018-07-12 18:45:32,2018-07-15 13:45:32,2018-07-28 13:45:32,2018-08-02 13:45:32
order_001869,cust_03168,delivered,2018-08-09 10:06:30,2018-08-10 18:06:30,2018-08-12 10:06:30,2018-08-24 10:06:30,2018-08-29 10:06:30
order_001870,cust_00652,delivered,2018-07-22 01:24:21,2018-07-23 02:24:21,2018-07-25 01:24:21,2018-08-07 01:24:21,2018-08-09 01:24:21
order_001871,cust_03282,delivered,2018-01-31 14:38:28,2018-02-02 02:38:28,2018-02-03 14:38:28,2018-02-15 14:38:28,2018-02-17 14:38:28
order_001872,cust_00823,delivered,2018-07-05 15:26:57,2018-07-05 20:26:57,2018-07-08 15:26:57,2018-07-17 15:26:57,2018-07-20 15:26:57
order_001873,cust_03560,delivered,2018-06-07 16:00:29,2018-06-09 12:00:29,2018-06-10 16:00:29,2018-06-13 16:00:29,2018-06-14 16:00:29
order_001874,cust_00147,delivered,2018-01-24 22:40:55,2018-01-26 04:40:55,2018-01-27 22:40:55,2018-02-04 22:40:55,2018-02-09 22:40:55
order_001875,cust_00849,canceled,2018-06-27 16:53:51,2018-06-28 13:53:51,2018-07-01 16:53:51,2018-07-06 16:53:51,2018-07-07 16:53:51
order_001876,cust_02313,canceled,2017-07-28 16:13:02,2017-07-29 14:13:02,2017-07-30 16:13:02,2017-08-14 16:13:02,2017-08-20 16:13:02
order_001877,cust_02064,delivered,2018-05-23 05:04:44,2018-05-25 02:04:44,2018-05-25 05:04:44,2018-06-01 05:04:44,2018-06-06 05:04:44
order_001878,cust_02616,delivered,2018-07-17 11:08:55,2018-07-18 13:08:55,2018-07-18 11:08:55,2018-07-31 11:08:55,2018-08-03 11:08:55
order_001879,cust_01533,delivered,2018-01-22 10:25:40,2018-01-23 14:25:40,2018-01-26 10:25:40,2018-01-26 10:25:40,2018-01-27 10:25:40
order_001880,cust_00012,delivered,2017-03-16 23:03:40,2017-03-18 06:03:40,2017-03-17 23:03:40,2017-03-28 23:03:40,2017-04-02 23:03:40
order_001881,cust_02347,delivered,2017-05-11 11:23:04,2017-05-12 02:23:04,2017-05-12 11:23:04,2017-05-20 11:23:04,2017-05-23 11:23:04
order_001882,cust_01940,delivered,2017-04-13 16:31:27,2017-04-14 04:31:27,2017-04-14 16:31:27,2017-04-21 16:31:27,2017-04-23 16:31:27
order_001883,cust_01932,delivered,2017-11-21 12:58:31,2017-11-23 00:58:31,2017-11-23 12:58:31,2017-12-05 12:58:31,2017-12-08 12:58:31
order_001884,cust_01432,shipped,2017-09-21 01:22:01,2017-09-21 17:22:01,2017-09-22 01:22:01,2017-09-30 01:22:01,2017-10-06 01:22:01
order_001885,cust_03383,delivered,2018-05-19 22:27:17,2018-05-20 00:27:17,2018-05-22 22:27:17,2018-05-21 22:27:17,2018-05-26 22:27:17
order_001886,cust_03011,delivered,2017-06-22 16:04:52,2017-06-23 15:04:52,2017-06-26 16:04:52,2017-06-30 16:04:52,2017-07-05 16:04:52
order_001887,cust_00688,shipped,2017-04-11 05:31:45,2017-04-11 06:31:45,2017-04-13 05:31:45,2017-04-28 05:31:45,2017-05-02 05:31:45
order_001888,cust_00147,delivered,2018-01-10 01:25:57,2018-01-11 04:25:57,2018-01-14 01:25:57,2018-01-27 01:25:57,2018-01-28 01:25:57
order_001889,cust_00689,delivered,2017-03-26 22:29:01,2017-03-28 05:29:01,2017-03-28 22:29:01,2017-04-06 22:29:01,2017-04-12 22:29:01
order_001890,cust_00184,delivered,2018-07-05 07:22:24,2018-07-07 03:22:24,2018-07-09 07:22:24,2018-07-17 07:22:24,2018-07-22 07:22:24
order_001891,cust_02695,delivered,2017-02-19 00:24:39,2017-02-20 05:24:39,2017-02-20 00:24:39,2017-02-25 00:24:39,2017-03-01 00:24:39
order_001892,cust_02356,delivered,2017-10-26 14:46:35,2017-10-27 07:46:35,2017-10-29 14:46:35,2017-11-09 14:46:35,2017-11-14 14:46:35
order_001893,cust_01759,delivered,2018-07-31 00:23:35,2018-08-01 07:23:35,2018-08-04 00:23:35,2018-08-11 00:23:35,2018-08-14 00:23:35
order_001894,cust_02248,delivered,2017-12-03 05:10:29,2017-12-04 09:10:29,2017-12-06 05:10:29,2017-12-05 05:10:29,2017-12-10 05:10:29
order_001895,cust_03071,delivered,2018-05-07 21:26:31,2018-05-09 08:26:31,2018-05-11 21:26:31,2018-05-24 21:26:31,2018-05-30 21:26:31
order_001896,cust_03158,shipped,2017-09-15 00:54:59,2017-09-16 20:54:59,2017-09-18 00:54:59,2017-09-30 00:54:59,2017-10-03 00:54:59
order_001897,cust_01651,delivered,2018-04-04 18:03:08,2018-04-04 23:03:08,2018-04-07 18:03:08,2018-04-07 18:03:08,2018-04-08 18:03:08
order_001898,cust_02250,canceled,2018-03-07 14:49:51,2018-03-09 00:49:51,2018-03-10 14:49:51,2018-03-15 14:49:51,2018-03-20 14:49:51
order_001899,cust_02192,delivered,2017-11-09 07:20:34,2017-11-10 21:20:34,2017-11-11 07:20:34,2017-11-22 07:20:34,2017-11-28 07:20:34
order_001900,cust_03607,delivered,2017-03-03 06:51:38,2017-03-03 22:51:38,2017-03-04 06:51:38,2017-03-16 06:51:38,2017-03-21 06:51:38
order_001901,cust_02893,delivered,2018-08-14 11:23:48,2018-08-15 06:23:48,2018-08-18 11:23:48,2018-08-18 11:23:48,2018-08-24 11:23:48
order_001902,cust_01194,delivered,2017-01-30 12:47:28,2017-01-31 08:47:28,2017-02-03 12:47:28,2017-02-01 12:47:28,2017-02-04 12:47:28
order_001903,cust_03370,shipped,2017-08-06 21:22:04,2017-08-07 15:22:04,2017-08-10 21:22:04,2017-08-23 21:22:04,2017-08-29 21:22:04
order_001904,cust_01512,shipped,2018-01-25 06:16:02,2018-01-27 00:16:02,2018-01-29 06:16:02,2018-02-10 06:16:02,2018-02-12 06:16:02
order_001905,cust_02879,delivered,2018-04-13 14:09:56,2018-04-14 06:09:56,2018-04-14 14:09:56,2018-04-26 14:09:56,2018-04-30 14:09:56
order_001906,cust_03715,delivered,2017-11-22 16:28:27,2017-11-23 13:28:27,2017-11-23 16:28:27,2017-12-04 16:28:27,2017-12-10 16:28:27
order_001907,cust_03073,delivered,2017-09-01 00:18:11,2017-09-02 04:18:11,2017-09-03 00:18:11,2017-09-13 00:18:11,2017-09-19 00:18:11
order_001908,cust_00408,delivered,2017-09-05 21:29:48,2017-09-06 09:29:48,2017-09-08 21:29:48,2017-09-14 21:29:48,2017-09-18 21:29:48
order_001909,cust_00781,delivered,2018-08-17 23:48:26,2018-08-19 08:48:26,2018-08-18 23:48:26,2018-08-29 23:48:26,2018-09-02 23:48:26
order_001910,cust_03024,delivered,2017-07-23 02:04:39,2017-07-24 03:04:39,2017-07-27 02:04:39,2017-07-29 02:04:39,2017-08-01 02:04:39
order_001911,cust_00468,delivered,2018-06-04 06:17:08,2018-06-04 14:17:08,2018-06-05 06:17:08,2018-06-07 06:17:08,2018-06-13 06:17:08
order_001912,cust_00043,delivered,2017-02-01 18:52:17,2017-02-02 03:52:17,2017-02-05 18:52:17,2017-02-07 18:52:17,2017-02-13 18:52:17
order_001913,cust_00980,canceled,2018-02-05 19:25:16,2018-02-05 21:25:16,2018-02-07 19:25:16,2018-02-11 19:25:16,2018-02-13 19:25:16
order_001914,cust_01848,delivered,2018-02-18 03:44:46,2018-02-19 07:44:46,2018-02-20 03:44:46,2018-02-24 03:44:46,2018-02-25 03:44:46
order_001915,cust_00487,delivered,2018-02-15 22:01:08,2018-02-17 12:01:08,2018-02-17 22:01:08,2018-02-24 22:01:08,2018-03-01 22:01:08
order_001916,cust_00582,delivered,2017-09-14 07:54:21,2017-09-16 06:54:21,2017-09-16 07:54:21,2017-09-18 07:54:21,2017-09-23 07:54:21
order_001917,cust_01287,delivered,2018-02-24 07:02:43,2018-02-25 15:02:43,2018-02-27 07:02:43,2018-03-04 07:02:43,2018-03-05 07:02:43
order_001918,cust_02275,delivered,2017-09-28 08:34:36,2017-09-30 06:34:36,2017-09-30 08:34:36,2017-10-07 08:34:36,2017-10-10 08:34:36
order_001919,cust_02068,delivered,2017-12-27 16:07:01,2017-12-29 15:07:01,2017-12-29 16:07:01,2018-01-01 16:07:01,2018-01-05 16:07:01
order_001920,cust_03033,delivered,2018-06-28 04:57:05,2018-06-29 09:57:05,2018-06-30 04:57:05,2018-07-07 04:57:05,2018-07-08 04:57:05
order_001921,cust_03726,processing,2018-02-13 13:01:43,2018-02-14 07:01:43,2018-02-14 13:01:43,2018-02-25 13:01:43,2018-03-01 13:01:43
order_001922,cust_00125,delivered,2018-03-25 01:48:20,2018-03-26 19:48:20,2018-03-26 01:48:20,2018-04-02 01:48:20,2018-04-08 01:48:20
order_001923,cust_02615,delivered,2018-08-13 03:31:34,2018-08-14 09:31:34,2018-08-15 03:31:34,2018-08-15 03:31:34,2018-08-17 03:31:34
order_001924,cust_00622,delivered,2017-05-14 18:26:37,2017-05-16 09:26:37,2017-05-15 18:26:37,2017-05-27 18:26:37,2017-06-01 18:26:37
order_001925,cust_01369,delivered,2017-12-24 09:12:29,2017-12-24 20:12:29,2017-12-26 09:12:29,2018-01-04 09:12:29,2018-01-05 09:12:29
order_001926,cust_01301,delivered,2018-02-04 19:02:49,2018-02-06 16:02:49,2018-02-06 19:02:49,2018-02-12 19:02:49,2018-02-14 19:02:49
order_001927,cust_02662,delivered,2018-02-27 17:42:15,2018-02-28 14:42:15,2018-02-28 17:42:15,2018-03-01 17:42:15,2018-03-05 17:42:15
order_001928,cust_00972,delivered,2017-03-22 23:55:26,2017-03-24 17:55:26,2017-03-24 23:55:26,2017-03-25 23:55:26,2017-03-31 23:55:26
order_001929,cust_03399,delivered,2018-04-08 03:18:06,2018-04-08 21:18:06,2018-04-11 03:18:06,2018-04-11 03:18:06,2018-04-17 03:18:06
order_001930,cust_01456,delivered,2017-04-28 22:25:49,2017-04-30 17:25:49,2017-05-02 22:25:49,2017-05-13 22:25:49,2017-05-19 22:25:49
order_001931,cust_03097,delivered,2017-09-06 21:24:28,2017-09-08 05:24:28,2017-09-08 21:24:28,2017-09-12 21:24:28,2017-09-18 21:24:28
order_001932,cust_03617,shipped,2018-03-11 10:25:53,2018-03-11 21:25:53,2018-03-14 10:25:53,2018-03-19 10:25:53,2018-03-24 10:25:53
order_001933,cust_01940,delivered,2017-06-09 03:14:48,2017-06-09 10:14:48,2017-06-10 03:14:48,2017-06-22 03:14:48,2017-06-25 03:14:48
order_001934,cust_00384,delivered,2017-03-18 03:12:04,2017-03-18 11:12:04,2017-03-20 03:12:04,2017-03-30 03:12:04,2017-03-31 03:12:04
order_001935,cust_02665,canceled,2018-02-15 12:15:33,2018-02-16 06:15:33,2018-02-18 12:15:33,2018-02-18 12:15:33,2018-02-23 12:15:33
order_001936,cust_01608,delivered,2017-06-20 00:15:24,2017-06-20 03:15:24,2017-06-22 00:15:24,2017-07-06 00:15:24,2017-07-08 00:15:24
order_001937,cust_01285,delivered,2018-05-18 02:17:46,2018-05-19 04:17:46,2018-05-22 02:17:46,2018-05-24 02:17:46,2018-05-28 02:17:46
order_001938,cust_01736,delivered,2018-07-01 12:45:23,2018-07-02 19:45:23,2018-07-05 12:45:23,2018-07-15 12:45:23,2018-07-20 12:45:23
order_001939,cust_01139,delivered,2017-08-01 13:30:58,2017-08-03 00:30:58,2017-08-05 13:30:58,2017-08-16 13:30:58,2017-08-17 13:30:58
order_001940,cust_01065,delivered,2018-03-25 20:39:12,2018-03-27 16:39:12,2018-03-27 20:39:12,2018-04-04 20:39:12,2018-04-10 20:39:12
order_001941,cust_03760,delivered,2017-05-17 23:23:11,2017-05-19 13:23:11,2017-05-18 23:23:11,2017-05-21 23:23:11,2017-05-23 23:23:11
order_001942,cust_01058,delivered,2018-07-20 06:25:46,2018-07-22 05:25:46,2018-07-23 06:25:46,2018-07-30 06:25:46,2018-08-01 06:25:46
order_001943,cust_01742,processing,2017-05-30 07:55:34,2017-05-31 12:55:34,2017-06-03 07:55:34,2017-06-04 07:55:34,2017-06-07 07:55:34
order_001944,cust_02716,delivered,2018-06-21 04:46:28,2018-06-22 21:46:28,2018-06-22 04:46:28,2018-07-06 04:46:28,2018-07-09 04:46:28
order_001945,cust_00839,delivered,2018-04-24 05:23:26,2018-04-25 18:23:26,2018-04-28 05:23:26,2018-05-08 05:23:26,2018-05-11 05:23:26
order_001946,cust_02347,processing,2017-07-10 10:32:05,2017-07-12 02:32:05,2017-07-11 10:32:05,2017-07-25 10:32:05,2017-07-26 10:32:05
order_001947,cust_03402,delivered,2018-05-17 23:50:05,2018-05-18 19:50:05,2018-05-20 23:50:05,2018-06-01 23:50:05,2018-06-03 23:50:05
order_001948,cust_03088,delivered,2018-01-20 21:26:41,2018-01-21 22:26:41,2018-01-24 21:26:41,2018-01-24 21:26:41,2018-01-27 21:26:41
order_001949,cust_00108,delivered,2018-02-12 21:54:48,2018-02-14 16:54:48,2018-02-13 21:54:48,2018-02-14 21:54:48,2018-02-16 21:54:48
order_001950,cust_01539,delivered,2017-08-19 10:50:24,2017-08-20 08:50:24,2017-08-21 10:50:24,2017-08-31 10:50:24,2017-09-04 10:50:24
order_001951,cust_00001,delivered,2017-05-23 15:46:31,2017-05-24 20:46:31,2017-05-27 15:46:31,2017-06-03 15:46:31,2017-06-09 15:46:31
order_001952,cust_02305,delivered,2018-02-28 17:20:42,2018-03-02 00:20:42,2018-03-02 17:20:42,2018-03-15 17:20:42,2018-03-16 17:20:42
order_001953,cust_01235,delivered,2017-02-01 05:50:06,2017-02-01 14:50:06,2017-02-04 05:50:06,2017-02-13 05:50:06,2017-02-14 05:50:06
order_001954,cust_03395,delivered,2017-07-31 11:06:02,2017-07-31 13:06:02,2017-08-01 11:06:02,2017-08-14 11:06:02,2017-08-18 11:06:02
order_001955,cust_00667,delivered,2017-03-28 13:12:16,2017-03-29 22:12:16,2017-03-31 13:12:16,2017-04-04 13:12:16,2017-04-05 13:12:16
order_001956,cust_03235,delivered,2017-01-01 08:57:03,2017-01-02 22:57:03,2017-01-04 08:57:03,2017-01-04 08:57:03,2017-01-08 08:57:03
order_001957,cust_01300,delivered,2017-01-05 11:21:16,2017-01-06 15:21:16,2017-01-08 11:21:16,2017-01-07 11:21:16,2017-01-10 11:21:16
order_001958,cust_03496,delivered,2017-02-27 10:34:54,2017-02-28 17:34:54,2017-03-02 10:34:54,2017-03-07 10:34:54,2017-03-10 10:34:54
order_001959,cust_00758,delivered,2018-07-26 01:28:02,2018-07-26 05:28:02,2018-07-28 01:28:02,2018-07-28 01:28:02,2018-08-01 01:28:02
order_001960,cust_01022,delivered,2018-04-14 18:26:29,2018-04-15 02:26:29,2018-04-17 18:26:29,2018-04-24 18:26:29,2018-04-30 18:26:29
order_001961,cust_01333,delivered,2018-08-25 21:36:34,2018-08-27 08:36:34,2018-08-27 21:36:34,2018-09-02 21:36:34,2018-09-03 21:36:34
order_001962,cust_03744,delivered,2017-02-21 18:06:20,2017-02-23 00:06:20,2017-02-25 18:06:20,2017-02-27 18:06:20,2017-02-28 18:06:20
order_001963,cust_02788,delivered,2018-08-30 22:24:29,2018-08-31 08:24:29,2018-09-02 22:24:29,2018-09-10 22:24:29,2018-09-15 22:24:29
order_001964,cust_03102,delivered,2017-12-31 10:21:43,2018-01-01 15:21:43,2018-01-02 10:21:43,2018-01-12 10:21:43,2018-01-13 10:21:43
order_001965,cust_02101,delivered,2018-04-28 01:20:24,2018-04-28 03:20:24,2018-05-02 01:20:24,2018-04-30 01:20:24,2018-05-03 01:20:24
order_001966,cust_03020,delivered,2018-06-06 06:25:22,2018-06-07 20:25:22,2018-06-08 06:25:22,2018-06-15 06:25:22,2018-06-18 06:25:22
order_001967,cust_02382,shipped,2017-06-09 20:29:45,2017-06-09 22:29:45,2017-06-13 20:29:45,2017-06-26 20:29:45,2017-06-29 20:29:45
order_001968,cust_02536,delivered,2018-03-27 03:20:20,2018-03-28 19:20:20,2018-03-31 03:20:20,2018-04-02 03:20:20,2018-04-06 03:20:20
order_001969,cust_03181,delivered,2018-01-29 13:07:52,2018-01-30 00:07:52,2018-02-01 13:07:52,2018-02-12 13:07:52,2018-02-13 13:07:52
order_001970,cust_03736,delivered,2017-09-09 00:01:58,2017-09-09 12:01:58,2017-09-11 00:01:58,2017-09-16 00:01:58,2017-09-18 00:01:58
order_001971,cust_02188,delivered,2017-10-27 07:46:14,2017-10-29 03:46:14,2017-10-29 07:46:14,2017-11-02 07:46:14,2017-11-03 07:46:14
order_001972,cust_01677,delivered,2017-05-07 02:43:05,2017-05-08 17:43:05,2017-05-11 02:43:05,2017-05-22 02:43:05,2017-05-28 02:43:05
order_001973,cust_02481,shipped,2017-04-23 02:43:18,2017-04-23 18:43:18,2017-04-25 02:43:18,2017-04-30 02:43:18,2017-05-05 02:43:18
order_001974,cust_02817,delivered,2018-07-15 03:57:06,2018-07-15 12:57:06,2018-07-18 03:57:06,2018-07-30 03:57:06,2018-08-01 03:57:06
order_001975,cust_03748,canceled,2018-03-21 12:55:05,2018-03-21 18:55:05,2018-03-25 12:55:05,2018-04-02 12:55:05,2018-04-03 12:55:05
order_001976,cust_02655,delivered,2017-12-11 16:33:30,2017-12-12 11:33:30,2017-12-12 16:33:30,2017-12-25 16:33:30,2017-12-27 16:33:30
order_001977,cust_03627,shipped,2018-02-27 06:54:57,2018-02-28 10:54:57,2018-02-28 06:54:57,2018-03-14 06:54:57,2018-03-20 06:54:57
order_001978,cust_02781,shipped,2017-09-04 19:37:47,2017-09-05 19:37:47,2017-09-08 19:37:47,2017-09-20 19:37:47,2017-09-25 19:37:47
order_001979,cust_03616,delivered,2017-06-01 09:24:26,2017-06-03 04:24:26,2017-06-05 09:24:26,2017-06-11 09:24:26,2017-06-15 09:24:26
order_001980,cust_02855,delivered,2018-07-27 17:41:12,2018-07-29 07:41:12,2018-07-29 17:41:12,2018-08-13 17:41:12,2018-08-19 17:41:12
order_001981,cust_03362,delivered,2018-08-25 12:42:45,2018-08-26 01:42:45,2018-08-26 12:42:45,2018-08-27 12:42:45,2018-08-29 12:42:45
order_001982,cust_00724,delivered,2017-05-11 17:21:27,2017-05-13 12:21:27,2017-05-14 17:21:27,2017-05-20 17:21:27,2017-05-24 17:21:27
order_001983,cust_03771,delivered,2018-05-03 23:29:20,2018-05-04 21:29:20,2018-05-06 23:29:20,2018-05-11 23:29:20,2018-05-16 23:29:20
order_001984,cust_01326,delivered,2017-09-26 23:51:49,2017-09-27 00:51:49,2017-09-28 23:51:49,2017-09-29 23:51:49,2017-09-30 23:51:49
order_001985,cust_03030,delivered,2018-03-07 14:05:33,2018-03-09 07:05:33,2018-03-08 14:05:33,2018-03-22 14:05:33,2018-03-25 14:05:33
order_001986,cust_01490,delivered,2017-03-08 23:06:08,2017-03-10 10:06:08,2017-03-11 23:06:08,2017-03-22 23:06:08,2017-03-25 23:06:08
order_001987,cust_01740,delivered,2017-10-19 16:50:01,2017-10-20 09:50:01,2017-10-21 16:50:01,2017-11-01 16:50:01,2017-11-03 16:50:01
order_001988,cust_02842,delivered,2017-03-17 06:27:08,2017-03-19 00:27:08,2017-03-20 06:27:08,2017-03-29 06:27:08,2017-03-31 06:27:08
order_001989,cust_02054,delivered,2018-05-11 22:26:48,2018-05-13 17:26:48,2018-05-14 22:26:48,2018-05-22 22:26:48,2018-05-28 22:26:48
order_001990,cust_02721,delivered,2017-08-31 03:28:56,2017-09-02 00:28:56,2017-09-02 03:28:56,2017-09-08 03:28:56,2017-09-12 03:28:56
order_001991,cust_00300,delivered,2017-06-10 11:14:13,2017-06-12 06:14:13,2017-06-13 11:14:13,2017-06-22 11:14:13,2017-06-23 11:14:13
order_001992,cust_03166,delivered,2018-03-02 03:40:44,2018-03-02 16:40:44,2018-03-06 03:40:44,2018-03-19 03:40:44,2018-03-24 03:40:44
order_001993,cust_01552,delivered,2018-08-04 18:49:32,2018-08-05 21:49:32,2018-08-07 18:49:32,2018-08-10 18:49:32,2018-08-14 18:49:32
order_001994,cust_02996,delivered,2017-07-26 21:29:40,2017-07-27 06:29:40,2017-07-27 21:29:40,2017-08-02 21:29:40,2017-08-05 21:29:40
order_001995,cust_01085,delivered,2018-03-13 19:39:02,2018-03-15 04:39:02,2018-03-16 19:39:02,2018-03-16 19:39:02,2018-03-19 19:39:02
order_001996,cust_02264,delivered,2018-02-24 02:27:22,2018-02-25 02:27:22,2018-02-26 02:27:22,2018-03-12 02:27:22,2018-03-16 02:27:22
order_001997,cust_02235,delivered,2017-10-25 06:29:57,2017-10-27 00:29:57,2017-10-28 06:29:57,2017-11-04 06:29:57,2017-11-10 06:29:57
order_001998,cust_00531,delivered,2018-05-05 08:09:48,2018-05-07 03:09:48,2018-05-06 08:09:48,2018-05-16 08:09:48,2018-05-21 08:09:48
order_001999,cust_01801,delivered,2017-03-19 02:46:31,2017-03-19 17:46:31,2017-03-22 02:46:31,2017-03-25 02:46:31,2017-03-28 02:46:31
order_002000,cust_02414,delivered,2018-06-18 12:43:41,2018-06-19 03:43:41,2018-06-21 12:43:41,2018-06-20 12:43:41,2018-06-22 12:43:41
order_002001,cust_03177,canceled,2017-09-03 00:48:59,2017-09-03 02:48:59,2017-09-04 00:48:59,2017-09-17 00:48:59,2017-09-18 00:48:59
order_002002,cust_03370,delivered,2017-01-28 14:43:22,2017-01-29 14:43:22,2017-01-30 14:43:22,2017-02-12 14:43:22,2017-02-14 14:43:22
order_002003,cust_01461,delivered,2018-08-25 13:47:34,2018-08-26 08:47:34,2018-08-27 13:47:34,2018-09-01 13:47:34,2018-09-02 13:47:34
order_002004,cust_02444,delivered,2018-04-16 14:17:51,2018-04-18 13:17:51,2018-04-19 14:17:51,2018-04-30 14:17:51,2018-05-05 14:17:51
order_002005,cust_00663,delivered,2018-05-12 21:54:28,2018-05-14 12:54:28,2018-05-15 21:54:28,2018-05-23 21:54:28,2018-05-27 21:54:28
order_002006,cust_03403,delivered,2017-03-31 18:52:25,2017-04-01 16:52:25,2017-04-03 18:52:25,2017-04-12 18:52:25,2017-04-13 18:52:25
order_002007,cust_03298,delivered,2018-04-02 06:13:57,2018-04-03 09:13:57,2018-04-06 06:13:57,2018-04-06 06:13:57,2018-04-12 06:13:57
order_002008,cust_03796,delivered,2018-03-01 13:43:14,2018-03-02 19:43:14,2018-03-05 13:43:14,2018-03-12 13:43:14,2018-03-13 13:43:14
order_002009,cust_01847,delivered,2018-07-03 19:15:32,2018-07-05 14:15:32,2018-07-05 19:15:32,2018-07-07 19:15:32,2018-07-11 19:15:32
order_002010,cust_01364,delivered,2017-08-14 20:25:30,2017-08-16 19:25:30,2017-08-18 20:25:30,2017-08-19 20:25:30,2017-08-20 20:25:30
order_002011,cust_02879,delivered,2018-07-18 15:26:11,2018-07-19 11:26:11,2018-07-20 15:26:11,2018-07-25 15:26:11,2018-07-29 15:26:11
order_002012,cust_02748,delivered,2018-03-07 02:01:52,2018-03-07 20:01:52,2018-03-11 02:01:52,2018-03-12 02:01:52,2018-03-16 02:01:52
order_002013,cust_00805,delivered,2017-06-04 10:25:51,2017-06-05 20:25:51,2017-06-06 10:25:51,2017-06-20 10:25:51,2017-06-26 10:25:51
order_002014,cust_02051,delivered,2017-05-11 20:36:54,2017-05-12 09:36:54,2017-05-13 20:36:54,2017-05-13 20:36:54,2017-05-17 20:36:54
order_002015,cust_02446,delivered,2018-07-04 01:46:21,2018-07-04 08:46:21,2018-07-07 01:46:21,2018-07-20 01:46:21,2018-07-23 01:46:21
order_002016,cust_01728,delivered,2018-01-28 14:09:36,2018-01-29 04:09:36,2018-01-31 14:09:36,2018-02-01 14:09:36,2018-02-05 14:09:36
order_002017,cust_01410,delivered,2017-03-13 12:58:29,2017-03-14 03:58:29,2017-03-14 12:58:29,2017-03-28 12:58:29,2017-04-01 12:58:29
order_002018,cust_00911,delivered,2017-03-18 05:21:01,2017-03-19 10:21:01,2017-03-19 05:21:01,2017-03-25 05:21:01,2017-03-28 05:21:01
order_002019,cust_01563,delivered,2018-05-19 08:15:29,2018-05-20 19:15:29,2018-05-23 08:15:29,2018-06-04 08:15:29,2018-06-09 08:15:29
order_002020,cust_00934,delivered,2017-04-14 23:27:57,2017-04-15 07:27:57,2017-04-15 23:27:57,2017-04-24 23:27:57,2017-04-28 23:27:57
order_002021,cust_01141,delivered,2017-05-14 14:17:42,2017-05-14 17:17:42,2017-05-16 14:17:42,2017-05-23 14:17:42,2017-05-29 14:17:42
order_002022,cust_00702,delivered,2018-01-09 22:33:13,2018-01-10 06:33:13,2018-01-11 22:33:13,2018-01-13 22:33:13,2018-01-15 22:33:13
order_002023,cust_01430,delivered,2018-06-09 11:18:41,2018-06-11 06:18:41,2018-06-11 11:18:41,2018-06-17 11:18:41,2018-06-22 11:18:41
order_002024,cust_02399,delivered,2017-07-24 20:17:50,2017-07-25 09:17:50,2017-07-26 20:17:50,2017-08-03 20:17:50,2017-08-08 20:17:50
order_002025,cust_01435,processing,2018-02-09 14:52:34,2018-02-10 15:52:34,2018-02-13 14:52:34,2018-02-26 14:52:34,2018-03-03 14:52:34
order_002026,cust_00539,delivered,2018-03-04 21:52:41,2018-03-05 23:52:41,2018-03-07 21:52:41,2018-03-10 21:52:41,2018-03-16 21:52:41
order_002027,cust_03044,delivered,2018-01-01 07:50:30,2018-01-01 21:50:30,2018-01-05 07:50:30,2018-01-04 07:50:30,2018-01-07 07:50:30
order_002028,cust_01639,delivered,2018-02-21 09:10:17,2018-02-23 01:10:17,2018-02-23 09:10:17,2018-02-27 09:10:17,2018-03-03 09:10:17
order_002029,cust_02218,shipped,2017-05-19 00:58:13,2017-05-19 04:58:13,2017-05-21 00:58:13,2017-05-24 00:58:13,2017-05-25 00:58:13
order_002030,cust_01988,delivered,2018-01-13 05:28:02,2018-01-14 06:28:02,2018-01-16 05:28:02,2018-01-30 05:28:02,2018-02-02 05:28:02
order_002031,cust_01923,delivered,2017-01-03 03:19:27,2017-01-03 23:19:27,2017-01-04 03:19:27,2017-01-07 03:19:27,2017-01-08 03:19:27
order_002032,cust_01665,processing,2018-03-21 04:23:22,2018-03-22 17:23:22,2018-03-25 04:23:22,2018-04-07 04:23:22,2018-04-12 04:23:22
order_002033,cust_02871,delivered,2018-04-27 07:24:04,2018-04-27 17:24:04,2018-05-01 07:24:04,2018-04-30 07:24:04,2018-05-05 07:24:04
order_002034,cust_03248,delivered,2018-04-28 20:58:12,2018-04-30 18:58:12,2018-04-29 20:58:12,2018-05-12 20:58:12,2018-05-14 20:58:12
order_002035,cust_03434,delivered,2017-01-18 09:05:05,2017-01-19 23:05:05,2017-01-19 09:05:05,2017-01-26 09:05:05,2017-01-31 09:05:05
order_002036,cust_01684,shipped,2018-07-09 19:50:20,2018-07-11 06:50:20,2018-07-11 19:50:20,2018-07-11 19:50:20,2018-07-13 19:50:20
order_002037,cust_01295,delivered,2017-09-22 19:33:07,2017-09-23 19:33:07,2017-09-23 19:33:07,2017-10-03 19:33:07,2017-10-08 19:33:07
order_002038,cust_00314,delivered,2017-02-18 23:32:33,2017-02-20 06:32:33,2017-02-19 23:32:33,2017-03-03 23:32:33,2017-03-09 23:32:33
order_002039,cust_01682,delivered,2017-11-21 12:12:24,2017-11-21 22:12:24,2017-11-25 12:12:24,2017-12-06 12:12:24,2017-12-11 12:12:24
order_002040,cust_03770,canceled,2017-12-14 20:21:28,2017-12-14 21:21:28,2017-12-15 20:21:28,2017-12-18 20:21:28,2017-12-20 20:21:28
order_002041,cust_00988,delivered,2017-09-02 10:03:58,2017-09-03 22:03:58,2017-09-04 10:03:58,2017-09-13 10:03:58,2017-09-15 10:03:58
order_002042,cust_03210,delivered,2018-04-01 15:10:36,2018-04-02 13:10:36,2018-04-05 15:10:36,2018-04-12 15:10:36,2018-04-13 15:10:36
order_002043,cust_02875,delivered,2017-11-27 19:27:44,2017-11-28 12:27:44,2017-11-29 19:27:44,2017-12-06 19:27:44,2017-12-12 19:27:44
order_002044,cust_02508,delivered,2017-05-12 03:24:53,2017-05-12 16:24:53,2017-05-13 03:24:53,2017-05-28 03:24:53,2017-06-01 03:24:53
order_002045,cust_02148,delivered,2018-01-13 01:22:50,2018-01-14 07:22:50,2018-01-14 01:22:50,2018-01-21 01:22:50,2018-01-22 01:22:50
order_002046,cust_02874,delivered,2017-06-10 03:57:22,2017-06-11 04:57:22,2017-06-11 03:57:22,2017-06-18 03:57:22,2017-06-22 03:57:22
order_002047,cust_00373,delivered,2017-03-14 17:18:23,2017-03-16 01:18:23,2017-03-17 17:18:23,2017-03-24 17:18:23,2017-03-28 17:18:23
order_002048,cust_00487,delivered,2017-06-12 11:22:07,2017-06-14 08:22:07,2017-06-14 11:22:07,2017-06-28 11:22:07,2017-07-02 11:22:07
order_002049,cust_00743,delivered,2018-07-05 06:43:12,2018-07-06 22:43:12,2018-07-06 06:43:12,2018-07-20 06:43:12,2018-07-24 06:43:12
order_002050,cust_02910,delivered,2017-12-14 18:25:37,2017-12-15 10:25:37,2017-12-16 18:25:37,2017-12-27 18:25:37,2017-12-28 18:25:37
order_002051,cust_01641,delivered,2017-07-13 00:21:43,2017-07-13 12:21:43,2017-07-15 00:21:43,2017-07-16 00:21:43,2017-07-19 00:21:43
order_002052,cust_00789,delivered,2017-08-11 04:09:30,2017-08-11 12:09:30,2017-08-14 04:09:30,2017-08-17 04:09:30,2017-08-22 04:09:30
order_002053,cust_00170,delivered,2018-06-07 11:16:34,2018-06-08 14:16:34,2018-06-09 11:16:34,2018-06-09 11:16:34,2018-06-15 11:16:34
order_002054,cust_01858,delivered,2018-02-09 21:58:20,2018-02-11 12:58:20,2018-02-13 21:58:20,2018-02-12 21:58:20,2018-02-14 21:58:20
order_002055,cust_01514,delivered,2018-04-16 17:58:33,2018-04-17 05:58:33,2018-04-18 17:58:33,2018-05-01 17:58:33,2018-05-05 17:58:33
order_002056,cust_00676,delivered,2018-01-07 16:24:39,2018-01-09 15:24:39,2018-01-10 16:24:39,2018-01-22 16:24:39,2018-01-28 16:24:39
order_002057,cust_00088,delivered,2018-08-27 17:03:39,2018-08-28 14:03:39,2018-08-30 17:03:39,2018-08-30 17:03:39,2018-09-03 17:03:39
order_002058,cust_02864,processing,2018-02-04 07:29:43,2018-02-05 20:29:43,2018-02-06 07:29:43,2018-02-13 07:29:43,2018-02-15 07:29:43
order_002059,cust_02961,delivered,2017-09-01 10:44:55,2017-09-02 01:44:55,2017-09-02 10:44:55,2017-09-07 10:44:55,2017-09-11 10:44:55
order_002060,cust_00934,delivered,2017-06-03 21:15:29,2017-06-04 04:15:29,2017-06-06 21:15:29,2017-06-06 21:15:29,2017-06-07 21:15:29
order_002061,cust_01876,delivered,2017-01-29 17:30:35,2017-01-30 18:30:35,2017-02-02 17:30:35,2017-02-06 17:30:35,2017-02-09 17:30:35
order_002062,cust_00962,delivered,2018-04-12 14:22:01,2018-04-13 16:22:01,2018-04-16 14:22:01,2018-04-15 14:22:01,2018-04-19 14:22:01
order_002063,cust_01553,processing,2018-07-22 01:59:24,2018-07-23 00:59:24,2018-07-26 01:59:24,2018-08-04 01:59:24,2018-08-05 01:59:24
order_002064,cust_00415,delivered,2018-02-08 17:35:44,2018-02-09 13:35:44,2018-02-09 17:35:44,2018-02-25 17:35:44,2018-02-27 17:35:44
order_002065,cust_03595,delivered,2017-10-24 08:46:37,2017-10-25 15:46:37,2017-10-26 08:46:37,2017-11-01 08:46:37,2017-11-07 08:46:37
order_002066,cust_02738,processing,2017-03-21 09:15:02,2017-03-22 15:15:02,2017-03-24 09:15:02,2017-03-26 09:15:02,2017-03-30 09:15:02
order_002067,cust_03424,delivered,2018-01-27 16:10:25,2018-01-28 00:10:25,2018-01-30 16:10:25,2018-02-05 16:10:25,2018-02-08 16:10:25
order_002068,cust_01124,delivered,2017-05-02 09:26:42,2017-05-03 17:26:42,2017-05-05 09:26:42,2017-05-19 09:26:42,2017-05-21 09:26:42
order_002069,cust_03317,shipped,2018-01-14 13:44:57,2018-01-15 05:44:57,2018-01-15 13:44:57,2018-01-18 13:44:57,2018-01-19 13:44:57
order_002070,cust_01969,delivered,2017-07-02 00:18:10,2017-07-03 14:18:10,2017-07-05 00:18:10,2017-07-14 00:18:10,2017-07-17 00:18:10
order_002071,cust_00752,delivered,2018-06-11 04:26:25,2018-06-12 04:26:25,2018-06-14 04:26:25,2018-06-14 04:26:25,2018-06-18 04:26:25
order_002072,cust_01262,delivered,2018-07-24 12:54:34,2018-07-25 00:54:34,2018-07-25 12:54:34,2018-07-30 12:54:34,2018-08-01 12:54:34
order_002073,cust_03083,shipped,2017-05-23 22:59:07,2017-05-24 07:59:07,2017-05-26 22:59:07,2017-06-01 22:59:07,2017-06-06 22:59:07
order_002074,cust_02943,delivered,2017-07-18 18:15:32,2017-07-20 16:15:32,2017-07-21 18:15:32,2017-07-26 18:15:32,2017-07-29 18:15:32
order_002075,cust_02736,delivered,2018-07-15 10:01:18,2018-07-16 20:01:18,2018-07-19 10:01:18,2018-07-19 10:01:18,2018-07-20 10:01:18
order_002076,cust_00860,delivered,2017-01-13 23:15:06,2017-01-14 10:15:06,2017-01-17 23:15:06,2017-01-27 23:15:06,2017-01-28 23:15:06
order_002077,cust_02461,delivered,2017-11-11 06:36:35,2017-11-12 06:36:35,2017-11-13 06:36:35,2017-11-23 06:36:35,2017-11-29 06:36:35
order_002078,cust_03575,delivered,2017-03-28 21:24:48,2017-03-29 03:24:48,2017-03-31 21:24:48,2017-04-05 21:24:48,2017-04-08 21:24:48
order_002079,cust_00185,delivered,2017-09-21 09:40:56,2017-09-23 01:40:56,2017-09-24 09:40:56,2017-09-29 09:40:56,2017-10-02 09:40:56
order_002080,cust_01221,delivered,2017-01-20 02:05:16,2017-01-21 17:05:16,2017-01-21 02:05:16,2017-01-23 02:05:16,2017-01-25 02:05:16
order_002081,cust_00305,delivered,2017-03-27 00:03:33,2017-03-28 14:03:33,2017-03-31 00:03:33,2017-04-08 00:03:33,2017-04-13 00:03:33
order_002082,cust_00394,shipped,2017-09-02 23:31:56,2017-09-03 21:31:56,2017-09-03 23:31:56,2017-09-07 23:31:56,2017-09-12 23:31:56
order_002083,cust_03791,processing,2017-02-06 15:24:46,2017-02-06 23:24:46,2017-02-10 15:24:46,2017-02-12 15:24:46,2017-02-14 15:24:46
order_002084,cust_00913,delivered,2018-04-30 03:35:15,2018-05-01 03:35:15,2018-05-03 03:35:15,2018-05-15 03:35:15,2018-05-20 03:35:15
order_002085,cust_00681,delivered,2017-12-18 23:48:27,2017-12-19 23:48:27,2017-12-22 23:48:27,2017-12-30 23:48:27,2018-01-02 23:48:27
order_002086,cust_00280,delivered,2017-10-01 00:59:12,2017-10-01 15:59:12,2017-10-04 00:59:12,2017-10-14 00:59:12,2017-10-16 00:59:12
order_002087,cust_03727,delivered,2017-10-15 08:01:57,2017-10-16 02:01:57,2017-10-16 08:01:57,2017-10-21 08:01:57,2017-10-26 08:01:57
order_002088,cust_01781,delivered,2018-05-26 17:58:27,2018-05-26 20:58:27,2018-05-30 17:58:27,2018-06-05 17:58:27,2018-06-06 17:58:27
order_002089,cust_03007,delivered,2018-05-30 01:16:39,2018-05-31 02:16:39,2018-06-01 01:16:39,2018-06-01 01:16:39,2018-06-07 01:16:39
order_002090,cust_00950,delivered,2017-01-29 21:44:28,2017-01-30 07:44:28,2017-01-31 21:44:28,2017-02-03 21:44:28,2017-02-04 21:44:28
order_002091,cust_02435,delivered,2018-02-21 16:16:21,2018-02-23 08:16:21,2018-02-25 16:16:21,2018-03-07 16:16:21,2018-03-09 16:16:21
order_002092,cust_03366,shipped,2017-10-13 22:47:41,2017-10-15 10:47:41,2017-10-14 22:47:41,2017-10-22 22:47:41,2017-10-24 22:47:41
order_002093,cust_02550,delivered,2018-04-21 20:05:38,2018-04-23 01:05:38,2018-04-24 20:05:38,2018-05-03 20:05:38,2018-05-05 20:05:38
order_002094,cust_01965,delivered,2018-04-24 19:47:57,2018-04-25 06:47:57,2018-04-28 19:47:57,2018-05-08 19:47:57,2018-05-11 19:47:57
order_002095,cust_00800,delivered,2018-03-07 05:27:36,2018-03-08 13:27:36,2018-03-10 05:27:36,2018-03-23 05:27:36,2018-03-28 05:27:36
order_002096,cust_00886,delivered,2018-02-15 04:55:03,2018-02-17 03:55:03,2018-02-18 04:55:03,2018-02-18 04:55:03,2018-02-21 04:55:03
order_002097,cust_02268,delivered,2017-05-09 05:48:44,2017-05-10 11:48:44,2017-05-12 05:48:44,2017-05-20 05:48:44,2017-05-24 05:48:44
order_002098,cust_01714,delivered,2018-06-03 03:41:45,2018-06-04 16:41:45,2018-06-06 03:41:45,2018-06-20 03:41:45,2018-06-26 03:41:45
order_002099,cust_00176,delivered,2018-03-03 15:56:35,2018-03-05 10:56:35,2018-03-04 15:56:35,2018-03-08 15:56:35,2018-03-11 15:56:35
order_002100,cust_00744,delivered,2017-06-16 01:24:54,2017-06-17 17:24:54,2017-06-19 01:24:54,2017-07-01 01:24:54,2017-07-06 01:24:54
order_002101,cust_01641,delivered,2017-05-22 10:16:59,2017-05-22 18:16:59,2017-05-26 10:16:59,2017-06-02 10:16:59,2017-06-05 10:16:59
order_002102,cust_00679,delivered,2017-11-01 13:58:02,2017-11-03 07:58:02,2017-11-03 13:58:02,2017-11-08 13:58:02,2017-11-09 13:58:02
order_002103,cust_02104,delivered,2017-07-28 12:56:02,2017-07-30 00:56:02,2017-08-01 12:56:02,2017-08-11 12:56:02,2017-08-13 12:56:02
order_002104,cust_01142,delivered,2018-02-16 11:41:35,2018-02-17 21:41:35,2018-02-17 11:41:35,2018-03-03 11:41:35,2018-03-04 11:41:35
order_002105,cust_01107,delivered,2017-09-05 05:21:14,2017-09-05 16:21:14,2017-09-06 05:21:14,2017-09-09 05:21:14,2017-09-15 05:21:14
order_002106,cust_00411,delivered,2017-04-13 02:37:22,2017-04-14 00:37:22,2017-04-14 02:37:22,2017-04-25 02:37:22,2017-04-26 02:37:22
order_002107,cust_01912,delivered,2017-08-29 23:43:06,2017-08-31 18:43:06,2017-09-01 23:43:06,2017-09-14 23:43:06,2017-09-19 23:43:06
order_002108,cust_00716,delivered,2018-05-12 11:09:21,2018-05-14 07:09:21,2018-05-14 11:09:21,2018-05-24 11:09:21,2018-05-25 11:09:21
order_002109,cust_02395,delivered,2018-05-21 14:16:40,2018-05-21 20:16:40,2018-05-24 14:16:40,2018-05-31 14:16:40,2018-06-01 14:16:40
order_002110,cust_03564,delivered,2017-07-09 13:36:56,2017-07-10 10:36:56,2017-07-12 13:36:56,2017-07-13 13:36:56,2017-07-17 13:36:56
order_002111,cust_03466,delivered,2018-04-29 08:51:15,2018-04-30 13:51:15,2018-05-01 08:51:15,2018-05-08 08:51:15,2018-05-09 08:51:15
order_002112,cust_02533,delivered,2017-02-26 17:21:03,2017-02-26 22:21:03,2017-02-28 17:21:03,2017-03-14 17:21:03,2017-03-15 17:21:03
order_002113,cust_03068,delivered,2018-08-22 09:01:44,2018-08-22 21:01:44,2018-08-26 09:01:44,2018-09-05 09:01:44,2018-09-10 09:01:44
order_002114,cust_03500,delivered,2018-04-11 09:56:26,2018-04-12 14:56:26,2018-04-15 09:56:26,2018-04-20 09:56:26,2018-04-21 09:56:26
order_002115,cust_02590,delivered,2017-01-25 19:16:59,2017-01-27 02:16:59,2017-01-27 19:16:59,2017-01-31 19:16:59,2017-02-04 19:16:59
order_002116,cust_00976,delivered,2018-03-05 07:38:25,2018-03-05 12:38:25,2018-03-06 07:38:25,2018-03-19 07:38:25,2018-03-20 07:38:25
order_002117,cust_01903,delivered,2017-10-28 16:47:16,2017-10-29 12:47:16,2017-11-01 16:47:16,2017-11-14 16:47:16,2017-11-15 16:47:16
order_002118,cust_03256,delivered,2018-06-22 15:58:34,2018-06-23 22:58:34,2018-06-25 15:58:34,2018-06-28 15:58:34,2018-07-03 15:58:34
order_002119,cust_02538,delivered,2017-05-26 00:44:03,2017-05-27 23:44:03,2017-05-28 00:44:03,2017-06-09 00:44:03,2017-06-12 00:44:03
order_002120,cust_01376,delivered,2018-06-27 16:25:16,2018-06-29 15:25:16,2018-06-30 16:25:16,2018-07-03 16:25:16,2018-07-04 16:25:16
order_002121,cust_00639,delivered,2018-06-14 19:13:56,2018-06-15 10:13:56,2018-06-17 19:13:56,2018-06-29 19:13:56,2018-07-04 19:13:56
order_002122,cust_00547,delivered,2017-06-19 06:29:25,2017-06-20 14:29:25,2017-06-20 06:29:25,2017-07-06 06:29:25,2017-07-12 06:29:25
order_002123,cust_01432,delivered,2017-09-20 21:56:42,2017-09-21 23:56:42,2017-09-24 21:56:42,2017-10-02 21:56:42,2017-10-06 21:56:42
order_002124,cust_03057,delivered,2018-01-25 00:28:32,2018-01-25 10:28:32,2018-01-28 00:28:32,2018-02-03 00:28:32,2018-02-06 00:28:32
order_002125,cust_02099,delivered,2017-05-27 04:18:48,2017-05-28 04:18:48,2017-05-28 04:18:48,2017-06-03 04:18:48,2017-06-09 04:18:48
order_002126,cust_00226,delivered,2018-08-31 22:41:47,2018-09-01 05:41:47,2018-09-04 22:41:47,2018-09-02 22:41:47,2018-09-05 22:41:47
order_002127,cust_03490,delivered,2017-04-27 20:31:55,2017-04-28 02:31:55,2017-05-01 20:31:55,2017-04-29 20:31:55,2017-05-03 20:31:55
order_002128,cust_01538,delivered,2017-05-29 18:07:36,2017-05-30 11:07:36,2017-06-02 18:07:36,2017-06-13 18:07:36,2017-06-16 18:07:36
order_002129,cust_01484,delivered,2017-11-01 14:29:41,2017-11-02 03:29:41,2017-11-04 14:29:41,2017-11-13 14:29:41,2017-11-18 14:29:41
order_002130,cust_03113,delivered,2017-10-15 04:49:35,2017-10-15 11:49:35,2017-10-17 04:49:35,2017-10-20 04:49:35,2017-10-24 04:49:35
order_002131,cust_01432,delivered,2017-01-31 11:44:26,2017-01-31 14:44:26,2017-02-03 11:44:26,2017-02-10 11:44:26,2017-02-13 11:44:26
order_002132,cust_02345,delivered,2018-07-08 13:34:33,2018-07-09 16:34:33,2018-07-11 13:34:33,2018-07-24 13:34:33,2018-07-27 13:34:33
order_002133,cust_03500,delivered,2017-05-27 02:09:07,2017-05-27 03:09:07,2017-05-30 02:09:07,2017-06-08 02:09:07,2017-06-10 02:09:07
order_002134,cust_01968,delivered,2017-03-04 14:16:43,2017-03-06 03:16:43,2017-03-05 14:16:43,2017-03-20 14:16:43,2017-03-23 14:16:43
order_002135,cust_02333,delivered,2017-11-12 02:08:28,2017-11-12 06:08:28,2017-11-14 02:08:28,2017-11-15 02:08:28,2017-11-16 02:08:28
order_002136,cust_01343,delivered,2018-07-19 03:01:25,2018-07-20 10:01:25,2018-07-21 03:01:25,2018-07-22 03:01:25,2018-07-25 03:01:25
order_002137,cust_03384,delivered,2017-01-02 04:04:49,2017-01-02 11:04:49,2017-01-05 04:04:49,2017-01-14 04:04:49,2017-01-15 04:04:49
order_002138,cust_00285,delivered,2017-10-24 04:35:59,2017-10-25 10:35:59,2017-10-26 04:35:59,2017-11-04 04:35:59,2017-11-06 04:35:59
order_002139,cust_01050,delivered,2018-07-08 01:58:09,2018-07-08 08:58:09,2018-07-11 01:58:09,2018-07-21 01:58:09,2018-07-24 01:58:09
order_002140,cust_03765,delivered,2018-06-27 22:57:39,2018-06-28 19:57:39,2018-07-01 22:57:39,2018-07-14 22:57:39,2018-07-15 22:57:39
order_002141,cust_01839,delivered,2017-04-14 19:15:43,2017-04-16 02:15:43,2017-04-16 19:15:43,2017-04-17 19:15:43,2017-04-19 19:15:43
order_002142,cust_00664,delivered,2018-01-13 12:11:32,2018-01-13 21:11:32,2018-01-16 12:11:32,2018-01-29 12:11:32,2018-02-03 12:11:32
order_002143,cust_01572,delivered,2018-05-24 08:50:50,2018-05-24 15:50:50,2018-05-25 08:50:50,2018-05-26 08:50:50,2018-06-01 08:50:50
order_002144,cust_00970,canceled,2018-02-13 04:35:40,2018-02-14 10:35:40,2018-02-14 04:35:40,2018-02-23 04:35:40,2018-02-27 04:35:40
order_002145,cust_01996,shipped,2018-02-04 22:46:34,2018-02-06 05:46:34,2018-02-05 22:46:34,2018-02-19 22:46:34,2018-02-24 22:46:34
order_002146,cust_00896,delivered,2018-04-15 19:08:30,2018-04-16 15:08:30,2018-04-19 19:08:30,2018-04-27 19:08:30,2018-05-02 19:08:30
order_002147,cust_01517,delivered,2017-10-03 18:02:51,2017-10-04 00:02:51,2017-10-05 18:02:51,2017-10-08 18:02:51,2017-10-14 18:02:51
order_002148,cust_03450,delivered,2017-02-10 11:17:37,2017-02-11 02:17:37,2017-02-13 11:17:37,2017-02-21 11:17:37,2017-02-27 11:17:37
order_002149,cust_00312,delivered,2018-01-24 00:39:31,2018-01-24 11:39:31,2018-01-27 00:39:31,2018-02-09 00:39:31,2018-02-10 00:39:31
order_002150,cust_02902,delivered,2018-01-17 15:19:18,2018-01-18 22:19:18,2018-01-18 15:19:18,2018-01-22 15:19:18,2018-01-25 15:19:18
order_002151,cust_00297,shipped,2018-06-02 11:42:03,2018-06-03 02:42:03,2018-06-03 11:42:03,2018-06-18 11:42:03,2018-06-24 11:42:03
order_002152,cust_01737,delivered,2018-07-16 07:08:24,2018-07-17 01:08:24,2018-07-20 07:08:24,2018-07-28 07:08:24,2018-08-03 07:08:24
order_002153,cust_02539,shipped,2017-07-25 07:33:44,2017-07-25 20:33:44,2017-07-29 07:33:44,2017-07-28 07:33:44,2017-08-01 07:33:44
order_002154,cust_03630,delivered,2018-08-05 01:23:22,2018-08-05 09:23:22,2018-08-08 01:23:22,2018-08-12 01:23:22,2018-08-15 01:23:22
order_002155,cust_00950,delivered,2017-01-07 20:55:13,2017-01-09 11:55:13,2017-01-09 20:55:13,2017-01-22 20:55:13,2017-01-23 20:55:13
order_002156,cust_00200,delivered,2018-08-12 03:57:31,2018-08-13 02:57:31,2018-08-14 03:57:31,2018-08-19 03:57:31,2018-08-22 03:57:31
order_002157,cust_02853,delivered,2017-03-25 19:30:54,2017-03-26 22:30:54,2017-03-29 19:30:54,2017-04-11 19:30:54,2017-04-15 19:30:54
order_002158,cust_03395,delivered,2018-01-28 23:21:10,2018-01-29 13:21:10,2018-01-29 23:21:10,2018-02-05 23:21:10,2018-02-09 23:21:10
order_002159,cust_02147,delivered,2018-02-20 01:06:12,2018-02-20 06:06:12,2018-02-21 01:06:12,2018-02-27 01:06:12,2018-03-03 01:06:12
order_002160,cust_00229,delivered,2018-01-21 14:57:58,2018-01-23 01:57:58,2018-01-23 14:57:58,2018-02-05 14:57:58,2018-02-07 14:57:58
order_002161,cust_01902,delivered,2018-08-26 01:36:06,2018-08-27 11:36:06,2018-08-27 01:36:06,2018-09-09 01:36:06,2018-09-15 01:36:06
order_002162,cust_01486,delivered,2017-12-02 19:56:45,2017-12-02 22:56:45,2017-12-03 19:56:45,2017-12-07 19:56:45,2017-12-09 19:56:45
order_002163,cust_01715,shipped,2017-03-21 12:10:20,2017-03-23 06:10:20,2017-03-23 12:10:20,2017-04-04 12:10:20,2017-04-07 12:10:20
order_002164,cust_00205,delivered,2018-01-05 00:30:59,2018-01-06 17:30:59,2018-01-09 00:30:59,2018-01-11 00:30:59,2018-01-15 00:30:59
order_002165,cust_01205,delivered,2017-06-26 18:32:12,2017-06-28 10:32:12,2017-06-29 18:32:12,2017-07-12 18:32:12,2017-07-14 18:32:12
order_002166,cust_03796,delivered,2018-01-08 18:22:15,2018-01-09 16:22:15,2018-01-10 18:22:15,2018-01-10 18:22:15,2018-01-11 18:22:15
order_002167,cust_00174,delivered,2017-08-20 22:11:53,2017-08-22 07:11:53,2017-08-22 22:11:53,2017-09-01 22:11:53,2017-09-05 22:11:53
order_002168,cust_03474,delivered,2017-01-26 11:38:19,2017-01-26 12:38:19,2017-01-28 11:38:19,2017-01-30 11:38:19,2017-02-01 11:38:19
order_002169,cust_01966,delivered,2018-01-23 22:23:30,2018-01-25 03:23:30,2018-01-25 22:23:30,2018-02-04 22:23:30,2018-02-10 22:23:30
order_002170,cust_02222,delivered,2017-02-24 15:58:02,2017-02-24 22:58:02,2017-02-28 15:58:02,2017-03-13 15:58:02,2017-03-18 15:58:02
order_002171,cust_03547,delivered,2017-07-19 12:37:25,2017-07-21 07:37:25,2017-07-23 12:37:25,2017-07-31 12:37:25,2017-08-03 12:37:25
order_002172,cust_00827,delivered,2018-01-12 08:35:48,2018-01-14 05:35:48,2018-01-16 08:35:48,2018-01-20 08:35:48,2018-01-23 08:35:48
order_002173,cust_03740,processing,2018-06-20 07:01:57,2018-06-20 15:01:57,2018-06-22 07:01:57,2018-07-05 07:01:57,2018-07-11 07:01:57
order_002174,cust_01051,processing,2017-07-11 14:54:03,2017-07-12 16:54:03,2017-07-15 14:54:03,2017-07-16 14:54:03,2017-07-17 14:54:03
order_002175,cust_01326,delivered,2017-07-01 17:44:55,2017-07-02 21:44:55,2017-07-04 17:44:55,2017-07-11 17:44:55,2017-07-14 17:44:55
order_002176,cust_01708,delivered,2017-07-03 00:51:17,2017-07-04 13:51:17,2017-07-07 00:51:17,2017-07-20 00:51:17,2017-07-21 00:51:17
order_002177,cust_02285,delivered,2017-12-16 09:53:09,2017-12-17 08:53:09,2017-12-17 09:53:09,2017-12-23 09:53:09,2017-12-24 09:53:09
order_002178,cust_01226,delivered,2017-04-28 01:05:38,2017-04-29 19:05:38,2017-05-02 01:05:38,2017-04-30 01:05:38,2017-05-06 01:05:38
order_002179,cust_03013,delivered,2017-11-17 09:31:11,2017-11-18 02:31:11,2017-11-21 09:31:11,2017-11-26 09:31:11,2017-11-27 09:31:11
order_002180,cust_00080,shipped,2018-05-03 19:10:19,2018-05-04 11:10:19,2018-05-07 19:10:19,2018-05-12 19:10:19,2018-05-18 19:10:19
order_002181,cust_02533,processing,2017-02-19 16:34:42,2017-02-21 03:34:42,2017-02-22 16:34:42,2017-03-05 16:34:42,2017-03-10 16:34:42
order_002182,cust_02493,delivered,2018-08-10 02:59:13,2018-08-11 04:59:13,2018-08-12 02:59:13,2018-08-24 02:59:13,2018-08-28 02:59:13
order_002183,cust_02031,processing,2017-11-20 17:12:16,2017-11-20 21:12:16,2017-11-21 17:12:16,2017-11-27 17:12:16,2017-12-02 17:12:16
order_002184,cust_02331,delivered,2018-01-17 00:20:08,2018-01-18 07:20:08,2018-01-18 00:20:08,2018-01-31 00:20:08,2018-02-02 00:20:08
order_002185,cust_02841,delivered,2018-01-11 00:17:50,2018-01-11 14:17:50,2018-01-15 00:17:50,2018-01-15 00:17:50,2018-01-16 00:17:50
order_002186,cust_03436,delivered,2018-07-29 21:53:56,2018-07-31 13:53:56,2018-07-30 21:53:56,2018-08-03 21:53:56,2018-08-06 21:53:56
order_002187,cust_00829,delivered,2018-02-09 00:47:07,2018-02-10 16:47:07,2018-02-11 00:47:07,2018-02-20 00:47:07,2018-02-25 00:47:07
order_002188,cust_01812,delivered,2018-06-22 06:22:21,2018-06-23 02:22:21,2018-06-24 06:22:21,2018-07-05 06:22:21,2018-07-07 06:22:21
order_002189,cust_02136,delivered,2017-06-23 03:09:59,2017-06-24 20:09:59,2017-06-26 03:09:59,2017-07-07 03:09:59,2017-07-09 03:09:59
order_002190,cust_01309,delivered,2017-05-13 13:58:37,2017-05-15 10:58:37,2017-05-15 13:58:37,2017-05-24 13:58:37,2017-05-29 13:58:37
order_002191,cust_03700,delivered,2018-01-27 12:32:04,2018-01-28 23:32:04,2018-01-28 12:32:04,2018-01-31 12:32:04,2018-02-04 12:32:04
order_002192,cust_01943,delivered,2017-04-04 20:08:02,2017-04-06 01:08:02,2017-04-06 20:08:02,2017-04-16 20:08:02,2017-04-20 20:08:02
order_002193,cust_02252,delivered,2017-03-09 23:41:24,2017-03-11 19:41:24,2017-03-11 23:41:24,2017-03-17 23:41:24,2017-03-20 23:41:24
order_002194,cust_00739,delivered,2017-05-09 17:54:06,2017-05-11 11:54:06,2017-05-10 17:54:06,2017-05-15 17:54:06,2017-05-20 17:54:06
order_002195,cust_01580,delivered,2017-06-14 11:12:03,2017-06-15 10:12:03,2017-06-16 11:12:03,2017-06-21 11:12:03,2017-06-26 11:12:03
order_002196,cust_02377,delivered,2017-02-28 01:07:08,2017-02-28 05:07:08,2017-03-03 01:07:08,2017-03-14 01:07:08,2017-03-17 01:07:08
order_002197,cust_01627,delivered,2018-03-20 22:08:17,2018-03-22 03:08:17,2018-03-22 22:08:17,2018-03-24 22:08:17,2018-03-25 22:08:17
order_002198,cust_02926,delivered,2017-12-21 13:27:45,2017-12-22 11:27:45,2017-12-23 13:27:45,2017-12-31 13:27:45,2018-01-06 13:27:45
order_002199,cust_00519,delivered,2017-05-02 05:13:09,2017-05-02 23:13:09,2017-05-06 05:13:09,2017-05-05 05:13:09,2017-05-06 05:13:09
order_002200,cust_00583,delivered,2017-06-21 13:00:11,2017-06-21 22:00:11,2017-06-23 13:00:11,2017-07-04 13:00:11,2017-07-07 13:00:11
order_002201,cust_01288,shipped,2018-07-20 09:24:10,2018-07-21 19:24:10,2018-07-24 09:24:10,2018-07-24 09:24:10,2018-07-30 09:24:10
order_002202,cust_01209,delivered,2018-07-10 08:24:06,2018-07-12 03:24:06,2018-07-13 08:24:06,2018-07-27 08:24:06,2018-07-30 08:24:06
order_002203,cust_03098,delivered,2017-03-16 10:52:47,2017-03-17 15:52:47,2017-03-19 10:52:47,2017-04-01 10:52:47,2017-04-06 10:52:47
order_002204,cust_03297,delivered,2018-01-08 18:05:07,2018-01-09 06:05:07,2018-01-10 18:05:07,2018-01-23 18:05:07,2018-01-26 18:05:07
order_002205,cust_01793,delivered,2017-07-16 03:55:53,2017-07-16 04:55:53,2017-07-20 03:55:53,2017-07-23 03:55:53,2017-07-28 03:55:53
order_002206,cust_01921,delivered,2017-08-07 23:08:10,2017-08-09 09:08:10,2017-08-09 23:08:10,2017-08-21 23:08:10,2017-08-25 23:08:10
order_002207,cust_01118,delivered,2017-12-31 01:29:53,2017-12-31 09:29:53,2018-01-03 01:29:53,2018-01-04 01:29:53,2018-01-06 01:29:53
order_002208,cust_02020,delivered,2018-08-22 03:31:56,2018-08-22 06:31:56,2018-08-23 03:31:56,2018-08-28 03:31:56,2018-09-03 03:31:56
order_002209,cust_02684,delivered,2017-12-21 16:13:45,2017-12-22 02:13:45,2017-12-23 16:13:45,2017-12-25 16:13:45,2017-12-28 16:13:45
order_002210,cust_02745,delivered,2018-08-03 03:29:07,2018-08-03 13:29:07,2018-08-06 03:29:07,2018-08-05 03:29:07,2018-08-08 03:29:07
order_002211,cust_03682,delivered,2018-05-14 18:39:49,2018-05-15 10:39:49,2018-05-18 18:39:49,2018-05-21 18:39:49,2018-05-25 18:39:49
order_002212,cust_02195,delivered,2018-04-19 17:38:01,2018-04-20 09:38:01,2018-04-23 17:38:01,2018-04-30 17:38:01,2018-05-06 17:38:01
order_002213,cust_01293,delivered,2018-04-26 10:19:02,2018-04-26 20:19:02,2018-04-27 10:19:02,2018-05-11 10:19:02,2018-05-17 10:19:02
order_002214,cust_00264,delivered,2018-04-27 10:54:21,2018-04-28 23:54:21,2018-04-28 10:54:21,2018-04-29 10:54:21,2018-05-02 10:54:21
order_002215,cust_02614,delivered,2017-06-05 23:59:57,2017-06-07 14:59:57,2017-06-09 23:59:57,2017-06-13 23:59:57,2017-06-15 23:59:57
order_002216,cust_03055,delivered,2018-08-18 19:05:06,2018-08-19 07:05:06,2018-08-22 19:05:06,2018-08-31 19:05:06,2018-09-02 19:05:06
order_002217,cust_02099,delivered,2018-07-13 15:10:06,2018-07-14 09:10:06,2018-07-14 15:10:06,2018-07-18 15:10:06,2018-07-20 15:10:06
order_002218,cust_03506,delivered,2018-01-01 03:23:09,2018-01-02 18:23:09,2018-01-05 03:23:09,2018-01-14 03:23:09,2018-01-16 03:23:09
order_002219,cust_01204,delivered,2018-03-09 14:09:07,2018-03-11 11:09:07,2018-03-13 14:09:07,2018-03-20 14:09:07,2018-03-23 14:09:07
order_002220,cust_00202,delivered,2018-06-20 00:57:23,2018-06-21 14:57:23,2018-06-24 00:57:23,2018-07-01 00:57:23,2018-07-02 00:57:23
order_002221,cust_02405,delivered,2017-04-03 06:02:36,2017-04-04 08:02:36,2017-04-04 06:02:36,2017-04-06 06:02:36,2017-04-10 06:02:36
order_002222,cust_00460,delivered,2017-02-09 16:45:01,2017-02-11 15:45:01,2017-02-13 16:45:01,2017-02-13 16:45:01,2017-02-19 16:45:01
order_002223,cust_00319,delivered,2018-08-29 09:46:59,2018-08-30 20:46:59,2018-08-31 09:46:59,2018-09-14 09:46:59,2018-09-17 09:46:59
order_002224,cust_02667,delivered,2017-12-03 23:52:23,2017-12-05 07:52:23,2017-12-06 23:52:23,2017-12-19 23:52:23,2017-12-20 23:52:23
order_002225,cust_01650,delivered,2018-03-16 22:32:41,2018-03-17 00:32:41,2018-03-18 22:32:41,2018-03-25 22:32:41,2018-03-28 22:32:41
order_002226,cust_02297,delivered,2017-11-02 02:16:30,2017-11-03 08:16:30,2017-11-03 02:16:30,2017-11-13 02:16:30,2017-11-16 02:16:30
order_002227,cust_02841,delivered,2017-11-11 21:12:08,2017-11-12 11:12:08,2017-11-14 21:12:08,2017-11-21 21:12:08,2017-11-25 21:12:08
order_002228,cust_01453,delivered,2017-01-23 20:44:38,2017-01-25 01:44:38,2017-01-24 20:44:38,2017-02-02 20:44:38,2017-02-04 20:44:38
order_002229,cust_02322,delivered,2017-06-25 02:32:50,2017-06-26 05:32:50,2017-06-27 02:32:50,2017-07-08 02:32:50,2017-07-10 02:32:50
order_002230,cust_02049,processing,2017-02-22 09:14:49,2017-02-22 15:14:49,2017-02-23 09:14:49,2017-03-05 09:14:49,2017-03-10 09:14:49
order_002231,cust_02204,delivered,2017-09-20 22:45:59,2017-09-21 20:45:59,2017-09-24 22:45:59,2017-09-24 22:45:59,2017-09-26 22:45:59
order_002232,cust_02672,delivered,2017-01-14 00:24:10,2017-01-15 01:24:10,2017-01-16 00:24:10,2017-01-17 00:24:10,2017-01-23 00:24:10
order_002233,cust_01445,delivered,2018-05-03 01:24:25,2018-05-03 04:24:25,2018-05-04 01:24:25,2018-05-18 01:24:25,2018-05-20 01:24:25
order_002234,cust_01917,delivered,2017-06-28 12:14:25,2017-06-30 05:14:25,2017-07-02 12:14:25,2017-07-11 12:14:25,2017-07-16 12:14:25
order_002235,cust_02246,delivered,2018-03-27 22:52:28,2018-03-29 19:52:28,2018-03-30 22:52:28,2018-04-01 22:52:28,2018-04-02 22:52:28
order_002236,cust_00532,delivered,2017-02-02 06:41:33,2017-02-02 07:41:33,2017-02-03 06:41:33,2017-02-04 06:41:33,2017-02-06 06:41:33
order_002237,cust_00804,processing,2017-01-21 18:32:52,2017-01-22 00:32:52,2017-01-23 18:32:52,2017-01-26 18:32:52,2017-01-29 18:32:52
order_002238,cust_00339,delivered,2017-09-15 16:38:30,2017-09-15 22:38:30,2017-09-18 16:38:30,2017-09-26 16:38:30,2017-09-29 16:38:30
order_002239,cust_00752,canceled,2018-04-25 03:30:18,2018-04-26 00:30:18,2018-04-29 03:30:18,2018-05-06 03:30:18,2018-05-07 03:30:18
order_002240,cust_01667,delivered,2018-05-10 06:54:28,2018-05-11 11:54:28,2018-05-14 06:54:28,2018-05-14 06:54:28,2018-05-16 06:54:28
order_002241,cust_03562,delivered,2017-11-28 14:58:41,2017-11-29 02:58:41,2017-12-02 14:58:41,2017-12-02 14:58:41,2017-12-08 14:58:41
order_002242,cust_03506,canceled,2018-01-09 11:33:38,2018-01-11 03:33:38,2018-01-10 11:33:38,2018-01-14 11:33:38,2018-01-20 11:33:38
order_002243,cust_02898,delivered,2018-02-23 05:41:43,2018-02-23 20:41:43,2018-02-25 05:41:43,2018-03-04 05:41:43,2018-03-07 05:41:43
order_002244,cust_02119,delivered,2018-02-14 04:48:48,2018-02-14 19:48:48,2018-02-15 04:48:48,2018-02-19 04:48:48,2018-02-20 04:48:48
order_002245,cust_00769,delivered,2018-03-27 13:22:21,2018-03-28 17:22:21,2018-03-29 13:22:21,2018-04-05 13:22:21,2018-04-07 13:22:21
order_002246,cust_01361,delivered,2017-01-20 19:52:27,2017-01-22 12:52:27,2017-01-22 19:52:27,2017-01-22 19:52:27,2017-01-28 19:52:27
order_002247,cust_02911,delivered,2017-09-18 09:54:42,2017-09-18 21:54:42,2017-09-20 09:54:42,2017-10-04 09:54:42,2017-10-10 09:54:42
order_002248,cust_03453,delivered,2018-05-26 22:12:37,2018-05-27 14:12:37,2018-05-27 22:12:37,2018-06-11 22:12:37,2018-06-16 22:12:37
order_002249,cust_03657,delivered,2017-09-25 16:00:46,2017-09-26 08:00:46,2017-09-27 16:00:46,2017-10-02 16:00:46,2017-10-08 16:00:46
order_002250,cust_01476,delivered,2017-03-30 09:40:48,2017-03-31 07:40:48,2017-04-01 09:40:48,2017-04-13 09:40:48,2017-04-18 09:40:48
order_002251,cust_01849,delivered,2018-02-09 16:57:56,2018-02-10 13:57:56,2018-02-13 16:57:56,2018-02-19 16:57:56,2018-02-23 16:57:56
order_002252,cust_01934,canceled,2017-07-04 10:46:23,2017-07-06 07:46:23,2017-07-06 10:46:23,2017-07-06 10:46:23,2017-07-11 10:46:23
order_002253,cust_00213,delivered,2017-11-07 18:09:37,2017-11-08 01:09:37,2017-11-08 18:09:37,2017-11-13 18:09:37,2017-11-17 18:09:37
order_002254,cust_00442,delivered,2017-11-11 23:35:03,2017-11-12 19:35:03,2017-11-14 23:35:03,2017-11-13 23:35:03,2017-11-16 23:35:03
order_002255,cust_00171,processing,2018-02-28 18:54:32,2018-03-01 06:54:32,2018-03-02 18:54:32,2018-03-13 18:54:32,2018-03-17 18:54:32
order_002256,cust_02802,delivered,2018-07-20 03:24:38,2018-07-21 08:24:38,2018-07-21 03:24:38,2018-08-03 03:24:38,2018-08-05 03:24:38
order_002257,cust_00852,delivered,2018-02-26 01:43:07,2018-02-27 14:43:07,2018-03-01 01:43:07,2018-03-09 01:43:07,2018-03-13 01:43:07
order_002258,cust_02661,delivered,2018-08-30 19:24:24,2018-09-01 15:24:24,2018-09-02 19:24:24,2018-09-01 19:24:24,2018-09-04 19:24:24
order_002259,cust_01426,shipped,2017-01-12 20:20:03,2017-01-13 17:20:03,2017-01-14 20:20:03,2017-01-17 20:20:03,2017-01-20 20:20:03
order_002260,cust_03018,delivered,2018-04-21 13:36:52,2018-04-22 02:36:52,2018-04-22 13:36:52,2018-04-30 13:36:52,2018-05-02 13:36:52
order_002261,cust_00439,delivered,2017-09-11 05:52:46,2017-09-13 03:52:46,2017-09-13 05:52:46,2017-09-15 05:52:46,2017-09-21 05:52:46
order_002262,cust_01235,canceled,2018-03-20 21:08:15,2018-03-21 02:08:15,2018-03-22 21:08:15,2018-03-23 21:08:15,2018-03-28 21:08:15
order_002263,cust_00778,delivered,2017-02-21 10:45:46,2017-02-21 17:45:46,2017-02-25 10:45:46,2017-02-27 10:45:46,2017-02-28 10:45:46
order_002264,cust_01657,delivered,2017-11-17 07:01:05,2017-11-19 05:01:05,2017-11-18 07:01:05,2017-11-28 07:01:05,2017-12-01 07:01:05
order_002265,cust_02135,delivered,2017-01-19 08:47:23,2017-01-21 02:47:23,2017-01-20 08:47:23,2017-01-22 08:47:23,2017-01-25 08:47:23
order_002266,cust_00639,delivered,2018-02-09 07:06:28,2018-02-10 10:06:28,2018-02-13 07:06:28,2018-02-26 07:06:28,2018-03-04 07:06:28
order_002267,cust_02534,delivered,2017-05-12 06:46:38,2017-05-12 22:46:38,2017-05-16 06:46:38,2017-05-21 06:46:38,2017-05-26 06:46:38
order_002268,cust_03665,delivered,2017-03-29 07:49:10,2017-03-31 05:49:10,2017-04-01 07:49:10,2017-04-02 07:49:10,2017-04-08 07:49:10
order_002269,cust_00164,delivered,2017-02-18 16:10:48,2017-02-20 14:10:48,2017-02-20 16:10:48,2017-02-20 16:10:48,2017-02-23 16:10:48
order_002270,cust_00327,delivered,2017-06-13 00:23:56,2017-06-14 17:23:56,2017-06-14 00:23:56,2017-06-30 00:23:56,2017-07-01 00:23:56
order_002271,cust_03618,processing,2018-08-07 08:42:33,2018-08-08 21:42:33,2018-08-11 08:42:33,2018-08-18 08:42:33,2018-08-23 08:42:33
order_002272,cust_02466,delivered,2018-08-22 04:04:38,2018-08-23 08:04:38,2018-08-25 04:04:38,2018-09-06 04:04:38,2018-09-08 04:04:38
order_002273,cust_03494,delivered,2017-02-18 15:33:19,2017-02-19 09:33:19,2017-02-20 15:33:19,2017-03-04 15:33:19,2017-03-08 15:33:19
order_002274,cust_02679,delivered,2018-08-19 23:52:12,2018-08-20 22:52:12,2018-08-21 23:52:12,2018-09-05 23:52:12,2018-09-08 23:52:12
order_002275,cust_02725,delivered,2017-12-24 18:54:28,2017-12-25 20:54:28,2017-12-25 18:54:28,2018-01-09 18:54:28,2018-01-12 18:54:28
order_002276,cust_00599,processing,2017-07-16 05:58:29,2017-07-17 04:58:29,2017-07-20 05:58:29,2017-07-30 05:58:29,2017-07-31 05:58:29
order_002277,cust_01944,delivered,2018-07-27 12:18:58,2018-07-29 05:18:58,2018-07-28 12:18:58,2018-08-11 12:18:58,2018-08-16 12:18:58
order_002278,cust_01388,delivered,2017-05-27 00:28:40,2017-05-27 08:28:40,2017-05-31 00:28:40,2017-06-11 00:28:40,2017-06-16 00:28:40
order_002279,cust_03167,delivered,2017-04-21 09:54:35,2017-04-21 13:54:35,2017-04-22 09:54:35,2017-04-27 09:54:35,2017-04-30 09:54:35
order_002280,cust_00163,delivered,2017-05-20 06:41:05,2017-05-21 04:41:05,2017-05-21 06:41:05,2017-05-31 06:41:05,2017-06-05 06:41:05
order_002281,cust_00069,delivered,2017-03-30 12:02:30,2017-03-30 22:02:30,2017-03-31 12:02:30,2017-04-16 12:02:30,2017-04-22 12:02:30
order_002282,cust_02115,delivered,2017-10-22 09:48:04,2017-10-24 00:48:04,2017-10-24 09:48:04,2017-11-06 09:48:04,2017-11-11 09:48:04
order_002283,cust_03687,delivered,2017-03-27 16:23:01,2017-03-29 08:23:01,2017-03-28 16:23:01,2017-03-30 16:23:01,2017-04-05 16:23:01
order_002284,cust_03780,delivered,2017-05-17 13:08:48,2017-05-19 12:08:48,2017-05-19 13:08:48,2017-05-20 13:08:48,2017-05-23 13:08:48
order_002285,cust_02255,delivered,2017-08-14 22:32:00,2017-08-15 17:32:00,2017-08-18 22:32:00,2017-08-19 22:32:00,2017-08-22 22:32:00
order_002286,cust_01633,delivered,2018-01-30 01:38:44,2018-01-31 23:38:44,2018-02-02 01:38:44,2018-02-12 01:38:44,2018-02-18 01:38:44
order_002287,cust_01037,delivered,2018-06-06 22:40:11,2018-06-07 03:40:11,2018-06-08 22:40:11,2018-06-14 22:40:11,2018-06-18 22:40:11
order_002288,cust_03762,delivered,2017-02-15 18:58:13,2017-02-17 16:58:13,2017-02-16 18:58:13,2017-02-27 18:58:13,2017-03-03 18:58:13
order_002289,cust_00696,delivered,2018-01-19 17:06:33,2018-01-20 05:06:33,2018-01-20 17:06:33,2018-01-23 17:06:33,2018-01-27 17:06:33
order_002290,cust_00479,delivered,2017-03-05 19:48:43,2017-03-05 20:48:43,2017-03-08 19:48:43,2017-03-07 19:48:43,2017-03-13 19:48:43
order_002291,cust_01931,delivered,2018-08-26 01:12:33,2018-08-27 16:12:33,2018-08-28 01:12:33,2018-09-09 01:12:33,2018-09-14 01:12:33
order_002292,cust_01491,delivered,2017-06-18 05:06:57,2017-06-19 06:06:57,2017-06-22 05:06:57,2017-06-24 05:06:57,2017-06-29 05:06:57
order_002293,cust_01884,delivered,2018-06-05 00:01:09,2018-06-05 20:01:09,2018-06-07 00:01:09,2018-06-07 00:01:09,2018-06-08 00:01:09
order_002294,cust_03427,delivered,2018-04-18 19:09:43,2018-04-19 05:09:43,2018-04-20 19:09:43,2018-04-23 19:09:43,2018-04-28 19:09:43
order_002295,cust_01025,delivered,2017-07-17 08:30:38,2017-07-18 04:30:38,2017-07-20 08:30:38,2017-07-24 08:30:38,2017-07-26 08:30:38
order_002296,cust_03331,delivered,2017-07-16 08:40:27,2017-07-17 13:40:27,2017-07-20 08:40:27,2017-07-24 08:40:27,2017-07-25 08:40:27
order_002297,cust_00804,delivered,2017-07-12 14:39:20,2017-07-12 21:39:20,2017-07-16 14:39:20,2017-07-28 14:39:20,2017-07-30 14:39:20
order_002298,cust_01229,delivered,2017-10-14 10:09:16,2017-10-16 07:09:16,2017-10-15 10:09:16,2017-10-19 10:09:16,2017-10-24 10:09:16
order_002299,cust_00016,delivered,2017-09-26 15:17:36,2017-09-28 02:17:36,2017-09-28 15:17:36,2017-10-07 15:17:36,2017-10-12 15:17:36
order_002300,cust_02578,delivered,2018-02-04 22:28:23,2018-02-06 16:28:23,2018-02-08 22:28:23,2018-02-10 22:28:23,2018-02-12 22:28:23
order_002301,cust_03262,shipped,2017-10-10 07:58:11,2017-10-10 10:58:11,2017-10-14 07:58:11,2017-10-19 07:58:11,2017-10-21 07:58:11
order_002302,cust_03367,delivered,2018-04-25 21:24:20,2018-04-27 14:24:20,2018-04-29 21:24:20,2018-05-01 21:24:20,2018-05-04 21:24:20
order_002303,cust_00636,delivered,2017-10-11 12:46:38,2017-10-13 05:46:38,2017-10-12 12:46:38,2017-10-18 12:46:38,2017-10-20 12:46:38
order_002304,cust_02914,delivered,2017-07-06 09:00:09,2017-07-07 03:00:09,2017-07-08 09:00:09,2017-07-17 09:00:09,2017-07-20 09:00:09
order_002305,cust_00537,delivered,2017-07-18 22:03:33,2017-07-20 01:03:33,2017-07-22 22:03:33,2017-07-29 22:03:33,2017-08-03 22:03:33
order_002306,cust_02388,delivered,2018-03-21 11:42:52,2018-03-22 11:42:52,2018-03-22 11:42:52,2018-03-25 11:42:52,2018-03-27 11:42:52
order_002307,cust_02669,delivered,2017-03-27 03:03:56,2017-03-28 18:03:56,2017-03-30 03:03:56,2017-03-31 03:03:56,2017-04-02 03:03:56
order_002308,cust_00579,delivered,2017-06-23 06:52:35,2017-06-23 20:52:35,2017-06-26 06:52:35,2017-06-28 06:52:35,2017-06-29 06:52:35
order_002309,cust_00419,delivered,2017-07-09 20:17:32,2017-07-11 16:17:32,2017-07-12 20:17:32,2017-07-25 20:17:32,2017-07-30 20:17:32
order_002310,cust_00277,delivered,2018-01-27 12:22:13,2018-01-28 15:22:13,2018-01-30 12:22:13,2018-02-03 12:22:13,2018-02-05 12:22:13
order_002311,cust_02691,delivered,2017-03-20 13:26:26,2017-03-20 14:26:26,2017-03-21 13:26:26,2017-03-31 13:26:26,2017-04-02 13:26:26
order_002312,cust_02335,delivered,2017-10-02 16:21:56,2017-10-03 07:21:56,2017-10-03 16:21:56,2017-10-11 16:21:56,2017-10-16 16:21:56
order_002313,cust_00453,shipped,2018-02-15 04:40:01,2018-02-15 11:40:01,2018-02-17 04:40:01,2018-02-22 04:40:01,2018-02-23 04:40:01
order_002314,cust_01901,delivered,2018-07-18 02:13:26,2018-07-19 17:13:26,2018-07-22 02:13:26,2018-07-20 02:13:26,2018-07-24 02:13:26
order_002315,cust_03024,delivered,2017-09-24 10:34:10,2017-09-25 06:34:10,2017-09-28 10:34:10,2017-10-03 10:34:10,2017-10-04 10:34:10
order_002316,cust_00904,delivered,2018-08-21 22:04:34,2018-08-22 20:04:34,2018-08-25 22:04:34,2018-09-07 22:04:34,2018-09-13 22:04:34
order_002317,cust_02301,delivered,2018-01-05 03:03:05,2018-01-05 20:03:05,2018-01-06 03:03:05,2018-01-22 03:03:05,2018-01-27 03:03:05
order_002318,cust_01112,delivered,2018-04-16 17:15:10,2018-04-18 02:15:10,2018-04-20 17:15:10,2018-04-22 17:15:10,2018-04-27 17:15:10
order_002319,cust_00991,delivered,2017-05-28 23:30:03,2017-05-30 22:30:03,2017-05-31 23:30:03,2017-06-07 23:30:03,2017-06-11 23:30:03
order_002320,cust_01489,delivered,2018-07-11 02:19:19,2018-07-12 20:19:19,2018-07-13 02:19:19,2018-07-17 02:19:19,2018-07-20 02:19:19
order_002321,cust_01338,delivered,2017-06-07 03:11:42,2017-06-09 02:11:42,2017-06-10 03:11:42,2017-06-23 03:11:42,2017-06-29 03:11:42
order_002322,cust_01882,delivered,2017-03-24 20:51:20,2017-03-25 11:51:20,2017-03-26 20:51:20,2017-04-03 20:51:20,2017-04-08 20:51:20
order_002323,cust_00780,shipped,2017-02-18 02:36:14,2017-02-19 10:36:14,2017-02-20 02:36:14,2017-03-06 02:36:14,2017-03-07 02:36:14
order_002324,cust_01482,delivered,2018-02-02 17:50:54,2018-02-03 23:50:54,2018-02-03 17:50:54,2018-02-17 17:50:54,2018-02-21 17:50:54
order_002325,cust_02365,processing,2018-01-18 19:08:01,2018-01-19 10:08:01,2018-01-21 19:08:01,2018-01-25 19:08:01,2018-01-29 19:08:01
order_002326,cust_01471,delivered,2017-05-01 07:30:54,2017-05-02 23:30:54,2017-05-03 07:30:54,2017-05-10 07:30:54,2017-05-12 07:30:54
order_002327,cust_02494,delivered,2018-06-19 06:59:59,2018-06-21 02:59:59,2018-06-23 06:59:59,2018-06-30 06:59:59,2018-07-03 06:59:59
order_002328,cust_00439,delivered,2017-06-18 12:30:51,2017-06-20 09:30:51,2017-06-19 12:30:51,2017-06-23 12:30:51,2017-06-29 12:30:51
order_002329,cust_00523,delivered,2018-01-06 12:09:24,2018-01-08 11:09:24,2018-01-08 12:09:24,2018-01-21 12:09:24,2018-01-22 12:09:24
order_002330,cust_03289,delivered,2017-11-14 20:38:35,2017-11-15 04:38:35,2017-11-15 20:38:35,2017-11-25 20:38:35,2017-12-01 20:38:35
order_002331,cust_01754,delivered,2017-12-27 14:13:00,2017-12-27 21:13:00,2017-12-28 14:13:00,2018-01-01 14:13:00,2018-01-06 14:13:00
order_002332,cust_02314,delivered,2018-03-28 23:14:06,2018-03-30 08:14:06,2018-03-31 23:14:06,2018-04-06 23:14:06,2018-04-07 23:14:06
order_002333,cust_02811,delivered,2018-07-18 05:45:29,2018-07-19 16:45:29,2018-07-22 05:45:29,2018-08-02 05:45:29,2018-08-04 05:45:29
order_002334,cust_00555,processing,2018-03-15 06:44:45,2018-03-16 03:44:45,2018-03-16 06:44:45,2018-03-23 06:44:45,2018-03-29 06:44:45
order_002335,cust_03694,delivered,2018-07-06 05:47:07,2018-07-06 13:47:07,2018-07-07 05:47:07,2018-07-19 05:47:07,2018-07-24 05:47:07
order_002336,cust_01610,delivered,2018-06-13 15:36:48,2018-06-14 05:36:48,2018-06-14 15:36:48,2018-06-30 15:36:48,2018-07-01 15:36:48
order_002337,cust_03380,delivered,2017-08-07 00:48:14,2017-08-07 07:48:14,2017-08-11 00:48:14,2017-08-14 00:48:14,2017-08-15 00:48:14
order_002338,cust_01583,delivered,2017-12-07 20:38:45,2017-12-08 04:38:45,2017-12-10 20:38:45,2017-12-24 20:38:45,2017-12-30 20:38:45
order_002339,cust_01541,delivered,2017-05-01 18:31:25,2017-05-02 03:31:25,2017-05-03 18:31:25,2017-05-09 18:31:25,2017-05-10 18:31:25
order_002340,cust_02282,delivered,2018-07-18 23:42:57,2018-07-20 03:42:57,2018-07-21 23:42:57,2018-07-28 23:42:57,2018-08-01 23:42:57
order_002341,cust_00725,delivered,2018-08-11 23:00:10,2018-08-13 00:00:10,2018-08-12 23:00:10,2018-08-25 23:00:10,2018-08-31 23:00:10
order_002342,cust_02313,delivered,2018-06-24 01:41:50,2018-06-24 17:41:50,2018-06-28 01:41:50,2018-06-27 01:41:50,2018-06-28 01:41:50
order_002343,cust_03736,delivered,2018-03-28 17:56:40,2018-03-29 19:56:40,2018-03-29 17:56:40,2018-04-10 17:56:40,2018-04-11 17:56:40
order_002344,cust_02451,shipped,2018-06-01 12:05:12,2018-06-02 20:05:12,2018-06-04 12:05:12,2018-06-12 12:05:12,2018-06-17 12:05:12
order_002345,cust_00266,shipped,2018-04-28 17:39:07,2018-04-28 22:39:07,2018-04-29 17:39:07,2018-05-10 17:39:07,2018-05-16 17:39:07
order_002346,cust_02652,delivered,2017-05-20 20:58:04,2017-05-21 10:58:04,2017-05-21 20:58:04,2017-06-06 20:58:04,2017-06-10 20:58:04
order_002347,cust_00126,delivered,2017-06-10 13:59:46,2017-06-10 23:59:46,2017-06-13 13:59:46,2017-06-19 13:59:46,2017-06-21 13:59:46
order_002348,cust_00392,delivered,2017-11-20 00:04:32,2017-11-20 01:04:32,2017-11-23 00:04:32,2017-12-06 00:04:32,2017-12-07 00:04:32
order_002349,cust_01081,processing,2017-09-13 20:45:14,2017-09-14 02:45:14,2017-09-15 20:45:14,2017-09-24 20:45:14,2017-09-30 20:45:14
order_002350,cust_01158,delivered,2018-03-24 10:29:37,2018-03-25 23:29:37,2018-03-27 10:29:37,2018-03-29 10:29:37,2018-04-03 10:29:37
order_002351,cust_00013,delivered,2018-03-24 11:00:35,2018-03-26 05:00:35,2018-03-28 11:00:35,2018-04-05 11:00:35,2018-04-11 11:00:35
order_002352,cust_00065,shipped,2018-08-17 14:01:14,2018-08-17 22:01:14,2018-08-19 14:01:14,2018-08-22 14:01:14,2018-08-27 14:01:14
order_002353,cust_02999,delivered,2018-04-25 21:52:42,2018-04-27 10:52:42,2018-04-29 21:52:42,2018-05-11 21:52:42,2018-05-14 21:52:42
order_002354,cust_01727,delivered,2017-01-08 12:38:08,2017-01-09 00:38:08,2017-01-09 12:38:08,2017-01-12 12:38:08,2017-01-15 12:38:08
order_002355,cust_00759,delivered,2017-07-27 04:59:02,2017-07-27 11:59:02,2017-07-31 04:59:02,2017-08-05 04:59:02,2017-08-08 04:59:02
order_002356,cust_01631,delivered,2017-07-18 17:35:11,2017-07-19 05:35:11,2017-07-22 17:35:11,2017-08-02 17:35:11,2017-08-07 17:35:11
order_002357,cust_02633,delivered,2018-01-21 15:11:32,2018-01-23 11:11:32,2018-01-23 15:11:32,2018-01-23 15:11:32,2018-01-24 15:11:32
order_002358,cust_02790,delivered,2017-07-28 01:34:21,2017-07-28 18:34:21,2017-07-29 01:34:21,2017-08-06 01:34:21,2017-08-07 01:34:21
order_002359,cust_01094,delivered,2018-08-18 12:47:02,2018-08-19 23:47:02,2018-08-20 12:47:02,2018-08-28 12:47:02,2018-09-03 12:47:02
order_002360,cust_00635,shipped,2017-06-25 18:51:00,2017-06-26 17:51:00,2017-06-27 18:51:00,2017-07-02 18:51:00,2017-07-04 18:51:00
order_002361,cust_03645,delivered,2017-09-24 21:13:06,2017-09-25 18:13:06,2017-09-27 21:13:06,2017-10-06 21:13:06,2017-10-07 21:13:06
order_002362,cust_02399,delivered,2018-05-12 06:47:45,2018-05-13 21:47:45,2018-05-13 06:47:45,2018-05-19 06:47:45,2018-05-24 06:47:45
order_002363,cust_03735,processing,2017-08-12 12:32:26,2017-08-14 11:32:26,2017-08-13 12:32:26,2017-08-19 12:32:26,2017-08-22 12:32:26
order_002364,cust_01165,delivered,2017-01-28 19:46:53,2017-01-30 02:46:53,2017-02-01 19:46:53,2017-02-03 19:46:53,2017-02-05 19:46:53
order_002365,cust_00422,delivered,2017-07-22 14:00:36,2017-07-24 06:00:36,2017-07-26 14:00:36,2017-08-02 14:00:36,2017-08-05 14:00:36
order_002366,cust_01451,processing,2017-08-07 10:04:03,2017-08-07 17:04:03,2017-08-10 10:04:03,2017-08-23 10:04:03,2017-08-26 10:04:03
order_002367,cust_01245,delivered,2018-01-08 04:25:18,2018-01-09 23:25:18,2018-01-12 04:25:18,2018-01-12 04:25:18,2018-01-16 04:25:18
order_002368,cust_02733,shipped,2018-03-09 01:01:48,2018-03-09 10:01:48,2018-03-13 01:01:48,2018-03-17 01:01:48,2018-03-23 01:01:48
order_002369,cust_02721,shipped,2017-11-30 16:33:43,2017-12-01 01:33:43,2017-12-04 16:33:43,2017-12-05 16:33:43,2017-12-11 16:33:43
order_002370,cust_00271,delivered,2017-09-05 23:08:02,2017-09-07 15:08:02,2017-09-09 23:08:02,2017-09-10 23:08:02,2017-09-15 23:08:02
order_002371,cust_02233,delivered,2017-11-02 14:25:10,2017-11-03 13:25:10,2017-11-03 14:25:10,2017-11-19 14:25:10,2017-11-22 14:25:10
order_002372,cust_01302,delivered,2017-03-29 18:43:59,2017-03-30 06:43:59,2017-04-02 18:43:59,2017-04-11 18:43:59,2017-04-15 18:43:59
order_002373,cust_02336,delivered,2017-04-21 16:15:07,2017-04-21 18:15:07,2017-04-25 16:15:07,2017-05-08 16:15:07,2017-05-09 16:15:07
order_002374,cust_01487,delivered,2018-01-07 08:20:51,2018-01-07 19:20:51,2018-01-08 08:20:51,2018-01-19 08:20:51,2018-01-23 08:20:51
order_002375,cust_02042,delivered,2018-06-11 12:32:51,2018-06-13 03:32:51,2018-06-12 12:32:51,2018-06-23 12:32:51,2018-06-28 12:32:51
order_002376,cust_02719,delivered,2017-11-14 06:28:50,2017-11-14 07:28:50,2017-11-16 06:28:50,2017-11-27 06:28:50,2017-12-03 06:28:50
order_002377,cust_01114,delivered,2017-02-06 05:21:25,2017-02-08 01:21:25,2017-02-10 05:21:25,2017-02-18 05:21:25,2017-02-19 05:21:25
order_002378,cust_00757,delivered,2018-08-20 14:08:06,2018-08-22 03:08:06,2018-08-24 14:08:06,2018-09-04 14:08:06,2018-09-10 14:08:06
order_002379,cust_02682,delivered,2017-07-17 15:30:15,2017-07-18 01:30:15,2017-07-20 15:30:15,2017-07-24 15:30:15,2017-07-28 15:30:15
order_002380,cust_03600,delivered,2018-04-01 23:41:42,2018-04-03 10:41:42,2018-04-05 23:41:42,2018-04-04 23:41:42,2018-04-05 23:41:42
order_002381,cust_01687,delivered,2018-06-30 05:40:07,2018-07-01 06:40:07,2018-07-01 05:40:07,2018-07-09 05:40:07,2018-07-15 05:40:07
order_002382,cust_03791,delivered,2018-08-23 06:57:50,2018-08-23 23:57:50,2018-08-27 06:57:50,2018-08-25 06:57:50,2018-08-28 06:57:50
order_002383,cust_00702,delivered,2017-03-12 03:59:13,2017-03-13 03:59:13,2017-03-16 03:59:13,2017-03-14 03:59:13,2017-03-17 03:59:13
order_002384,cust_03111,delivered,2017-04-24 22:45:30,2017-04-24 23:45:30,2017-04-28 22:45:30,2017-04-26 22:45:30,2017-04-28 22:45:30
order_002385,cust_03755,delivered,2018-01-28 18:45:19,2018-01-30 12:45:19,2018-01-30 18:45:19,2018-01-31 18:45:19,2018-02-01 18:45:19
order_002386,cust_01138,delivered,2018-04-09 07:55:45,2018-04-10 20:55:45,2018-04-12 07:55:45,2018-04-22 07:55:45,2018-04-23 07:55:45
order_002387,cust_00561,delivered,2018-05-23 23:15:16,2018-05-24 08:15:16,2018-05-25 23:15:16,2018-06-03 23:15:16,2018-06-05 23:15:16
order_002388,cust_02522,delivered,2017-12-02 16:53:54,2017-12-02 21:53:54,2017-12-04 16:53:54,2017-12-18 16:53:54,2017-12-20 16:53:54
order_002389,cust_03303,shipped,2017-04-07 11:25:58,2017-04-08 07:25:58,2017-04-11 11:25:58,2017-04-13 11:25:58,2017-04-16 11:25:58
order_002390,cust_00315,delivered,2018-03-10 09:09:41,2018-03-11 07:09:41,2018-03-13 09:09:41,2018-03-17 09:09:41,2018-03-21 09:09:41
order_002391,cust_02434,delivered,2018-02-11 13:39:39,2018-02-13 02:39:39,2018-02-15 13:39:39,2018-02-20 13:39:39,2018-02-26 13:39:39
order_002392,cust_03310,delivered,2017-10-12 02:02:28,2017-10-13 18:02:28,2017-10-14 02:02:28,2017-10-26 02:02:28,2017-10-31 02:02:28
order_002393,cust_00121,delivered,2018-01-23 04:07:46,2018-01-23 07:07:46,2018-01-24 04:07:46,2018-02-08 04:07:46,2018-02-11 04:07:46
order_002394,cust_01960,shipped,2017-05-10 22:28:06,2017-05-11 10:28:06,2017-05-11 22:28:06,2017-05-23 22:28:06,2017-05-29 22:28:06
order_002395,cust_00292,delivered,2018-05-09 04:57:33,2018-05-10 08:57:33,2018-05-12 04:57:33,2018-05-19 04:57:33,2018-05-23 04:57:33
order_002396,cust_00670,processing,2017-01-28 03:56:03,2017-01-28 21:56:03,2017-01-30 03:56:03,2017-02-14 03:56:03,2017-02-17 03:56:03
order_002397,cust_01848,delivered,2018-05-26 20:38:16,2018-05-28 19:38:16,2018-05-28 20:38:16,2018-05-30 20:38:16,2018-06-01 20:38:16
order_002398,cust_01244,delivered,2018-05-25 22:40:21,2018-05-27 06:40:21,2018-05-26 22:40:21,2018-06-03 22:40:21,2018-06-06 22:40:21
order_002399,cust_00323,delivered,2018-02-22 19:37:54,2018-02-23 11:37:54,2018-02-26 19:37:54,2018-02-27 19:37:54,2018-02-28 19:37:54
order_002400,cust_03042,delivered,2018-05-11 02:28:45,2018-05-12 10:28:45,2018-05-12 02:28:45,2018-05-15 02:28:45,2018-05-16 02:28:45
order_002401,cust_00771,delivered,2018-07-10 20:08:02,2018-07-11 17:08:02,2018-07-13 20:08:02,2018-07-18 20:08:02,2018-07-24 20:08:02
order_002402,cust_03306,delivered,2017-04-09 06:24:24,2017-04-10 04:24:24,2017-04-11 06:24:24,2017-04-23 06:24:24,2017-04-25 06:24:24
order_002403,cust_00671,delivered,2017-11-28 00:15:51,2017-11-29 10:15:51,2017-12-02 00:15:51,2017-12-05 00:15:51,2017-12-09 00:15:51
order_002404,cust_01974,delivered,2018-01-28 22:06:07,2018-01-29 19:06:07,2018-01-31 22:06:07,2018-02-12 22:06:07,2018-02-13 22:06:07
order_002405,cust_02762,delivered,2018-07-28 06:25:24,2018-07-29 15:25:24,2018-07-29 06:25:24,2018-08-08 06:25:24,2018-08-12 06:25:24
order_002406,cust_01825,delivered,2018-03-25 15:48:17,2018-03-26 11:48:17,2018-03-28 15:48:17,2018-04-07 15:48:17,2018-04-13 15:48:17
order_002407,cust_01584,delivered,2017-12-28 01:46:16,2017-12-29 05:46:16,2017-12-29 01:46:16,2018-01-02 01:46:16,2018-01-05 01:46:16
order_002408,cust_02852,delivered,2017-12-06 04:32:51,2017-12-07 03:32:51,2017-12-09 04:32:51,2017-12-21 04:32:51,2017-12-22 04:32:51
order_002409,cust_00044,delivered,2017-03-29 21:08:19,2017-03-31 00:08:19,2017-03-30 21:08:19,2017-04-03 21:08:19,2017-04-04 21:08:19
order_002410,cust_03139,delivered,2017-07-12 14:12:36,2017-07-13 07:12:36,2017-07-15 14:12:36,2017-07-19 14:12:36,2017-07-24 14:12:36
order_002411,cust_02621,delivered,2017-09-21 23:58:02,2017-09-22 05:58:02,2017-09-23 23:58:02,2017-10-05 23:58:02,2017-10-06 23:58:02
order_002412,cust_02906,delivered,2018-06-20 04:19:45,2018-06-20 17:19:45,2018-06-22 04:19:45,2018-07-03 04:19:45,2018-07-05 04:19:45
order_002413,cust_01599,delivered,2018-06-08 21:22:39,2018-06-09 14:22:39,2018-06-12 21:22:39,2018-06-14 21:22:39,2018-06-20 21:22:39
order_002414,cust_01460,canceled,2018-01-26 20:59:11,2018-01-27 11:59:11,2018-01-28 20:59:11,2018-02-01 20:59:11,2018-02-05 20:59:11
order_002415,cust_02173,shipped,2017-03-06 22:10:49,2017-03-07 18:10:49,2017-03-07 22:10:49,2017-03-14 22:10:49,2017-03-20 22:10:49
order_002416,cust_02439,delivered,2018-03-14 01:11:45,2018-03-15 00:11:45,2018-03-17 01:11:45,2018-03-23 01:11:45,2018-03-29 01:11:45
order_002417,cust_03515,delivered,2017-10-07 02:30:31,2017-10-07 14:30:31,2017-10-11 02:30:31,2017-10-09 02:30:31,2017-10-13 02:30:31
order_002418,cust_03257,delivered,2018-02-01 12:42:52,2018-02-02 06:42:52,2018-02-02 12:42:52,2018-02-06 12:42:52,2018-02-12 12:42:52
order_002419,cust_00204,delivered,2017-09-21 02:46:36,2017-09-21 16:46:36,2017-09-23 02:46:36,2017-09-25 02:46:36,2017-09-26 02:46:36
order_002420,cust_00576,delivered,2018-03-15 01:31:24,2018-03-16 05:31:24,2018-03-18 01:31:24,2018-03-19 01:31:24,2018-03-21 01:31:24
order_002421,cust_03597,delivered,2017-05-13 19:28:24,2017-05-14 18:28:24,2017-05-14 19:28:24,2017-05-20 19:28:24,2017-05-22 19:28:24
order_002422,cust_01474,delivered,2017-03-30 16:40:49,2017-03-31 22:40:49,2017-04-03 16:40:49,2017-04-01 16:40:49,2017-04-07 16:40:49
order_002423,cust_02205,delivered,2017-05-14 20:15:23,2017-05-15 17:15:23,2017-05-15 20:15:23,2017-05-26 20:15:23,2017-05-30 20:15:23
order_002424,cust_00215,delivered,2018-07-15 22:27:32,2018-07-17 21:27:32,2018-07-17 22:27:32,2018-07-27 22:27:32,2018-07-29 22:27:32
order_002425,cust_00397,delivered,2017-02-15 03:25:19,2017-02-16 02:25:19,2017-02-18 03:25:19,2017-02-20 03:25:19,2017-02-22 03:25:19
order_002426,cust_01553,delivered,2017-06-23 19:56:44,2017-06-25 00:56:44,2017-06-27 19:56:44,2017-07-09 19:56:44,2017-07-14 19:56:44
order_002427,cust_02725,delivered,2017-07-28 01:03:02,2017-07-28 22:03:02,2017-07-30 01:03:02,2017-08-08 01:03:02,2017-08-14 01:03:02
order_002428,cust_02934,delivered,2018-05-24 08:55:17,2018-05-25 19:55:17,2018-05-26 08:55:17,2018-05-31 08:55:17,2018-06-01 08:55:17
order_002429,cust_03399,delivered,2017-08-07 07:08:27,2017-08-08 10:08:27,2017-08-11 07:08:27,2017-08-12 07:08:27,2017-08-15 07:08:27
order_002430,cust_00748,delivered,2018-06-28 05:41:08,2018-06-28 10:41:08,2018-07-01 05:41:08,2018-07-06 05:41:08,2018-07-10 05:41:08
order_002431,cust_00766,shipped,2018-08-24 17:14:42,2018-08-26 04:14:42,2018-08-25 17:14:42,2018-09-10 17:14:42,2018-09-12 17:14:42
order_002432,cust_02059,delivered,2018-01-31 02:54:16,2018-02-01 14:54:16,2018-02-04 02:54:16,2018-02-02 02:54:16,2018-02-07 02:54:16
order_002433,cust_02078,shipped,2017-07-28 19:25:05,2017-07-29 14:25:05,2017-07-29 19:25:05,2017-07-30 19:25:05,2017-08-04 19:25:05
order_002434,cust_00139,delivered,2017-12-30 20:58:01,2017-12-31 20:58:01,2018-01-02 20:58:01,2018-01-07 20:58:01,2018-01-13 20:58:01
order_002435,cust_01699,delivered,2018-02-11 15:58:34,2018-02-11 16:58:34,2018-02-15 15:58:34,2018-02-27 15:58:34,2018-03-04 15:58:34
order_002436,cust_03411,canceled,2017-03-08 01:56:47,2017-03-09 18:56:47,2017-03-11 01:56:47,2017-03-14 01:56:47,2017-03-20 01:56:47
order_002437,cust_00622,delivered,2018-05-22 14:19:08,2018-05-24 03:19:08,2018-05-26 14:19:08,2018-06-04 14:19:08,2018-06-07 14:19:08
order_002438,cust_03116,delivered,2017-09-23 15:05:30,2017-09-25 13:05:30,2017-09-26 15:05:30,2017-10-04 15:05:30,2017-10-06 15:05:30
order_002439,cust_01699,shipped,2018-05-30 08:57:10,2018-05-31 13:57:10,2018-06-02 08:57:10,2018-06-04 08:57:10,2018-06-06 08:57:10
order_002440,cust_01992,delivered,2018-01-07 08:48:51,2018-01-07 19:48:51,2018-01-08 08:48:51,2018-01-23 08:48:51,2018-01-29 08:48:51
order_002441,cust_02438,delivered,2018-06-08 11:15:36,2018-06-09 01:15:36,2018-06-09 11:15:36,2018-06-12 11:15:36,2018-06-16 11:15:36
order_002442,cust_02681,processing,2017-02-19 23:53:55,2017-02-21 19:53:55,2017-02-22 23:53:55,2017-03-01 23:53:55,2017-03-03 23:53:55
order_002443,cust_02422,delivered,2017-01-26 00:05:15,2017-01-26 03:05:15,2017-01-29 00:05:15,2017-02-07 00:05:15,2017-02-12 00:05:15
order_002444,cust_00394,delivered,2017-03-09 12:12:42,2017-03-10 20:12:42,2017-03-12 12:12:42,2017-03-21 12:12:42,2017-03-23 12:12:42
order_002445,cust_01122,delivered,2018-06-16 07:36:22,2018-06-16 11:36:22,2018-06-17 07:36:22,2018-07-01 07:36:22,2018-07-03 07:36:22
order_002446,cust_03211,delivered,2018-08-28 13:10:15,2018-08-30 00:10:15,2018-08-29 13:10:15,2018-09-10 13:10:15,2018-09-11 13:10:15
order_002447,cust_00152,delivered,2018-08-31 00:05:42,2018-09-01 04:05:42,2018-09-01 00:05:42,2018-09-12 00:05:42,2018-09-18 00:05:42
order_002448,cust_02717,delivered,2017-07-21 22:01:45,2017-07-22 21:01:45,2017-07-22 22:01:45,2017-07-25 22:01:45,2017-07-27 22:01:45
order_002449,cust_01977,delivered,2017-06-10 10:58:04,2017-06-11 19:58:04,2017-06-11 10:58:04,2017-06-16 10:58:04,2017-06-21 10:58:04
order_002450,cust_00455,delivered,2017-08-01 23:16:16,2017-08-02 16:16:16,2017-08-05 23:16:16,2017-08-08 23:16:16,2017-08-09 23:16:16
order_002451,cust_00466,delivered,2018-05-12 03:42:04,2018-05-13 06:42:04,2018-05-16 03:42:04,2018-05-19 03:42:04,2018-05-20 03:42:04
order_002452,cust_03726,delivered,2017-06-02 14:00:26,2017-06-04 04:00:26,2017-06-03 14:00:26,2017-06-05 14:00:26,2017-06-10 14:00:26
order_002453,cust_00117,delivered,2017-11-29 16:18:56,2017-11-30 14:18:56,2017-12-01 16:18:56,2017-12-02 16:18:56,2017-12-03 16:18:56
order_002454,cust_00085,delivered,2018-01-28 19:06:30,2018-01-28 21:06:30,2018-02-01 19:06:30,2018-02-06 19:06:30,2018-02-07 19:06:30
order_002455,cust_00063,delivered,2017-08-08 00:12:58,2017-08-09 23:12:58,2017-08-10 00:12:58,2017-08-21 00:12:58,2017-08-23 00:12:58
order_002456,cust_02388,shipped,2017-10-15 15:14:03,2017-10-16 17:14:03,2017-10-17 15:14:03,2017-10-31 15:14:03,2017-11-04 15:14:03
order_002457,cust_03520,delivered,2018-02-09 03:32:51,2018-02-10 00:32:51,2018-02-11 03:32:51,2018-02-26 03:32:51,2018-02-27 03:32:51
order_002458,cust_00652,shipped,2018-04-26 10:15:27,2018-04-26 14:15:27,2018-04-28 10:15:27,2018-05-05 10:15:27,2018-05-06 10:15:27
order_002459,cust_03023,delivered,2017-04-26 01:16:51,2017-04-26 06:16:51,2017-04-29 01:16:51,2017-05-12 01:16:51,2017-05-15 01:16:51
order_002460,cust_02733,delivered,2017-11-08 01:22:32,2017-11-08 13:22:32,2017-11-11 01:22:32,2017-11-17 01:22:32,2017-11-22 01:22:32
order_002461,cust_00873,canceled,2017-04-04 18:23:30,2017-04-06 14:23:30,2017-04-07 18:23:30,2017-04-13 18:23:30,2017-04-14 18:23:30
order_002462,cust_00267,delivered,2017-01-10 17:13:33,2017-01-12 04:13:33,2017-01-13 17:13:33,2017-01-15 17:13:33,2017-01-17 17:13:33
order_002463,cust_01854,shipped,2018-01-28 21:29:12,2018-01-29 17:29:12,2018-01-30 21:29:12,2018-02-09 21:29:12,2018-02-11 21:29:12
order_002464,cust_00308,delivered,2017-10-21 16:48:22,2017-10-23 04:48:22,2017-10-23 16:48:22,2017-10-27 16:48:22,2017-10-29 16:48:22
order_002465,cust_00431,delivered,2017-06-07 14:18:00,2017-06-08 09:18:00,2017-06-11 14:18:00,2017-06-16 14:18:00,2017-06-18 14:18:00
order_002466,cust_01771,delivered,2017-02-03 02:48:03,2017-02-04 20:48:03,2017-02-05 02:48:03,2017-02-19 02:48:03,2017-02-23 02:48:03
order_002467,cust_03099,delivered,2018-07-30 18:21:45,2018-07-31 10:21:45,2018-08-03 18:21:45,2018-08-09 18:21:45,2018-08-10 18:21:45
order_002468,cust_03777,delivered,2018-05-18 05:31:17,2018-05-19 15:31:17,2018-05-20 05:31:17,2018-05-24 05:31:17,2018-05-30 05:31:17
order_002469,cust_02385,delivered,2018-07-23 02:33:33,2018-07-23 23:33:33,2018-07-25 02:33:33,2018-08-04 02:33:33,2018-08-06 02:33:33
order_002470,cust_01050,delivered,2017-03-11 17:34:15,2017-03-13 01:34:15,2017-03-14 17:34:15,2017-03-24 17:34:15,2017-03-30 17:34:15
order_002471,cust_01247,delivered,2017-01-09 14:06:46,2017-01-09 23:06:46,2017-01-11 14:06:46,2017-01-20 14:06:46,2017-01-25 14:06:46
order_002472,cust_02327,delivered,2017-05-12 03:35:35,2017-05-14 00:35:35,2017-05-14 03:35:35,2017-05-14 03:35:35,2017-05-17 03:35:35
order_002473,cust_00658,delivered,2017-03-03 13:10:54,2017-03-04 03:10:54,2017-03-05 13:10:54,2017-03-08 13:10:54,2017-03-10 13:10:54
order_002474,cust_01970,delivered,2017-10-07 16:34:56,2017-10-08 18:34:56,2017-10-10 16:34:56,2017-10-11 16:34:56,2017-10-17 16:34:56
order_002475,cust_02921,canceled,2018-01-28 11:58:23,2018-01-29 20:58:23,2018-01-29 11:58:23,2018-02-14 11:58:23,2018-02-20 11:58:23
order_002476,cust_03200,delivered,2017-04-29 17:13:53,2017-05-01 00:13:53,2017-05-01 17:13:53,2017-05-05 17:13:53,2017-05-09 17:13:53
order_002477,cust_00224,delivered,2017-08-30 12:06:30,2017-08-31 15:06:30,2017-09-03 12:06:30,2017-09-08 12:06:30,2017-09-09 12:06:30
order_002478,cust_01096,delivered,2017-11-24 08:28:48,2017-11-26 01:28:48,2017-11-26 08:28:48,2017-12-10 08:28:48,2017-12-16 08:28:48
order_002479,cust_00968,delivered,2017-07-12 05:21:43,2017-07-14 03:21:43,2017-07-15 05:21:43,2017-07-29 05:21:43,2017-08-01 05:21:43
order_002480,cust_02108,delivered,2017-10-08 06:11:46,2017-10-09 18:11:46,2017-10-10 06:11:46,2017-10-13 06:11:46,2017-10-14 06:11:46
order_002481,cust_00704,delivered,2017-12-25 19:25:07,2017-12-26 04:25:07,2017-12-29 19:25:07,2018-01-09 19:25:07,2018-01-14 19:25:07
order_002482,cust_03612,delivered,2018-08-03 08:57:10,2018-08-04 21:57:10,2018-08-04 08:57:10,2018-08-16 08:57:10,2018-08-17 08:57:10
order_002483,cust_03484,delivered,2017-07-08 17:11:17,2017-07-09 17:11:17,2017-07-12 17:11:17,2017-07-19 17:11:17,2017-07-22 17:11:17
order_002484,cust_01263,shipped,2017-02-23 08:37:14,2017-02-24 10:37:14,2017-02-27 08:37:14,2017-02-27 08:37:14,2017-02-28 08:37:14
order_002485,cust_01546,delivered,2018-06-13 12:36:39,2018-06-15 09:36:39,2018-06-15 12:36:39,2018-06-26 12:36:39,2018-06-29 12:36:39
order_002486,cust_01669,delivered,2017-12-17 14:34:06,2017-12-18 15:34:06,2017-12-21 14:34:06,2017-12-28 14:34:06,2018-01-02 14:34:06
order_002487,cust_00161,delivered,2017-10-15 11:27:55,2017-10-17 03:27:55,2017-10-19 11:27:55,2017-10-24 11:27:55,2017-10-25 11:27:55
order_002488,cust_03377,delivered,2018-03-15 17:51:08,2018-03-17 00:51:08,2018-03-16 17:51:08,2018-03-26 17:51:08,2018-03-27 17:51:08
order_002489,cust_02961,canceled,2018-08-20 22:10:45,2018-08-21 03:10:45,2018-08-23 22:10:45,2018-08-25 22:10:45,2018-08-31 22:10:45
order_002490,cust_01263,delivered,2017-03-19 20:40:55,2017-03-21 05:40:55,2017-03-20 20:40:55,2017-03-30 20:40:55,2017-04-01 20:40:55
order_002491,cust_02080,delivered,2018-06-08 22:06:51,2018-06-09 22:06:51,2018-06-12 22:06:51,2018-06-12 22:06:51,2018-06-13 22:06:51
order_002492,cust_01446,delivered,2018-01-22 00:43:11,2018-01-23 02:43:11,2018-01-26 00:43:11,2018-01-28 00:43:11,2018-02-01 00:43:11
order_002493,cust_00867,delivered,2017-12-22 18:13:24,2017-12-23 09:13:24,2017-12-24 18:13:24,2017-12-31 18:13:24,2018-01-02 18:13:24
order_002494,cust_01155,delivered,2018-06-10 17:26:14,2018-06-11 02:26:14,2018-06-12 17:26:14,2018-06-14 17:26:14,2018-06-20 17:26:14
order_002495,cust_00406,delivered,2017-07-04 09:53:51,2017-07-05 20:53:51,2017-07-08 09:53:51,2017-07-20 09:53:51,2017-07-21 09:53:51
order_002496,cust_03076,delivered,2018-04-24 07:32:25,2018-04-24 19:32:25,2018-04-26 07:32:25,2018-05-10 07:32:25,2018-05-14 07:32:25
order_002497,cust_02488,delivered,2017-12-13 01:16:32,2017-12-13 06:16:32,2017-12-16 01:16:32,2017-12-22 01:16:32,2017-12-28 01:16:32
order_002498,cust_03535,delivered,2018-07-23 20:07:38,2018-07-24 20:07:38,2018-07-26 20:07:38,2018-08-03 20:07:38,2018-08-08 20:07:38
order_002499,cust_00024,delivered,2017-10-12 20:09:52,2017-10-14 06:09:52,2017-10-14 20:09:52,2017-10-18 20:09:52,2017-10-19 20:09:52
order_002500,cust_02398,shipped,2018-03-15 01:49:01,2018-03-15 11:49:01,2018-03-17 01:49:01,2018-03-20 01:49:01,2018-03-22 01:49:01
order_002501,cust_02129,delivered,2017-10-30 13:58:16,2017-10-31 07:58:16,2017-11-03 13:58:16,2017-11-16 13:58:16,2017-11-17 13:58:16
order_002502,cust_02369,delivered,2017-08-28 13:13:41,2017-08-29 09:13:41,2017-08-30 13:13:41,2017-09-05 13:13:41,2017-09-11 13:13:41
order_002503,cust_03760,delivered,2017-08-17 04:08:16,2017-08-19 00:08:16,2017-08-19 04:08:16,2017-09-03 04:08:16,2017-09-05 04:08:16
order_002504,cust_01482,delivered,2018-07-14 13:10:05,2018-07-14 20:10:05,2018-07-18 13:10:05,2018-07-17 13:10:05,2018-07-18 13:10:05
order_002505,cust_00535,delivered,2018-05-25 19:28:54,2018-05-27 15:28:54,2018-05-28 19:28:54,2018-05-28 19:28:54,2018-05-31 19:28:54
order_002506,cust_00047,delivered,2017-05-18 07:50:10,2017-05-18 14:50:10,2017-05-21 07:50:10,2017-05-27 07:50:10,2017-05-29 07:50:10
order_002507,cust_01869,delivered,2018-06-11 17:25:04,2018-06-12 21:25:04,2018-06-13 17:25:04,2018-06-25 17:25:04,2018-06-26 17:25:04
order_002508,cust_00660,delivered,2017-12-21 23:17:14,2017-12-23 15:17:14,2017-12-24 23:17:14,2017-12-29 23:17:14,2018-01-01 23:17:14
order_002509,cust_00536,delivered,2017-03-05 10:54:52,2017-03-07 05:54:52,2017-03-06 10:54:52,2017-03-20 10:54:52,2017-03-26 10:54:52
order_002510,cust_00560,delivered,2018-04-11 02:33:58,2018-04-12 04:33:58,2018-04-12 02:33:58,2018-04-15 02:33:58,2018-04-17 02:33:58
order_002511,cust_01052,delivered,2017-04-09 07:08:12,2017-04-10 07:08:12,2017-04-13 07:08:12,2017-04-24 07:08:12,2017-04-30 07:08:12
order_002512,cust_00440,delivered,2018-06-15 03:16:24,2018-06-16 16:16:24,2018-06-17 03:16:24,2018-06-24 03:16:24,2018-06-28 03:16:24
order_002513,cust_01846,delivered,2017-10-04 08:27:56,2017-10-06 03:27:56,2017-10-08 08:27:56,2017-10-10 08:27:56,2017-10-13 08:27:56
order_002514,cust_02485,delivered,2018-07-12 15:27:44,2018-07-12 16:27:44,2018-07-16 15:27:44,2018-07-24 15:27:44,2018-07-29 15:27:44
order_002515,cust_01099,delivered,2017-10-21 04:51:48,2017-10-21 17:51:48,2017-10-23 04:51:48,2017-11-04 04:51:48,2017-11-07 04:51:48
order_002516,cust_00518,delivered,2017-02-21 12:20:35,2017-02-22 02:20:35,2017-02-25 12:20:35,2017-03-09 12:20:35,2017-03-11 12:20:35
order_002517,cust_02175,shipped,2018-04-12 23:57:13,2018-04-14 15:57:13,2018-04-15 23:57:13,2018-04-15 23:57:13,2018-04-17 23:57:13
order_002518,cust_00325,delivered,2018-03-18 06:20:49,2018-03-18 07:20:49,2018-03-22 06:20:49,2018-03-31 06:20:49,2018-04-01 06:20:49
order_002519,cust_02802,delivered,2017-07-03 21:07:01,2017-07-04 03:07:01,2017-07-05 21:07:01,2017-07-10 21:07:01,2017-07-14 21:07:01
order_002520,cust_01453,delivered,2017-05-05 07:18:09,2017-05-05 08:18:09,2017-05-06 07:18:09,2017-05-15 07:18:09,2017-05-16 07:18:09
order_002521,cust_01557,processing,2018-06-10 14:44:17,2018-06-12 11:44:17,2018-06-13 14:44:17,2018-06-19 14:44:17,2018-06-21 14:44:17
order_002522,cust_00946,delivered,2018-04-19 03:46:06,2018-04-19 05:46:06,2018-04-23 03:46:06,2018-05-03 03:46:06,2018-05-04 03:46:06
order_002523,cust_01074,delivered,2017-07-01 06:26:03,2017-07-01 19:26:03,2017-07-02 06:26:03,2017-07-09 06:26:03,2017-07-10 06:26:03
order_002524,cust_00554,delivered,2018-03-03 20:49:34,2018-03-04 21:49:34,2018-03-04 20:49:34,2018-03-09 20:49:34,2018-03-15 20:49:34
order_002525,cust_02120,delivered,2017-05-27 14:09:13,2017-05-28 07:09:13,2017-05-31 14:09:13,2017-06-05 14:09:13,2017-06-06 14:09:13
order_002526,cust_00555,delivered,2017-04-21 13:40:06,2017-04-21 18:40:06,2017-04-24 13:40:06,2017-05-03 13:40:06,2017-05-07 13:40:06
order_002527,cust_02586,delivered,2018-02-08 12:15:26,2018-02-09 08:15:26,2018-02-11 12:15:26,2018-02-23 12:15:26,2018-02-25 12:15:26
order_002528,cust_00973,shipped,2018-05-22 05:52:33,2018-05-23 19:52:33,2018-05-25 05:52:33,2018-05-24 05:52:33,2018-05-25 05:52:33
order_002529,cust_02148,delivered,2018-07-13 22:18:00,2018-07-14 12:18:00,2018-07-16 22:18:00,2018-07-24 22:18:00,2018-07-26 22:18:00
order_002530,cust_02040,delivered,2017-10-08 09:26:31,2017-10-09 10:26:31,2017-10-10 09:26:31,2017-10-11 09:26:31,2017-10-12 09:26:31
order_002531,cust_02406,shipped,2017-03-29 00:16:29,2017-03-29 23:16:29,2017-04-01 00:16:29,2017-04-09 00:16:29,2017-04-11 00:16:29
order_002532,cust_02880,shipped,2017-11-27 21:45:37,2017-11-28 09:45:37,2017-11-29 21:45:37,2017-12-08 21:45:37,2017-12-13 21:45:37
order_002533,cust_02130,delivered,2018-02-18 01:07:02,2018-02-18 02:07:02,2018-02-19 01:07:02,2018-03-05 01:07:02,2018-03-09 01:07:02
order_002534,cust_03240,delivered,2018-08-14 21:17:03,2018-08-16 13:17:03,2018-08-17 21:17:03,2018-08-19 21:17:03,2018-08-24 21:17:03
order_002535,cust_00984,canceled,2017-03-10 06:23:02,2017-03-12 05:23:02,2017-03-12 06:23:02,2017-03-24 06:23:02,2017-03-29 06:23:02
order_002536,cust_02855,delivered,2018-02-04 01:39:30,2018-02-05 01:39:30,2018-02-08 01:39:30,2018-02-17 01:39:30,2018-02-23 01:39:30
order_002537,cust_01303,delivered,2017-11-08 05:17:22,2017-11-09 21:17:22,2017-11-10 05:17:22,2017-11-20 05:17:22,2017-11-21 05:17:22
order_002538,cust_02387,delivered,2017-12-24 15:41:54,2017-12-25 08:41:54,2017-12-25 15:41:54,2018-01-05 15:41:54,2018-01-06 15:41:54
order_002539,cust_01869,delivered,2017-02-26 13:05:56,2017-02-28 10:05:56,2017-03-02 13:05:56,2017-03-08 13:05:56,2017-03-11 13:05:56
order_002540,cust_03448,delivered,2017-01-11 03:40:16,2017-01-12 06:40:16,2017-01-12 03:40:16,2017-01-14 03:40:16,2017-01-18 03:40:16
order_002541,cust_01030,delivered,2018-01-04 07:12:15,2018-01-05 21:12:15,2018-01-08 07:12:15,2018-01-19 07:12:15,2018-01-24 07:12:15
order_002542,cust_01974,canceled,2017-05-02 05:03:40,2017-05-03 13:03:40,2017-05-05 05:03:40,2017-05-10 05:03:40,2017-05-11 05:03:40
order_002543,cust_00625,delivered,2018-01-09 15:40:41,2018-01-11 11:40:41,2018-01-11 15:40:41,2018-01-12 15:40:41,2018-01-13 15:40:41
order_002544,cust_02406,canceled,2017-01-17 20:44:27,2017-01-18 23:44:27,2017-01-18 20:44:27,2017-01-28 20:44:27,2017-02-02 20:44:27
order_002545,cust_00140,shipped,2018-05-03 06:07:20,2018-05-04 22:07:20,2018-05-04 06:07:20,2018-05-20 06:07:20,2018-05-24 06:07:20
order_002546,cust_01564,delivered,2017-07-22 21:29:04,2017-07-24 17:29:04,2017-07-23 21:29:04,2017-08-04 21:29:04,2017-08-07 21:29:04
order_002547,cust_00037,delivered,2017-10-02 09:47:39,2017-10-03 21:47:39,2017-10-06 09:47:39,2017-10-07 09:47:39,2017-10-09 09:47:39
order_002548,cust_01244,shipped,2017-07-29 01:59:04,2017-07-29 18:59:04,2017-07-30 01:59:04,2017-08-13 01:59:04,2017-08-18 01:59:04
order_002549,cust_01839,delivered,2017-09-12 07:44:17,2017-09-12 12:44:17,2017-09-13 07:44:17,2017-09-27 07:44:17,2017-10-02 07:44:17
order_002550,cust_01260,delivered,2017-11-19 20:58:26,2017-11-20 16:58:26,2017-11-20 20:58:26,2017-11-26 20:58:26,2017-11-27 20:58:26
order_002551,cust_01466,shipped,2018-01-28 19:24:14,2018-01-30 04:24:14,2018-01-31 19:24:14,2018-02-07 19:24:14,2018-02-08 19:24:14
order_002552,cust_00563,delivered,2018-02-24 17:29:01,2018-02-26 10:29:01,2018-02-26 17:29:01,2018-03-11 17:29:01,2018-03-16 17:29:01
order_002553,cust_02715,shipped,2018-08-26 09:34:12,2018-08-27 22:34:12,2018-08-28 09:34:12,2018-08-30 09:34:12,2018-09-05 09:34:12
order_002554,cust_03027,delivered,2017-04-20 18:37:01,2017-04-22 00:37:01,2017-04-24 18:37:01,2017-04-27 18:37:01,2017-04-29 18:37:01
order_002555,cust_01728,delivered,2018-06-14 17:02:48,2018-06-15 19:02:48,2018-06-16 17:02:48,2018-06-23 17:02:48,2018-06-28 17:02:48
order_002556,cust_00210,delivered,2018-01-01 19:00:12,2018-01-03 17:00:12,2018-01-05 19:00:12,2018-01-03 19:00:12,2018-01-09 19:00:12
order_002557,cust_00237,delivered,2017-07-08 13:23:11,2017-07-09 01:23:11,2017-07-09 13:23:11,2017-07-12 13:23:11,2017-07-13 13:23:11
order_002558,cust_02563,delivered,2018-07-12 12:10:24,2018-07-14 02:10:24,2018-07-15 12:10:24,2018-07-23 12:10:24,2018-07-25 12:10:24
order_002559,cust_03529,shipped,2018-03-06 23:12:08,2018-03-08 01:12:08,2018-03-07 23:12:08,2018-03-12 23:12:08,2018-03-13 23:12:08
order_002560,cust_03284,delivered,2017-04-23 22:43:32,2017-04-24 23:43:32,2017-04-24 22:43:32,2017-04-28 22:43:32,2017-05-03 22:43:32
order_002561,cust_01540,delivered,2017-04-17 12:52:04,2017-04-18 07:52:04,2017-04-20 12:52:04,2017-04-23 12:52:04,2017-04-28 12:52:04
order_002562,cust_01890,delivered,2018-02-05 04:48:31,2018-02-06 10:48:31,2018-02-08 04:48:31,2018-02-08 04:48:31,2018-02-09 04:48:31
order_002563,cust_00619,delivered,2018-03-20 09:48:55,2018-03-22 08:48:55,2018-03-23 09:48:55,2018-04-01 09:48:55,2018-04-03 09:48:55
order_002564,cust_00266,delivered,2017-01-28 12:07:08,2017-01-29 08:07:08,2017-01-30 12:07:08,2017-02-03 12:07:08,2017-02-07 12:07:08
order_002565,cust_02909,delivered,2018-01-17 16:15:03,2018-01-17 22:15:03,2018-01-19 16:15:03,2018-01-29 16:15:03,2018-02-04 16:15:03
order_002566,cust_01627,delivered,2017-11-19 07:38:42,2017-11-19 13:38:42,2017-11-23 07:38:42,2017-12-04 07:38:42,2017-12-09 07:38:42
order_002567,cust_01888,processing,2018-08-13 01:05:23,2018-08-13 10:05:23,2018-08-14 01:05:23,2018-08-22 01:05:23,2018-08-24 01:05:23
order_002568,cust_01304,delivered,2018-03-27 19:44:18,2018-03-28 15:44:18,2018-03-29 19:44:18,2018-04-12 19:44:18,2018-04-15 19:44:18
order_002569,cust_01189,delivered,2018-07-07 22:46:34,2018-07-07 23:46:34,2018-07-11 22:46:34,2018-07-12 22:46:34,2018-07-13 22:46:34
order_002570,cust_03745,delivered,2017-01-21 01:59:05,2017-01-21 15:59:05,2017-01-24 01:59:05,2017-02-07 01:59:05,2017-02-09 01:59:05
order_002571,cust_03101,delivered,2018-04-10 07:38:37,2018-04-11 16:38:37,2018-04-14 07:38:37,2018-04-17 07:38:37,2018-04-21 07:38:37
order_002572,cust_02626,shipped,2017-07-22 10:24:29,2017-07-23 18:24:29,2017-07-23 10:24:29,2017-07-28 10:24:29,2017-07-31 10:24:29
order_002573,cust_01478,delivered,2017-12-03 18:15:00,2017-12-05 02:15:00,2017-12-04 18:15:00,2017-12-20 18:15:00,2017-12-24 18:15:00
order_002574,cust_02741,delivered,2018-06-18 18:33:48,2018-06-20 02:33:48,2018-06-22 18:33:48,2018-06-27 18:33:48,2018-06-29 18:33:48
order_002575,cust_01289,delivered,2018-06-13 08:14:22,2018-06-13 12:14:22,2018-06-16 08:14:22,2018-06-26 08:14:22,2018-06-30 08:14:22
order_002576,cust_01960,delivered,2017-05-18 07:29:46,2017-05-20 04:29:46,2017-05-22 07:29:46,2017-06-01 07:29:46,2017-06-05 07:29:46
order_002577,cust_00551,delivered,2017-05-26 09:43:27,2017-05-26 23:43:27,2017-05-30 09:43:27,2017-06-04 09:43:27,2017-06-06 09:43:27
order_002578,cust_02695,delivered,2018-03-16 05:46:17,2018-03-16 09:46:17,2018-03-18 05:46:17,2018-03-23 05:46:17,2018-03-24 05:46:17
order_002579,cust_00229,canceled,2018-06-18 10:28:35,2018-06-20 01:28:35,2018-06-19 10:28:35,2018-06-27 10:28:35,2018-06-30 10:28:35
order_002580,cust_02745,delivered,2018-01-08 06:18:04,2018-01-09 04:18:04,2018-01-12 06:18:04,2018-01-16 06:18:04,2018-01-17 06:18:04
order_002581,cust_02294,delivered,2017-02-03 01:26:44,2017-02-03 18:26:44,2017-02-05 01:26:44,2017-02-11 01:26:44,2017-02-12 01:26:44
order_002582,cust_00252,delivered,2017-04-10 17:07:34,2017-04-11 12:07:34,2017-04-11 17:07:34,2017-04-15 17:07:34,2017-04-17 17:07:34
order_002583,cust_01923,delivered,2018-04-01 18:53:29,2018-04-02 22:53:29,2018-04-04 18:53:29,2018-04-17 18:53:29,2018-04-20 18:53:29
order_002584,cust_00845,delivered,2018-03-27 06:52:58,2018-03-28 07:52:58,2018-03-28 06:52:58,2018-04-07 06:52:58,2018-04-09 06:52:58
order_002585,cust_01809,delivered,2018-06-30 09:37:11,2018-06-30 10:37:11,2018-07-01 09:37:11,2018-07-14 09:37:11,2018-07-15 09:37:11
order_002586,cust_00049,delivered,2017-11-20 09:39:51,2017-11-20 15:39:51,2017-11-24 09:39:51,2017-12-02 09:39:51,2017-12-04 09:39:51
order_002587,cust_02742,delivered,2017-09-17 00:31:52,2017-09-18 21:31:52,2017-09-18 00:31:52,2017-09-24 00:31:52,2017-09-30 00:31:52
order_002588,cust_01937,delivered,2017-03-10 13:05:45,2017-03-11 13:05:45,2017-03-13 13:05:45,2017-03-17 13:05:45,2017-03-22 13:05:45
order_002589,cust_01376,delivered,2018-04-21 11:00:07,2018-04-23 10:00:07,2018-04-23 11:00:07,2018-05-08 11:00:07,2018-05-11 11:00:07
order_002590,cust_03328,delivered,2018-08-01 22:34:41,2018-08-03 05:34:41,2018-08-02 22:34:41,2018-08-03 22:34:41,2018-08-04 22:34:41
order_002591,cust_02450,delivered,2017-01-28 08:55:20,2017-01-29 19:55:20,2017-02-01 08:55:20,2017-02-03 08:55:20,2017-02-06 08:55:20
order_002592,cust_02316,delivered,2017-10-27 19:03:51,2017-10-28 10:03:51,2017-10-28 19:03:51,2017-11-09 19:03:51,2017-11-15 19:03:51
order_002593,cust_00559,delivered,2017-08-05 09:22:28,2017-08-07 01:22:28,2017-08-08 09:22:28,2017-08-15 09:22:28,2017-08-20 09:22:28
order_002594,cust_01900,delivered,2018-03-30 04:26:48,2018-03-31 11:26:48,2018-03-31 04:26:48,2018-04-10 04:26:48,2018-04-15 04:26:48
order_002595,cust_02662,delivered,2018-04-10 08:22:04,2018-04-11 20:22:04,2018-04-13 08:22:04,2018-04-12 08:22:04,2018-04-14 08:22:04
order_002596,cust_03518,delivered,2017-05-13 21:11:38,2017-05-14 10:11:38,2017-05-14 21:11:38,2017-05-18 21:11:38,2017-05-21 21:11:38
order_002597,cust_02296,delivered,2018-08-02 06:09:05,2018-08-03 10:09:05,2018-08-06 06:09:05,2018-08-13 06:09:05,2018-08-14 06:09:05
order_002598,cust_00654,delivered,2017-03-25 20:16:27,2017-03-26 14:16:27,2017-03-27 20:16:27,2017-04-01 20:16:27,2017-04-07 20:16:27
order_002599,cust_02576,delivered,2018-04-20 15:58:16,2018-04-22 10:58:16,2018-04-21 15:58:16,2018-04-29 15:58:16,2018-04-30 15:58:16
order_002600,cust_00283,delivered,2018-03-27 17:53:07,2018-03-29 12:53:07,2018-03-28 17:53:07,2018-04-13 17:53:07,2018-04-17 17:53:07
order_002601,cust_01189,delivered,2017-04-09 18:03:36,2017-04-10 11:03:36,2017-04-12 18:03:36,2017-04-21 18:03:36,2017-04-23 18:03:36
order_002602,cust_03485,delivered,2018-02-14 12:24:20,2018-02-14 14:24:20,2018-02-17 12:24:20,2018-02-26 12:24:20,2018-03-02 12:24:20
order_002603,cust_03046,delivered,2017-06-14 14:26:40,2017-06-15 02:26:40,2017-06-16 14:26:40,2017-06-19 14:26:40,2017-06-24 14:26:40
order_002604,cust_03430,delivered,2017-06-16 01:40:32,2017-06-16 14:40:32,2017-06-19 01:40:32,2017-06-27 01:40:32,2017-06-29 01:40:32
order_002605,cust_01339,canceled,2017-02-22 16:46:38,2017-02-22 17:46:38,2017-02-26 16:46:38,2017-03-11 16:46:38,2017-03-12 16:46:38
order_002606,cust_02595,delivered,2018-03-30 17:04:34,2018-04-01 13:04:34,2018-04-02 17:04:34,2018-04-11 17:04:34,2018-04-15 17:04:34
order_002607,cust_02660,delivered,2018-05-06 02:29:19,2018-05-07 00:29:19,2018-05-09 02:29:19,2018-05-20 02:29:19,2018-05-24 02:29:19
order_002608,cust_00934,delivered,2017-11-04 12:26:24,2017-11-04 19:26:24,2017-11-08 12:26:24,2017-11-21 12:26:24,2017-11-22 12:26:24
order_002609,cust_03581,shipped,2018-04-17 12:12:53,2018-04-18 17:12:53,2018-04-18 12:12:53,2018-05-03 12:12:53,2018-05-04 12:12:53
order_002610,cust_03685,delivered,2017-07-31 07:26:04,2017-08-01 02:26:04,2017-08-01 07:26:04,2017-08-07 07:26:04,2017-08-11 07:26:04
order_002611,cust_00419,delivered,2017-12-10 01:35:13,2017-12-10 10:35:13,2017-12-11 01:35:13,2017-12-16 01:35:13,2017-12-20 01:35:13
order_002612,cust_02908,delivered,2018-04-24 00:14:18,2018-04-24 22:14:18,2018-04-25 00:14:18,2018-04-30 00:14:18,2018-05-01 00:14:18
order_002613,cust_01701,delivered,2017-09-19 05:00:18,2017-09-20 10:00:18,2017-09-21 05:00:18,2017-10-03 05:00:18,2017-10-07 05:00:18
order_002614,cust_02560,delivered,2018-01-11 05:32:42,2018-01-12 12:32:42,2018-01-12 05:32:42,2018-01-19 05:32:42,2018-01-22 05:32:42
order_002615,cust_02106,delivered,2017-03-30 05:05:10,2017-03-30 16:05:10,2017-04-03 05:05:10,2017-04-14 05:05:10,2017-04-15 05:05:10
order_002616,cust_00847,delivered,2017-11-05 14:32:11,2017-11-06 19:32:11,2017-11-07 14:32:11,2017-11-19 14:32:11,2017-11-23 14:32:11
order_002617,cust_00364,delivered,2018-06-02 10:06:27,2018-06-04 00:06:27,2018-06-03 10:06:27,2018-06-14 10:06:27,2018-06-18 10:06:27
order_002618,cust_01949,delivered,2018-04-16 02:41:43,2018-04-17 08:41:43,2018-04-19 02:41:43,2018-04-19 02:41:43,2018-04-20 02:41:43
order_002619,cust_03181,delivered,2017-07-02 02:00:50,2017-07-03 23:00:50,2017-07-04 02:00:50,2017-07-15 02:00:50,2017-07-20 02:00:50
order_002620,cust_03125,delivered,2017-11-28 15:43:48,2017-11-30 12:43:48,2017-11-29 15:43:48,2017-12-03 15:43:48,2017-12-05 15:43:48
order_002621,cust_01044,delivered,2018-01-12 22:25:44,2018-01-13 22:25:44,2018-01-16 22:25:44,2018-01-22 22:25:44,2018-01-26 22:25:44
order_002622,cust_03268,delivered,2018-07-25 19:40:19,2018-07-26 14:40:19,2018-07-28 19:40:19,2018-07-30 19:40:19,2018-08-04 19:40:19
order_002623,cust_01352,delivered,2018-05-19 18:11:09,2018-05-20 16:11:09,2018-05-23 18:11:09,2018-05-21 18:11:09,2018-05-27 18:11:09
order_002624,cust_02133,shipped,2018-05-13 07:38:10,2018-05-14 07:38:10,2018-05-17 07:38:10,2018-05-25 07:38:10,2018-05-27 07:38:10
order_002625,cust_01232,delivered,2018-04-03 16:53:44,2018-04-04 01:53:44,2018-04-07 16:53:44,2018-04-12 16:53:44,2018-04-15 16:53:44
order_002626,cust_01986,delivered,2017-08-06 01:58:03,2017-08-07 23:58:03,2017-08-07 01:58:03,2017-08-18 01:58:03,2017-08-19 01:58:03
order_002627,cust_02011,delivered,2017-08-18 04:06:46,2017-08-19 07:06:46,2017-08-22 04:06:46,2017-08-27 04:06:46,2017-09-02 04:06:46
order_002628,cust_02651,delivered,2017-10-10 03:21:09,2017-10-10 10:21:09,2017-10-11 03:21:09,2017-10-17 03:21:09,2017-10-19 03:21:09
order_002629,cust_01793,delivered,2017-09-17 04:24:30,2017-09-18 23:24:30,2017-09-19 04:24:30,2017-09-19 04:24:30,2017-09-24 04:24:30
order_002630,cust_02007,delivered,2018-08-06 08:35:23,2018-08-08 05:35:23,2018-08-10 08:35:23,2018-08-12 08:35:23,2018-08-18 08:35:23
order_002631,cust_02475,delivered,2018-06-17 01:02:50,2018-06-18 04:02:50,2018-06-20 01:02:50,2018-07-03 01:02:50,2018-07-06 01:02:50
order_002632,cust_01587,delivered,2018-06-29 19:31:20,2018-07-01 16:31:20,2018-07-03 19:31:20,2018-07-13 19:31:20,2018-07-18 19:31:20
order_002633,cust_01992,delivered,2018-01-05 17:09:38,2018-01-07 15:09:38,2018-01-09 17:09:38,2018-01-14 17:09:38,2018-01-17 17:09:38
order_002634,cust_00324,delivered,2017-04-27 15:13:21,2017-04-29 12:13:21,2017-04-28 15:13:21,2017-04-29 15:13:21,2017-05-03 15:13:21
order_002635,cust_03305,delivered,2017-03-29 04:12:40,2017-03-31 02:12:40,2017-04-01 04:12:40,2017-04-15 04:12:40,2017-04-17 04:12:40
order_002636,cust_00478,delivered,2017-06-16 20:49:45,2017-06-17 00:49:45,2017-06-19 20:49:45,2017-06-29 20:49:45,2017-07-05 20:49:45
order_002637,cust_03317,delivered,2018-01-31 00:09:11,2018-01-31 02:09:11,2018-02-01 00:09:11,2018-02-02 00:09:11,2018-02-03 00:09:11
order_002638,cust_02889,delivered,2017-08-10 23:51:58,2017-08-12 03:51:58,2017-08-11 23:51:58,2017-08-15 23:51:58,2017-08-19 23:51:58
order_002639,cust_03601,delivered,2018-02-03 17:26:34,2018-02-05 05:26:34,2018-02-05 17:26:34,2018-02-07 17:26:34,2018-02-13 17:26:34
order_002640,cust_00093,delivered,2018-06-19 04:51:41,2018-06-20 20:51:41,2018-06-22 04:51:41,2018-07-05 04:51:41,2018-07-10 04:51:41
order_002641,cust_00825,delivered,2017-07-23 04:43:21,2017-07-24 11:43:21,2017-07-27 04:43:21,2017-08-09 04:43:21,2017-08-14 04:43:21
order_002642,cust_00198,delivered,2018-07-18 16:40:32,2018-07-19 07:40:32,2018-07-21 16:40:32,2018-07-26 16:40:32,2018-07-30 16:40:32
order_002643,cust_01586,delivered,2017-11-08 19:23:44,2017-11-10 15:23:44,2017-11-12 19:23:44,2017-11-12 19:23:44,2017-11-18 19:23:44
order_002644,cust_03437,delivered,2018-05-03 11:11:47,2018-05-04 15:11:47,2018-05-04 11:11:47,2018-05-15 11:11:47,2018-05-21 11:11:47
order_002645,cust_02911,delivered,2017-02-06 01:26:31,2017-02-07 10:26:31,2017-02-08 01:26:31,2017-02-12 01:26:31,2017-02-14 01:26:31
order_002646,cust_02675,delivered,2017-06-17 11:50:36,2017-06-18 00:50:36,2017-06-19 11:50:36,2017-06-20 11:50:36,2017-06-24 11:50:36
order_002647,cust_03223,delivered,2018-07-20 11:30:23,2018-07-21 23:30:23,2018-07-24 11:30:23,2018-07-26 11:30:23,2018-07-29 11:30:23
order_002648,cust_00016,delivered,2018-06-24 07:48:50,2018-06-24 14:48:50,2018-06-27 07:48:50,2018-06-30 07:48:50,2018-07-02 07:48:50
order_002649,cust_02993,delivered,2017-12-14 21:40:18,2017-12-16 14:40:18,2017-12-17 21:40:18,2017-12-16 21:40:18,2017-12-21 21:40:18
order_002650,cust_01185,shipped,2017-01-20 08:13:13,2017-01-22 01:13:13,2017-01-23 08:13:13,2017-02-02 08:13:13,2017-02-03 08:13:13
order_002651,cust_02625,delivered,2017-02-06 05:50:44,2017-02-07 14:50:44,2017-02-08 05:50:44,2017-02-13 05:50:44,2017-02-14 05:50:44
order_002652,cust_02900,delivered,2017-09-15 16:13:50,2017-09-17 15:13:50,2017-09-19 16:13:50,2017-09-25 16:13:50,2017-09-26 16:13:50
order_002653,cust_02605,delivered,2018-06-30 14:50:20,2018-07-02 09:50:20,2018-07-03 14:50:20,2018-07-10 14:50:20,2018-07-12 14:50:20
order_002654,cust_01586,delivered,2017-08-18 14:53:57,2017-08-18 18:53:57,2017-08-21 14:53:57,2017-09-01 14:53:57,2017-09-05 14:53:57
order_002655,cust_02324,delivered,2018-06-22 12:05:49,2018-06-22 23:05:49,2018-06-25 12:05:49,2018-07-06 12:05:49,2018-07-12 12:05:49
order_002656,cust_01781,delivered,2017-11-22 07:38:38,2017-11-22 13:38:38,2017-11-26 07:38:38,2017-12-03 07:38:38,2017-12-09 07:38:38
order_002657,cust_02387,delivered,2017-03-23 06:10:57,2017-03-23 22:10:57,2017-03-25 06:10:57,2017-04-07 06:10:57,2017-04-13 06:10:57
order_002658,cust_01743,shipped,2017-12-07 02:50:45,2017-12-08 06:50:45,2017-12-10 02:50:45,2017-12-18 02:50:45,2017-12-23 02:50:45
order_002659,cust_01497,delivered,2017-08-10 04:27:21,2017-08-10 11:27:21,2017-08-14 04:27:21,2017-08-12 04:27:21,2017-08-15 04:27:21
order_002660,cust_00768,delivered,2017-05-18 13:52:40,2017-05-18 18:52:40,2017-05-21 13:52:40,2017-06-02 13:52:40,2017-06-07 13:52:40
order_002661,cust_01472,delivered,2018-02-15 09:44:48,2018-02-16 16:44:48,2018-02-16 09:44:48,2018-03-01 09:44:48,2018-03-03 09:44:48
order_002662,cust_02741,delivered,2017-05-05 17:44:43,2017-05-06 23:44:43,2017-05-06 17:44:43,2017-05-13 17:44:43,2017-05-17 17:44:43
order_002663,cust_03306,delivered,2018-07-05 19:18:10,2018-07-06 13:18:10,2018-07-06 19:18:10,2018-07-13 19:18:10,2018-07-14 19:18:10
order_002664,cust_00391,delivered,2018-05-04 13:24:24,2018-05-05 23:24:24,2018-05-06 13:24:24,2018-05-20 13:24:24,2018-05-26 13:24:24
order_002665,cust_00694,delivered,2018-04-21 02:30:41,2018-04-22 06:30:41,2018-04-22 02:30:41,2018-04-29 02:30:41,2018-05-05 02:30:41
order_002666,cust_01927,delivered,2017-02-16 00:05:15,2017-02-16 20:05:15,2017-02-19 00:05:15,2017-02-23 00:05:15,2017-02-28 00:05:15
order_002667,cust_02669,shipped,2018-08-08 05:28:59,2018-08-08 09:28:59,2018-08-12 05:28:59,2018-08-21 05:28:59,2018-08-23 05:28:59
order_002668,cust_00645,delivered,2017-10-27 06:46:32,2017-10-28 18:46:32,2017-10-28 06:46:32,2017-11-03 06:46:32,2017-11-05 06:46:32
order_002669,cust_01234,delivered,2018-03-22 01:46:03,2018-03-23 07:46:03,2018-03-24 01:46:03,2018-03-30 01:46:03,2018-04-04 01:46:03
order_002670,cust_00176,delivered,2017-04-27 18:41:09,2017-04-28 00:41:09,2017-04-28 18:41:09,2017-05-11 18:41:09,2017-05-14 18:41:09
order_002671,cust_00199,shipped,2018-04-12 08:48:36,2018-04-12 17:48:36,2018-04-13 08:48:36,2018-04-17 08:48:36,2018-04-21 08:48:36
order_002672,cust_00544,delivered,2017-07-14 17:49:16,2017-07-15 08:49:16,2017-07-15 17:49:16,2017-07-16 17:49:16,2017-07-19 17:49:16
order_002673,cust_02770,delivered,2018-03-06 05:00:41,2018-03-06 14:00:41,2018-03-09 05:00:41,2018-03-13 05:00:41,2018-03-19 05:00:41
order_002674,cust_03303,delivered,2017-06-18 00:14:59,2017-06-19 14:14:59,2017-06-22 00:14:59,2017-06-22 00:14:59,2017-06-23 00:14:59
order_002675,cust_01895,delivered,2018-07-21 03:17:14,2018-07-22 23:17:14,2018-07-24 03:17:14,2018-07-28 03:17:14,2018-07-31 03:17:14
order_002676,cust_00669,delivered,2018-03-07 11:17:13,2018-03-07 16:17:13,2018-03-10 11:17:13,2018-03-10 11:17:13,2018-03-12 11:17:13
order_002677,cust_03501,delivered,2017-10-02 11:30:45,2017-10-02 23:30:45,2017-10-03 11:30:45,2017-10-13 11:30:45,2017-10-18 11:30:45
order_002678,cust_01057,canceled,2017-10-05 10:29:44,2017-10-06 00:29:44,2017-10-09 10:29:44,2017-10-15 10:29:44,2017-10-17 10:29:44
order_002679,cust_00587,delivered,2017-01-01 23:01:37,2017-01-03 22:01:37,2017-01-04 23:01:37,2017-01-07 23:01:37,2017-01-09 23:01:37
order_002680,cust_00524,delivered,2017-07-02 15:39:17,2017-07-03 21:39:17,2017-07-06 15:39:17,2017-07-14 15:39:17,2017-07-16 15:39:17
order_002681,cust_01341,delivered,2018-04-25 17:33:59,2018-04-27 14:33:59,2018-04-27 17:33:59,2018-04-29 17:33:59,2018-05-05 17:33:59
order_002682,cust_02795,delivered,2018-05-21 02:59:58,2018-05-21 14:59:58,2018-05-24 02:59:58,2018-05-23 02:59:58,2018-05-25 02:59:58
order_002683,cust_01509,delivered,2018-08-31 11:10:25,2018-08-31 15:10:25,2018-09-02 11:10:25,2018-09-09 11:10:25,2018-09-15 11:10:25
order_002684,cust_01692,delivered,2017-02-22 14:54:50,2017-02-23 13:54:50,2017-02-25 14:54:50,2017-02-26 14:54:50,2017-03-04 14:54:50
order_002685,cust_01293,delivered,2017-06-02 14:02:05,2017-06-04 05:02:05,2017-06-03 14:02:05,2017-06-17 14:02:05,2017-06-23 14:02:05
order_002686,cust_03585,shipped,2018-04-11 22:43:33,2018-04-13 14:43:33,2018-04-13 22:43:33,2018-04-17 22:43:33,2018-04-20 22:43:33
order_002687,cust_02597,delivered,2017-08-08 11:25:02,2017-08-09 10:25:02,2017-08-09 11:25:02,2017-08-16 11:25:02,2017-08-20 11:25:02
order_002688,cust_02524,shipped,2017-05-31 08:55:19,2017-05-31 21:55:19,2017-06-03 08:55:19,2017-06-06 08:55:19,2017-06-11 08:55:19
order_002689,cust_01662,delivered,2017-06-21 22:39:54,2017-06-22 01:39:54,2017-06-24 22:39:54,2017-06-29 22:39:54,2017-06-30 22:39:54
order_002690,cust_02019,delivered,2018-07-13 08:05:47,2018-07-14 05:05:47,2018-07-17 08:05:47,2018-07-16 08:05:47,2018-07-17 08:05:47
order_002691,cust_03362,delivered,2018-06-06 13:41:05,2018-06-07 15:41:05,2018-06-08 13:41:05,2018-06-22 13:41:05,2018-06-24 13:41:05
order_002692,cust_02495,delivered,2017-01-04 00:40:42,2017-01-04 01:40:42,2017-01-08 00:40:42,2017-01-08 00:40:42,2017-01-14 00:40:42
order_002693,cust_03092,delivered,2018-05-27 03:58:25,2018-05-28 23:58:25,2018-05-31 03:58:25,2018-06-04 03:58:25,2018-06-05 03:58:25
order_002694,cust_00153,delivered,2017-12-05 01:22:38,2017-12-06 11:22:38,2017-12-07 01:22:38,2017-12-20 01:22:38,2017-12-25 01:22:38
order_002695,cust_03266,delivered,2018-05-29 10:01:41,2018-05-30 02:01:41,2018-06-02 10:01:41,2018-06-06 10:01:41,2018-06-12 10:01:41
order_002696,cust_03612,delivered,2018-01-14 22:21:27,2018-01-15 15:21:27,2018-01-18 22:21:27,2018-01-27 22:21:27,2018-02-02 22:21:27
order_002697,cust_02538,canceled,2018-02-23 01:42:38,2018-02-23 18:42:38,2018-02-25 01:42:38,2018-02-26 01:42:38,2018-03-02 01:42:38
order_002698,cust_03634,delivered,2017-12-17 23:24:43,2017-12-19 16:24:43,2017-12-19 23:24:43,2017-12-23 23:24:43,2017-12-27 23:24:43
order_002699,cust_02157,delivered,2018-03-23 20:51:18,2018-03-25 07:51:18,2018-03-24 20:51:18,2018-04-06 20:51:18,2018-04-11 20:51:18
order_002700,cust_01049,delivered,2018-05-11 00:08:07,2018-05-11 05:08:07,2018-05-13 00:08:07,2018-05-17 00:08:07,2018-05-21 00:08:07
order_002701,cust_02303,delivered,2017-11-06 00:22:13,2017-11-06 15:22:13,2017-11-08 00:22:13,2017-11-14 00:22:13,2017-11-19 00:22:13
order_002702,cust_02387,delivered,2017-03-10 21:36:58,2017-03-12 10:36:58,2017-03-12 21:36:58,2017-03-13 21:36:58,2017-03-16 21:36:58
order_002703,cust_00549,delivered,2017-02-26 14:02:48,2017-02-27 07:02:48,2017-02-28 14:02:48,2017-03-08 14:02:48,2017-03-14 14:02:48
order_002704,cust_00767,delivered,2017-09-10 04:10:30,2017-09-11 19:10:30,2017-09-11 04:10:30,2017-09-17 04:10:30,2017-09-20 04:10:30
order_002705,cust_01107,delivered,2017-10-15 22:53:30,2017-10-16 22:53:30,2017-10-17 22:53:30,2017-10-30 22:53:30,2017-11-01 22:53:30
order_002706,cust_02080,delivered,2018-06-10 13:28:21,2018-06-12 02:28:21,2018-06-11 13:28:21,2018-06-18 13:28:21,2018-06-23 13:28:21
order_002707,cust_00562,delivered,2017-01-21 15:14:42,2017-01-22 16:14:42,2017-01-22 15:14:42,2017-02-05 15:14:42,2017-02-09 15:14:42
order_002708,cust_02928,delivered,2018-06-25 16:16:31,2018-06-27 03:16:31,2018-06-28 16:16:31,2018-07-11 16:16:31,2018-07-12 16:16:31
order_002709,cust_00415,delivered,2017-02-03 04:50:19,2017-02-04 01:50:19,2017-02-07 04:50:19,2017-02-18 04:50:19,2017-02-19 04:50:19
order_002710,cust_03571,delivered,2017-10-30 08:37:02,2017-10-30 20:37:02,2017-10-31 08:37:02,2017-11-12 08:37:02,2017-11-13 08:37:02
order_002711,cust_02568,delivered,2017-09-14 03:05:17,2017-09-15 21:05:17,2017-09-17 03:05:17,2017-09-25 03:05:17,2017-09-29 03:05:17
order_002712,cust_01289,delivered,2017-12-06 12:41:44,2017-12-07 08:41:44,2017-12-10 12:41:44,2017-12-15 12:41:44,2017-12-21 12:41:44
order_002713,cust_01415,delivered,2017-01-26 23:41:44,2017-01-27 00:41:44,2017-01-29 23:41:44,2017-01-29 23:41:44,2017-01-31 23:41:44
order_002714,cust_02635,delivered,2018-04-10 15:03:39,2018-04-11 10:03:39,2018-04-11 15:03:39,2018-04-14 15:03:39,2018-04-15 15:03:39
order_002715,cust_00337,processing,2017-03-23 16:36:28,2017-03-24 12:36:28,2017-03-27 16:36:28,2017-03-31 16:36:28,2017-04-06 16:36:28
order_002716,cust_02722,delivered,2018-04-20 04:39:15,2018-04-20 16:39:15,2018-04-21 04:39:15,2018-05-02 04:39:15,2018-05-07 04:39:15
order_002717,cust_02098,delivered,2017-12-11 13:00:24,2017-12-13 07:00:24,2017-12-14 13:00:24,2017-12-13 13:00:24,2017-12-17 13:00:24
order_002718,cust_00840,delivered,2018-06-24 23:51:43,2018-06-25 23:51:43,2018-06-26 23:51:43,2018-07-10 23:51:43,2018-07-12 23:51:43
order_002719,cust_03409,delivered,2018-08-19 02:06:52,2018-08-19 20:06:52,2018-08-22 02:06:52,2018-09-05 02:06:52,2018-09-10 02:06:52
order_002720,cust_02390,delivered,2018-05-29 04:53:35,2018-05-30 13:53:35,2018-05-30 04:53:35,2018-06-01 04:53:35,2018-06-04 04:53:35
order_002721,cust_00621,delivered,2017-10-02 17:16:37,2017-10-04 00:16:37,2017-10-06 17:16:37,2017-10-05 17:16:37,2017-10-07 17:16:37
order_002722,cust_02490,delivered,2017-09-09 00:14:53,2017-09-09 23:14:53,2017-09-10 00:14:53,2017-09-24 00:14:53,2017-09-26 00:14:53
order_002723,cust_01562,shipped,2018-02-08 04:57:29,2018-02-10 02:57:29,2018-02-12 04:57:29,2018-02-13 04:57:29,2018-02-14 04:57:29
order_002724,cust_02903,delivered,2018-01-31 22:39:46,2018-02-02 20:39:46,2018-02-01 22:39:46,2018-02-04 22:39:46,2018-02-07 22:39:46
order_002725,cust_01870,delivered,2018-04-26 00:27:35,2018-04-26 23:27:35,2018-04-28 00:27:35,2018-04-30 00:27:35,2018-05-05 00:27:35
order_002726,cust_03799,delivered,2017-10-21 10:17:56,2017-10-22 20:17:56,2017-10-24 10:17:56,2017-11-03 10:17:56,2017-11-08 10:17:56
order_002727,cust_03523,delivered,2017-10-09 07:55:06,2017-10-09 10:55:06,2017-10-12 07:55:06,2017-10-13 07:55:06,2017-10-18 07:55:06
order_002728,cust_00152,delivered,2017-03-13 09:34:00,2017-03-14 06:34:00,2017-03-15 09:34:00,2017-03-17 09:34:00,2017-03-23 09:34:00
order_002729,cust_01561,shipped,2017-04-13 06:11:36,2017-04-14 03:11:36,2017-04-15 06:11:36,2017-04-21 06:11:36,2017-04-27 06:11:36
order_002730,cust_00768,delivered,2018-05-15 06:36:58,2018-05-16 01:36:58,2018-05-18 06:36:58,2018-05-26 06:36:58,2018-05-28 06:36:58
order_002731,cust_01710,shipped,2018-08-25 18:15:27,2018-08-27 10:15:27,2018-08-26 18:15:27,2018-09-11 18:15:27,2018-09-14 18:15:27
order_002732,cust_00551,canceled,2018-01-01 00:37:11,2018-01-02 04:37:11,2018-01-02 00:37:11,2018-01-06 00:37:11,2018-01-09 00:37:11
order_002733,cust_02035,delivered,2017-07-29 03:06:33,2017-07-30 02:06:33,2017-07-31 03:06:33,2017-08-04 03:06:33,2017-08-09 03:06:33
order_002734,cust_00586,delivered,2017-02-05 06:20:58,2017-02-06 03:20:58,2017-02-06 06:20:58,2017-02-15 06:20:58,2017-02-21 06:20:58
order_002735,cust_02367,delivered,2017-01-27 19:50:08,2017-01-29 01:50:08,2017-01-28 19:50:08,2017-02-04 19:50:08,2017-02-10 19:50:08
order_002736,cust_01726,delivered,2018-02-16 09:26:21,2018-02-16 20:26:21,2018-02-17 09:26:21,2018-02-27 09:26:21,2018-02-28 09:26:21
order_002737,cust_03773,delivered,2018-01-26 00:50:08,2018-01-26 12:50:08,2018-01-30 00:50:08,2018-01-31 00:50:08,2018-02-04 00:50:08
order_002738,cust_03338,canceled,2017-06-22 12:29:16,2017-06-23 13:29:16,2017-06-23 12:29:16,2017-07-03 12:29:16,2017-07-04 12:29:16
order_002739,cust_02280,delivered,2017-04-25 15:03:22,2017-04-26 07:03:22,2017-04-26 15:03:22,2017-05-11 15:03:22,2017-05-13 15:03:22
order_002740,cust_01705,delivered,2017-02-12 10:59:00,2017-02-13 18:59:00,2017-02-16 10:59:00,2017-02-24 10:59:00,2017-02-27 10:59:00
order_002741,cust_02720,delivered,2018-02-19 02:07:38,2018-02-20 21:07:38,2018-02-21 02:07:38,2018-03-04 02:07:38,2018-03-08 02:07:38
order_002742,cust_02540,delivered,2018-01-04 21:05:48,2018-01-05 14:05:48,2018-01-06 21:05:48,2018-01-07 21:05:48,2018-01-12 21:05:48
order_002743,cust_00529,delivered,2017-07-22 20:35:47,2017-07-24 00:35:47,2017-07-25 20:35:47,2017-08-07 20:35:47,2017-08-13 20:35:47
order_002744,cust_01430,delivered,2018-03-22 21:52:18,2018-03-23 11:52:18,2018-03-25 21:52:18,2018-04-04 21:52:18,2018-04-07 21:52:18
order_002745,cust_03770,delivered,2018-05-29 23:08:03,2018-05-31 13:08:03,2018-05-31 23:08:03,2018-06-10 23:08:03,2018-06-14 23:08:03
order_002746,cust_01214,delivered,2017-11-11 07:36:42,2017-11-11 18:36:42,2017-11-15 07:36:42,2017-11-15 07:36:42,2017-11-16 07:36:42
order_002747,cust_00050,delivered,2017-06-09 10:07:11,2017-06-10 11:07:11,2017-06-10 10:07:11,2017-06-19 10:07:11,2017-06-20 10:07:11
order_002748,cust_03170,delivered,2017-01-04 23:01:45,2017-01-05 17:01:45,2017-01-05 23:01:45,2017-01-16 23:01:45,2017-01-22 23:01:45
order_002749,cust_03544,delivered,2018-04-29 10:47:39,2018-04-30 22:47:39,2018-05-02 10:47:39,2018-05-10 10:47:39,2018-05-16 10:47:39
order_002750,cust_02491,delivered,2017-12-17 20:45:30,2017-12-18 08:45:30,2017-12-21 20:45:30,2017-12-20 20:45:30,2017-12-26 20:45:30
order_002751,cust_02412,delivered,2017-07-31 15:32:42,2017-08-01 01:32:42,2017-08-04 15:32:42,2017-08-02 15:32:42,2017-08-04 15:32:42
order_002752,cust_01333,delivered,2017-01-05 22:15:47,2017-01-07 10:15:47,2017-01-08 22:15:47,2017-01-14 22:15:47,2017-01-18 22:15:47
order_002753,cust_01365,delivered,2018-05-10 00:14:59,2018-05-11 03:14:59,2018-05-11 00:14:59,2018-05-23 00:14:59,2018-05-25 00:14:59
order_002754,cust_03473,delivered,2018-07-18 16:57:06,2018-07-19 23:57:06,2018-07-21 16:57:06,2018-07-26 16:57:06,2018-07-31 16:57:06
order_002755,cust_03260,shipped,2017-10-20 19:13:12,2017-10-22 09:13:12,2017-10-21 19:13:12,2017-11-02 19:13:12,2017-11-05 19:13:12
order_002756,cust_01894,delivered,2017-06-12 04:45:30,2017-06-12 18:45:30,2017-06-16 04:45:30,2017-06-29 04:45:30,2017-07-05 04:45:30
order_002757,cust_01189,shipped,2018-01-12 17:38:59,2018-01-13 05:38:59,2018-01-13 17:38:59,2018-01-28 17:38:59,2018-01-31 17:38:59
order_002758,cust_00715,delivered,2018-06-14 04:41:07,2018-06-16 03:41:07,2018-06-15 04:41:07,2018-06-26 04:41:07,2018-06-30 04:41:07
order_002759,cust_00041,delivered,2017-12-24 21:42:56,2017-12-25 03:42:56,2017-12-27 21:42:56,2018-01-06 21:42:56,2018-01-10 21:42:56
order_002760,cust_01836,delivered,2017-01-08 21:48:27,2017-01-10 04:48:27,2017-01-11 21:48:27,2017-01-11 21:48:27,2017-01-16 21:48:27
order_002761,cust_02104,delivered,2017-04-29 00:05:20,2017-04-29 19:05:20,2017-05-01 00:05:20,2017-05-02 00:05:20,2017-05-03 00:05:20
order_002762,cust_02563,canceled,2017-03-01 12:10:08,2017-03-01 19:10:08,2017-03-03 12:10:08,2017-03-14 12:10:08,2017-03-17 12:10:08
order_002763,cust_03059,delivered,2017-09-08 09:10:47,2017-09-10 06:10:47,2017-09-11 09:10:47,2017-09-22 09:10:47,2017-09-25 09:10:47
order_002764,cust_01395,delivered,2017-10-02 21:22:16,2017-10-04 12:22:16,2017-10-05 21:22:16,2017-10-07 21:22:16,2017-10-09 21:22:16
order_002765,cust_00633,delivered,2017-11-22 07:41:11,2017-11-22 18:41:11,2017-11-25 07:41:11,2017-12-03 07:41:11,2017-12-08 07:41:11
order_002766,cust_03206,delivered,2018-04-07 17:17:35,2018-04-09 05:17:35,2018-04-08 17:17:35,2018-04-13 17:17:35,2018-04-18 17:17:35
order_002767,cust_02897,delivered,2017-03-10 02:48:04,2017-03-11 15:48:04,2017-03-13 02:48:04,2017-03-13 02:48:04,2017-03-14 02:48:04
order_002768,cust_02025,delivered,2018-07-28 05:06:01,2018-07-29 05:06:01,2018-07-29 05:06:01,2018-08-05 05:06:01,2018-08-10 05:06:01
order_002769,cust_00148,delivered,2017-06-10 23:38:43,2017-06-12 20:38:43,2017-06-11 23:38:43,2017-06-19 23:38:43,2017-06-25 23:38:43
order_002770,cust_01777,delivered,2017-11-13 09:14:03,2017-11-13 20:14:03,2017-11-17 09:14:03,2017-11-27 09:14:03,2017-11-29 09:14:03
order_002771,cust_02353,delivered,2017-05-09 18:22:48,2017-05-09 22:22:48,2017-05-10 18:22:48,2017-05-24 18:22:48,2017-05-28 18:22:48
order_002772,cust_03263,delivered,2017-08-05 23:13:40,2017-08-07 14:13:40,2017-08-07 23:13:40,2017-08-22 23:13:40,2017-08-26 23:13:40
order_002773,cust_01931,delivered,2018-05-22 23:09:55,2018-05-23 16:09:55,2018-05-24 23:09:55,2018-05-25 23:09:55,2018-05-26 23:09:55
order_002774,cust_01759,delivered,2017-01-28 00:28:11,2017-01-28 06:28:11,2017-01-29 00:28:11,2017-02-13 00:28:11,2017-02-18 00:28:11
order_002775,cust_01443,delivered,2017-10-21 05:35:03,2017-10-23 03:35:03,2017-10-22 05:35:03,2017-10-31 05:35:03,2017-11-05 05:35:03
order_002776,cust_01574,delivered,2017-12-21 17:09:00,2017-12-22 13:09:00,2017-12-22 17:09:00,2017-12-25 17:09:00,2017-12-27 17:09:00
order_002777,cust_00062,delivered,2017-12-13 22:14:35,2017-12-15 15:14:35,2017-12-16 22:14:35,2017-12-25 22:14:35,2017-12-27 22:14:35
order_002778,cust_00394,delivered,2017-08-20 23:29:26,2017-08-22 14:29:26,2017-08-23 23:29:26,2017-08-22 23:29:26,2017-08-27 23:29:26
order_002779,cust_02873,delivered,2017-08-18 17:17:10,2017-08-19 08:17:10,2017-08-21 17:17:10,2017-08-27 17:17:10,2017-09-01 17:17:10
order_002780,cust_01377,delivered,2018-07-07 02:29:58,2018-07-08 16:29:58,2018-07-08 02:29:58,2018-07-22 02:29:58,2018-07-23 02:29:58
order_002781,cust_03233,delivered,2017-05-27 17:49:13,2017-05-28 16:49:13,2017-05-30 17:49:13,2017-06-13 17:49:13,2017-06-16 17:49:13
order_002782,cust_01508,delivered,2017-10-19 06:31:40,2017-10-20 12:31:40,2017-10-20 06:31:40,2017-10-25 06:31:40,2017-10-29 06:31:40
order_002783,cust_03788,delivered,2017-08-10 19:24:24,2017-08-11 09:24:24,2017-08-12 19:24:24,2017-08-14 19:24:24,2017-08-15 19:24:24
order_002784,cust_00686,shipped,2018-04-11 13:07:41,2018-04-11 14:07:41,2018-04-15 13:07:41,2018-04-22 13:07:41,2018-04-28 13:07:41
order_002785,cust_00714,shipped,2018-05-05 04:24:46,2018-05-05 13:24:46,2018-05-07 04:24:46,2018-05-09 04:24:46,2018-05-11 04:24:46
order_002786,cust_02233,delivered,2018-05-31 20:15:01,2018-06-01 12:15:01,2018-06-01 20:15:01,2018-06-17 20:15:01,2018-06-23 20:15:01
order_002787,cust_03050,delivered,2017-02-21 23:43:56,2017-02-23 01:43:56,2017-02-24 23:43:56,2017-02-28 23:43:56,2017-03-01 23:43:56
order_002788,cust_00546,delivered,2017-03-01 12:09:22,2017-03-03 05:09:22,2017-03-02 12:09:22,2017-03-05 12:09:22,2017-03-11 12:09:22
order_002789,cust_01910,delivered,2017-08-17 19:30:05,2017-08-18 04:30:05,2017-08-18 19:30:05,2017-08-22 19:30:05,2017-08-23 19:30:05
order_002790,cust_00850,delivered,2017-09-26 01:25:49,2017-09-27 11:25:49,2017-09-29 01:25:49,2017-10-03 01:25:49,2017-10-08 01:25:49
order_002791,cust_02801,delivered,2017-02-08 06:30:31,2017-02-09 18:30:31,2017-02-11 06:30:31,2017-02-21 06:30:31,2017-02-24 06:30:31
order_002792,cust_02132,processing,2018-06-28 03:03:08,2018-06-29 18:03:08,2018-06-29 03:03:08,2018-07-13 03:03:08,2018-07-16 03:03:08
order_002793,cust_02486,delivered,2018-06-30 06:48:51,2018-07-01 21:48:51,2018-07-03 06:48:51,2018-07-13 06:48:51,2018-07-14 06:48:51
order_002794,cust_01022,delivered,2017-09-16 09:01:21,2017-09-16 12:01:21,2017-09-17 09:01:21,2017-09-28 09:01:21,2017-10-03 09:01:21
order_002795,cust_01097,delivered,2018-04-13 10:21:09,2018-04-13 21:21:09,2018-04-16 10:21:09,2018-04-19 10:21:09,2018-04-23 10:21:09
order_002796,cust_02430,delivered,2017-12-10 07:44:27,2017-12-12 04:44:27,2017-12-13 07:44:27,2017-12-27 07:44:27,2017-12-29 07:44:27
order_002797,cust_01341,delivered,2018-02-04 13:04:27,2018-02-05 19:04:27,2018-02-05 13:04:27,2018-02-21 13:04:27,2018-02-24 13:04:27
order_002798,cust_02623,delivered,2018-06-15 05:16:20,2018-06-15 16:16:20,2018-06-18 05:16:20,2018-06-27 05:16:20,2018-07-01 05:16:20
order_002799,cust_00585,canceled,2017-02-25 08:20:48,2017-02-27 07:20:48,2017-02-28 08:20:48,2017-03-11 08:20:48,2017-03-16 08:20:48
order_002800,cust_01144,delivered,2017-05-22 20:09:47,2017-05-23 12:09:47,2017-05-24 20:09:47,2017-05-28 20:09:47,2017-06-01 20:09:47
order_002801,cust_00386,delivered,2017-09-18 13:29:37,2017-09-19 03:29:37,2017-09-21 13:29:37,2017-09-27 13:29:37,2017-09-28 13:29:37
order_002802,cust_00332,delivered,2018-06-28 00:38:42,2018-06-29 16:38:42,2018-07-02 00:38:42,2018-07-12 00:38:42,2018-07-16 00:38:42
order_002803,cust_00997,delivered,2017-12-26 07:52:42,2017-12-28 05:52:42,2017-12-28 07:52:42,2018-01-03 07:52:42,2018-01-06 07:52:42
order_002804,cust_01859,delivered,2017-08-30 19:54:15,2017-08-31 15:54:15,2017-09-03 19:54:15,2017-09-13 19:54:15,2017-09-16 19:54:15
order_002805,cust_00548,delivered,2017-01-18 04:19:25,2017-01-19 11:19:25,2017-01-19 04:19:25,2017-02-02 04:19:25,2017-02-05 04:19:25
order_002806,cust_00353,delivered,2017-12-27 22:07:13,2017-12-29 05:07:13,2017-12-30 22:07:13,2018-01-12 22:07:13,2018-01-15 22:07:13
order_002807,cust_03333,shipped,2017-06-13 07:06:03,2017-06-13 18:06:03,2017-06-15 07:06:03,2017-06-19 07:06:03,2017-06-21 07:06:03
order_002808,cust_01957,delivered,2017-07-19 15:07:21,2017-07-20 17:07:21,2017-07-22 15:07:21,2017-07-28 15:07:21,2017-07-30 15:07:21
order_002809,cust_02719,delivered,2018-08-29 11:24:00,2018-08-29 14:24:00,2018-09-01 11:24:00,2018-09-06 11:24:00,2018-09-11 11:24:00
order_002810,cust_02759,delivered,2017-11-17 15:00:30,2017-11-19 08:00:30,2017-11-21 15:00:30,2017-11-27 15:00:30,2017-11-29 15:00:30
order_002811,cust_00386,delivered,2017-03-26 19:08:11,2017-03-28 10:08:11,2017-03-29 19:08:11,2017-04-08 19:08:11,2017-04-13 19:08:11
order_002812,cust_02357,delivered,2017-01-30 03:34:35,2017-01-30 11:34:35,2017-01-31 03:34:35,2017-02-06 03:34:35,2017-02-09 03:34:35
order_002813,cust_03270,delivered,2017-08-25 08:27:11,2017-08-26 13:27:11,2017-08-29 08:27:11,2017-08-30 08:27:11,2017-09-03 08:27:11
order_002814,cust_01703,delivered,2017-02-09 13:38:22,2017-02-09 18:38:22,2017-02-12 13:38:22,2017-02-15 13:38:22,2017-02-16 13:38:22
order_002815,cust_03275,delivered,2017-09-18 06:15:15,2017-09-18 11:15:15,2017-09-19 06:15:15,2017-10-02 06:15:15,2017-10-04 06:15:15
order_002816,cust_03594,delivered,2017-09-10 09:00:15,2017-09-11 15:00:15,2017-09-11 09:00:15,2017-09-27 09:00:15,2017-10-03 09:00:15
order_002817,cust_02076,delivered,2018-06-19 21:15:36,2018-06-21 11:15:36,2018-06-20 21:15:36,2018-06-22 21:15:36,2018-06-27 21:15:36
order_002818,cust_00386,delivered,2017-07-23 05:29:49,2017-07-24 21:29:49,2017-07-24 05:29:49,2017-08-09 05:29:49,2017-08-10 05:29:49
order_002819,cust_02346,delivered,2017-06-17 04:33:11,2017-06-17 20:33:11,2017-06-19 04:33:11,2017-06-19 04:33:11,2017-06-25 04:33:11
order_002820,cust_03344,delivered,2018-01-10 13:59:59,2018-01-12 09:59:59,2018-01-14 13:59:59,2018-01-20 13:59:59,2018-01-26 13:59:59
order_002821,cust_02201,delivered,2018-01-24 02:23:37,2018-01-25 04:23:37,2018-01-28 02:23:37,2018-01-28 02:23:37,2018-01-29 02:23:37
order_002822,cust_03040,delivered,2017-01-24 00:01:42,2017-01-24 19:01:42,2017-01-25 00:01:42,2017-02-10 00:01:42,2017-02-12 00:01:42
order_002823,cust_02034,delivered,2017-02-20 20:52:16,2017-02-21 13:52:16,2017-02-22 20:52:16,2017-03-06 20:52:16,2017-03-08 20:52:16
order_002824,cust_01595,processing,2017-04-12 06:38:02,2017-04-13 17:38:02,2017-04-14 06:38:02,2017-04-19 06:38:02,2017-04-25 06:38:02
order_002825,cust_03593,delivered,2018-04-18 02:53:29,2018-04-18 20:53:29,2018-04-20 02:53:29,2018-04-30 02:53:29,2018-05-06 02:53:29
order_002826,cust_00580,delivered,2017-05-08 15:44:42,2017-05-09 10:44:42,2017-05-09 15:44:42,2017-05-23 15:44:42,2017-05-28 15:44:42
order_002827,cust_01700,delivered,2018-08-27 11:32:30,2018-08-28 06:32:30,2018-08-29 11:32:30,2018-09-01 11:32:30,2018-09-03 11:32:30
order_002828,cust_00592,delivered,2017-09-25 10:55:15,2017-09-26 01:55:15,2017-09-28 10:55:15,2017-10-07 10:55:15,2017-10-13 10:55:15
order_002829,cust_02487,delivered,2018-07-22 10:31:15,2018-07-23 05:31:15,2018-07-25 10:31:15,2018-07-28 10:31:15,2018-08-03 10:31:15
order_002830,cust_03502,delivered,2017-05-31 03:29:43,2017-05-31 05:29:43,2017-06-04 03:29:43,2017-06-13 03:29:43,2017-06-19 03:29:43
order_002831,cust_03791,processing,2017-09-15 20:36:18,2017-09-17 14:36:18,2017-09-19 20:36:18,2017-09-26 20:36:18,2017-09-29 20:36:18
order_002832,cust_00888,delivered,2017-03-25 00:01:53,2017-03-25 12:01:53,2017-03-27 00:01:53,2017-04-07 00:01:53,2017-04-12 00:01:53
order_002833,cust_02764,delivered,2018-05-30 11:35:46,2018-05-31 09:35:46,2018-06-03 11:35:46,2018-06-11 11:35:46,2018-06-16 11:35:46
order_002834,cust_03321,delivered,2017-12-30 06:29:25,2017-12-30 14:29:25,2018-01-03 06:29:25,2018-01-11 06:29:25,2018-01-12 06:29:25
order_002835,cust_03168,delivered,2017-02-16 15:24:05,2017-02-17 17:24:05,2017-02-18 15:24:05,2017-02-19 15:24:05,2017-02-23 15:24:05
order_002836,cust_01912,delivered,2018-03-29 13:10:38,2018-03-30 02:10:38,2018-03-31 13:10:38,2018-04-13 13:10:38,2018-04-17 13:10:38
order_002837,cust_00663,delivered,2018-06-24 09:14:11,2018-06-24 17:14:11,2018-06-27 09:14:11,2018-06-28 09:14:11,2018-07-02 09:14:11
order_002838,cust_01754,delivered,2018-02-21 12:49:44,2018-02-22 02:49:44,2018-02-25 12:49:44,2018-03-01 12:49:44,2018-03-04 12:49:44
order_002839,cust_02948,shipped,2018-05-07 05:26:52,2018-05-09 00:26:52,2018-05-11 05:26:52,2018-05-17 05:26:52,2018-05-22 05:26:52
order_002840,cust_02354,delivered,2017-06-17 03:08:44,2017-06-18 20:08:44,2017-06-21 03:08:44,2017-07-02 03:08:44,2017-07-08 03:08:44
order_002841,cust_01475,shipped,2017-09-20 21:43:38,2017-09-22 11:43:38,2017-09-24 21:43:38,2017-10-02 21:43:38,2017-10-06 21:43:38
order_002842,cust_00817,delivered,2018-06-04 14:43:43,2018-06-05 00:43:43,2018-06-05 14:43:43,2018-06-08 14:43:43,2018-06-14 14:43:43
order_002843,cust_02477,delivered,2018-01-05 15:41:31,2018-01-06 22:41:31,2018-01-06 15:41:31,2018-01-11 15:41:31,2018-01-16 15:41:31
order_002844,cust_01627,delivered,2018-01-07 23:58:27,2018-01-09 14:58:27,2018-01-11 23:58:27,2018-01-12 23:58:27,2018-01-14 23:58:27
order_002845,cust_01793,delivered,2018-04-12 21:41:57,2018-04-14 04:41:57,2018-04-14 21:41:57,2018-04-23 21:41:57,2018-04-28 21:41:57
order_002846,cust_03566,delivered,2018-01-09 14:02:12,2018-01-11 07:02:12,2018-01-10 14:02:12,2018-01-22 14:02:12,2018-01-27 14:02:12
order_002847,cust_00034,delivered,2017-03-18 19:00:58,2017-03-19 05:00:58,2017-03-20 19:00:58,2017-03-31 19:00:58,2017-04-06 19:00:58
order_002848,cust_00905,delivered,2017-05-10 12:39:47,2017-05-11 10:39:47,2017-05-12 12:39:47,2017-05-24 12:39:47,2017-05-27 12:39:47
order_002849,cust_03495,delivered,2018-04-19 05:42:34,2018-04-19 21:42:34,2018-04-22 05:42:34,2018-05-02 05:42:34,2018-05-03 05:42:34
order_002850,cust_03502,delivered,2017-05-28 14:56:35,2017-05-30 01:56:35,2017-05-29 14:56:35,2017-06-13 14:56:35,2017-06-18 14:56:35
order_002851,cust_01149,delivered,2018-02-09 21:54:47,2018-02-10 04:54:47,2018-02-11 21:54:47,2018-02-25 21:54:47,2018-03-01 21:54:47
order_002852,cust_03777,delivered,2017-10-16 21:06:43,2017-10-17 12:06:43,2017-10-18 21:06:43,2017-10-22 21:06:43,2017-10-26 21:06:43
order_002853,cust_00804,delivered,2018-01-13 12:07:27,2018-01-14 22:07:27,2018-01-14 12:07:27,2018-01-19 12:07:27,2018-01-24 12:07:27
order_002854,cust_00197,delivered,2017-05-25 22:42:14,2017-05-25 23:42:14,2017-05-29 22:42:14,2017-05-27 22:42:14,2017-05-31 22:42:14
order_002855,cust_01167,delivered,2017-07-08 04:44:30,2017-07-08 17:44:30,2017-07-09 04:44:30,2017-07-14 04:44:30,2017-07-15 04:44:30
order_002856,cust_02019,delivered,2018-02-23 00:59:05,2018-02-24 10:59:05,2018-02-27 00:59:05,2018-03-05 00:59:05,2018-03-11 00:59:05
order_002857,cust_00022,delivered,2017-04-15 09:40:41,2017-04-15 21:40:41,2017-04-17 09:40:41,2017-04-27 09:40:41,2017-04-29 09:40:41
order_002858,cust_00652,delivered,2017-07-07 04:55:11,2017-07-08 09:55:11,2017-07-10 04:55:11,2017-07-23 04:55:11,2017-07-25 04:55:11
order_002859,cust_03005,delivered,2018-08-30 22:59:02,2018-08-31 17:59:02,2018-09-01 22:59:02,2018-09-10 22:59:02,2018-09-15 22:59:02
order_002860,cust_02362,delivered,2017-04-03 02:46:42,2017-04-04 00:46:42,2017-04-07 02:46:42,2017-04-20 02:46:42,2017-04-25 02:46:42
order_002861,cust_02300,delivered,2017-12-18 12:49:52,2017-12-19 05:49:52,2017-12-22 12:49:52,2017-12-28 12:49:52,2018-01-01 12:49:52
order_002862,cust_03760,shipped,2017-04-03 18:32:11,2017-04-05 13:32:11,2017-04-05 18:32:11,2017-04-18 18:32:11,2017-04-23 18:32:11
order_002863,cust_00867,delivered,2018-03-06 02:39:39,2018-03-07 12:39:39,2018-03-07 02:39:39,2018-03-20 02:39:39,2018-03-21 02:39:39
order_002864,cust_03408,delivered,2017-03-19 01:05:36,2017-03-20 12:05:36,2017-03-20 01:05:36,2017-03-28 01:05:36,2017-03-30 01:05:36
order_002865,cust_01349,delivered,2017-12-15 13:17:10,2017-12-17 03:17:10,2017-12-18 13:17:10,2017-12-30 13:17:10,2018-01-01 13:17:10
order_002866,cust_03514,delivered,2017-09-25 21:39:47,2017-09-26 18:39:47,2017-09-29 21:39:47,2017-10-10 21:39:47,2017-10-13 21:39:47
order_002867,cust_02976,delivered,2018-02-25 00:23:27,2018-02-25 05:23:27,2018-02-26 00:23:27,2018-03-03 00:23:27,2018-03-06 00:23:27
order_002868,cust_00810,delivered,2017-01-02 00:29:35,2017-01-02 03:29:35,2017-01-03 00:29:35,2017-01-07 00:29:35,2017-01-08 00:29:35
order_002869,cust_00795,delivered,2017-11-10 22:12:44,2017-11-11 21:12:44,2017-11-12 22:12:44,2017-11-13 22:12:44,2017-11-18 22:12:44
order_002870,cust_02060,delivered,2017-11-26 14:27:40,2017-11-28 08:27:40,2017-11-30 14:27:40,2017-12-12 14:27:40,2017-12-16 14:27:40
order_002871,cust_01910,delivered,2017-05-27 16:50:00,2017-05-28 15:50:00,2017-05-31 16:50:00,2017-06-05 16:50:00,2017-06-08 16:50:00
order_002872,cust_00892,delivered,2017-07-01 06:36:49,2017-07-03 05:36:49,2017-07-02 06:36:49,2017-07-12 06:36:49,2017-07-18 06:36:49
order_002873,cust_00989,delivered,2018-03-06 07:29:45,2018-03-07 08:29:45,2018-03-10 07:29:45,2018-03-12 07:29:45,2018-03-15 07:29:45
order_002874,cust_03417,delivered,2017-12-02 11:17:36,2017-12-03 17:17:36,2017-12-04 11:17:36,2017-12-10 11:17:36,2017-12-11 11:17:36
order_002875,cust_02864,delivered,2017-12-18 05:08:12,2017-12-18 09:08:12,2017-12-19 05:08:12,2017-12-26 05:08:12,2018-01-01 05:08:12
order_002876,cust_00726,delivered,2018-07-23 10:36:18,2018-07-24 23:36:18,2018-07-25 10:36:18,2018-08-03 10:36:18,2018-08-04 10:36:18
order_002877,cust_02755,delivered,2017-09-04 22:53:43,2017-09-06 16:53:43,2017-09-08 22:53:43,2017-09-08 22:53:43,2017-09-09 22:53:43
order_002878,cust_00585,delivered,2018-06-13 17:58:24,2018-06-14 17:58:24,2018-06-15 17:58:24,2018-06-27 17:58:24,2018-06-30 17:58:24
order_002879,cust_01691,delivered,2018-08-16 20:51:28,2018-08-18 15:51:28,2018-08-19 20:51:28,2018-08-24 20:51:28,2018-08-28 20:51:28
order_002880,cust_00046,delivered,2017-12-17 11:55:09,2017-12-17 23:55:09,2017-12-18 11:55:09,2017-12-22 11:55:09,2017-12-24 11:55:09
order_002881,cust_02467,delivered,2017-05-09 18:54:00,2017-05-10 17:54:00,2017-05-10 18:54:00,2017-05-11 18:54:00,2017-05-17 18:54:00
order_002882,cust_00691,delivered,2017-09-12 10:06:33,2017-09-14 05:06:33,2017-09-13 10:06:33,2017-09-15 10:06:33,2017-09-17 10:06:33
order_002883,cust_00897,delivered,2017-01-29 14:49:06,2017-01-30 19:49:06,2017-01-31 14:49:06,2017-02-04 14:49:06,2017-02-10 14:49:06
order_002884,cust_00721,delivered,2018-03-01 17:31:35,2018-03-03 02:31:35,2018-03-02 17:31:35,2018-03-14 17:31:35,2018-03-18 17:31:35
order_002885,cust_00696,delivered,2017-06-16 19:47:48,2017-06-17 14:47:48,2017-06-19 19:47:48,2017-07-01 19:47:48,2017-07-03 19:47:48
order_002886,cust_00294,processing,2018-07-16 22:13:09,2018-07-18 00:13:09,2018-07-20 22:13:09,2018-08-02 22:13:09,2018-08-05 22:13:09
order_002887,cust_02106,delivered,2018-02-02 02:31:55,2018-02-02 20:31:55,2018-02-05 02:31:55,2018-02-08 02:31:55,2018-02-09 02:31:55
order_002888,cust_03297,delivered,2017-10-25 19:03:14,2017-10-27 04:03:14,2017-10-27 19:03:14,2017-11-06 19:03:14,2017-11-12 19:03:14
order_002889,cust_01145,delivered,2017-04-24 17:01:55,2017-04-24 20:01:55,2017-04-25 17:01:55,2017-04-30 17:01:55,2017-05-04 17:01:55
order_002890,cust_02963,delivered,2017-03-02 17:40:52,2017-03-03 18:40:52,2017-03-03 17:40:52,2017-03-06 17:40:52,2017-03-09 17:40:52
order_002891,cust_02065,delivered,2018-02-13 00:21:08,2018-02-14 20:21:08,2018-02-14 00:21:08,2018-02-23 00:21:08,2018-02-28 00:21:08
order_002892,cust_00967,delivered,2018-04-11 11:42:19,2018-04-11 14:42:19,2018-04-12 11:42:19,2018-04-23 11:42:19,2018-04-27 11:42:19
order_002893,cust_00234,delivered,2017-06-11 23:03:37,2017-06-12 21:03:37,2017-06-14 23:03:37,2017-06-25 23:03:37,2017-06-29 23:03:37
order_002894,cust_02976,delivered,2017-01-07 21:36:18,2017-01-09 05:36:18,2017-01-09 21:36:18,2017-01-10 21:36:18,2017-01-13 21:36:18
order_002895,cust_00087,delivered,2017-07-14 05:32:24,2017-07-14 09:32:24,2017-07-17 05:32:24,2017-07-27 05:32:24,2017-07-30 05:32:24
order_002896,cust_01604,canceled,2018-04-10 11:40:17,2018-04-10 12:40:17,2018-04-12 11:40:17,2018-04-16 11:40:17,2018-04-18 11:40:17
order_002897,cust_00130,shipped,2017-12-19 20:44:01,2017-12-20 04:44:01,2017-12-21 20:44:01,2017-12-25 20:44:01,2017-12-30 20:44:01
order_002898,cust_02946,delivered,2017-02-21 22:19:36,2017-02-22 09:19:36,2017-02-23 22:19:36,2017-02-23 22:19:36,2017-02-26 22:19:36
order_002899,cust_03761,canceled,2017-03-11 07:56:50,2017-03-13 01:56:50,2017-03-13 07:56:50,2017-03-16 07:56:50,2017-03-19 07:56:50
order_002900,cust_01227,delivered,2017-03-06 19:16:12,2017-03-07 03:16:12,2017-03-07 19:16:12,2017-03-15 19:16:12,2017-03-20 19:16:12
order_002901,cust_01191,delivered,2018-04-06 20:02:03,2018-04-08 03:02:03,2018-04-07 20:02:03,2018-04-11 20:02:03,2018-04-15 20:02:03
order_002902,cust_02145,delivered,2018-04-21 03:36:22,2018-04-21 19:36:22,2018-04-25 03:36:22,2018-04-28 03:36:22,2018-05-04 03:36:22
order_002903,cust_01907,delivered,2017-09-06 00:46:01,2017-09-07 02:46:01,2017-09-07 00:46:01,2017-09-16 00:46:01,2017-09-18 00:46:01
order_002904,cust_01450,delivered,2018-02-24 01:07:40,2018-02-25 20:07:40,2018-02-26 01:07:40,2018-02-27 01:07:40,2018-02-28 01:07:40
order_002905,cust_01390,delivered,2017-01-13 03:29:19,2017-01-14 20:29:19,2017-01-15 03:29:19,2017-01-29 03:29:19,2017-02-01 03:29:19
order_002906,cust_00713,delivered,2017-12-08 17:46:49,2017-12-08 21:46:49,2017-12-10 17:46:49,2017-12-14 17:46:49,2017-12-18 17:46:49
order_002907,cust_00952,shipped,2017-06-15 09:20:53,2017-06-15 14:20:53,2017-06-18 09:20:53,2017-06-29 09:20:53,2017-07-04 09:20:53
order_002908,cust_02225,delivered,2018-05-14 16:27:36,2018-05-15 09:27:36,2018-05-17 16:27:36,2018-05-26 16:27:36,2018-05-30 16:27:36
order_002909,cust_02790,delivered,2017-10-25 02:09:24,2017-10-26 17:09:24,2017-10-28 02:09:24,2017-11-08 02:09:24,2017-11-14 02:09:24
order_002910,cust_02853,delivered,2018-06-02 14:27:00,2018-06-04 02:27:00,2018-06-04 14:27:00,2018-06-08 14:27:00,2018-06-09 14:27:00
order_002911,cust_01962,shipped,2017-12-09 17:52:55,2017-12-10 23:52:55,2017-12-13 17:52:55,2017-12-13 17:52:55,2017-12-17 17:52:55
order_002912,cust_02861,delivered,2017-10-06 23:25:47,2017-10-08 16:25:47,2017-10-07 23:25:47,2017-10-10 23:25:47,2017-10-15 23:25:47
order_002913,cust_02249,delivered,2018-07-30 07:39:47,2018-07-30 16:39:47,2018-08-01 07:39:47,2018-08-04 07:39:47,2018-08-08 07:39:47
order_002914,cust_01353,delivered,2018-08-29 13:05:22,2018-08-31 00:05:22,2018-08-31 13:05:22,2018-09-08 13:05:22,2018-09-10 13:05:22
order_002915,cust_01342,delivered,2017-10-05 11:35:39,2017-10-07 09:35:39,2017-10-07 11:35:39,2017-10-16 11:35:39,2017-10-21 11:35:39
order_002916,cust_01971,delivered,2017-08-06 08:20:58,2017-08-08 06:20:58,2017-08-09 08:20:58,2017-08-20 08:20:58,2017-08-26 08:20:58
order_002917,cust_01169,delivered,2018-01-28 15:21:18,2018-01-30 01:21:18,2018-01-29 15:21:18,2018-02-14 15:21:18,2018-02-16 15:21:18
order_002918,cust_02902,delivered,2017-04-15 13:33:33,2017-04-16 22:33:33,2017-04-19 13:33:33,2017-04-30 13:33:33,2017-05-04 13:33:33
order_002919,cust_00703,shipped,2017-08-23 19:59:29,2017-08-24 06:59:29,2017-08-24 19:59:29,2017-08-30 19:59:29,2017-09-04 19:59:29
order_002920,cust_00207,delivered,2018-05-30 00:40:54,2018-05-31 12:40:54,2018-06-01 00:40:54,2018-06-08 00:40:54,2018-06-09 00:40:54
order_002921,cust_01866,delivered,2018-06-30 05:19:33,2018-06-30 17:19:33,2018-07-03 05:19:33,2018-07-17 05:19:33,2018-07-18 05:19:33
order_002922,cust_00273,delivered,2017-09-10 13:54:08,2017-09-11 09:54:08,2017-09-14 13:54:08,2017-09-23 13:54:08,2017-09-28 13:54:08
order_002923,cust_00728,delivered,2017-08-26 13:46:13,2017-08-26 19:46:13,2017-08-29 13:46:13,2017-09-03 13:46:13,2017-09-08 13:46:13
order_002924,cust_01429,delivered,2018-06-16 21:39:29,2018-06-17 12:39:29,2018-06-19 21:39:29,2018-07-01 21:39:29,2018-07-02 21:39:29
order_002925,cust_00015,delivered,2017-05-03 16:11:47,2017-05-03 20:11:47,2017-05-04 16:11:47,2017-05-07 16:11:47,2017-05-11 16:11:47
order_002926,cust_00849,delivered,2017-02-07 00:06:14,2017-02-07 22:06:14,2017-02-10 00:06:14,2017-02-19 00:06:14,2017-02-24 00:06:14
order_002927,cust_02070,delivered,2017-02-14 11:44:21,2017-02-14 15:44:21,2017-02-17 11:44:21,2017-03-03 11:44:21,2017-03-09 11:44:21
order_002928,cust_01423,delivered,2017-03-09 20:17:14,2017-03-11 09:17:14,2017-03-10 20:17:14,2017-03-19 20:17:14,2017-03-24 20:17:14
order_002929,cust_03406,delivered,2018-06-19 20:57:19,2018-06-21 03:57:19,2018-06-21 20:57:19,2018-06-30 20:57:19,2018-07-02 20:57:19
order_002930,cust_00356,delivered,2017-01-25 19:14:46,2017-01-27 02:14:46,2017-01-29 19:14:46,2017-01-27 19:14:46,2017-01-31 19:14:46
order_002931,cust_02734,delivered,2017-07-22 11:27:29,2017-07-23 21:27:29,2017-07-26 11:27:29,2017-08-02 11:27:29,2017-08-07 11:27:29
order_002932,cust_02249,delivered,2018-01-02 02:32:47,2018-01-03 15:32:47,2018-01-03 02:32:47,2018-01-08 02:32:47,2018-01-10 02:32:47
order_002933,cust_02448,delivered,2018-01-06 05:07:11,2018-01-07 13:07:11,2018-01-09 05:07:11,2018-01-23 05:07:11,2018-01-24 05:07:11
order_002934,cust_02552,delivered,2018-05-21 20:19:26,2018-05-23 02:19:26,2018-05-23 20:19:26,2018-05-28 20:19:26,2018-05-31 20:19:26
order_002935,cust_00198,delivered,2018-08-20 08:10:29,2018-08-20 17:10:29,2018-08-24 08:10:29,2018-08-27 08:10:29,2018-09-01 08:10:29
order_002936,cust_03008,delivered,2017-09-02 18:19:30,2017-09-04 05:19:30,2017-09-05 18:19:30,2017-09-10 18:19:30,2017-09-14 18:19:30
order_002937,cust_01259,delivered,2017-05-22 00:52:06,2017-05-22 23:52:06,2017-05-24 00:52:06,2017-06-04 00:52:06,2017-06-08 00:52:06
order_002938,cust_02471,delivered,2017-02-25 11:47:06,2017-02-25 19:47:06,2017-03-01 11:47:06,2017-03-14 11:47:06,2017-03-18 11:47:06
order_002939,cust_01117,shipped,2018-06-26 22:48:33,2018-06-27 21:48:33,2018-06-27 22:48:33,2018-07-03 22:48:33,2018-07-09 22:48:33
order_002940,cust_01506,delivered,2017-08-16 05:53:06,2017-08-16 21:53:06,2017-08-18 05:53:06,2017-08-21 05:53:06,2017-08-25 05:53:06
order_002941,cust_02660,delivered,2018-07-01 00:43:57,2018-07-01 10:43:57,2018-07-05 00:43:57,2018-07-15 00:43:57,2018-07-16 00:43:57
order_002942,cust_03552,delivered,2017-07-31 06:54:51,2017-08-01 09:54:51,2017-08-01 06:54:51,2017-08-10 06:54:51,2017-08-13 06:54:51
order_002943,cust_03336,delivered,2018-04-05 01:30:46,2018-04-06 20:30:46,2018-04-06 01:30:46,2018-04-14 01:30:46,2018-04-16 01:30:46
order_002944,cust_02760,delivered,2018-01-27 14:41:40,2018-01-27 15:41:40,2018-01-31 14:41:40,2018-02-13 14:41:40,2018-02-18 14:41:40
order_002945,cust_02046,processing,2018-03-10 04:36:08,2018-03-10 11:36:08,2018-03-12 04:36:08,2018-03-19 04:36:08,2018-03-25 04:36:08
order_002946,cust_02005,delivered,2018-02-01 05:54:40,2018-02-03 00:54:40,2018-02-05 05:54:40,2018-02-12 05:54:40,2018-02-17 05:54:40
order_002947,cust_03669,delivered,2017-07-06 14:06:15,2017-07-07 23:06:15,2017-07-07 14:06:15,2017-07-23 14:06:15,2017-07-25 14:06:15
order_002948,cust_00786,delivered,2017-03-04 07:48:30,2017-03-04 19:48:30,2017-03-07 07:48:30,2017-03-09 07:48:30,2017-03-14 07:48:30
order_002949,cust_03625,shipped,2017-01-07 15:36:44,2017-01-08 09:36:44,2017-01-08 15:36:44,2017-01-23 15:36:44,2017-01-24 15:36:44
order_002950,cust_02466,delivered,2017-09-13 22:20:24,2017-09-14 03:20:24,2017-09-15 22:20:24,2017-09-30 22:20:24,2017-10-02 22:20:24
order_002951,cust_02341,delivered,2018-06-27 22:21:02,2018-06-29 14:21:02,2018-06-28 22:21:02,2018-07-06 22:21:02,2018-07-08 22:21:02
order_002952,cust_02248,delivered,2018-01-26 17:30:13,2018-01-28 01:30:13,2018-01-28 17:30:13,2018-02-02 17:30:13,2018-02-05 17:30:13
order_002953,cust_03087,canceled,2018-02-14 23:14:56,2018-02-15 10:14:56,2018-02-16 23:14:56,2018-02-18 23:14:56,2018-02-20 23:14:56
order_002954,cust_02596,delivered,2017-06-07 17:39:56,2017-06-08 03:39:56,2017-06-11 17:39:56,2017-06-09 17:39:56,2017-06-12 17:39:56
order_002955,cust_00360,canceled,2017-10-23 01:37:43,2017-10-24 10:37:43,2017-10-26 01:37:43,2017-11-09 01:37:43,2017-11-10 01:37:43
order_002956,cust_02968,shipped,2017-09-05 22:56:32,2017-09-07 01:56:32,2017-09-06 22:56:32,2017-09-13 22:56:32,2017-09-18 22:56:32
order_002957,cust_02769,delivered,2017-03-24 13:36:11,2017-03-26 01:36:11,2017-03-26 13:36:11,2017-04-05 13:36:11,2017-04-08 13:36:11
order_002958,cust_03477,shipped,2018-01-09 00:08:20,2018-01-09 12:08:20,2018-01-13 00:08:20,2018-01-14 00:08:20,2018-01-19 00:08:20
order_002959,cust_03558,delivered,2017-08-09 14:53:32,2017-08-11 13:53:32,2017-08-11 14:53:32,2017-08-16 14:53:32,2017-08-17 14:53:32
order_002960,cust_03606,delivered,2017-09-02 05:52:03,2017-09-02 13:52:03,2017-09-05 05:52:03,2017-09-17 05:52:03,2017-09-23 05:52:03
order_002961,cust_00162,delivered,2017-12-29 12:49:33,2017-12-29 21:49:33,2018-01-01 12:49:33,2018-01-10 12:49:33,2018-01-14 12:49:33
order_002962,cust_02394,delivered,2017-01-19 15:47:28,2017-01-21 02:47:28,2017-01-23 15:47:28,2017-01-24 15:47:28,2017-01-26 15:47:28
order_002963,cust_03550,delivered,2018-07-24 00:39:59,2018-07-25 03:39:59,2018-07-27 00:39:59,2018-07-26 00:39:59,2018-07-31 00:39:59
order_002964,cust_03670,delivered,2017-05-16 10:31:06,2017-05-17 05:31:06,2017-05-19 10:31:06,2017-05-31 10:31:06,2017-06-05 10:31:06
order_002965,cust_02087,delivered,2018-02-17 01:19:55,2018-02-18 12:19:55,2018-02-21 01:19:55,2018-02-20 01:19:55,2018-02-25 01:19:55
order_002966,cust_03463,delivered,2018-04-17 02:42:26,2018-04-18 05:42:26,2018-04-19 02:42:26,2018-04-19 02:42:26,2018-04-25 02:42:26
order_002967,cust_03345,shipped,2017-04-04 05:04:17,2017-04-05 00:04:17,2017-04-08 05:04:17,2017-04-10 05:04:17,2017-04-16 05:04:17
order_002968,cust_00009,delivered,2017-06-01 18:44:58,2017-06-02 05:44:58,2017-06-05 18:44:58,2017-06-17 18:44:58,2017-06-18 18:44:58
order_002969,cust_03362,delivered,2017-09-08 09:54:54,2017-09-09 19:54:54,2017-09-10 09:54:54,2017-09-20 09:54:54,2017-09-22 09:54:54
order_002970,cust_02422,delivered,2018-05-13 01:07:47,2018-05-14 03:07:47,2018-05-17 01:07:47,2018-05-15 01:07:47,2018-05-16 01:07:47
order_002971,cust_02180,delivered,2018-01-22 17:55:47,2018-01-24 12:55:47,2018-01-24 17:55:47,2018-02-07 17:55:47,2018-02-08 17:55:47
order_002972,cust_00678,delivered,2017-10-11 13:03:08,2017-10-12 09:03:08,2017-10-15 13:03:08,2017-10-28 13:03:08,2017-10-29 13:03:08
order_002973,cust_03490,delivered,2018-06-01 03:23:55,2018-06-01 16:23:55,2018-06-02 03:23:55,2018-06-14 03:23:55,2018-06-19 03:23:55
order_002974,cust_01121,delivered,2017-10-15 13:29:56,2017-10-15 16:29:56,2017-10-17 13:29:56,2017-10-18 13:29:56,2017-10-22 13:29:56
order_002975,cust_01587,delivered,2018-06-23 05:58:13,2018-06-23 18:58:13,2018-06-25 05:58:13,2018-06-25 05:58:13,2018-06-26 05:58:13
order_002976,cust_01130,delivered,2018-04-14 15:15:47,2018-04-16 02:15:47,2018-04-16 15:15:47,2018-04-29 15:15:47,2018-05-02 15:15:47
order_002977,cust_03684,delivered,2017-04-15 22:44:31,2017-04-16 12:44:31,2017-04-17 22:44:31,2017-04-30 22:44:31,2017-05-01 22:44:31
order_002978,cust_01835,shipped,2017-08-22 07:34:30,2017-08-23 09:34:30,2017-08-26 07:34:30,2017-09-06 07:34:30,2017-09-08 07:34:30
order_002979,cust_00433,shipped,2017-01-16 17:53:27,2017-01-17 04:53:27,2017-01-18 17:53:27,2017-01-25 17:53:27,2017-01-26 17:53:27
order_002980,cust_00041,delivered,2017-05-25 00:33:59,2017-05-26 20:33:59,2017-05-28 00:33:59,2017-06-05 00:33:59,2017-06-09 00:33:59
order_002981,cust_03724,shipped,2017-01-14 09:46:17,2017-01-16 04:46:17,2017-01-15 09:46:17,2017-01-18 09:46:17,2017-01-19 09:46:17
order_002982,cust_00896,delivered,2017-03-05 21:20:08,2017-03-07 11:20:08,2017-03-06 21:20:08,2017-03-07 21:20:08,2017-03-12 21:20:08
order_002983,cust_02928,delivered,2017-01-03 01:47:26,2017-01-04 12:47:26,2017-01-05 01:47:26,2017-01-08 01:47:26,2017-01-14 01:47:26
order_002984,cust_00110,delivered,2018-02-13 22:18:03,2018-02-15 01:18:03,2018-02-14 22:18:03,2018-02-24 22:18:03,2018-03-02 22:18:03
order_002985,cust_03407,delivered,2017-09-07 02:14:50,2017-09-07 03:14:50,2017-09-08 02:14:50,2017-09-15 02:14:50,2017-09-20 02:14:50
order_002986,cust_02472,delivered,2017-10-13 11:34:03,2017-10-13 14:34:03,2017-10-14 11:34:03,2017-10-24 11:34:03,2017-10-29 11:34:03
order_002987,cust_00854,canceled,2018-04-10 04:20:42,2018-04-11 01:20:42,2018-04-12 04:20:42,2018-04-19 04:20:42,2018-04-25 04:20:42
order_002988,cust_03379,delivered,2018-05-08 00:29:43,2018-05-09 12:29:43,2018-05-09 00:29:43,2018-05-18 00:29:43,2018-05-24 00:29:43
order_002989,cust_01131,delivered,2017-11-21 08:22:58,2017-11-21 15:22:58,2017-11-22 08:22:58,2017-12-08 08:22:58,2017-12-10 08:22:58
order_002990,cust_03791,delivered,2017-10-06 13:56:27,2017-10-07 15:56:27,2017-10-08 13:56:27,2017-10-18 13:56:27,2017-10-22 13:56:27
order_002991,cust_02278,delivered,2018-01-31 17:20:13,2018-02-02 14:20:13,2018-02-02 17:20:13,2018-02-17 17:20:13,2018-02-19 17:20:13
order_002992,cust_01704,delivered,2017-09-10 07:34:56,2017-09-11 23:34:56,2017-09-14 07:34:56,2017-09-27 07:34:56,2017-10-03 07:34:56
order_002993,cust_00222,delivered,2017-09-27 11:49:05,2017-09-28 13:49:05,2017-09-30 11:49:05,2017-10-08 11:49:05,2017-10-09 11:49:05
order_002994,cust_00988,delivered,2017-07-01 04:22:46,2017-07-02 08:22:46,2017-07-04 04:22:46,2017-07-18 04:22:46,2017-07-21 04:22:46
order_002995,cust_00221,delivered,2017-04-26 17:30:37,2017-04-26 20:30:37,2017-04-29 17:30:37,2017-05-01 17:30:37,2017-05-04 17:30:37
order_002996,cust_03241,delivered,2017-05-02 04:03:17,2017-05-02 05:03:17,2017-05-03 04:03:17,2017-05-12 04:03:17,2017-05-18 04:03:17
order_002997,cust_00380,shipped,2018-02-03 20:39:53,2018-02-04 11:39:53,2018-02-05 20:39:53,2018-02-06 20:39:53,2018-02-08 20:39:53
order_002998,cust_00430,delivered,2018-05-20 04:18:07,2018-05-21 19:18:07,2018-05-23 04:18:07,2018-05-23 04:18:07,2018-05-29 04:18:07
order_002999,cust_00473,shipped,2017-09-15 15:56:14,2017-09-15 16:56:14,2017-09-19 15:56:14,2017-09-19 15:56:14,2017-09-22 15:56:14
order_003000,cust_03702,processing,2017-02-27 07:56:24,2017-02-28 21:56:24,2017-03-01 07:56:24,2017-03-03 07:56:24,2017-03-08 07:56:24
order_003001,cust_03688,delivered,2018-01-07 23:54:57,2018-01-08 12:54:57,2018-01-09 23:54:57,2018-01-15 23:54:57,2018-01-19 23:54:57
order_003002,cust_02716,delivered,2018-07-03 06:44:05,2018-07-03 11:44:05,2018-07-07 06:44:05,2018-07-16 06:44:05,2018-07-19 06:44:05
order_003003,cust_00280,delivered,2017-11-17 22:46:10,2017-11-18 03:46:10,2017-11-18 22:46:10,2017-12-04 22:46:10,2017-12-06 22:46:10
order_003004,cust_01914,shipped,2017-01-17 20:04:27,2017-01-19 05:04:27,2017-01-21 20:04:27,2017-02-03 20:04:27,2017-02-05 20:04:27
order_003005,cust_03603,delivered,2017-02-19 11:13:52,2017-02-19 14:13:52,2017-02-21 11:13:52,2017-02-23 11:13:52,2017-02-27 11:13:52
order_003006,cust_00367,delivered,2017-11-14 11:53:15,2017-11-15 12:53:15,2017-11-15 11:53:15,2017-11-22 11:53:15,2017-11-24 11:53:15
order_003007,cust_03015,delivered,2018-06-08 08:29:27,2018-06-10 04:29:27,2018-06-10 08:29:27,2018-06-16 08:29:27,2018-06-22 08:29:27
order_003008,cust_00069,delivered,2017-02-05 10:15:48,2017-02-06 14:15:48,2017-02-09 10:15:48,2017-02-08 10:15:48,2017-02-09 10:15:48
order_003009,cust_03054,delivered,2018-04-04 11:11:01,2018-04-05 03:11:01,2018-04-06 11:11:01,2018-04-06 11:11:01,2018-04-08 11:11:01
order_003010,cust_02069,delivered,2018-04-20 03:30:00,2018-04-21 21:30:00,2018-04-21 03:30:00,2018-04-27 03:30:00,2018-04-28 03:30:00
order_003011,cust_03374,delivered,2017-02-01 07:44:58,2017-02-01 11:44:58,2017-02-03 07:44:58,2017-02-16 07:44:58,2017-02-22 07:44:58
order_003012,cust_01572,canceled,2017-05-09 21:01:16,2017-05-10 09:01:16,2017-05-12 21:01:16,2017-05-17 21:01:16,2017-05-20 21:01:16
order_003013,cust_02984,delivered,2017-01-03 23:29:37,2017-01-04 08:29:37,2017-01-04 23:29:37,2017-01-11 23:29:37,2017-01-12 23:29:37
order_003014,cust_03202,delivered,2017-12-11 01:18:56,2017-12-11 02:18:56,2017-12-15 01:18:56,2017-12-28 01:18:56,2017-12-29 01:18:56
order_003015,cust_01234,delivered,2017-04-17 17:34:33,2017-04-19 14:34:33,2017-04-21 17:34:33,2017-04-25 17:34:33,2017-05-01 17:34:33
order_003016,cust_02440,delivered,2018-07-12 05:44:55,2018-07-12 15:44:55,2018-07-16 05:44:55,2018-07-24 05:44:55,2018-07-30 05:44:55
order_003017,cust_01751,shipped,2017-02-25 15:41:35,2017-02-25 19:41:35,2017-03-01 15:41:35,2017-03-14 15:41:35,2017-03-16 15:41:35
order_003018,cust_01641,delivered,2018-01-30 14:54:55,2018-02-01 10:54:55,2018-01-31 14:54:55,2018-02-02 14:54:55,2018-02-06 14:54:55
order_003019,cust_03038,delivered,2018-04-24 21:05:35,2018-04-26 19:05:35,2018-04-28 21:05:35,2018-05-04 21:05:35,2018-05-06 21:05:35
order_003020,cust_00858,delivered,2017-04-19 16:51:19,2017-04-20 02:51:19,2017-04-20 16:51:19,2017-04-26 16:51:19,2017-05-02 16:51:19
order_003021,cust_00454,delivered,2017-06-03 19:46:00,2017-06-04 14:46:00,2017-06-04 19:46:00,2017-06-06 19:46:00,2017-06-11 19:46:00
order_003022,cust_01825,delivered,2018-04-30 19:13:39,2018-05-02 03:13:39,2018-05-01 19:13:39,2018-05-02 19:13:39,2018-05-05 19:13:39
order_003023,cust_03122,delivered,2017-02-26 15:32:14,2017-02-27 12:32:14,2017-02-27 15:32:14,2017-03-10 15:32:14,2017-03-16 15:32:14
order_003024,cust_00619,delivered,2017-09-26 09:50:49,2017-09-27 23:50:49,2017-09-27 09:50:49,2017-10-08 09:50:49,2017-10-10 09:50:49
order_003025,cust_01292,delivered,2017-06-02 08:05:25,2017-06-02 20:05:25,2017-06-06 08:05:25,2017-06-12 08:05:25,2017-06-18 08:05:25
order_003026,cust_02534,delivered,2017-01-09 08:19:18,2017-01-10 23:19:18,2017-01-10 08:19:18,2017-01-21 08:19:18,2017-01-23 08:19:18
order_003027,cust_01812,delivered,2017-10-02 08:36:28,2017-10-03 11:36:28,2017-10-05 08:36:28,2017-10-15 08:36:28,2017-10-21 08:36:28
order_003028,cust_02301,delivered,2017-10-23 06:55:30,2017-10-23 07:55:30,2017-10-24 06:55:30,2017-10-25 06:55:30,2017-10-31 06:55:30
order_003029,cust_02006,processing,2017-07-31 07:27:25,2017-08-01 13:27:25,2017-08-04 07:27:25,2017-08-02 07:27:25,2017-08-06 07:27:25
order_003030,cust_03078,delivered,2018-05-09 13:38:03,2018-05-09 14:38:03,2018-05-12 13:38:03,2018-05-16 13:38:03,2018-05-17 13:38:03
order_003031,cust_03325,delivered,2017-02-28 06:29:02,2017-03-01 22:29:02,2017-03-03 06:29:02,2017-03-11 06:29:02,2017-03-16 06:29:02
order_003032,cust_01708,delivered,2017-09-19 08:22:02,2017-09-21 07:22:02,2017-09-20 08:22:02,2017-10-05 08:22:02,2017-10-10 08:22:02
order_003033,cust_01640,delivered,2017-04-20 17:01:05,2017-04-21 01:01:05,2017-04-24 17:01:05,2017-05-07 17:01:05,2017-05-13 17:01:05
order_003034,cust_01058,delivered,2018-04-07 07:52:27,2018-04-08 08:52:27,2018-04-09 07:52:27,2018-04-22 07:52:27,2018-04-24 07:52:27
order_003035,cust_01686,delivered,2017-12-05 02:33:26,2017-12-05 18:33:26,2017-12-06 02:33:26,2017-12-11 02:33:26,2017-12-13 02:33:26
order_003036,cust_03178,delivered,2018-03-05 00:24:19,2018-03-05 03:24:19,2018-03-08 00:24:19,2018-03-16 00:24:19,2018-03-19 00:24:19
order_003037,cust_01906,canceled,2017-03-07 18:21:48,2017-03-09 02:21:48,2017-03-11 18:21:48,2017-03-10 18:21:48,2017-03-13 18:21:48
order_003038,cust_02625,delivered,2017-10-05 22:45:34,2017-10-06 00:45:34,2017-10-06 22:45:34,2017-10-14 22:45:34,2017-10-15 22:45:34
order_003039,cust_01589,delivered,2017-01-31 16:22:52,2017-01-31 18:22:52,2017-02-01 16:22:52,2017-02-03 16:22:52,2017-02-04 16:22:52
order_003040,cust_02685,delivered,2017-07-16 01:27:15,2017-07-17 16:27:15,2017-07-19 01:27:15,2017-08-02 01:27:15,2017-08-05 01:27:15
order_003041,cust_02707,delivered,2018-07-29 13:31:13,2018-07-30 03:31:13,2018-07-30 13:31:13,2018-08-07 13:31:13,2018-08-13 13:31:13
order_003042,cust_02006,delivered,2018-03-18 06:30:03,2018-03-20 01:30:03,2018-03-22 06:30:03,2018-03-31 06:30:03,2018-04-01 06:30:03
order_003043,cust_03551,delivered,2017-02-17 07:41:56,2017-02-18 11:41:56,2017-02-20 07:41:56,2017-02-20 07:41:56,2017-02-22 07:41:56
order_003044,cust_03328,delivered,2017-08-13 22:06:50,2017-08-14 23:06:50,2017-08-16 22:06:50,2017-08-30 22:06:50,2017-09-05 22:06:50
order_003045,cust_00601,shipped,2018-06-14 19:47:07,2018-06-15 15:47:07,2018-06-16 19:47:07,2018-06-24 19:47:07,2018-06-25 19:47:07
order_003046,cust_00865,delivered,2017-04-14 17:38:54,2017-04-15 11:38:54,2017-04-16 17:38:54,2017-04-17 17:38:54,2017-04-18 17:38:54
order_003047,cust_03628,delivered,2018-04-06 12:01:17,2018-04-06 23:01:17,2018-04-07 12:01:17,2018-04-13 12:01:17,2018-04-19 12:01:17
order_003048,cust_01526,shipped,2017-07-15 13:52:31,2017-07-16 23:52:31,2017-07-18 13:52:31,2017-07-20 13:52:31,2017-07-22 13:52:31
order_003049,cust_01179,delivered,2017-10-18 21:58:54,2017-10-20 02:58:54,2017-10-21 21:58:54,2017-10-21 21:58:54,2017-10-23 21:58:54
order_003050,cust_03025,delivered,2018-06-18 15:51:34,2018-06-18 17:51:34,2018-06-21 15:51:34,2018-06-20 15:51:34,2018-06-21 15:51:34
order_003051,cust_02288,delivered,2018-02-13 13:53:44,2018-02-14 05:53:44,2018-02-17 13:53:44,2018-02-26 13:53:44,2018-03-01 13:53:44
order_003052,cust_00505,delivered,2017-06-22 02:19:45,2017-06-23 21:19:45,2017-06-25 02:19:45,2017-07-07 02:19:45,2017-07-13 02:19:45
order_003053,cust_00348,delivered,2017-01-06 23:54:53,2017-01-07 23:54:53,2017-01-08 23:54:53,2017-01-18 23:54:53,2017-01-24 23:54:53
order_003054,cust_03070,delivered,2017-05-23 19:24:27,2017-05-24 08:24:27,2017-05-27 19:24:27,2017-06-05 19:24:27,2017-06-09 19:24:27
order_003055,cust_02906,delivered,2017-09-12 08:45:13,2017-09-12 19:45:13,2017-09-16 08:45:13,2017-09-14 08:45:13,2017-09-19 08:45:13
order_003056,cust_01339,delivered,2017-03-23 06:00:09,2017-03-23 15:00:09,2017-03-27 06:00:09,2017-03-27 06:00:09,2017-03-31 06:00:09
order_003057,cust_03277,delivered,2018-06-21 23:13:39,2018-06-23 16:13:39,2018-06-24 23:13:39,2018-06-23 23:13:39,2018-06-28 23:13:39
order_003058,cust_00476,delivered,2017-02-03 22:56:56,2017-02-04 13:56:56,2017-02-05 22:56:56,2017-02-20 22:56:56,2017-02-24 22:56:56
order_003059,cust_03302,delivered,2017-11-25 10:05:11,2017-11-26 00:05:11,2017-11-26 10:05:11,2017-12-08 10:05:11,2017-12-10 10:05:11
order_003060,cust_00300,canceled,2018-08-17 05:33:10,2018-08-17 08:33:10,2018-08-19 05:33:10,2018-09-03 05:33:10,2018-09-09 05:33:10
order_003061,cust_02417,delivered,2017-07-23 19:08:51,2017-07-25 13:08:51,2017-07-27 19:08:51,2017-08-08 19:08:51,2017-08-14 19:08:51
order_003062,cust_03203,delivered,2017-11-23 15:00:31,2017-11-24 10:00:31,2017-11-27 15:00:31,2017-11-28 15:00:31,2017-11-29 15:00:31
order_003063,cust_02353,processing,2017-02-14 21:36:07,2017-02-16 07:36:07,2017-02-15 21:36:07,2017-02-24 21:36:07,2017-02-25 21:36:07
order_003064,cust_02958,delivered,2018-03-20 13:05:16,2018-03-21 23:05:16,2018-03-23 13:05:16,2018-04-01 13:05:16,2018-04-06 13:05:16
order_003065,cust_01306,delivered,2018-08-18 13:14:39,2018-08-19 06:14:39,2018-08-21 13:14:39,2018-08-31 13:14:39,2018-09-01 13:14:39
order_003066,cust_01094,delivered,2018-04-15 03:26:04,2018-04-16 03:26:04,2018-04-18 03:26:04,2018-04-27 03:26:04,2018-05-02 03:26:04
order_003067,cust_01010,delivered,2017-04-01 14:28:28,2017-04-01 19:28:28,2017-04-05 14:28:28,2017-04-10 14:28:28,2017-04-16 14:28:28
order_003068,cust_00442,delivered,2017-08-03 08:42:36,2017-08-04 16:42:36,2017-08-04 08:42:36,2017-08-05 08:42:36,2017-08-06 08:42:36
order_003069,cust_01053,delivered,2018-03-16 04:55:52,2018-03-17 12:55:52,2018-03-18 04:55:52,2018-04-02 04:55:52,2018-04-07 04:55:52
order_003070,cust_00939,delivered,2018-05-01 18:45:03,2018-05-02 05:45:03,2018-05-02 18:45:03,2018-05-14 18:45:03,2018-05-15 18:45:03
order_003071,cust_02875,shipped,2017-09-03 08:17:56,2017-09-03 18:17:56,2017-09-06 08:17:56,2017-09-18 08:17:56,2017-09-20 08:17:56
order_003072,cust_00809,delivered,2018-08-08 05:06:07,2018-08-09 00:06:07,2018-08-11 05:06:07,2018-08-13 05:06:07,2018-08-17 05:06:07
order_003073,cust_00630,delivered,2017-05-04 23:03:12,2017-05-06 08:03:12,2017-05-06 23:03:12,2017-05-07 23:03:12,2017-05-12 23:03:12
order_003074,cust_02785,delivered,2018-03-27 23:06:30,2018-03-29 00:06:30,2018-03-31 23:06:30,2018-04-12 23:06:30,2018-04-13 23:06:30
order_003075,cust_02043,delivered,2017-10-29 11:52:09,2017-10-29 14:52:09,2017-11-02 11:52:09,2017-11-12 11:52:09,2017-11-13 11:52:09
order_003076,cust_00819,delivered,2018-03-09 07:05:29,2018-03-10 10:05:29,2018-03-11 07:05:29,2018-03-24 07:05:29,2018-03-26 07:05:29
order_003077,cust_02682,delivered,2017-12-29 03:53:00,2017-12-30 13:53:00,2018-01-02 03:53:00,2018-01-07 03:53:00,2018-01-12 03:53:00
order_003078,cust_00821,delivered,2017-09-20 15:02:28,2017-09-21 00:02:28,2017-09-24 15:02:28,2017-10-06 15:02:28,2017-10-09 15:02:28
order_003079,cust_02985,delivered,2018-05-11 14:39:33,2018-05-12 11:39:33,2018-05-12 14:39:33,2018-05-16 14:39:33,2018-05-18 14:39:33
order_003080,cust_00122,shipped,2018-05-27 14:51:10,2018-05-29 04:51:10,2018-05-31 14:51:10,2018-06-10 14:51:10,2018-06-11 14:51:10
order_003081,cust_02242,delivered,2018-05-12 18:25:33,2018-05-13 10:25:33,2018-05-13 18:25:33,2018-05-21 18:25:33,2018-05-27 18:25:33
order_003082,cust_02268,delivered,2017-02-24 11:17:55,2017-02-24 16:17:55,2017-02-28 11:17:55,2017-02-28 11:17:55,2017-03-05 11:17:55
order_003083,cust_01416,delivered,2017-09-15 16:23:58,2017-09-17 12:23:58,2017-09-18 16:23:58,2017-09-28 16:23:58,2017-10-04 16:23:58
order_003084,cust_02618,processing,2018-04-01 15:43:43,2018-04-01 20:43:43,2018-04-05 15:43:43,2018-04-08 15:43:43,2018-04-11 15:43:43
order_003085,cust_01442,delivered,2018-06-11 19:05:40,2018-06-11 22:05:40,2018-06-14 19:05:40,2018-06-15 19:05:40,2018-06-20 19:05:40
order_003086,cust_02483,delivered,2017-08-09 17:50:45,2017-08-10 05:50:45,2017-08-11 17:50:45,2017-08-22 17:50:45,2017-08-26 17:50:45
order_003087,cust_00849,delivered,2018-03-27 00:51:45,2018-03-28 12:51:45,2018-03-30 00:51:45,2018-04-10 00:51:45,2018-04-14 00:51:45
order_003088,cust_02160,delivered,2017-12-11 14:51:21,2017-12-12 21:51:21,2017-12-13 14:51:21,2017-12-18 14:51:21,2017-12-21 14:51:21
order_003089,cust_02873,delivered,2017-05-15 23:24:35,2017-05-16 11:24:35,2017-05-16 23:24:35,2017-06-01 23:24:35,2017-06-05 23:24:35
order_003090,cust_03671,delivered,2018-06-27 13:26:23,2018-06-27 17:26:23,2018-06-28 13:26:23,2018-07-10 13:26:23,2018-07-13 13:26:23
order_003091,cust_01369,delivered,2017-09-28 12:42:51,2017-09-30 09:42:51,2017-10-02 12:42:51,2017-09-30 12:42:51,2017-10-04 12:42:51
order_003092,cust_01796,delivered,2018-01-03 14:33:32,2018-01-03 15:33:32,2018-01-05 14:33:32,2018-01-10 14:33:32,2018-01-13 14:33:32
order_003093,cust_01810,delivered,2017-06-25 13:26:23,2017-06-27 09:26:23,2017-06-26 13:26:23,2017-07-12 13:26:23,2017-07-18 13:26:23
order_003094,cust_03268,delivered,2017-01-16 09:38:48,2017-01-17 08:38:48,2017-01-17 09:38:48,2017-01-20 09:38:48,2017-01-26 09:38:48
order_003095,cust_03657,delivered,2017-10-03 23:51:17,2017-10-04 09:51:17,2017-10-04 23:51:17,2017-10-20 23:51:17,2017-10-23 23:51:17
order_003096,cust_02454,delivered,2018-03-16 01:42:03,2018-03-16 18:42:03,2018-03-20 01:42:03,2018-03-26 01:42:03,2018-03-29 01:42:03
order_003097,cust_03124,delivered,2017-07-18 19:32:31,2017-07-19 10:32:31,2017-07-19 19:32:31,2017-07-30 19:32:31,2017-08-04 19:32:31
order_003098,cust_00319,delivered,2018-07-19 03:49:57,2018-07-19 11:49:57,2018-07-23 03:49:57,2018-07-31 03:49:57,2018-08-04 03:49:57
order_003099,cust_02885,delivered,2018-04-02 04:57:18,2018-04-03 01:57:18,2018-04-05 04:57:18,2018-04-12 04:57:18,2018-04-14 04:57:18
order_003100,cust_03078,delivered,2018-01-26 14:33:39,2018-01-27 21:33:39,2018-01-27 14:33:39,2018-02-05 14:33:39,2018-02-11 14:33:39
order_003101,cust_02716,delivered,2018-05-06 15:18:37,2018-05-07 14:18:37,2018-05-10 15:18:37,2018-05-17 15:18:37,2018-05-22 15:18:37
order_003102,cust_02220,shipped,2018-06-08 22:15:07,2018-06-10 05:15:07,2018-06-10 22:15:07,2018-06-20 22:15:07,2018-06-24 22:15:07
order_003103,cust_03418,delivered,2018-03-15 07:03:49,2018-03-17 05:03:49,2018-03-17 07:03:49,2018-03-28 07:03:49,2018-04-02 07:03:49
order_003104,cust_02483,delivered,2018-05-17 00:37:03,2018-05-17 06:37:03,2018-05-20 00:37:03,2018-05-26 00:37:03,2018-05-28 00:37:03
order_003105,cust_03216,delivered,2018-03-10 06:07:15,2018-03-11 17:07:15,2018-03-13 06:07:15,2018-03-18 06:07:15,2018-03-23 06:07:15
order_003106,cust_00684,delivered,2018-06-08 13:03:24,2018-06-09 00:03:24,2018-06-11 13:03:24,2018-06-22 13:03:24,2018-06-23 13:03:24
order_003107,cust_02528,shipped,2017-03-05 08:34:36,2017-03-05 09:34:36,2017-03-08 08:34:36,2017-03-19 08:34:36,2017-03-24 08:34:36
order_003108,cust_01662,delivered,2017-07-29 06:02:58,2017-07-30 00:02:58,2017-08-02 06:02:58,2017-08-10 06:02:58,2017-08-14 06:02:58
order_003109,cust_03299,delivered,2018-06-24 21:56:19,2018-06-25 16:56:19,2018-06-26 21:56:19,2018-07-03 21:56:19,2018-07-07 21:56:19
order_003110,cust_03346,delivered,2017-10-16 13:28:54,2017-10-18 12:28:54,2017-10-17 13:28:54,2017-10-27 13:28:54,2017-11-01 13:28:54
order_003111,cust_03207,delivered,2017-01-10 16:07:42,2017-01-11 09:07:42,2017-01-11 16:07:42,2017-01-21 16:07:42,2017-01-23 16:07:42
order_003112,cust_00818,delivered,2018-05-31 17:59:30,2018-06-02 06:59:30,2018-06-01 17:59:30,2018-06-08 17:59:30,2018-06-13 17:59:30
order_003113,cust_01870,delivered,2018-02-03 09:49:12,2018-02-05 05:49:12,2018-02-07 09:49:12,2018-02-07 09:49:12,2018-02-08 09:49:12
order_003114,cust_00000,delivered,2018-07-08 17:39:03,2018-07-09 09:39:03,2018-07-12 17:39:03,2018-07-18 17:39:03,2018-07-23 17:39:03
order_003115,cust_03722,delivered,2017-01-10 23:07:48,2017-01-11 08:07:48,2017-01-12 23:07:48,2017-01-19 23:07:48,2017-01-24 23:07:48
order_003116,cust_00978,delivered,2017-03-31 17:23:50,2017-04-02 15:23:50,2017-04-01 17:23:50,2017-04-02 17:23:50,2017-04-03 17:23:50
order_003117,cust_02372,delivered,2017-11-07 07:07:28,2017-11-08 05:07:28,2017-11-10 07:07:28,2017-11-24 07:07:28,2017-11-29 07:07:28
order_003118,cust_01852,canceled,2017-04-21 18:41:38,2017-04-22 16:41:38,2017-04-25 18:41:38,2017-05-03 18:41:38,2017-05-08 18:41:38
order_003119,cust_03437,delivered,2017-11-13 05:40:00,2017-11-14 16:40:00,2017-11-14 05:40:00,2017-11-16 05:40:00,2017-11-20 05:40:00
order_003120,cust_03120,delivered,2017-07-30 01:44:33,2017-07-30 19:44:33,2017-07-31 01:44:33,2017-08-04 01:44:33,2017-08-08 01:44:33
order_003121,cust_02952,delivered,2017-05-08 10:39:32,2017-05-09 12:39:32,2017-05-10 10:39:32,2017-05-19 10:39:32,2017-05-20 10:39:32
order_003122,cust_02444,delivered,2018-04-14 12:13:47,2018-04-16 09:13:47,2018-04-16 12:13:47,2018-04-29 12:13:47,2018-05-05 12:13:47
order_003123,cust_00453,delivered,2017-01-24 11:16:29,2017-01-24 14:16:29,2017-01-25 11:16:29,2017-02-02 11:16:29,2017-02-08 11:16:29
order_003124,cust_03492,delivered,2018-06-16 06:16:57,2018-06-17 17:16:57,2018-06-19 06:16:57,2018-06-30 06:16:57,2018-07-05 06:16:57
order_003125,cust_00237,delivered,2017-04-04 06:33:01,2017-04-05 01:33:01,2017-04-06 06:33:01,2017-04-08 06:33:01,2017-04-09 06:33:01
order_003126,cust_01731,processing,2017-12-19 22:06:37,2017-12-21 00:06:37,2017-12-23 22:06:37,2017-12-29 22:06:37,2018-01-01 22:06:37
order_003127,cust_01441,delivered,2018-08-26 06:59:50,2018-08-28 01:59:50,2018-08-30 06:59:50,2018-09-10 06:59:50,2018-09-15 06:59:50
order_003128,cust_01485,delivered,2017-03-10 18:47:20,2017-03-11 23:47:20,2017-03-11 18:47:20,2017-03-25 18:47:20,2017-03-30 18:47:20
order_003129,cust_03713,delivered,2018-07-18 06:10:56,2018-07-19 02:10:56,2018-07-20 06:10:56,2018-07-23 06:10:56,2018-07-29 06:10:56
order_003130,cust_00879,delivered,2017-07-04 02:34:51,2017-07-06 00:34:51,2017-07-08 02:34:51,2017-07-16 02:34:51,2017-07-20 02:34:51
order_003131,cust_02203,delivered,2018-03-27 01:31:02,2018-03-28 06:31:02,2018-03-28 01:31:02,2018-03-29 01:31:02,2018-04-03 01:31:02
order_003132,cust_00828,delivered,2018-06-06 05:50:16,2018-06-06 13:50:16,2018-06-10 05:50:16,2018-06-10 05:50:16,2018-06-13 05:50:16
order_003133,cust_03463,processing,2017-05-21 20:11:27,2017-05-22 01:11:27,2017-05-23 20:11:27,2017-06-06 20:11:27,2017-06-11 20:11:27
order_003134,cust_02797,delivered,2017-07-31 10:55:31,2017-08-01 03:55:31,2017-08-04 10:55:31,2017-08-13 10:55:31,2017-08-17 10:55:31
order_003135,cust_01576,delivered,2018-06-08 16:40:50,2018-06-10 02:40:50,2018-06-11 16:40:50,2018-06-13 16:40:50,2018-06-18 16:40:50
order_003136,cust_00305,delivered,2017-03-04 23:06:35,2017-03-05 19:06:35,2017-03-08 23:06:35,2017-03-21 23:06:35,2017-03-23 23:06:35
order_003137,cust_00580,delivered,2017-03-08 01:09:16,2017-03-08 09:09:16,2017-03-09 01:09:16,2017-03-25 01:09:16,2017-03-27 01:09:16
order_003138,cust_00922,delivered,2017-07-03 02:37:55,2017-07-05 01:37:55,2017-07-07 02:37:55,2017-07-05 02:37:55,2017-07-06 02:37:55
order_003139,cust_01543,delivered,2018-01-02 22:04:57,2018-01-03 08:04:57,2018-01-05 22:04:57,2018-01-04 22:04:57,2018-01-09 22:04:57
order_003140,cust_03366,delivered,2018-05-06 13:37:52,2018-05-06 17:37:52,2018-05-10 13:37:52,2018-05-11 13:37:52,2018-05-16 13:37:52
order_003141,cust_00454,delivered,2017-12-09 14:49:46,2017-12-10 08:49:46,2017-12-13 14:49:46,2017-12-23 14:49:46,2017-12-25 14:49:46
order_003142,cust_02192,delivered,2017-10-28 08:11:27,2017-10-28 14:11:27,2017-10-31 08:11:27,2017-11-08 08:11:27,2017-11-11 08:11:27
order_003143,cust_01319,delivered,2018-06-14 19:50:35,2018-06-15 23:50:35,2018-06-16 19:50:35,2018-06-24 19:50:35,2018-06-28 19:50:35
order_003144,cust_00177,delivered,2017-04-15 15:30:43,2017-04-16 12:30:43,2017-04-19 15:30:43,2017-04-23 15:30:43,2017-04-28 15:30:43
order_003145,cust_02353,delivered,2018-07-03 06:11:06,2018-07-05 02:11:06,2018-07-06 06:11:06,2018-07-12 06:11:06,2018-07-14 06:11:06
order_003146,cust_02676,shipped,2017-07-10 15:34:08,2017-07-10 23:34:08,2017-07-14 15:34:08,2017-07-22 15:34:08,2017-07-25 15:34:08
order_003147,cust_03646,delivered,2017-06-17 00:05:35,2017-06-17 13:05:35,2017-06-20 00:05:35,2017-06-20 00:05:35,2017-06-22 00:05:35
order_003148,cust_01925,delivered,2018-08-03 05:46:27,2018-08-04 14:46:27,2018-08-06 05:46:27,2018-08-14 05:46:27,2018-08-19 05:46:27
order_003149,cust_01236,delivered,2018-01-28 04:53:39,2018-01-29 13:53:39,2018-01-31 04:53:39,2018-02-02 04:53:39,2018-02-08 04:53:39
order_003150,cust_03247,delivered,2017-09-20 18:51:33,2017-09-21 11:51:33,2017-09-21 18:51:33,2017-10-04 18:51:33,2017-10-09 18:51:33
order_003151,cust_00939,delivered,2017-07-20 17:38:35,2017-07-22 13:38:35,2017-07-23 17:38:35,2017-07-25 17:38:35,2017-07-30 17:38:35
order_003152,cust_02593,delivered,2017-09-26 02:11:25,2017-09-27 18:11:25,2017-09-27 02:11:25,2017-09-29 02:11:25,2017-10-04 02:11:25
order_003153,cust_03584,delivered,2018-04-27 21:45:17,2018-04-29 02:45:17,2018-04-30 21:45:17,2018-05-05 21:45:17,2018-05-11 21:45:17
order_003154,cust_00016,delivered,2017-04-04 19:38:07,2017-04-06 07:38:07,2017-04-08 19:38:07,2017-04-13 19:38:07,2017-04-16 19:38:07
order_003155,cust_03515,shipped,2017-04-17 10:26:05,2017-04-18 12:26:05,2017-04-19 10:26:05,2017-04-27 10:26:05,2017-04-29 10:26:05
order_003156,cust_00781,delivered,2017-07-05 05:05:13,2017-07-06 04:05:13,2017-07-09 05:05:13,2017-07-20 05:05:13,2017-07-26 05:05:13
order_003157,cust_01829,delivered,2017-10-21 10:05:11,2017-10-22 12:05:11,2017-10-22 10:05:11,2017-11-03 10:05:11,2017-11-04 10:05:11
order_003158,cust_00980,shipped,2018-05-11 14:08:59,2018-05-13 06:08:59,2018-05-12 14:08:59,2018-05-18 14:08:59,2018-05-21 14:08:59
order_003159,cust_00549,delivered,2017-05-09 15:07:19,2017-05-09 16:07:19,2017-05-11 15:07:19,2017-05-22 15:07:19,2017-05-27 15:07:19
order_003160,cust_02668,delivered,2018-04-24 08:20:07,2018-04-24 13:20:07,2018-04-28 08:20:07,2018-05-04 08:20:07,2018-05-09 08:20:07
order_003161,cust_01832,delivered,2018-07-06 02:26:17,2018-07-07 01:26:17,2018-07-09 02:26:17,2018-07-11 02:26:17,2018-07-16 02:26:17
order_003162,cust_01935,delivered,2017-09-22 14:38:04,2017-09-23 18:38:04,2017-09-24 14:38:04,2017-09-24 14:38:04,2017-09-27 14:38:04
order_003163,cust_01837,delivered,2018-08-08 16:55:24,2018-08-09 01:55:24,2018-08-12 16:55:24,2018-08-10 16:55:24,2018-08-16 16:55:24
order_003164,cust_02840,processing,2018-06-28 06:25:04,2018-06-29 11:25:04,2018-06-30 06:25:04,2018-07-03 06:25:04,2018-07-05 06:25:04
order_003165,cust_03671,delivered,2018-04-30 15:20:54,2018-04-30 17:20:54,2018-05-02 15:20:54,2018-05-15 15:20:54,2018-05-16 15:20:54
order_003166,cust_01948,delivered,2017-08-20 13:39:18,2017-08-21 01:39:18,2017-08-24 13:39:18,2017-08-29 13:39:18,2017-09-02 13:39:18
order_003167,cust_00591,delivered,2017-07-02 12:01:57,2017-07-03 10:01:57,2017-07-03 12:01:57,2017-07-11 12:01:57,2017-07-13 12:01:57
order_003168,cust_01244,processing,2018-06-10 00:11:48,2018-06-10 03:11:48,2018-06-14 00:11:48,2018-06-18 00:11:48,2018-06-21 00:11:48
order_003169,cust_01884,delivered,2017-09-26 07:22:30,2017-09-27 13:22:30,2017-09-27 07:22:30,2017-10-02 07:22:30,2017-10-05 07:22:30
order_003170,cust_00393,delivered,2017-01-20 08:59:12,2017-01-21 10:59:12,2017-01-23 08:59:12,2017-02-02 08:59:12,2017-02-04 08:59:12
order_003171,cust_00870,delivered,2018-03-13 20:00:44,2018-03-14 23:00:44,2018-03-16 20:00:44,2018-03-15 20:00:44,2018-03-21 20:00:44
order_003172,cust_00769,delivered,2017-07-31 19:50:00,2017-08-01 20:50:00,2017-08-04 19:50:00,2017-08-11 19:50:00,2017-08-14 19:50:00
order_003173,cust_03697,delivered,2018-07-23 20:58:12,2018-07-25 05:58:12,2018-07-27 20:58:12,2018-08-08 20:58:12,2018-08-13 20:58:12
order_003174,cust_01522,delivered,2018-06-04 11:06:43,2018-06-05 18:06:43,2018-06-08 11:06:43,2018-06-20 11:06:43,2018-06-21 11:06:43
order_003175,cust_03340,delivered,2017-03-05 07:50:46,2017-03-06 15:50:46,2017-03-09 07:50:46,2017-03-12 07:50:46,2017-03-18 07:50:46
order_003176,cust_02095,delivered,2018-07-02 11:58:56,2018-07-02 22:58:56,2018-07-06 11:58:56,2018-07-17 11:58:56,2018-07-23 11:58:56
order_003177,cust_01923,delivered,2018-08-01 19:00:02,2018-08-03 04:00:02,2018-08-04 19:00:02,2018-08-06 19:00:02,2018-08-07 19:00:02
order_003178,cust_03566,delivered,2018-04-05 14:55:04,2018-04-05 23:55:04,2018-04-09 14:55:04,2018-04-10 14:55:04,2018-04-14 14:55:04
order_003179,cust_02629,delivered,2017-06-17 14:25:46,2017-06-17 16:25:46,2017-06-21 14:25:46,2017-06-24 14:25:46,2017-06-28 14:25:46
order_003180,cust_00910,delivered,2018-02-12 10:25:15,2018-02-14 08:25:15,2018-02-14 10:25:15,2018-02-14 10:25:15,2018-02-16 10:25:15
order_003181,cust_01070,delivered,2018-06-12 16:42:55,2018-06-13 01:42:55,2018-06-16 16:42:55,2018-06-18 16:42:55,2018-06-23 16:42:55
order_003182,cust_02531,delivered,2018-05-11 20:48:35,2018-05-12 02:48:35,2018-05-12 20:48:35,2018-05-26 20:48:35,2018-05-31 20:48:35
order_003183,cust_00008,processing,2017-09-20 16:01:52,2017-09-21 07:01:52,2017-09-21 16:01:52,2017-10-04 16:01:52,2017-10-10 16:01:52
order_003184,cust_00579,delivered,2018-03-07 09:40:47,2018-03-09 08:40:47,2018-03-08 09:40:47,2018-03-14 09:40:47,2018-03-18 09:40:47
order_003185,cust_00282,delivered,2017-08-23 20:09:31,2017-08-25 13:09:31,2017-08-26 20:09:31,2017-08-29 20:09:31,2017-09-03 20:09:31
order_003186,cust_02712,delivered,2017-06-04 22:37:16,2017-06-06 08:37:16,2017-06-05 22:37:16,2017-06-11 22:37:16,2017-06-16 22:37:16
order_003187,cust_01677,processing,2018-02-14 19:07:04,2018-02-15 04:07:04,2018-02-15 19:07:04,2018-02-17 19:07:04,2018-02-22 19:07:04
order_003188,cust_00043,shipped,2017-10-11 21:02:47,2017-10-13 03:02:47,2017-10-12 21:02:47,2017-10-15 21:02:47,2017-10-19 21:02:47
order_003189,cust_02818,delivered,2017-05-17 06:22:18,2017-05-18 22:22:18,2017-05-18 06:22:18,2017-06-03 06:22:18,2017-06-08 06:22:18
order_003190,cust_02492,delivered,2018-02-06 10:06:21,2018-02-07 02:06:21,2018-02-07 10:06:21,2018-02-19 10:06:21,2018-02-20 10:06:21
order_003191,cust_02730,delivered,2017-07-15 05:59:03,2017-07-15 18:59:03,2017-07-16 05:59:03,2017-07-27 05:59:03,2017-07-31 05:59:03
order_003192,cust_00620,delivered,2017-12-24 08:46:45,2017-12-26 01:46:45,2017-12-26 08:46:45,2017-12-30 08:46:45,2018-01-01 08:46:45
order_003193,cust_03324,delivered,2017-08-08 17:36:13,2017-08-09 00:36:13,2017-08-12 17:36:13,2017-08-23 17:36:13,2017-08-26 17:36:13
order_003194,cust_00685,delivered,2018-06-23 16:14:20,2018-06-25 11:14:20,2018-06-26 16:14:20,2018-06-27 16:14:20,2018-07-02 16:14:20
order_003195,cust_02169,shipped,2018-06-02 00:04:35,2018-06-02 23:04:35,2018-06-04 00:04:35,2018-06-19 00:04:35,2018-06-20 00:04:35
order_003196,cust_02123,delivered,2017-10-16 18:07:38,2017-10-18 04:07:38,2017-10-17 18:07:38,2017-10-26 18:07:38,2017-10-31 18:07:38
order_003197,cust_00831,delivered,2018-03-08 04:36:35,2018-03-08 22:36:35,2018-03-11 04:36:35,2018-03-15 04:36:35,2018-03-17 04:36:35
order_003198,cust_01426,shipped,2017-04-19 04:27:38,2017-04-20 14:27:38,2017-04-21 04:27:38,2017-05-03 04:27:38,2017-05-08 04:27:38
order_003199,cust_00198,canceled,2018-08-30 13:02:48,2018-09-01 09:02:48,2018-09-02 13:02:48,2018-09-07 13:02:48,2018-09-12 13:02:48
order_003200,cust_01790,delivered,2017-05-11 05:47:06,2017-05-12 05:47:06,2017-05-12 05:47:06,2017-05-17 05:47:06,2017-05-18 05:47:06
order_003201,cust_02573,delivered,2018-06-12 23:06:40,2018-06-13 09:06:40,2018-06-16 23:06:40,2018-06-24 23:06:40,2018-06-26 23:06:40
order_003202,cust_01173,delivered,2018-05-30 03:30:36,2018-05-30 07:30:36,2018-05-31 03:30:36,2018-06-12 03:30:36,2018-06-17 03:30:36
order_003203,cust_02043,processing,2017-04-19 03:38:22,2017-04-20 23:38:22,2017-04-23 03:38:22,2017-04-30 03:38:22,2017-05-03 03:38:22
order_003204,cust_03623,delivered,2017-01-06 18:15:23,2017-01-08 17:15:23,2017-01-09 18:15:23,2017-01-15 18:15:23,2017-01-18 18:15:23
order_003205,cust_00891,delivered,2018-03-25 06:52:40,2018-03-26 13:52:40,2018-03-28 06:52:40,2018-04-01 06:52:40,2018-04-02 06:52:40
order_003206,cust_01104,delivered,2018-06-13 17:08:44,2018-06-13 18:08:44,2018-06-17 17:08:44,2018-06-21 17:08:44,2018-06-26 17:08:44
order_003207,cust_00455,delivered,2018-03-12 16:21:20,2018-03-14 10:21:20,2018-03-14 16:21:20,2018-03-27 16:21:20,2018-03-28 16:21:20
order_003208,cust_02059,delivered,2017-02-03 04:32:14,2017-02-04 04:32:14,2017-02-06 04:32:14,2017-02-10 04:32:14,2017-02-12 04:32:14
order_003209,cust_00774,delivered,2018-01-28 13:55:03,2018-01-29 00:55:03,2018-01-31 13:55:03,2018-02-14 13:55:03,2018-02-17 13:55:03
order_003210,cust_03246,delivered,2017-08-27 12:53:05,2017-08-28 06:53:05,2017-08-30 12:53:05,2017-08-31 12:53:05,2017-09-05 12:53:05
order_003211,cust_01105,delivered,2018-07-11 02:16:13,2018-07-12 23:16:13,2018-07-14 02:16:13,2018-07-15 02:16:13,2018-07-18 02:16:13
order_003212,cust_02523,delivered,2018-05-02 18:20:30,2018-05-04 07:20:30,2018-05-06 18:20:30,2018-05-09 18:20:30,2018-05-15 18:20:30
order_003213,cust_00719,delivered,2018-05-01 20:34:39,2018-05-03 01:34:39,2018-05-03 20:34:39,2018-05-03 20:34:39,2018-05-07 20:34:39
order_003214,cust_01226,delivered,2017-09-05 22:43:43,2017-09-07 09:43:43,2017-09-08 22:43:43,2017-09-21 22:43:43,2017-09-23 22:43:43
order_003215,cust_00650,delivered,2017-07-15 02:06:34,2017-07-16 18:06:34,2017-07-16 02:06:34,2017-07-22 02:06:34,2017-07-24 02:06:34
order_003216,cust_02099,delivered,2018-05-15 04:17:04,2018-05-16 10:17:04,2018-05-16 04:17:04,2018-05-18 04:17:04,2018-05-23 04:17:04
order_003217,cust_00105,delivered,2017-03-12 19:48:08,2017-03-13 10:48:08,2017-03-15 19:48:08,2017-03-23 19:48:08,2017-03-26 19:48:08
order_003218,cust_00315,processing,2017-03-02 07:18:14,2017-03-02 11:18:14,2017-03-03 07:18:14,2017-03-19 07:18:14,2017-03-23 07:18:14
order_003219,cust_01905,delivered,2017-02-07 15:00:46,2017-02-07 21:00:46,2017-02-08 15:00:46,2017-02-24 15:00:46,2017-02-27 15:00:46
order_003220,cust_02073,delivered,2017-11-08 08:21:36,2017-11-08 20:21:36,2017-11-11 08:21:36,2017-11-11 08:21:36,2017-11-13 08:21:36
order_003221,cust_01252,delivered,2017-02-15 05:13:19,2017-02-16 18:13:19,2017-02-18 05:13:19,2017-03-01 05:13:19,2017-03-05 05:13:19
order_003222,cust_01639,shipped,2017-12-21 14:59:58,2017-12-21 19:59:58,2017-12-24 14:59:58,2017-12-28 14:59:58,2017-12-30 14:59:58
order_003223,cust_01582,processing,2017-04-12 04:55:57,2017-04-12 10:55:57,2017-04-14 04:55:57,2017-04-27 04:55:57,2017-05-03 04:55:57
order_003224,cust_02880,canceled,2018-06-26 03:16:26,2018-06-28 02:16:26,2018-06-30 03:16:26,2018-07-07 03:16:26,2018-07-12 03:16:26
order_003225,cust_01696,delivered,2017-09-20 12:43:51,2017-09-21 07:43:51,2017-09-21 12:43:51,2017-10-03 12:43:51,2017-10-08 12:43:51
order_003226,cust_03222,delivered,2017-02-26 04:38:32,2017-02-26 11:38:32,2017-02-27 04:38:32,2017-03-13 04:38:32,2017-03-15 04:38:32
order_003227,cust_00824,delivered,2018-02-26 04:36:50,2018-02-27 22:36:50,2018-02-28 04:36:50,2018-03-14 04:36:50,2018-03-15 04:36:50
order_003228,cust_00758,delivered,2017-07-25 18:43:49,2017-07-27 16:43:49,2017-07-29 18:43:49,2017-07-29 18:43:49,2017-07-30 18:43:49
order_003229,cust_01534,delivered,2017-06-09 12:41:22,2017-06-10 12:41:22,2017-06-12 12:41:22,2017-06-22 12:41:22,2017-06-28 12:41:22
order_003230,cust_00309,delivered,2018-02-05 13:00:33,2018-02-05 19:00:33,2018-02-08 13:00:33,2018-02-09 13:00:33,2018-02-15 13:00:33
order_003231,cust_02550,delivered,2018-08-05 03:26:30,2018-08-06 09:26:30,2018-08-09 03:26:30,2018-08-22 03:26:30,2018-08-27 03:26:30
order_003232,cust_01484,delivered,2018-08-19 03:50:57,2018-08-20 20:50:57,2018-08-23 03:50:57,2018-08-31 03:50:57,2018-09-04 03:50:57
order_003233,cust_01392,delivered,2017-09-22 09:22:39,2017-09-24 07:22:39,2017-09-23 09:22:39,2017-09-27 09:22:39,2017-09-29 09:22:39
order_003234,cust_02029,delivered,2018-05-31 09:19:20,2018-06-01 13:19:20,2018-06-03 09:19:20,2018-06-06 09:19:20,2018-06-11 09:19:20
order_003235,cust_00311,delivered,2017-05-08 10:50:20,2017-05-10 07:50:20,2017-05-12 10:50:20,2017-05-24 10:50:20,2017-05-28 10:50:20
order_003236,cust_01431,delivered,2018-05-30 03:13:40,2018-05-31 19:13:40,2018-05-31 03:13:40,2018-06-11 03:13:40,2018-06-15 03:13:40
order_003237,cust_03694,delivered,2018-07-27 21:33:44,2018-07-28 05:33:44,2018-07-28 21:33:44,2018-08-01 21:33:44,2018-08-02 21:33:44
order_003238,cust_02388,shipped,2017-11-11 08:42:16,2017-11-12 14:42:16,2017-11-13 08:42:16,2017-11-26 08:42:16,2017-11-30 08:42:16
order_003239,cust_02181,delivered,2017-11-14 19:35:21,2017-11-16 03:35:21,2017-11-18 19:35:21,2017-11-27 19:35:21,2017-12-02 19:35:21
order_003240,cust_01921,delivered,2017-12-10 09:36:17,2017-12-11 22:36:17,2017-12-11 09:36:17,2017-12-13 09:36:17,2017-12-18 09:36:17
order_003241,cust_01781,delivered,2017-02-14 11:19:55,2017-02-15 12:19:55,2017-02-17 11:19:55,2017-02-20 11:19:55,2017-02-21 11:19:55
order_003242,cust_03559,delivered,2018-06-07 02:41:26,2018-06-08 13:41:26,2018-06-09 02:41:26,2018-06-22 02:41:26,2018-06-23 02:41:26
order_003243,cust_03535,delivered,2018-03-25 16:14:25,2018-03-26 20:14:25,2018-03-28 16:14:25,2018-04-01 16:14:25,2018-04-07 16:14:25
order_003244,cust_01555,delivered,2018-06-13 01:26:09,2018-06-13 14:26:09,2018-06-17 01:26:09,2018-06-15 01:26:09,2018-06-17 01:26:09
order_003245,cust_03513,delivered,2017-03-12 17:56:56,2017-03-13 16:56:56,2017-03-13 17:56:56,2017-03-23 17:56:56,2017-03-26 17:56:56
order_003246,cust_00313,canceled,2018-05-03 21:09:30,2018-05-05 17:09:30,2018-05-05 21:09:30,2018-05-19 21:09:30,2018-05-23 21:09:30
order_003247,cust_01214,delivered,2017-08-09 08:40:43,2017-08-11 00:40:43,2017-08-12 08:40:43,2017-08-19 08:40:43,2017-08-22 08:40:43
order_003248,cust_01147,delivered,2018-05-13 21:18:12,2018-05-15 04:18:12,2018-05-14 21:18:12,2018-05-30 21:18:12,2018-06-05 21:18:12
order_003249,cust_02649,delivered,2018-08-28 16:46:16,2018-08-29 08:46:16,2018-08-31 16:46:16,2018-08-31 16:46:16,2018-09-06 16:46:16
order_003250,cust_02302,delivered,2018-06-19 00:03:42,2018-06-19 10:03:42,2018-06-21 00:03:42,2018-07-01 00:03:42,2018-07-04 00:03:42
order_003251,cust_01795,delivered,2018-07-11 04:52:10,2018-07-11 18:52:10,2018-07-12 04:52:10,2018-07-23 04:52:10,2018-07-25 04:52:10
order_003252,cust_00972,delivered,2017-03-11 15:23:20,2017-03-12 06:23:20,2017-03-14 15:23:20,2017-03-28 15:23:20,2017-04-03 15:23:20
order_003253,cust_01926,processing,2017-07-19 16:50:23,2017-07-21 14:50:23,2017-07-20 16:50:23,2017-07-29 16:50:23,2017-08-03 16:50:23
order_003254,cust_01022,delivered,2017-06-27 02:14:53,2017-06-28 04:14:53,2017-06-28 02:14:53,2017-07-12 02:14:53,2017-07-17 02:14:53
order_003255,cust_01890,delivered,2017-11-09 16:25:52,2017-11-10 11:25:52,2017-11-10 16:25:52,2017-11-13 16:25:52,2017-11-16 16:25:52
order_003256,cust_01290,delivered,2018-08-17 19:26:36,2018-08-19 13:26:36,2018-08-18 19:26:36,2018-08-19 19:26:36,2018-08-22 19:26:36
order_003257,cust_03376,delivered,2018-02-21 02:12:19,2018-02-21 20:12:19,2018-02-23 02:12:19,2018-03-06 02:12:19,2018-03-08 02:12:19
order_003258,cust_02835,delivered,2017-11-28 21:06:34,2017-11-30 11:06:34,2017-12-02 21:06:34,2017-11-30 21:06:34,2017-12-03 21:06:34
order_003259,cust_00666,delivered,2018-05-05 12:47:38,2018-05-06 19:47:38,2018-05-07 12:47:38,2018-05-20 12:47:38,2018-05-24 12:47:38
order_003260,cust_03572,delivered,2017-04-18 14:47:55,2017-04-19 05:47:55,2017-04-19 14:47:55,2017-04-20 14:47:55,2017-04-21 14:47:55
order_003261,cust_02503,canceled,2018-02-06 01:12:48,2018-02-07 23:12:48,2018-02-10 01:12:48,2018-02-19 01:12:48,2018-02-23 01:12:48
order_003262,cust_01331,delivered,2017-11-02 14:42:56,2017-11-03 23:42:56,2017-11-06 14:42:56,2017-11-11 14:42:56,2017-11-15 14:42:56
order_003263,cust_02015,delivered,2017-05-04 10:54:26,2017-05-06 09:54:26,2017-05-06 10:54:26,2017-05-16 10:54:26,2017-05-22 10:54:26
order_003264,cust_00742,delivered,2018-01-28 08:54:56,2018-01-28 09:54:56,2018-01-29 08:54:56,2018-02-08 08:54:56,2018-02-09 08:54:56
order_003265,cust_00177,delivered,2018-05-27 18:43:39,2018-05-28 08:43:39,2018-05-31 18:43:39,2018-06-05 18:43:39,2018-06-07 18:43:39
order_003266,cust_01598,delivered,2018-05-19 05:59:14,2018-05-19 21:59:14,2018-05-22 05:59:14,2018-05-28 05:59:14,2018-05-31 05:59:14
order_003267,cust_02972,delivered,2018-05-28 01:26:23,2018-05-29 09:26:23,2018-06-01 01:26:23,2018-06-07 01:26:23,2018-06-13 01:26:23
order_003268,cust_01336,delivered,2018-05-09 11:58:56,2018-05-11 03:58:56,2018-05-12 11:58:56,2018-05-21 11:58:56,2018-05-23 11:58:56
order_003269,cust_01460,delivered,2017-10-13 17:50:57,2017-10-13 23:50:57,2017-10-17 17:50:57,2017-10-26 17:50:57,2017-11-01 17:50:57
order_003270,cust_03762,delivered,2017-01-30 03:12:33,2017-01-30 11:12:33,2017-01-31 03:12:33,2017-02-08 03:12:33,2017-02-14 03:12:33
order_003271,cust_03751,processing,2018-08-10 23:37:54,2018-08-12 07:37:54,2018-08-11 23:37:54,2018-08-17 23:37:54,2018-08-18 23:37:54
order_003272,cust_01762,delivered,2017-10-03 16:08:00,2017-10-04 09:08:00,2017-10-06 16:08:00,2017-10-05 16:08:00,2017-10-08 16:08:00
order_003273,cust_00167,delivered,2018-01-20 22:25:03,2018-01-22 07:25:03,2018-01-23 22:25:03,2018-02-03 22:25:03,2018-02-05 22:25:03
order_003274,cust_02581,processing,2017-01-13 11:16:55,2017-01-13 12:16:55,2017-01-15 11:16:55,2017-01-18 11:16:55,2017-01-21 11:16:55
order_003275,cust_02715,delivered,2018-06-25 02:57:24,2018-06-26 03:57:24,2018-06-27 02:57:24,2018-07-03 02:57:24,2018-07-09 02:57:24
order_003276,cust_03472,delivered,2018-06-24 04:15:44,2018-06-24 06:15:44,2018-06-26 04:15:44,2018-07-11 04:15:44,2018-07-14 04:15:44
order_003277,cust_03602,delivered,2018-07-19 12:00:55,2018-07-21 09:00:55,2018-07-20 12:00:55,2018-08-02 12:00:55,2018-08-06 12:00:55
order_003278,cust_02390,delivered,2017-04-16 14:07:10,2017-04-16 21:07:10,2017-04-20 14:07:10,2017-04-23 14:07:10,2017-04-24 14:07:10
order_003279,cust_00407,delivered,2018-05-28 17:37:09,2018-05-29 02:37:09,2018-06-01 17:37:09,2018-06-06 17:37:09,2018-06-10 17:37:09
order_003280,cust_00947,delivered,2018-01-15 19:05:16,2018-01-16 00:05:16,2018-01-19 19:05:16,2018-01-22 19:05:16,2018-01-25 19:05:16
order_003281,cust_02723,delivered,2017-03-30 18:18:20,2017-03-31 05:18:20,2017-04-02 18:18:20,2017-04-11 18:18:20,2017-04-17 18:18:20
order_003282,cust_02308,delivered,2017-12-13 14:07:52,2017-12-14 14:07:52,2017-12-14 14:07:52,2017-12-17 14:07:52,2017-12-22 14:07:52
order_003283,cust_01656,delivered,2017-10-17 00:25:59,2017-10-18 06:25:59,2017-10-19 00:25:59,2017-11-03 00:25:59,2017-11-05 00:25:59
order_003284,cust_01527,shipped,2018-01-16 12:42:42,2018-01-18 07:42:42,2018-01-19 12:42:42,2018-02-02 12:42:42,2018-02-06 12:42:42
order_003285,cust_02696,delivered,2017-02-20 19:39:58,2017-02-22 13:39:58,2017-02-21 19:39:58,2017-02-26 19:39:58,2017-03-01 19:39:58
order_003286,cust_01604,processing,2017-12-09 20:20:42,2017-12-10 00:20:42,2017-12-10 20:20:42,2017-12-14 20:20:42,2017-12-17 20:20:42
order_003287,cust_00588,delivered,2018-02-16 20:01:36,2018-02-17 17:01:36,2018-02-20 20:01:36,2018-02-26 20:01:36,2018-03-01 20:01:36
order_003288,cust_03721,delivered,2018-03-12 00:15:29,2018-03-13 17:15:29,2018-03-13 00:15:29,2018-03-24 00:15:29,2018-03-29 00:15:29
order_003289,cust_01327,delivered,2018-04-13 10:26:51,2018-04-13 18:26:51,2018-04-16 10:26:51,2018-04-25 10:26:51,2018-04-27 10:26:51
order_003290,cust_01058,delivered,2018-01-16 14:48:06,2018-01-17 22:48:06,2018-01-17 14:48:06,2018-01-18 14:48:06,2018-01-19 14:48:06
order_003291,cust_00263,delivered,2018-03-03 05:56:24,2018-03-04 02:56:24,2018-03-04 05:56:24,2018-03-16 05:56:24,2018-03-18 05:56:24
order_003292,cust_01781,delivered,2017-02-24 09:49:57,2017-02-24 17:49:57,2017-02-27 09:49:57,2017-02-27 09:49:57,2017-03-04 09:49:57
order_003293,cust_03747,delivered,2018-05-01 02:20:12,2018-05-01 05:20:12,2018-05-02 02:20:12,2018-05-08 02:20:12,2018-05-10 02:20:12
order_003294,cust_00607,canceled,2017-08-11 04:38:44,2017-08-11 18:38:44,2017-08-14 04:38:44,2017-08-24 04:38:44,2017-08-25 04:38:44
order_003295,cust_00929,delivered,2017-11-29 00:08:20,2017-11-29 01:08:20,2017-12-03 00:08:20,2017-12-15 00:08:20,2017-12-18 00:08:20
order_003296,cust_00678,delivered,2017-11-29 23:30:35,2017-11-30 09:30:35,2017-12-02 23:30:35,2017-12-11 23:30:35,2017-12-17 23:30:35
order_003297,cust_00357,delivered,2018-08-17 20:37:58,2018-08-18 22:37:58,2018-08-18 20:37:58,2018-08-21 20:37:58,2018-08-27 20:37:58
order_003298,cust_02293,delivered,2017-07-17 09:41:29,2017-07-18 23:41:29,2017-07-21 09:41:29,2017-07-29 09:41:29,2017-08-04 09:41:29
order_003299,cust_01133,delivered,2017-08-22 00:06:13,2017-08-23 00:06:13,2017-08-24 00:06:13,2017-08-24 00:06:13,2017-08-29 00:06:13
order_003300,cust_02853,delivered,2018-04-08 08:02:46,2018-04-09 19:02:46,2018-04-12 08:02:46,2018-04-13 08:02:46,2018-04-18 08:02:46
order_003301,cust_01522,delivered,2018-01-21 10:25:03,2018-01-21 14:25:03,2018-01-22 10:25:03,2018-01-24 10:25:03,2018-01-29 10:25:03
order_003302,cust_02418,delivered,2017-07-13 04:03:22,2017-07-13 19:03:22,2017-07-14 04:03:22,2017-07-30 04:03:22,2017-07-31 04:03:22
order_003303,cust_00339,delivered,2017-07-29 15:52:49,2017-07-30 22:52:49,2017-08-01 15:52:49,2017-08-05 15:52:49,2017-08-08 15:52:49
order_003304,cust_01251,processing,2018-05-19 23:56:46,2018-05-20 02:56:46,2018-05-20 23:56:46,2018-05-29 23:56:46,2018-06-02 23:56:46
order_003305,cust_01573,delivered,2018-05-24 20:15:14,2018-05-26 00:15:14,2018-05-27 20:15:14,2018-06-07 20:15:14,2018-06-10 20:15:14
order_003306,cust_00226,delivered,2017-03-31 20:32:42,2017-04-01 04:32:42,2017-04-03 20:32:42,2017-04-17 20:32:42,2017-04-22 20:32:42
order_003307,cust_01593,delivered,2017-09-01 19:56:32,2017-09-02 15:56:32,2017-09-02 19:56:32,2017-09-18 19:56:32,2017-09-24 19:56:32
order_003308,cust_01787,delivered,2018-04-13 01:40:45,2018-04-14 07:40:45,2018-04-15 01:40:45,2018-04-17 01:40:45,2018-04-21 01:40:45
order_003309,cust_01534,delivered,2017-03-14 13:14:08,2017-03-16 12:14:08,2017-03-15 13:14:08,2017-03-22 13:14:08,2017-03-23 13:14:08
order_003310,cust_01916,delivered,2017-04-22 13:34:41,2017-04-22 18:34:41,2017-04-23 13:34:41,2017-04-30 13:34:41,2017-05-03 13:34:41
order_003311,cust_03029,delivered,2017-04-07 02:25:19,2017-04-08 04:25:19,2017-04-11 02:25:19,2017-04-21 02:25:19,2017-04-23 02:25:19
order_003312,cust_02928,delivered,2017-11-18 03:32:15,2017-11-19 05:32:15,2017-11-19 03:32:15,2017-11-25 03:32:15,2017-11-28 03:32:15
order_003313,cust_00053,delivered,2017-10-02 13:33:54,2017-10-02 16:33:54,2017-10-06 13:33:54,2017-10-07 13:33:54,2017-10-09 13:33:54
order_003314,cust_02433,delivered,2017-07-14 17:10:43,2017-07-15 22:10:43,2017-07-16 17:10:43,2017-07-28 17:10:43,2017-07-29 17:10:43
order_003315,cust_03435,delivered,2017-03-24 05:01:06,2017-03-24 09:01:06,2017-03-26 05:01:06,2017-04-02 05:01:06,2017-04-04 05:01:06
order_003316,cust_03310,delivered,2018-01-23 11:37:04,2018-01-24 20:37:04,2018-01-26 11:37:04,2018-02-05 11:37:04,2018-02-08 11:37:04
order_003317,cust_01228,delivered,2018-05-06 01:48:17,2018-05-06 11:48:17,2018-05-10 01:48:17,2018-05-14 01:48:17,2018-05-15 01:48:17
order_003318,cust_02975,delivered,2017-05-10 02:38:57,2017-05-10 08:38:57,2017-05-13 02:38:57,2017-05-19 02:38:57,2017-05-20 02:38:57
order_003319,cust_03043,delivered,2018-02-10 13:55:31,2018-02-10 17:55:31,2018-02-11 13:55:31,2018-02-12 13:55:31,2018-02-14 13:55:31
order_003320,cust_01390,delivered,2018-04-29 13:22:08,2018-04-30 11:22:08,2018-05-03 13:22:08,2018-05-01 13:22:08,2018-05-05 13:22:08
order_003321,cust_03302,delivered,2017-12-05 18:00:07,2017-12-06 06:00:07,2017-12-09 18:00:07,2017-12-07 18:00:07,2017-12-11 18:00:07
order_003322,cust_02402,delivered,2017-12-15 21:51:22,2017-12-16 19:51:22,2017-12-19 21:51:22,2017-12-19 21:51:22,2017-12-22 21:51:22
order_003323,cust_02854,shipped,2017-04-12 04:33:35,2017-04-13 23:33:35,2017-04-13 04:33:35,2017-04-19 04:33:35,2017-04-23 04:33:35
order_003324,cust_02839,delivered,2018-08-06 08:11:19,2018-08-08 00:11:19,2018-08-10 08:11:19,2018-08-08 08:11:19,2018-08-10 08:11:19
order_003325,cust_02969,delivered,2018-08-05 20:32:27,2018-08-07 08:32:27,2018-08-07 20:32:27,2018-08-09 20:32:27,2018-08-14 20:32:27
order_003326,cust_03636,delivered,2018-03-09 01:13:09,2018-03-10 00:13:09,2018-03-11 01:13:09,2018-03-24 01:13:09,2018-03-25 01:13:09
order_003327,cust_03258,shipped,2018-07-03 19:52:43,2018-07-04 01:52:43,2018-07-06 19:52:43,2018-07-18 19:52:43,2018-07-19 19:52:43
order_003328,cust_01604,shipped,2018-01-05 22:41:05,2018-01-06 18:41:05,2018-01-08 22:41:05,2018-01-11 22:41:05,2018-01-17 22:41:05
order_003329,cust_02135,delivered,2018-02-07 02:23:55,2018-02-07 04:23:55,2018-02-08 02:23:55,2018-02-24 02:23:55,2018-02-27 02:23:55
order_003330,cust_02463,delivered,2018-05-20 03:24:11,2018-05-20 09:24:11,2018-05-21 03:24:11,2018-05-23 03:24:11,2018-05-27 03:24:11
order_003331,cust_03254,delivered,2017-01-24 16:25:20,2017-01-25 07:25:20,2017-01-27 16:25:20,2017-01-26 16:25:20,2017-01-29 16:25:20
order_003332,cust_01492,delivered,2017-05-14 11:24:04,2017-05-15 20:24:04,2017-05-18 11:24:04,2017-05-21 11:24:04,2017-05-25 11:24:04
order_003333,cust_01189,delivered,2017-05-04 23:42:07,2017-05-06 13:42:07,2017-05-05 23:42:07,2017-05-10 23:42:07,2017-05-15 23:42:07
order_003334,cust_02803,delivered,2018-01-20 13:04:20,2018-01-21 19:04:20,2018-01-23 13:04:20,2018-01-23 13:04:20,2018-01-28 13:04:20
order_003335,cust_03625,shipped,2017-05-28 15:43:20,2017-05-29 04:43:20,2017-05-30 15:43:20,2017-06-12 15:43:20,2017-06-14 15:43:20
order_003336,cust_03465,delivered,2017-08-26 05:41:24,2017-08-27 15:41:24,2017-08-27 05:41:24,2017-09-12 05:41:24,2017-09-16 05:41:24
order_003337,cust_00562,delivered,2017-10-28 07:47:15,2017-10-30 06:47:15,2017-11-01 07:47:15,2017-11-03 07:47:15,2017-11-08 07:47:15
order_003338,cust_03493,delivered,2018-03-29 04:15:28,2018-03-30 11:15:28,2018-04-01 04:15:28,2018-04-05 04:15:28,2018-04-08 04:15:28
order_003339,cust_02998,delivered,2017-11-11 03:31:29,2017-11-12 15:31:29,2017-11-13 03:31:29,2017-11-24 03:31:29,2017-11-27 03:31:29
order_003340,cust_00596,delivered,2017-01-15 02:42:55,2017-01-16 20:42:55,2017-01-17 02:42:55,2017-01-31 02:42:55,2017-02-04 02:42:55
order_003341,cust_00024,delivered,2018-02-22 21:25:34,2018-02-24 07:25:34,2018-02-24 21:25:34,2018-02-28 21:25:34,2018-03-04 21:25:34
order_003342,cust_00775,delivered,2017-09-18 01:40:44,2017-09-19 19:40:44,2017-09-22 01:40:44,2017-09-30 01:40:44,2017-10-02 01:40:44
order_003343,cust_03531,delivered,2017-03-10 12:23:42,2017-03-11 02:23:42,2017-03-14 12:23:42,2017-03-12 12:23:42,2017-03-18 12:23:42
order_003344,cust_02868,delivered,2018-02-01 12:11:42,2018-02-02 03:11:42,2018-02-02 12:11:42,2018-02-12 12:11:42,2018-02-16 12:11:42
order_003345,cust_02186,delivered,2017-06-14 01:20:30,2017-06-14 10:20:30,2017-06-18 01:20:30,2017-07-01 01:20:30,2017-07-05 01:20:30
order_003346,cust_02397,delivered,2017-10-08 20:12:30,2017-10-09 05:12:30,2017-10-10 20:12:30,2017-10-17 20:12:30,2017-10-19 20:12:30
order_003347,cust_01570,delivered,2018-08-12 12:00:59,2018-08-13 14:00:59,2018-08-15 12:00:59,2018-08-24 12:00:59,2018-08-29 12:00:59
order_003348,cust_03439,delivered,2017-05-25 03:02:31,2017-05-26 23:02:31,2017-05-29 03:02:31,2017-06-06 03:02:31,2017-06-12 03:02:31
order_003349,cust_00593,delivered,2018-06-23 03:05:20,2018-06-23 14:05:20,2018-06-25 03:05:20,2018-07-05 03:05:20,2018-07-10 03:05:20
order_003350,cust_01192,delivered,2017-10-10 16:48:53,2017-10-12 02:48:53,2017-10-12 16:48:53,2017-10-22 16:48:53,2017-10-26 16:48:53
order_003351,cust_00762,delivered,2018-07-21 14:52:20,2018-07-21 18:52:20,2018-07-24 14:52:20,2018-08-06 14:52:20,2018-08-10 14:52:20
order_003352,cust_03222,delivered,2018-06-01 09:54:10,2018-06-03 07:54:10,2018-06-03 09:54:10,2018-06-03 09:54:10,2018-06-05 09:54:10
order_003353,cust_02052,delivered,2018-05-22 09:43:25,2018-05-23 10:43:25,2018-05-24 09:43:25,2018-06-07 09:43:25,2018-06-08 09:43:25
order_003354,cust_02598,delivered,2017-05-06 00:50:43,2017-05-07 00:50:43,2017-05-09 00:50:43,2017-05-22 00:50:43,2017-05-26 00:50:43
order_003355,cust_03493,delivered,2018-04-26 00:45:52,2018-04-26 17:45:52,2018-04-27 00:45:52,2018-05-12 00:45:52,2018-05-14 00:45:52
order_003356,cust_00742,delivered,2017-08-12 12:51:48,2017-08-14 10:51:48,2017-08-15 12:51:48,2017-08-19 12:51:48,2017-08-20 12:51:48
order_003357,cust_03664,delivered,2018-07-08 08:43:39,2018-07-09 04:43:39,2018-07-09 08:43:39,2018-07-19 08:43:39,2018-07-24 08:43:39
order_003358,cust_00480,delivered,2018-08-26 06:02:53,2018-08-26 12:02:53,2018-08-27 06:02:53,2018-09-02 06:02:53,2018-09-05 06:02:53
order_003359,cust_02866,delivered,2018-01-07 09:05:54,2018-01-08 12:05:54,2018-01-08 09:05:54,2018-01-22 09:05:54,2018-01-28 09:05:54
order_003360,cust_02670,delivered,2018-07-09 14:31:33,2018-07-10 18:31:33,2018-07-11 14:31:33,2018-07-17 14:31:33,2018-07-23 14:31:33
order_003361,cust_03136,canceled,2017-11-21 07:02:12,2017-11-22 19:02:12,2017-11-22 07:02:12,2017-11-28 07:02:12,2017-11-29 07:02:12
order_003362,cust_00602,delivered,2017-01-21 08:23:01,2017-01-22 08:23:01,2017-01-23 08:23:01,2017-02-02 08:23:01,2017-02-07 08:23:01
order_003363,cust_03647,delivered,2018-06-16 06:47:13,2018-06-16 20:47:13,2018-06-18 06:47:13,2018-06-18 06:47:13,2018-06-21 06:47:13
order_003364,cust_03018,delivered,2017-11-19 15:59:41,2017-11-19 16:59:41,2017-11-20 15:59:41,2017-11-27 15:59:41,2017-12-02 15:59:41
order_003365,cust_00420,processing,2017-01-27 01:18:53,2017-01-29 00:18:53,2017-01-30 01:18:53,2017-02-01 01:18:53,2017-02-02 01:18:53
order_003366,cust_02116,shipped,2017-02-09 22:02:38,2017-02-10 08:02:38,2017-02-11 22:02:38,2017-02-16 22:02:38,2017-02-19 22:02:38
order_003367,cust_03105,delivered,2018-03-16 13:18:29,2018-03-17 06:18:29,2018-03-17 13:18:29,2018-03-25 13:18:29,2018-03-29 13:18:29
order_003368,cust_01812,delivered,2018-07-16 05:52:08,2018-07-16 13:52:08,2018-07-18 05:52:08,2018-07-19 05:52:08,2018-07-22 05:52:08
order_003369,cust_01447,delivered,2018-03-01 18:13:37,2018-03-02 06:13:37,2018-03-02 18:13:37,2018-03-16 18:13:37,2018-03-20 18:13:37
order_003370,cust_01047,delivered,2017-09-26 22:33:22,2017-09-27 01:33:22,2017-09-29 22:33:22,2017-10-04 22:33:22,2017-10-05 22:33:22
order_003371,cust_01960,delivered,2017-07-06 01:23:49,2017-07-06 17:23:49,2017-07-08 01:23:49,2017-07-13 01:23:49,2017-07-14 01:23:49
order_003372,cust_03738,delivered,2017-09-12 04:54:12,2017-09-14 01:54:12,2017-09-15 04:54:12,2017-09-16 04:54:12,2017-09-20 04:54:12
order_003373,cust_02308,delivered,2017-07-16 03:27:14,2017-07-16 14:27:14,2017-07-17 03:27:14,2017-08-02 03:27:14,2017-08-05 03:27:14
order_003374,cust_02744,delivered,2017-06-15 01:41:48,2017-06-16 23:41:48,2017-06-17 01:41:48,2017-06-30 01:41:48,2017-07-04 01:41:48
order_003375,cust_02962,delivered,2017-03-20 17:43:44,2017-03-21 23:43:44,2017-03-24 17:43:44,2017-03-29 17:43:44,2017-04-01 17:43:44
order_003376,cust_02956,delivered,2017-12-12 04:37:29,2017-12-13 22:37:29,2017-12-13 04:37:29,2017-12-19 04:37:29,2017-12-20 04:37:29
order_003377,cust_01521,delivered,2017-05-13 09:12:17,2017-05-14 15:12:17,2017-05-17 09:12:17,2017-05-22 09:12:17,2017-05-27 09:12:17
order_003378,cust_02921,delivered,2017-03-30 19:33:28,2017-04-01 18:33:28,2017-04-01 19:33:28,2017-04-16 19:33:28,2017-04-17 19:33:28
order_003379,cust_01246,delivered,2017-06-17 14:40:56,2017-06-18 16:40:56,2017-06-18 14:40:56,2017-06-22 14:40:56,2017-06-27 14:40:56
order_003380,cust_02219,shipped,2018-05-01 16:15:40,2018-05-03 08:15:40,2018-05-02 16:15:40,2018-05-13 16:15:40,2018-05-14 16:15:40
order_003381,cust_01149,delivered,2017-12-15 02:20:41,2017-12-15 04:20:41,2017-12-17 02:20:41,2017-12-31 02:20:41,2018-01-06 02:20:41
order_003382,cust_03570,delivered,2017-10-26 23:18:00,2017-10-28 19:18:00,2017-10-30 23:18:00,2017-11-09 23:18:00,2017-11-11 23:18:00
order_003383,cust_02774,delivered,2017-12-26 01:59:06,2017-12-26 02:59:06,2017-12-28 01:59:06,2018-01-10 01:59:06,2018-01-16 01:59:06
order_003384,cust_02218,delivered,2017-12-11 17:02:09,2017-12-12 03:02:09,2017-12-12 17:02:09,2017-12-28 17:02:09,2017-12-29 17:02:09
order_003385,cust_01715,delivered,2017-10-30 15:20:48,2017-11-01 02:20:48,2017-11-01 15:20:48,2017-11-01 15:20:48,2017-11-04 15:20:48
order_003386,cust_01976,delivered,2018-05-27 09:54:11,2018-05-27 22:54:11,2018-05-31 09:54:11,2018-06-01 09:54:11,2018-06-04 09:54:11
order_003387,cust_02963,delivered,2018-03-21 20:06:54,2018-03-21 22:06:54,2018-03-25 20:06:54,2018-03-25 20:06:54,2018-03-26 20:06:54
order_003388,cust_01040,delivered,2017-04-23 21:25:06,2017-04-25 14:25:06,2017-04-26 21:25:06,2017-05-04 21:25:06,2017-05-07 21:25:06
order_003389,cust_03148,delivered,2018-05-12 01:41:11,2018-05-13 02:41:11,2018-05-16 01:41:11,2018-05-20 01:41:11,2018-05-22 01:41:11
order_003390,cust_01070,delivered,2017-04-17 22:59:42,2017-04-18 21:59:42,2017-04-21 22:59:42,2017-04-19 22:59:42,2017-04-22 22:59:42
order_003391,cust_00538,delivered,2017-02-17 05:47:12,2017-02-17 20:47:12,2017-02-19 05:47:12,2017-02-27 05:47:12,2017-03-02 05:47:12
order_003392,cust_02800,delivered,2017-09-13 18:59:58,2017-09-15 04:59:58,2017-09-17 18:59:58,2017-09-16 18:59:58,2017-09-18 18:59:58
order_003393,cust_02691,shipped,2017-08-27 19:41:52,2017-08-28 10:41:52,2017-08-28 19:41:52,2017-09-04 19:41:52,2017-09-09 19:41:52
order_003394,cust_01272,delivered,2018-04-23 13:21:33,2018-04-24 16:21:33,2018-04-27 13:21:33,2018-04-30 13:21:33,2018-05-04 13:21:33
order_003395,cust_02465,delivered,2018-02-27 20:43:07,2018-02-28 03:43:07,2018-03-02 20:43:07,2018-03-15 20:43:07,2018-03-21 20:43:07
order_003396,cust_02769,delivered,2017-02-05 19:49:06,2017-02-06 10:49:06,2017-02-08 19:49:06,2017-02-17 19:49:06,2017-02-22 19:49:06
order_003397,cust_02993,delivered,2017-10-31 12:32:35,2017-10-31 14:32:35,2017-11-04 12:32:35,2017-11-11 12:32:35,2017-11-13 12:32:35
order_003398,cust_03620,delivered,2018-04-29 04:17:49,2018-04-29 18:17:49,2018-05-01 04:17:49,2018-05-14 04:17:49,2018-05-16 04:17:49
order_003399,cust_03246,delivered,2018-03-22 10:25:46,2018-03-23 04:25:46,2018-03-23 10:25:46,2018-03-26 10:25:46,2018-04-01 10:25:46
order_003400,cust_01669,delivered,2017-11-01 21:36:30,2017-11-03 09:36:30,2017-11-04 21:36:30,2017-11-07 21:36:30,2017-11-09 21:36:30
order_003401,cust_00874,delivered,2018-01-10 04:51:54,2018-01-11 19:51:54,2018-01-13 04:51:54,2018-01-24 04:51:54,2018-01-25 04:51:54
order_003402,cust_00369,delivered,2017-12-08 23:59:21,2017-12-10 01:59:21,2017-12-09 23:59:21,2017-12-21 23:59:21,2017-12-25 23:59:21
order_003403,cust_02180,shipped,2017-05-21 04:21:39,2017-05-23 00:21:39,2017-05-23 04:21:39,2017-05-23 04:21:39,2017-05-29 04:21:39
order_003404,cust_02532,delivered,2017-12-10 15:57:48,2017-12-11 08:57:48,2017-12-12 15:57:48,2017-12-15 15:57:48,2017-12-17 15:57:48
order_003405,cust_02625,delivered,2018-02-15 15:23:01,2018-02-16 15:23:01,2018-02-19 15:23:01,2018-02-20 15:23:01,2018-02-24 15:23:01
order_003406,cust_00036,delivered,2017-02-04 04:42:04,2017-02-05 10:42:04,2017-02-08 04:42:04,2017-02-06 04:42:04,2017-02-09 04:42:04
order_003407,cust_02665,delivered,2018-02-27 11:20:07,2018-02-27 20:20:07,2018-02-28 11:20:07,2018-03-11 11:20:07,2018-03-14 11:20:07
order_003408,cust_02990,delivered,2017-06-01 03:27:59,2017-06-01 23:27:59,2017-06-04 03:27:59,2017-06-03 03:27:59,2017-06-06 03:27:59
order_003409,cust_02742,delivered,2017-01-05 08:45:16,2017-01-07 03:45:16,2017-01-08 08:45:16,2017-01-20 08:45:16,2017-01-21 08:45:16
order_003410,cust_01997,delivered,2018-04-05 23:01:33,2018-04-06 22:01:33,2018-04-07 23:01:33,2018-04-16 23:01:33,2018-04-19 23:01:33
order_003411,cust_00057,delivered,2017-08-26 01:18:10,2017-08-27 21:18:10,2017-08-30 01:18:10,2017-09-09 01:18:10,2017-09-11 01:18:10
order_003412,cust_01860,delivered,2017-09-08 20:54:44,2017-09-10 04:54:44,2017-09-12 20:54:44,2017-09-17 20:54:44,2017-09-22 20:54:44
order_003413,cust_02450,processing,2018-01-15 16:15:37,2018-01-16 00:15:37,2018-01-16 16:15:37,2018-02-01 16:15:37,2018-02-03 16:15:37
order_003414,cust_02163,delivered,2017-12-07 17:58:05,2017-12-08 15:58:05,2017-12-08 17:58:05,2017-12-13 17:58:05,2017-12-19 17:58:05
order_003415,cust_02183,delivered,2018-01-13 06:46:15,2018-01-14 00:46:15,2018-01-16 06:46:15,2018-01-23 06:46:15,2018-01-24 06:46:15
order_003416,cust_01962,delivered,2018-07-29 22:46:43,2018-07-31 19:46:43,2018-08-02 22:46:43,2018-07-31 22:46:43,2018-08-03 22:46:43
order_003417,cust_02097,delivered,2018-01-31 06:04:54,2018-01-31 22:04:54,2018-02-03 06:04:54,2018-02-15 06:04:54,2018-02-17 06:04:54
order_003418,cust_01230,delivered,2017-01-29 12:04:54,2017-01-30 11:04:54,2017-02-02 12:04:54,2017-02-09 12:04:54,2017-02-12 12:04:54
order_003419,cust_02298,shipped,2017-05-16 00:52:58,2017-05-17 09:52:58,2017-05-19 00:52:58,2017-05-20 00:52:58,2017-05-25 00:52:58
order_003420,cust_01069,delivered,2017-10-01 21:18:21,2017-10-03 19:18:21,2017-10-02 21:18:21,2017-10-16 21:18:21,2017-10-22 21:18:21
order_003421,cust_01867,delivered,2017-10-15 16:54:32,2017-10-16 18:54:32,2017-10-16 16:54:32,2017-11-01 16:54:32,2017-11-06 16:54:32
order_003422,cust_01578,delivered,2017-08-08 03:54:27,2017-08-09 19:54:27,2017-08-09 03:54:27,2017-08-11 03:54:27,2017-08-15 03:54:27
order_003423,cust_02713,delivered,2017-04-23 15:53:25,2017-04-23 21:53:25,2017-04-27 15:53:25,2017-05-08 15:53:25,2017-05-12 15:53:25
order_003424,cust_03400,canceled,2017-03-06 04:23:14,2017-03-07 22:23:14,2017-03-10 04:23:14,2017-03-19 04:23:14,2017-03-25 04:23:14
order_003425,cust_02406,delivered,2017-03-30 10:39:56,2017-03-30 20:39:56,2017-04-03 10:39:56,2017-04-06 10:39:56,2017-04-12 10:39:56
order_003426,cust_00514,shipped,2018-08-02 12:17:46,2018-08-04 00:17:46,2018-08-03 12:17:46,2018-08-14 12:17:46,2018-08-19 12:17:46
order_003427,cust_02536,delivered,2017-08-29 22:21:02,2017-08-31 00:21:02,2017-09-02 22:21:02,2017-09-12 22:21:02,2017-09-13 22:21:02
order_003428,cust_01234,delivered,2018-08-08 07:58:48,2018-08-09 12:58:48,2018-08-12 07:58:48,2018-08-17 07:58:48,2018-08-19 07:58:48
order_003429,cust_00188,delivered,2017-07-23 00:18:27,2017-07-23 05:18:27,2017-07-27 00:18:27,2017-08-04 00:18:27,2017-08-06 00:18:27
order_003430,cust_00730,delivered,2017-07-09 10:22:49,2017-07-10 12:22:49,2017-07-11 10:22:49,2017-07-11 10:22:49,2017-07-13 10:22:49
order_003431,cust_03797,delivered,2017-10-25 22:14:13,2017-10-26 03:14:13,2017-10-26 22:14:13,2017-11-10 22:14:13,2017-11-16 22:14:13
order_003432,cust_01623,delivered,2018-07-30 19:09:24,2018-07-31 21:09:24,2018-08-01 19:09:24,2018-08-15 19:09:24,2018-08-16 19:09:24
order_003433,cust_00766,delivered,2017-12-09 01:25:03,2017-12-09 21:25:03,2017-12-10 01:25:03,2017-12-14 01:25:03,2017-12-20 01:25:03
order_003434,cust_00507,delivered,2017-01-22 01:16:54,2017-01-22 11:16:54,2017-01-25 01:16:54,2017-01-31 01:16:54,2017-02-05 01:16:54
order_003435,cust_02471,delivered,2017-06-15 18:09:50,2017-06-16 18:09:50,2017-06-19 18:09:50,2017-06-20 18:09:50,2017-06-24 18:09:50
order_003436,cust_02891,delivered,2018-08-20 17:18:00,2018-08-21 04:18:00,2018-08-22 17:18:00,2018-08-28 17:18:00,2018-08-30 17:18:00
order_003437,cust_01341,delivered,2017-04-04 13:22:22,2017-04-04 17:22:22,2017-04-05 13:22:22,2017-04-10 13:22:22,2017-04-12 13:22:22
order_003438,cust_00393,delivered,2018-05-24 02:07:03,2018-05-24 04:07:03,2018-05-26 02:07:03,2018-06-08 02:07:03,2018-06-13 02:07:03
order_003439,cust_01347,delivered,2018-07-19 06:43:16,2018-07-19 23:43:16,2018-07-23 06:43:16,2018-08-01 06:43:16,2018-08-06 06:43:16
order_003440,cust_02527,delivered,2017-05-11 20:20:24,2017-05-13 08:20:24,2017-05-14 20:20:24,2017-05-26 20:20:24,2017-05-30 20:20:24
order_003441,cust_00433,delivered,2017-12-06 03:20:48,2017-12-07 07:20:48,2017-12-07 03:20:48,2017-12-20 03:20:48,2017-12-24 03:20:48
order_003442,cust_01017,delivered,2017-12-31 04:50:44,2017-12-31 10:50:44,2018-01-02 04:50:44,2018-01-13 04:50:44,2018-01-18 04:50:44
order_003443,cust_00007,delivered,2018-04-28 10:51:09,2018-04-29 07:51:09,2018-04-30 10:51:09,2018-05-02 10:51:09,2018-05-07 10:51:09
order_003444,cust_01794,delivered,2018-05-01 17:38:18,2018-05-02 21:38:18,2018-05-02 17:38:18,2018-05-16 17:38:18,2018-05-21 17:38:18
order_003445,cust_00648,delivered,2017-02-06 19:52:41,2017-02-07 06:52:41,2017-02-08 19:52:41,2017-02-20 19:52:41,2017-02-22 19:52:41
order_003446,cust_00759,delivered,2017-07-14 14:12:18,2017-07-14 21:12:18,2017-07-18 14:12:18,2017-07-17 14:12:18,2017-07-18 14:12:18
order_003447,cust_00429,delivered,2018-07-26 11:49:11,2018-07-26 23:49:11,2018-07-27 11:49:11,2018-07-29 11:49:11,2018-08-01 11:49:11
order_003448,cust_02774,delivered,2017-08-04 09:15:17,2017-08-04 13:15:17,2017-08-07 09:15:17,2017-08-18 09:15:17,2017-08-21 09:15:17
order_003449,cust_01860,delivered,2017-05-30 01:02:56,2017-05-30 13:02:56,2017-06-02 01:02:56,2017-06-07 01:02:56,2017-06-10 01:02:56
order_003450,cust_03603,delivered,2018-01-18 06:25:15,2018-01-19 08:25:15,2018-01-21 06:25:15,2018-01-25 06:25:15,2018-01-29 06:25:15
order_003451,cust_01501,delivered,2017-04-29 05:09:14,2017-04-30 19:09:14,2017-05-01 05:09:14,2017-05-07 05:09:14,2017-05-13 05:09:14
order_003452,cust_00842,delivered,2017-03-31 01:22:44,2017-04-01 19:22:44,2017-04-03 01:22:44,2017-04-15 01:22:44,2017-04-20 01:22:44
order_003453,cust_00775,delivered,2018-05-01 17:52:54,2018-05-03 01:52:54,2018-05-04 17:52:54,2018-05-08 17:52:54,2018-05-13 17:52:54
order_003454,cust_03621,delivered,2017-03-13 08:28:52,2017-03-14 01:28:52,2017-03-16 08:28:52,2017-03-20 08:28:52,2017-03-25 08:28:52
order_003455,cust_02240,delivered,2018-06-26 12:13:49,2018-06-28 08:13:49,2018-06-30 12:13:49,2018-07-04 12:13:49,2018-07-07 12:13:49
order_003456,cust_01236,delivered,2017-06-01 04:48:45,2017-06-03 00:48:45,2017-06-02 04:48:45,2017-06-03 04:48:45,2017-06-07 04:48:45
order_003457,cust_02485,delivered,2017-03-06 14:11:22,2017-03-07 07:11:22,2017-03-07 14:11:22,2017-03-08 14:11:22,2017-03-11 14:11:22
order_003458,cust_02119,delivered,2018-03-27 03:15:42,2018-03-27 04:15:42,2018-03-31 03:15:42,2018-04-04 03:15:42,2018-04-09 03:15:42
order_003459,cust_00436,delivered,2017-04-18 16:15:55,2017-04-19 13:15:55,2017-04-21 16:15:55,2017-04-20 16:15:55,2017-04-26 16:15:55
order_003460,cust_02666,shipped,2017-08-11 17:43:26,2017-08-12 15:43:26,2017-08-13 17:43:26,2017-08-25 17:43:26,2017-08-28 17:43:26
order_003461,cust_00452,delivered,2017-08-02 07:28:27,2017-08-03 15:28:27,2017-08-05 07:28:27,2017-08-10 07:28:27,2017-08-15 07:28:27
order_003462,cust_00757,delivered,2017-11-05 05:06:01,2017-11-05 12:06:01,2017-11-09 05:06:01,2017-11-15 05:06:01,2017-11-16 05:06:01
order_003463,cust_02710,delivered,2017-10-15 18:43:25,2017-10-16 20:43:25,2017-10-19 18:43:25,2017-10-22 18:43:25,2017-10-25 18:43:25
order_003464,cust_01690,delivered,2017-04-29 05:21:20,2017-04-29 20:21:20,2017-05-03 05:21:20,2017-05-13 05:21:20,2017-05-19 05:21:20
order_003465,cust_00844,delivered,2017-05-23 04:16:38,2017-05-24 04:16:38,2017-05-26 04:16:38,2017-05-31 04:16:38,2017-06-05 04:16:38
order_003466,cust_00257,delivered,2017-04-29 08:10:17,2017-04-29 10:10:17,2017-05-02 08:10:17,2017-05-01 08:10:17,2017-05-05 08:10:17
order_003467,cust_02255,delivered,2017-02-03 23:11:51,2017-02-05 00:11:51,2017-02-06 23:11:51,2017-02-12 23:11:51,2017-02-14 23:11:51
order_003468,cust_02648,delivered,2018-01-31 11:06:13,2018-01-31 13:06:13,2018-02-02 11:06:13,2018-02-04 11:06:13,2018-02-09 11:06:13
order_003469,cust_00771,delivered,2017-10-14 06:18:14,2017-10-15 23:18:14,2017-10-17 06:18:14,2017-10-25 06:18:14,2017-10-31 06:18:14
order_003470,cust_01583,delivered,2017-03-07 12:19:44,2017-03-08 22:19:44,2017-03-08 12:19:44,2017-03-18 12:19:44,2017-03-21 12:19:44
order_003471,cust_01308,delivered,2017-07-21 08:21:41,2017-07-23 04:21:41,2017-07-25 08:21:41,2017-07-30 08:21:41,2017-08-04 08:21:41
order_003472,cust_03388,delivered,2018-02-11 15:56:56,2018-02-12 22:56:56,2018-02-13 15:56:56,2018-02-19 15:56:56,2018-02-23 15:56:56
order_003473,cust_03005,delivered,2017-06-23 10:31:56,2017-06-25 09:31:56,2017-06-26 10:31:56,2017-07-04 10:31:56,2017-07-07 10:31:56
order_003474,cust_01041,shipped,2017-09-01 14:07:28,2017-09-02 00:07:28,2017-09-04 14:07:28,2017-09-13 14:07:28,2017-09-15 14:07:28
order_003475,cust_01951,delivered,2018-03-29 10:28:18,2018-03-29 11:28:18,2018-03-31 10:28:18,2018-04-14 10:28:18,2018-04-18 10:28:18
order_003476,cust_03509,delivered,2018-02-13 11:33:37,2018-02-15 06:33:37,2018-02-15 11:33:37,2018-03-02 11:33:37,2018-03-05 11:33:37
order_003477,cust_01313,processing,2018-03-03 10:43:54,2018-03-04 18:43:54,2018-03-04 10:43:54,2018-03-06 10:43:54,2018-03-10 10:43:54
order_003478,cust_00535,shipped,2017-08-21 09:27:16,2017-08-22 18:27:16,2017-08-22 09:27:16,2017-09-02 09:27:16,2017-09-03 09:27:16
order_003479,cust_01133,delivered,2017-10-22 23:07:51,2017-10-23 13:07:51,2017-10-26 23:07:51,2017-10-25 23:07:51,2017-10-28 23:07:51
order_003480,cust_02306,canceled,2018-05-30 06:22:43,2018-05-30 22:22:43,2018-06-02 06:22:43,2018-06-07 06:22:43,2018-06-12 06:22:43
order_003481,cust_03770,delivered,2018-06-15 19:19:48,2018-06-17 03:19:48,2018-06-18 19:19:48,2018-06-28 19:19:48,2018-07-04 19:19:48
order_003482,cust_01169,delivered,2017-02-03 17:02:19,2017-02-04 13:02:19,2017-02-04 17:02:19,2017-02-13 17:02:19,2017-02-15 17:02:19
order_003483,cust_00222,delivered,2018-05-25 12:40:16,2018-05-25 16:40:16,2018-05-29 12:40:16,2018-06-08 12:40:16,2018-06-12 12:40:16
order_003484,cust_00690,delivered,2018-06-28 07:37:12,2018-06-28 21:37:12,2018-06-30 07:37:12,2018-07-14 07:37:12,2018-07-16 07:37:12
order_003485,cust_01567,processing,2018-07-28 11:36:42,2018-07-29 06:36:42,2018-07-30 11:36:42,2018-08-14 11:36:42,2018-08-19 11:36:42
order_003486,cust_00356,delivered,2017-06-13 20:23:23,2017-06-15 12:23:23,2017-06-16 20:23:23,2017-06-25 20:23:23,2017-06-28 20:23:23
order_003487,cust_00132,delivered,2017-11-01 04:22:00,2017-11-01 21:22:00,2017-11-04 04:22:00,2017-11-13 04:22:00,2017-11-18 04:22:00
order_003488,cust_02491,delivered,2017-01-26 14:04:04,2017-01-27 14:04:04,2017-01-27 14:04:04,2017-02-09 14:04:04,2017-02-12 14:04:04
order_003489,cust_03132,delivered,2017-03-08 18:21:23,2017-03-09 23:21:23,2017-03-12 18:21:23,2017-03-13 18:21:23,2017-03-15 18:21:23
order_003490,cust_00886,delivered,2017-12-08 15:12:52,2017-12-08 22:12:52,2017-12-09 15:12:52,2017-12-14 15:12:52,2017-12-18 15:12:52
order_003491,cust_01985,delivered,2017-05-06 03:27:34,2017-05-07 07:27:34,2017-05-09 03:27:34,2017-05-13 03:27:34,2017-05-17 03:27:34
order_003492,cust_02176,delivered,2017-05-17 12:12:39,2017-05-17 22:12:39,2017-05-18 12:12:39,2017-05-30 12:12:39,2017-06-04 12:12:39
order_003493,cust_02536,delivered,2017-06-30 04:23:31,2017-07-01 22:23:31,2017-07-04 04:23:31,2017-07-07 04:23:31,2017-07-12 04:23:31
order_003494,cust_03721,canceled,2017-10-07 22:17:07,2017-10-08 12:17:07,2017-10-10 22:17:07,2017-10-11 22:17:07,2017-10-16 22:17:07
order_003495,cust_03363,processing,2017-04-03 08:26:30,2017-04-03 23:26:30,2017-04-07 08:26:30,2017-04-17 08:26:30,2017-04-23 08:26:30
order_003496,cust_01200,delivered,2018-05-03 10:07:05,2018-05-04 05:07:05,2018-05-07 10:07:05,2018-05-16 10:07:05,2018-05-19 10:07:05
order_003497,cust_03707,delivered,2018-02-11 20:34:47,2018-02-12 13:34:47,2018-02-13 20:34:47,2018-02-22 20:34:47,2018-02-26 20:34:47
order_003498,cust_00132,delivered,2018-04-27 10:14:50,2018-04-28 14:14:50,2018-04-28 10:14:50,2018-05-13 10:14:50,2018-05-16 10:14:50
order_003499,cust_03655,delivered,2018-07-18 04:39:16,2018-07-19 14:39:16,2018-07-19 04:39:16,2018-08-01 04:39:16,2018-08-05 04:39:16
order_003500,cust_00542,delivered,2018-01-01 21:25:56,2018-01-03 19:25:56,2018-01-04 21:25:56,2018-01-17 21:25:56,2018-01-18 21:25:56
order_003501,cust_00433,delivered,2017-08-08 15:33:06,2017-08-10 09:33:06,2017-08-09 15:33:06,2017-08-14 15:33:06,2017-08-20 15:33:06
order_003502,cust_00453,delivered,2018-08-18 14:31:03,2018-08-19 03:31:03,2018-08-19 14:31:03,2018-08-21 14:31:03,2018-08-25 14:31:03
order_003503,cust_00463,delivered,2017-12-10 01:48:50,2017-12-11 06:48:50,2017-12-14 01:48:50,2017-12-17 01:48:50,2017-12-21 01:48:50
order_003504,cust_01760,delivered,2017-10-09 10:46:46,2017-10-10 02:46:46,2017-10-12 10:46:46,2017-10-24 10:46:46,2017-10-30 10:46:46
order_003505,cust_02432,delivered,2017-09-10 11:01:24,2017-09-12 01:01:24,2017-09-12 11:01:24,2017-09-26 11:01:24,2017-09-29 11:01:24
order_003506,cust_02829,delivered,2017-01-24 06:17:29,2017-01-24 08:17:29,2017-01-25 06:17:29,2017-01-27 06:17:29,2017-01-30 06:17:29
order_003507,cust_00060,delivered,2018-08-05 13:32:48,2018-08-07 12:32:48,2018-08-09 13:32:48,2018-08-20 13:32:48,2018-08-24 13:32:48
order_003508,cust_01126,delivered,2018-05-14 05:52:51,2018-05-14 23:52:51,2018-05-18 05:52:51,2018-05-23 05:52:51,2018-05-29 05:52:51
order_003509,cust_00502,delivered,2018-03-02 11:18:09,2018-03-03 22:18:09,2018-03-03 11:18:09,2018-03-17 11:18:09,2018-03-19 11:18:09
order_003510,cust_00554,delivered,2017-05-15 19:14:03,2017-05-17 03:14:03,2017-05-18 19:14:03,2017-05-27 19:14:03,2017-05-28 19:14:03
order_003511,cust_02836,delivered,2018-07-19 17:38:47,2018-07-20 11:38:47,2018-07-21 17:38:47,2018-07-21 17:38:47,2018-07-22 17:38:47
order_003512,cust_02434,delivered,2017-04-18 06:42:25,2017-04-20 04:42:25,2017-04-21 06:42:25,2017-04-27 06:42:25,2017-05-02 06:42:25
order_003513,cust_00797,delivered,2017-05-27 04:58:50,2017-05-27 17:58:50,2017-05-29 04:58:50,2017-05-30 04:58:50,2017-05-31 04:58:50
order_003514,cust_01144,delivered,2017-02-12 00:08:15,2017-02-13 11:08:15,2017-02-13 00:08:15,2017-02-19 00:08:15,2017-02-24 00:08:15
order_003515,cust_03514,delivered,2017-06-25 08:17:35,2017-06-27 04:17:35,2017-06-29 08:17:35,2017-07-09 08:17:35,2017-07-15 08:17:35
order_003516,cust_02185,canceled,2017-07-19 00:28:01,2017-07-19 06:28:01,2017-07-23 00:28:01,2017-07-31 00:28:01,2017-08-05 00:28:01
order_003517,cust_00907,delivered,2018-04-29 03:04:39,2018-04-30 23:04:39,2018-05-02 03:04:39,2018-05-12 03:04:39,2018-05-14 03:04:39
order_003518,cust_03548,delivered,2017-07-18 23:28:53,2017-07-20 17:28:53,2017-07-19 23:28:53,2017-07-30 23:28:53,2017-08-03 23:28:53
order_003519,cust_00754,delivered,2018-08-05 20:32:09,2018-08-06 14:32:09,2018-08-07 20:32:09,2018-08-07 20:32:09,2018-08-10 20:32:09
order_003520,cust_01107,delivered,2017-07-04 13:26:09,2017-07-06 05:26:09,2017-07-07 13:26:09,2017-07-15 13:26:09,2017-07-16 13:26:09
order_003521,cust_02632,delivered,2017-11-15 18:35:20,2017-11-15 19:35:20,2017-11-19 18:35:20,2017-11-24 18:35:20,2017-11-26 18:35:20
order_003522,cust_01947,delivered,2017-12-27 11:44:11,2017-12-27 20:44:11,2017-12-31 11:44:11,2018-01-06 11:44:11,2018-01-11 11:44:11
order_003523,cust_00263,delivered,2018-05-20 14:25:53,2018-05-22 02:25:53,2018-05-24 14:25:53,2018-05-25 14:25:53,2018-05-29 14:25:53
order_003524,cust_03065,delivered,2018-04-02 22:01:44,2018-04-04 18:01:44,2018-04-05 22:01:44,2018-04-15 22:01:44,2018-04-18 22:01:44
order_003525,cust_00867,delivered,2018-06-12 01:53:12,2018-06-12 07:53:12,2018-06-16 01:53:12,2018-06-23 01:53:12,2018-06-28 01:53:12
order_003526,cust_02628,delivered,2018-07-25 08:26:25,2018-07-26 18:26:25,2018-07-29 08:26:25,2018-08-02 08:26:25,2018-08-06 08:26:25
order_003527,cust_01270,delivered,2017-03-13 02:51:24,2017-03-13 07:51:24,2017-03-14 02:51:24,2017-03-15 02:51:24,2017-03-21 02:51:24
order_003528,cust_02855,delivered,2017-02-27 19:04:47,2017-03-01 08:04:47,2017-03-02 19:04:47,2017-03-02 19:04:47,2017-03-03 19:04:47
order_003529,cust_03412,delivered,2017-10-01 19:44:30,2017-10-03 14:44:30,2017-10-02 19:44:30,2017-10-08 19:44:30,2017-10-10 19:44:30
order_003530,cust_02935,delivered,2017-04-02 17:19:24,2017-04-03 15:19:24,2017-04-06 17:19:24,2017-04-12 17:19:24,2017-04-14 17:19:24
order_003531,cust_03500,delivered,2017-10-28 14:36:52,2017-10-28 19:36:52,2017-10-29 14:36:52,2017-11-14 14:36:52,2017-11-17 14:36:52
order_003532,cust_02051,delivered,2017-12-25 11:27:01,2017-12-25 21:27:01,2017-12-27 11:27:01,2018-01-07 11:27:01,2018-01-13 11:27:01
order_003533,cust_00247,delivered,2017-06-18 00:33:50,2017-06-19 00:33:50,2017-06-21 00:33:50,2017-06-27 00:33:50,2017-06-30 00:33:50
order_003534,cust_02037,delivered,2017-03-01 18:35:28,2017-03-03 08:35:28,2017-03-03 18:35:28,2017-03-07 18:35:28,2017-03-09 18:35:28
order_003535,cust_01752,delivered,2018-08-10 21:27:20,2018-08-11 22:27:20,2018-08-13 21:27:20,2018-08-14 21:27:20,2018-08-15 21:27:20
order_003536,cust_02731,delivered,2017-08-14 23:10:43,2017-08-15 22:10:43,2017-08-17 23:10:43,2017-08-18 23:10:43,2017-08-21 23:10:43
order_003537,cust_00945,delivered,2018-05-26 08:12:15,2018-05-27 13:12:15,2018-05-29 08:12:15,2018-05-29 08:12:15,2018-05-31 08:12:15
order_003538,cust_02651,processing,2018-01-15 04:48:52,2018-01-17 02:48:52,2018-01-18 04:48:52,2018-01-31 04:48:52,2018-02-02 04:48:52
order_003539,cust_01678,delivered,2018-02-07 15:41:45,2018-02-09 05:41:45,2018-02-08 15:41:45,2018-02-09 15:41:45,2018-02-10 15:41:45
order_003540,cust_02546,delivered,2018-04-20 00:25:12,2018-04-20 08:25:12,2018-04-23 00:25:12,2018-05-05 00:25:12,2018-05-09 00:25:12
order_003541,cust_01595,delivered,2017-06-11 01:26:46,2017-06-11 11:26:46,2017-06-15 01:26:46,2017-06-22 01:26:46,2017-06-27 01:26:46
order_003542,cust_01452,delivered,2017-05-13 19:42:53,2017-05-14 12:42:53,2017-05-16 19:42:53,2017-05-24 19:42:53,2017-05-29 19:42:53
order_003543,cust_00814,delivered,2018-08-30 22:57:51,2018-08-31 11:57:51,2018-09-02 22:57:51,2018-09-16 22:57:51,2018-09-17 22:57:51
order_003544,cust_03148,delivered,2018-02-11 09:41:09,2018-02-12 20:41:09,2018-02-14 09:41:09,2018-02-25 09:41:09,2018-03-03 09:41:09
order_003545,cust_00260,delivered,2017-06-27 12:11:14,2017-06-29 11:11:14,2017-06-28 12:11:14,2017-07-01 12:11:14,2017-07-05 12:11:14
order_003546,cust_00897,delivered,2018-01-28 13:03:56,2018-01-29 16:03:56,2018-01-29 13:03:56,2018-02-14 13:03:56,2018-02-18 13:03:56
order_003547,cust_01621,delivered,2017-08-28 03:19:25,2017-08-29 21:19:25,2017-08-31 03:19:25,2017-09-01 03:19:25,2017-09-07 03:19:25
order_003548,cust_00591,delivered,2018-06-07 05:20:20,2018-06-08 02:20:20,2018-06-09 05:20:20,2018-06-18 05:20:20,2018-06-20 05:20:20
order_003549,cust_03483,delivered,2017-11-06 07:09:45,2017-11-07 16:09:45,2017-11-09 07:09:45,2017-11-18 07:09:45,2017-11-22 07:09:45
order_003550,cust_01311,shipped,2017-07-10 20:12:10,2017-07-12 05:12:10,2017-07-14 20:12:10,2017-07-15 20:12:10,2017-07-16 20:12:10
order_003551,cust_00921,delivered,2018-02-24 10:30:54,2018-02-25 00:30:54,2018-02-28 10:30:54,2018-03-08 10:30:54,2018-03-11 10:30:54
order_003552,cust_00964,delivered,2018-04-02 17:18:32,2018-04-04 04:18:32,2018-04-03 17:18:32,2018-04-14 17:18:32,2018-04-16 17:18:32
order_003553,cust_00728,delivered,2017-08-15 04:40:00,2017-08-16 06:40:00,2017-08-17 04:40:00,2017-09-01 04:40:00,2017-09-03 04:40:00
order_003554,cust_02520,delivered,2018-04-03 22:52:50,2018-04-05 02:52:50,2018-04-04 22:52:50,2018-04-19 22:52:50,2018-04-23 22:52:50
order_003555,cust_01828,delivered,2017-05-23 21:12:08,2017-05-24 09:12:08,2017-05-24 21:12:08,2017-05-31 21:12:08,2017-06-01 21:12:08
order_003556,cust_00877,delivered,2017-05-26 11:24:21,2017-05-27 02:24:21,2017-05-29 11:24:21,2017-06-08 11:24:21,2017-06-14 11:24:21
order_003557,cust_03318,delivered,2018-05-18 05:24:49,2018-05-19 22:24:49,2018-05-21 05:24:49,2018-06-02 05:24:49,2018-06-04 05:24:49
order_003558,cust_02494,delivered,2018-01-13 23:26:15,2018-01-15 05:26:15,2018-01-14 23:26:15,2018-01-15 23:26:15,2018-01-16 23:26:15
order_003559,cust_01531,delivered,2017-01-22 19:23:41,2017-01-23 02:23:41,2017-01-25 19:23:41,2017-02-03 19:23:41,2017-02-06 19:23:41
order_003560,cust_01950,delivered,2018-02-15 12:15:37,2018-02-16 14:15:37,2018-02-17 12:15:37,2018-03-03 12:15:37,2018-03-06 12:15:37
order_003561,cust_02493,shipped,2017-07-05 06:25:16,2017-07-06 12:25:16,2017-07-09 06:25:16,2017-07-08 06:25:16,2017-07-12 06:25:16
order_003562,cust_00579,delivered,2017-06-16 14:54:50,2017-06-18 04:54:50,2017-06-19 14:54:50,2017-06-30 14:54:50,2017-07-05 14:54:50
order_003563,cust_03071,delivered,2017-09-15 08:53:19,2017-09-17 01:53:19,2017-09-17 08:53:19,2017-09-17 08:53:19,2017-09-21 08:53:19
order_003564,cust_00981,delivered,2017-10-02 16:10:44,2017-10-03 23:10:44,2017-10-04 16:10:44,2017-10-10 16:10:44,2017-10-14 16:10:44
order_003565,cust_00112,shipped,2018-06-27 19:58:44,2018-06-27 20:58:44,2018-06-28 19:58:44,2018-07-12 19:58:44,2018-07-17 19:58:44
order_003566,cust_01982,delivered,2017-09-22 11:45:16,2017-09-23 11:45:16,2017-09-26 11:45:16,2017-10-09 11:45:16,2017-10-13 11:45:16
order_003567,cust_03330,delivered,2017-06-30 01:09:21,2017-06-30 11:09:21,2017-07-03 01:09:21,2017-07-13 01:09:21,2017-07-14 01:09:21
order_003568,cust_02785,delivered,2018-04-16 13:30:24,2018-04-16 14:30:24,2018-04-20 13:30:24,2018-04-29 13:30:24,2018-05-02 13:30:24
order_003569,cust_01172,delivered,2017-11-26 20:36:27,2017-11-28 16:36:27,2017-11-29 20:36:27,2017-12-02 20:36:27,2017-12-07 20:36:27
order_003570,cust_01513,delivered,2017-01-01 05:21:33,2017-01-01 13:21:33,2017-01-04 05:21:33,2017-01-16 05:21:33,2017-01-18 05:21:33
order_003571,cust_02264,delivered,2018-01-20 23:01:31,2018-01-21 11:01:31,2018-01-21 23:01:31,2018-02-01 23:01:31,2018-02-07 23:01:31
order_003572,cust_00884,delivered,2017-11-01 08:41:48,2017-11-02 00:41:48,2017-11-05 08:41:48,2017-11-18 08:41:48,2017-11-21 08:41:48
order_003573,cust_03116,delivered,2017-12-16 16:25:07,2017-12-17 14:25:07,2017-12-19 16:25:07,2017-12-27 16:25:07,2017-12-29 16:25:07
order_003574,cust_01121,delivered,2017-04-23 16:50:52,2017-04-24 21:50:52,2017-04-25 16:50:52,2017-04-25 16:50:52,2017-04-28 16:50:52
order_003575,cust_00823,delivered,2017-10-18 04:22:11,2017-10-18 19:22:11,2017-10-22 04:22:11,2017-10-28 04:22:11,2017-11-01 04:22:11
order_003576,cust_00361,delivered,2018-01-29 00:56:08,2018-01-30 14:56:08,2018-01-30 00:56:08,2018-02-12 00:56:08,2018-02-17 00:56:08
order_003577,cust_02634,delivered,2018-02-16 22:46:13,2018-02-17 06:46:13,2018-02-17 22:46:13,2018-03-02 22:46:13,2018-03-04 22:46:13
order_003578,cust_00095,delivered,2018-02-18 16:48:35,2018-02-20 14:48:35,2018-02-21 16:48:35,2018-02-26 16:48:35,2018-02-28 16:48:35
order_003579,cust_03060,delivered,2018-08-30 15:09:05,2018-09-01 08:09:05,2018-09-02 15:09:05,2018-09-03 15:09:05,2018-09-04 15:09:05
order_003580,cust_03697,delivered,2017-11-01 07:17:26,2017-11-02 12:17:26,2017-11-04 07:17:26,2017-11-16 07:17:26,2017-11-19 07:17:26
order_003581,cust_00422,delivered,2017-09-19 02:35:39,2017-09-19 05:35:39,2017-09-22 02:35:39,2017-10-04 02:35:39,2017-10-10 02:35:39
order_003582,cust_00366,shipped,2017-11-26 06:31:26,2017-11-27 17:31:26,2017-11-28 06:31:26,2017-12-12 06:31:26,2017-12-18 06:31:26
order_003583,cust_03551,delivered,2017-07-19 13:08:43,2017-07-20 23:08:43,2017-07-21 13:08:43,2017-07-31 13:08:43,2017-08-04 13:08:43
order_003584,cust_00474,delivered,2017-07-11 16:38:37,2017-07-12 22:38:37,2017-07-13 16:38:37,2017-07-26 16:38:37,2017-07-30 16:38:37
order_003585,cust_01548,delivered,2018-02-24 07:39:25,2018-02-24 21:39:25,2018-02-25 07:39:25,2018-03-04 07:39:25,2018-03-08 07:39:25
order_003586,cust_03309,delivered,2017-07-10 05:09:31,2017-07-11 02:09:31,2017-07-11 05:09:31,2017-07-24 05:09:31,2017-07-26 05:09:31
order_003587,cust_00528,shipped,2018-04-01 05:59:18,2018-04-02 01:59:18,2018-04-02 05:59:18,2018-04-10 05:59:18,2018-04-13 05:59:18
order_003588,cust_02521,shipped,2018-03-30 23:04:49,2018-04-01 04:04:49,2018-03-31 23:04:49,2018-04-13 23:04:49,2018-04-19 23:04:49
order_003589,cust_01453,delivered,2018-08-03 15:07:57,2018-08-04 07:07:57,2018-08-06 15:07:57,2018-08-07 15:07:57,2018-08-11 15:07:57
order_003590,cust_01657,shipped,2017-03-22 23:46:34,2017-03-23 18:46:34,2017-03-24 23:46:34,2017-03-28 23:46:34,2017-03-30 23:46:34
order_003591,cust_03538,shipped,2017-08-09 00:09:02,2017-08-10 19:09:02,2017-08-11 00:09:02,2017-08-14 00:09:02,2017-08-15 00:09:02
order_003592,cust_02466,delivered,2018-04-15 10:59:39,2018-04-16 08:59:39,2018-04-19 10:59:39,2018-04-23 10:59:39,2018-04-28 10:59:39
order_003593,cust_01213,delivered,2017-09-18 10:58:38,2017-09-19 14:58:38,2017-09-19 10:58:38,2017-10-03 10:58:38,2017-10-09 10:58:38
order_003594,cust_03552,delivered,2018-02-03 09:38:02,2018-02-05 04:38:02,2018-02-07 09:38:02,2018-02-06 09:38:02,2018-02-07 09:38:02
order_003595,cust_02206,delivered,2018-03-24 09:23:52,2018-03-26 06:23:52,2018-03-25 09:23:52,2018-04-06 09:23:52,2018-04-09 09:23:52
order_003596,cust_00377,delivered,2018-06-22 01:53:48,2018-06-23 04:53:48,2018-06-25 01:53:48,2018-07-07 01:53:48,2018-07-13 01:53:48
order_003597,cust_01491,delivered,2017-05-18 00:46:19,2017-05-18 13:46:19,2017-05-19 00:46:19,2017-05-30 00:46:19,2017-06-01 00:46:19
order_003598,cust_00926,delivered,2017-06-08 18:40:38,2017-06-08 23:40:38,2017-06-10 18:40:38,2017-06-20 18:40:38,2017-06-22 18:40:38
order_003599,cust_02441,processing,2017-10-14 10:34:20,2017-10-16 03:34:20,2017-10-18 10:34:20,2017-10-18 10:34:20,2017-10-21 10:34:20
order_003600,cust_03269,delivered,2017-11-04 03:54:19,2017-11-05 04:54:19,2017-11-05 03:54:19,2017-11-15 03:54:19,2017-11-18 03:54:19
order_003601,cust_00148,delivered,2018-07-05 08:20:27,2018-07-06 11:20:27,2018-07-08 08:20:27,2018-07-10 08:20:27,2018-07-13 08:20:27
order_003602,cust_02966,delivered,2017-01-24 22:23:35,2017-01-26 19:23:35,2017-01-26 22:23:35,2017-01-29 22:23:35,2017-02-04 22:23:35
order_003603,cust_03481,delivered,2017-05-30 11:13:28,2017-05-31 05:13:28,2017-06-01 11:13:28,2017-06-14 11:13:28,2017-06-20 11:13:28
order_003604,cust_03778,delivered,2018-07-09 23:46:27,2018-07-10 04:46:27,2018-07-12 23:46:27,2018-07-20 23:46:27,2018-07-24 23:46:27
order_003605,cust_02512,delivered,2018-01-09 03:52:33,2018-01-10 11:52:33,2018-01-11 03:52:33,2018-01-26 03:52:33,2018-01-27 03:52:33
order_003606,cust_01192,canceled,2018-02-15 02:56:16,2018-02-17 00:56:16,2018-02-19 02:56:16,2018-02-24 02:56:16,2018-02-26 02:56:16
order_003607,cust_00552,delivered,2017-06-01 13:31:53,2017-06-01 21:31:53,2017-06-02 13:31:53,2017-06-08 13:31:53,2017-06-10 13:31:53
order_003608,cust_03590,delivered,2018-01-14 16:23:31,2018-01-16 15:23:31,2018-01-16 16:23:31,2018-01-31 16:23:31,2018-02-01 16:23:31
order_003609,cust_01567,delivered,2017-08-13 23:33:04,2017-08-15 01:33:04,2017-08-15 23:33:04,2017-08-24 23:33:04,2017-08-27 23:33:04
order_003610,cust_01306,delivered,2018-03-22 11:11:01,2018-03-23 14:11:01,2018-03-26 11:11:01,2018-04-06 11:11:01,2018-04-07 11:11:01
order_003611,cust_02789,delivered,2017-02-25 04:48:14,2017-02-27 02:48:14,2017-02-28 04:48:14,2017-02-27 04:48:14,2017-03-03 04:48:14
order_003612,cust_02717,delivered,2017-06-22 12:59:15,2017-06-23 04:59:15,2017-06-26 12:59:15,2017-07-02 12:59:15,2017-07-04 12:59:15
order_003613,cust_03075,delivered,2018-01-27 07:22:01,2018-01-28 19:22:01,2018-01-28 07:22:01,2018-02-11 07:22:01,2018-02-16 07:22:01
order_003614,cust_03354,processing,2018-01-03 04:18:35,2018-01-03 05:18:35,2018-01-04 04:18:35,2018-01-17 04:18:35,2018-01-21 04:18:35
order_003615,cust_03332,delivered,2018-05-26 02:07:18,2018-05-27 10:07:18,2018-05-29 02:07:18,2018-06-08 02:07:18,2018-06-14 02:07:18
order_003616,cust_00648,delivered,2018-05-02 17:21:52,2018-05-02 18:21:52,2018-05-06 17:21:52,2018-05-06 17:21:52,2018-05-09 17:21:52
order_003617,cust_00644,delivered,2017-01-09 15:25:34,2017-01-09 16:25:34,2017-01-10 15:25:34,2017-01-19 15:25:34,2017-01-20 15:25:34
order_003618,cust_00781,delivered,2017-02-24 03:59:55,2017-02-24 22:59:55,2017-02-25 03:59:55,2017-02-27 03:59:55,2017-03-05 03:59:55
order_003619,cust_02383,delivered,2017-08-04 13:24:47,2017-08-05 07:24:47,2017-08-05 13:24:47,2017-08-18 13:24:47,2017-08-20 13:24:47
order_003620,cust_02207,delivered,2018-08-06 21:14:49,2018-08-08 10:14:49,2018-08-10 21:14:49,2018-08-18 21:14:49,2018-08-23 21:14:49
order_003621,cust_03257,delivered,2017-10-18 19:38:02,2017-10-20 13:38:02,2017-10-19 19:38:02,2017-10-23 19:38:02,2017-10-28 19:38:02
order_003622,cust_03206,delivered,2018-06-27 10:53:43,2018-06-29 07:53:43,2018-06-30 10:53:43,2018-07-10 10:53:43,2018-07-16 10:53:43
order_003623,cust_03090,delivered,2017-02-06 01:22:29,2017-02-07 07:22:29,2017-02-08 01:22:29,2017-02-19 01:22:29,2017-02-23 01:22:29
order_003624,cust_00300,delivered,2018-08-09 15:14:12,2018-08-09 23:14:12,2018-08-11 15:14:12,2018-08-11 15:14:12,2018-08-15 15:14:12
order_003625,cust_02643,delivered,2017-02-07 12:23:20,2017-02-08 20:23:20,2017-02-10 12:23:20,2017-02-10 12:23:20,2017-02-13 12:23:20
order_003626,cust_03233,delivered,2018-05-07 22:07:22,2018-05-08 21:07:22,2018-05-09 22:07:22,2018-05-12 22:07:22,2018-05-15 22:07:22
order_003627,cust_03733,delivered,2018-06-18 13:16:47,2018-06-19 14:16:47,2018-06-19 13:16:47,2018-06-21 13:16:47,2018-06-26 13:16:47
order_003628,cust_01303,delivered,2017-06-28 17:42:37,2017-06-29 17:42:37,2017-07-01 17:42:37,2017-07-08 17:42:37,2017-07-12 17:42:37
order_003629,cust_02951,shipped,2017-07-02 12:40:57,2017-07-04 06:40:57,2017-07-03 12:40:57,2017-07-18 12:40:57,2017-07-19 12:40:57
order_003630,cust_01543,shipped,2017-12-20 12:58:49,2017-12-21 06:58:49,2017-12-24 12:58:49,2017-12-23 12:58:49,2017-12-26 12:58:49
order_003631,cust_00610,delivered,2018-03-16 07:37:06,2018-03-18 05:37:06,2018-03-20 07:37:06,2018-03-27 07:37:06,2018-04-02 07:37:06
order_003632,cust_01291,delivered,2017-03-15 09:39:51,2017-03-16 11:39:51,2017-03-19 09:39:51,2017-03-23 09:39:51,2017-03-25 09:39:51
order_003633,cust_00954,delivered,2017-05-25 07:06:08,2017-05-26 16:06:08,2017-05-27 07:06:08,2017-06-09 07:06:08,2017-06-12 07:06:08
order_003634,cust_03463,delivered,2018-04-04 11:05:28,2018-04-06 07:05:28,2018-04-06 11:05:28,2018-04-13 11:05:28,2018-04-19 11:05:28
order_003635,cust_00667,delivered,2018-05-06 22:50:11,2018-05-08 13:50:11,2018-05-09 22:50:11,2018-05-18 22:50:11,2018-05-20 22:50:11
order_003636,cust_00497,delivered,2017-04-04 08:12:00,2017-04-05 05:12:00,2017-04-08 08:12:00,2017-04-20 08:12:00,2017-04-25 08:12:00
order_003637,cust_02203,processing,2018-06-25 11:07:05,2018-06-25 21:07:05,2018-06-29 11:07:05,2018-06-29 11:07:05,2018-07-04 11:07:05
order_003638,cust_02182,delivered,2018-06-12 22:42:30,2018-06-13 05:42:30,2018-06-14 22:42:30,2018-06-19 22:42:30,2018-06-21 22:42:30
order_003639,cust_02132,delivered,2018-06-12 03:37:45,2018-06-12 21:37:45,2018-06-16 03:37:45,2018-06-18 03:37:45,2018-06-24 03:37:45
order_003640,cust_00562,shipped,2017-05-27 06:04:06,2017-05-28 14:04:06,2017-05-29 06:04:06,2017-05-31 06:04:06,2017-06-03 06:04:06
order_003641,cust_01894,delivered,2018-02-11 11:50:09,2018-02-13 01:50:09,2018-02-15 11:50:09,2018-02-23 11:50:09,2018-02-25 11:50:09
order_003642,cust_03528,canceled,2017-04-08 09:49:27,2017-04-08 11:49:27,2017-04-09 09:49:27,2017-04-10 09:49:27,2017-04-12 09:49:27
order_003643,cust_00341,delivered,2017-04-30 08:11:14,2017-05-01 06:11:14,2017-05-02 08:11:14,2017-05-08 08:11:14,2017-05-10 08:11:14
order_003644,cust_03032,delivered,2017-02-13 18:40:38,2017-02-15 15:40:38,2017-02-17 18:40:38,2017-02-16 18:40:38,2017-02-20 18:40:38
order_003645,cust_00477,delivered,2017-10-27 11:58:23,2017-10-29 02:58:23,2017-10-28 11:58:23,2017-11-07 11:58:23,2017-11-09 11:58:23
order_003646,cust_00888,delivered,2018-03-09 08:44:39,2018-03-11 05:44:39,2018-03-12 08:44:39,2018-03-23 08:44:39,2018-03-26 08:44:39
order_003647,cust_03412,delivered,2017-05-01 11:29:42,2017-05-03 08:29:42,2017-05-03 11:29:42,2017-05-10 11:29:42,2017-05-15 11:29:42
order_003648,cust_01131,delivered,2017-04-24 21:16:43,2017-04-25 02:16:43,2017-04-26 21:16:43,2017-05-03 21:16:43,2017-05-09 21:16:43
order_003649,cust_01985,delivered,2017-06-18 23:36:53,2017-06-20 08:36:53,2017-06-20 23:36:53,2017-06-27 23:36:53,2017-07-02 23:36:53
order_003650,cust_01449,delivered,2017-05-01 05:50:01,2017-05-02 07:50:01,2017-05-04 05:50:01,2017-05-06 05:50:01,2017-05-10 05:50:01
order_003651,cust_02334,delivered,2018-05-22 00:57:52,2018-05-22 23:57:52,2018-05-26 00:57:52,2018-05-30 00:57:52,2018-06-04 00:57:52
order_003652,cust_01540,shipped,2017-04-14 00:45:08,2017-04-15 14:45:08,2017-04-18 00:45:08,2017-04-30 00:45:08,2017-05-03 00:45:08
order_003653,cust_01686,delivered,2017-06-19 10:41:22,2017-06-21 06:41:22,2017-06-21 10:41:22,2017-06-21 10:41:22,2017-06-23 10:41:22
order_003654,cust_03105,delivered,2017-07-05 15:05:24,2017-07-06 13:05:24,2017-07-06 15:05:24,2017-07-19 15:05:24,2017-07-24 15:05:24
order_003655,cust_02105,delivered,2017-05-04 01:13:52,2017-05-05 08:13:52,2017-05-08 01:13:52,2017-05-08 01:13:52,2017-05-09 01:13:52
order_003656,cust_02145,delivered,2018-07-27 12:11:53,2018-07-28 11:11:53,2018-07-29 12:11:53,2018-07-30 12:11:53,2018-08-05 12:11:53
order_003657,cust_03061,delivered,2017-05-08 09:35:28,2017-05-09 15:35:28,2017-05-11 09:35:28,2017-05-14 09:35:28,2017-05-17 09:35:28
order_003658,cust_01626,processing,2017-10-23 22:23:36,2017-10-25 20:23:36,2017-10-25 22:23:36,2017-10-29 22:23:36,2017-11-03 22:23:36
order_003659,cust_03129,delivered,2017-12-11 14:29:08,2017-12-13 05:29:08,2017-12-15 14:29:08,2017-12-18 14:29:08,2017-12-19 14:29:08
order_003660,cust_02733,delivered,2017-06-08 10:09:18,2017-06-08 21:09:18,2017-06-09 10:09:18,2017-06-23 10:09:18,2017-06-26 10:09:18
order_003661,cust_03358,shipped,2017-10-14 14:04:46,2017-10-16 07:04:46,2017-10-15 14:04:46,2017-10-30 14:04:46,2017-11-02 14:04:46
order_003662,cust_01739,delivered,2017-04-14 03:15:14,2017-04-15 04:15:14,2017-04-16 03:15:14,2017-04-27 03:15:14,2017-04-30 03:15:14
order_003663,cust_02122,delivered,2017-10-21 11:24:01,2017-10-22 15:24:01,2017-10-23 11:24:01,2017-10-25 11:24:01,2017-10-29 11:24:01
order_003664,cust_00487,shipped,2017-01-12 07:54:50,2017-01-12 13:54:50,2017-01-16 07:54:50,2017-01-29 07:54:50,2017-02-02 07:54:50
order_003665,cust_00423,delivered,2017-09-24 04:20:37,2017-09-25 01:20:37,2017-09-26 04:20:37,2017-10-09 04:20:37,2017-10-15 04:20:37
order_003666,cust_00408,delivered,2017-08-10 09:26:13,2017-08-11 00:26:13,2017-08-12 09:26:13,2017-08-13 09:26:13,2017-08-18 09:26:13
order_003667,cust_02405,delivered,2017-08-02 15:20:08,2017-08-02 20:20:08,2017-08-03 15:20:08,2017-08-10 15:20:08,2017-08-12 15:20:08
order_003668,cust_01238,delivered,2017-03-08 13:59:42,2017-03-10 05:59:42,2017-03-12 13:59:42,2017-03-22 13:59:42,2017-03-28 13:59:42
order_003669,cust_01097,delivered,2018-08-31 23:08:05,2018-09-01 06:08:05,2018-09-03 23:08:05,2018-09-03 23:08:05,2018-09-06 23:08:05
order_003670,cust_02290,delivered,2017-01-17 06:35:16,2017-01-18 16:35:16,2017-01-21 06:35:16,2017-01-20 06:35:16,2017-01-23 06:35:16
order_003671,cust_01513,delivered,2017-03-30 16:47:31,2017-04-01 04:47:31,2017-04-01 16:47:31,2017-04-10 16:47:31,2017-04-11 16:47:31
order_003672,cust_00512,delivered,2017-03-04 13:12:27,2017-03-05 18:12:27,2017-03-05 13:12:27,2017-03-11 13:12:27,2017-03-16 13:12:27
order_003673,cust_02118,delivered,2018-08-18 20:58:18,2018-08-20 12:58:18,2018-08-20 20:58:18,2018-08-27 20:58:18,2018-09-02 20:58:18
order_003674,cust_02090,delivered,2017-07-13 21:47:35,2017-07-14 03:47:35,2017-07-15 21:47:35,2017-07-27 21:47:35,2017-07-29 21:47:35
order_003675,cust_00530,delivered,2017-09-20 16:58:49,2017-09-20 17:58:49,2017-09-21 16:58:49,2017-09-30 16:58:49,2017-10-06 16:58:49
order_003676,cust_01024,delivered,2018-04-02 10:10:10,2018-04-04 02:10:10,2018-04-03 10:10:10,2018-04-15 10:10:10,2018-04-16 10:10:10
order_003677,cust_00901,delivered,2017-01-31 12:48:05,2017-01-31 21:48:05,2017-02-04 12:48:05,2017-02-04 12:48:05,2017-02-10 12:48:05
order_003678,cust_02642,delivered,2017-02-10 15:38:15,2017-02-11 06:38:15,2017-02-13 15:38:15,2017-02-12 15:38:15,2017-02-14 15:38:15
order_003679,cust_00946,delivered,2017-04-21 19:20:29,2017-04-23 04:20:29,2017-04-24 19:20:29,2017-04-27 19:20:29,2017-04-30 19:20:29
order_003680,cust_00107,delivered,2018-02-17 05:29:36,2018-02-18 07:29:36,2018-02-19 05:29:36,2018-02-22 05:29:36,2018-02-23 05:29:36
order_003681,cust_01013,delivered,2018-08-18 20:57:05,2018-08-19 06:57:05,2018-08-20 20:57:05,2018-08-25 20:57:05,2018-08-31 20:57:05
order_003682,cust_01782,delivered,2018-01-13 19:13:54,2018-01-14 06:13:54,2018-01-16 19:13:54,2018-01-27 19:13:54,2018-01-31 19:13:54
order_003683,cust_02923,delivered,2018-06-15 02:06:56,2018-06-16 18:06:56,2018-06-17 02:06:56,2018-06-19 02:06:56,2018-06-25 02:06:56
order_003684,cust_00198,delivered,2018-06-21 06:28:19,2018-06-22 07:28:19,2018-06-25 06:28:19,2018-06-25 06:28:19,2018-06-28 06:28:19
order_003685,cust_03348,delivered,2017-06-18 05:39:33,2017-06-20 01:39:33,2017-06-19 05:39:33,2017-06-23 05:39:33,2017-06-24 05:39:33
order_003686,cust_01255,delivered,2017-04-22 13:54:54,2017-04-23 16:54:54,2017-04-26 13:54:54,2017-04-29 13:54:54,2017-05-04 13:54:54
order_003687,cust_01301,delivered,2017-04-08 05:00:25,2017-04-09 13:00:25,2017-04-12 05:00:25,2017-04-13 05:00:25,2017-04-14 05:00:25
order_003688,cust_00059,delivered,2018-04-28 07:12:21,2018-04-29 00:12:21,2018-05-01 07:12:21,2018-05-02 07:12:21,2018-05-06 07:12:21
order_003689,cust_01050,delivered,2018-02-12 04:32:24,2018-02-12 06:32:24,2018-02-14 04:32:24,2018-02-23 04:32:24,2018-02-24 04:32:24
order_003690,cust_01782,delivered,2018-06-10 01:37:03,2018-06-11 01:37:03,2018-06-14 01:37:03,2018-06-13 01:37:03,2018-06-15 01:37:03
order_003691,cust_02379,delivered,2017-11-05 11:01:28,2017-11-06 22:01:28,2017-11-09 11:01:28,2017-11-09 11:01:28,2017-11-13 11:01:28
order_003692,cust_02914,delivered,2018-08-17 07:40:18,2018-08-18 03:40:18,2018-08-21 07:40:18,2018-09-01 07:40:18,2018-09-06 07:40:18
order_003693,cust_01986,delivered,2018-06-28 12:06:30,2018-06-30 05:06:30,2018-06-29 12:06:30,2018-06-30 12:06:30,2018-07-01 12:06:30
order_003694,cust_00380,shipped,2018-05-07 05:05:19,2018-05-08 14:05:19,2018-05-10 05:05:19,2018-05-09 05:05:19,2018-05-11 05:05:19
order_003695,cust_01487,delivered,2018-05-04 06:52:22,2018-05-05 06:52:22,2018-05-05 06:52:22,2018-05-07 06:52:22,2018-05-13 06:52:22
order_003696,cust_02793,delivered,2017-03-17 21:25:27,2017-03-18 23:25:27,2017-03-18 21:25:27,2017-03-27 21:25:27,2017-03-28 21:25:27
order_003697,cust_02430,delivered,2018-03-29 19:19:14,2018-03-30 06:19:14,2018-03-30 19:19:14,2018-04-11 19:19:14,2018-04-13 19:19:14
order_003698,cust_02219,delivered,2018-07-30 06:23:16,2018-08-01 00:23:16,2018-08-03 06:23:16,2018-08-12 06:23:16,2018-08-18 06:23:16
order_003699,cust_01931,delivered,2017-06-27 03:52:58,2017-06-27 06:52:58,2017-06-30 03:52:58,2017-07-10 03:52:58,2017-07-14 03:52:58
order_003700,cust_01917,delivered,2018-05-11 23:23:10,2018-05-12 02:23:10,2018-05-15 23:23:10,2018-05-13 23:23:10,2018-05-14 23:23:10
order_003701,cust_03773,processing,2017-08-01 16:20:27,2017-08-03 05:20:27,2017-08-04 16:20:27,2017-08-08 16:20:27,2017-08-14 16:20:27
order_003702,cust_02278,delivered,2017-05-10 11:48:58,2017-05-10 13:48:58,2017-05-13 11:48:58,2017-05-22 11:48:58,2017-05-25 11:48:58
order_003703,cust_02268,delivered,2018-03-21 16:47:07,2018-03-22 16:47:07,2018-03-22 16:47:07,2018-04-02 16:47:07,2018-04-07 16:47:07
order_003704,cust_01276,delivered,2017-04-11 05:18:20,2017-04-11 14:18:20,2017-04-14 05:18:20,2017-04-18 05:18:20,2017-04-22 05:18:20
order_003705,cust_01862,delivered,2017-10-20 10:16:30,2017-10-21 19:16:30,2017-10-24 10:16:30,2017-11-04 10:16:30,2017-11-07 10:16:30
order_003706,cust_02699,delivered,2018-07-24 09:23:32,2018-07-24 15:23:32,2018-07-26 09:23:32,2018-08-08 09:23:32,2018-08-11 09:23:32
order_003707,cust_03260,delivered,2017-04-06 17:18:03,2017-04-07 06:18:03,2017-04-09 17:18:03,2017-04-20 17:18:03,2017-04-24 17:18:03
order_003708,cust_02962,delivered,2017-04-05 04:24:08,2017-04-06 05:24:08,2017-04-08 04:24:08,2017-04-19 04:24:08,2017-04-22 04:24:08
order_003709,cust_02516,delivered,2018-07-28 11:44:17,2018-07-29 05:44:17,2018-07-31 11:44:17,2018-08-14 11:44:17,2018-08-16 11:44:17
order_003710,cust_02957,canceled,2018-04-18 20:00:30,2018-04-19 06:00:30,2018-04-22 20:00:30,2018-05-02 20:00:30,2018-05-07 20:00:30
order_003711,cust_00125,delivered,2017-10-08 04:42:42,2017-10-08 07:42:42,2017-10-10 04:42:42,2017-10-19 04:42:42,2017-10-24 04:42:42
order_003712,cust_01023,processing,2017-09-04 02:52:45,2017-09-04 03:52:45,2017-09-08 02:52:45,2017-09-12 02:52:45,2017-09-16 02:52:45
order_003713,cust_00923,delivered,2018-08-10 19:42:33,2018-08-11 05:42:33,2018-08-14 19:42:33,2018-08-17 19:42:33,2018-08-22 19:42:33
order_003714,cust_02484,processing,2018-03-17 20:57:52,2018-03-18 10:57:52,2018-03-18 20:57:52,2018-04-01 20:57:52,2018-04-05 20:57:52
order_003715,cust_02862,delivered,2018-07-07 10:20:00,2018-07-07 16:20:00,2018-07-10 10:20:00,2018-07-13 10:20:00,2018-07-19 10:20:00
order_003716,cust_00562,delivered,2017-02-25 01:06:07,2017-02-26 01:06:07,2017-02-26 01:06:07,2017-03-09 01:06:07,2017-03-15 01:06:07
order_003717,cust_00733,delivered,2017-11-19 12:58:35,2017-11-21 06:58:35,2017-11-21 12:58:35,2017-11-29 12:58:35,2017-12-05 12:58:35
order_003718,cust_01882,delivered,2018-03-17 07:11:26,2018-03-18 17:11:26,2018-03-19 07:11:26,2018-03-25 07:11:26,2018-03-26 07:11:26
order_003719,cust_03679,delivered,2017-01-22 14:05:53,2017-01-23 05:05:53,2017-01-25 14:05:53,2017-01-31 14:05:53,2017-02-01 14:05:53
order_003720,cust_00009,delivered,2017-11-08 03:21:26,2017-11-09 00:21:26,2017-11-10 03:21:26,2017-11-11 03:21:26,2017-11-14 03:21:26
order_003721,cust_03341,shipped,2017-02-03 19:19:25,2017-02-05 08:19:25,2017-02-05 19:19:25,2017-02-16 19:19:25,2017-02-21 19:19:25
order_003722,cust_00735,delivered,2018-07-02 16:26:46,2018-07-04 14:26:46,2018-07-06 16:26:46,2018-07-05 16:26:46,2018-07-07 16:26:46
order_003723,cust_01020,delivered,2018-02-19 15:29:07,2018-02-20 17:29:07,2018-02-23 15:29:07,2018-02-22 15:29:07,2018-02-23 15:29:07
order_003724,cust_02400,delivered,2017-04-25 12:17:44,2017-04-25 22:17:44,2017-04-26 12:17:44,2017-05-01 12:17:44,2017-05-02 12:17:44
order_003725,cust_02769,delivered,2017-11-14 05:17:06,2017-11-15 22:17:06,2017-11-16 05:17:06,2017-11-24 05:17:06,2017-11-28 05:17:06
order_003726,cust_03322,delivered,2017-03-08 22:32:38,2017-03-09 23:32:38,2017-03-12 22:32:38,2017-03-14 22:32:38,2017-03-20 22:32:38
order_003727,cust_00020,delivered,2018-05-04 06:22:43,2018-05-04 08:22:43,2018-05-05 06:22:43,2018-05-20 06:22:43,2018-05-23 06:22:43
order_003728,cust_00186,delivered,2017-04-30 08:47:18,2017-04-30 20:47:18,2017-05-03 08:47:18,2017-05-16 08:47:18,2017-05-21 08:47:18
order_003729,cust_01817,delivered,2018-01-05 22:13:49,2018-01-07 00:13:49,2018-01-07 22:13:49,2018-01-13 22:13:49,2018-01-14 22:13:49
order_003730,cust_02122,delivered,2017-02-17 00:58:40,2017-02-18 14:58:40,2017-02-20 00:58:40,2017-03-06 00:58:40,2017-03-08 00:58:40
order_003731,cust_00991,delivered,2017-04-07 03:00:08,2017-04-08 20:00:08,2017-04-10 03:00:08,2017-04-10 03:00:08,2017-04-15 03:00:08
order_003732,cust_02419,delivered,2018-08-19 18:16:47,2018-08-20 03:16:47,2018-08-22 18:16:47,2018-08-23 18:16:47,2018-08-26 18:16:47
order_003733,cust_01007,delivered,2017-08-23 08:49:51,2017-08-24 18:49:51,2017-08-25 08:49:51,2017-08-30 08:49:51,2017-08-31 08:49:51
order_003734,cust_03543,delivered,2017-03-16 13:54:28,2017-03-18 11:54:28,2017-03-20 13:54:28,2017-04-02 13:54:28,2017-04-04 13:54:28
order_003735,cust_00674,delivered,2018-03-02 13:55:58,2018-03-04 03:55:58,2018-03-04 13:55:58,2018-03-12 13:55:58,2018-03-17 13:55:58
order_003736,cust_02489,delivered,2017-05-03 19:51:30,2017-05-05 05:51:30,2017-05-05 19:51:30,2017-05-16 19:51:30,2017-05-21 19:51:30
order_003737,cust_02015,delivered,2017-12-25 14:53:12,2017-12-27 04:53:12,2017-12-27 14:53:12,2018-01-06 14:53:12,2018-01-11 14:53:12
order_003738,cust_00391,shipped,2018-05-08 10:13:38,2018-05-09 13:13:38,2018-05-10 10:13:38,2018-05-17 10:13:38,2018-05-20 10:13:38
order_003739,cust_02298,delivered,2018-02-20 13:10:55,2018-02-21 18:10:55,2018-02-23 13:10:55,2018-03-08 13:10:55,2018-03-14 13:10:55
order_003740,cust_00557,delivered,2017-05-31 17:42:58,2017-06-01 19:42:58,2017-06-03 17:42:58,2017-06-17 17:42:58,2017-06-23 17:42:58
order_003741,cust_02050,delivered,2017-05-25 09:05:55,2017-05-27 06:05:55,2017-05-29 09:05:55,2017-06-03 09:05:55,2017-06-06 09:05:55
order_003742,cust_02415,delivered,2017-05-16 04:06:20,2017-05-16 22:06:20,2017-05-18 04:06:20,2017-05-29 04:06:20,2017-05-31 04:06:20
order_003743,cust_00274,delivered,2018-01-20 11:40:17,2018-01-22 00:40:17,2018-01-24 11:40:17,2018-01-31 11:40:17,2018-02-06 11:40:17
order_003744,cust_00819,delivered,2018-02-13 23:59:19,2018-02-14 00:59:19,2018-02-15 23:59:19,2018-02-24 23:59:19,2018-02-27 23:59:19
order_003745,cust_01123,delivered,2017-11-13 02:41:30,2017-11-13 22:41:30,2017-11-17 02:41:30,2017-11-16 02:41:30,2017-11-19 02:41:30
order_003746,cust_03527,delivered,2017-08-31 04:10:03,2017-09-02 00:10:03,2017-09-04 04:10:03,2017-09-05 04:10:03,2017-09-11 04:10:03
order_003747,cust_00840,delivered,2017-02-07 23:52:56,2017-02-08 11:52:56,2017-02-10 23:52:56,2017-02-24 23:52:56,2017-02-26 23:52:56
order_003748,cust_03498,delivered,2018-05-23 19:54:54,2018-05-25 09:54:54,2018-05-26 19:54:54,2018-05-28 19:54:54,2018-06-03 19:54:54
order_003749,cust_02029,shipped,2018-02-06 02:48:31,2018-02-07 02:48:31,2018-02-09 02:48:31,2018-02-18 02:48:31,2018-02-19 02:48:31
order_003750,cust_03604,delivered,2018-01-24 05:05:54,2018-01-24 12:05:54,2018-01-25 05:05:54,2018-02-09 05:05:54,2018-02-11 05:05:54
order_003751,cust_03158,delivered,2017-03-05 16:34:47,2017-03-05 22:34:47,2017-03-09 16:34:47,2017-03-16 16:34:47,2017-03-19 16:34:47
order_003752,cust_01113,delivered,2017-06-25 18:46:48,2017-06-26 00:46:48,2017-06-28 18:46:48,2017-06-30 18:46:48,2017-07-03 18:46:48
order_003753,cust_02127,delivered,2017-07-04 17:36:53,2017-07-05 15:36:53,2017-07-06 17:36:53,2017-07-19 17:36:53,2017-07-21 17:36:53
order_003754,cust_02724,delivered,2017-12-30 20:40:12,2017-12-31 11:40:12,2018-01-01 20:40:12,2018-01-01 20:40:12,2018-01-07 20:40:12
order_003755,cust_00297,delivered,2018-04-24 12:09:43,2018-04-26 07:09:43,2018-04-27 12:09:43,2018-05-07 12:09:43,2018-05-11 12:09:43
order_003756,cust_02519,delivered,2018-06-11 21:02:21,2018-06-13 09:02:21,2018-06-13 21:02:21,2018-06-17 21:02:21,2018-06-22 21:02:21
order_003757,cust_01746,delivered,2017-11-14 14:18:14,2017-11-14 21:18:14,2017-11-18 14:18:14,2017-11-26 14:18:14,2017-12-01 14:18:14
order_003758,cust_00135,delivered,2017-08-10 11:25:02,2017-08-11 11:25:02,2017-08-11 11:25:02,2017-08-19 11:25:02,2017-08-23 11:25:02
order_003759,cust_03294,delivered,2017-09-06 15:16:28,2017-09-08 03:16:28,2017-09-09 15:16:28,2017-09-17 15:16:28,2017-09-21 15:16:28
order_003760,cust_01009,delivered,2018-03-24 10:17:29,2018-03-25 17:17:29,2018-03-25 10:17:29,2018-04-01 10:17:29,2018-04-05 10:17:29
order_003761,cust_03321,shipped,2017-07-13 14:33:12,2017-07-13 15:33:12,2017-07-16 14:33:12,2017-07-23 14:33:12,2017-07-28 14:33:12
order_003762,cust_00785,delivered,2017-09-10 20:00:39,2017-09-10 21:00:39,2017-09-12 20:00:39,2017-09-26 20:00:39,2017-10-02 20:00:39
order_003763,cust_02058,delivered,2018-04-24 22:59:48,2018-04-26 02:59:48,2018-04-25 22:59:48,2018-05-09 22:59:48,2018-05-11 22:59:48
order_003764,cust_01409,canceled,2017-11-27 13:54:27,2017-11-29 09:54:27,2017-11-30 13:54:27,2017-12-05 13:54:27,2017-12-09 13:54:27
order_003765,cust_03393,delivered,2017-10-12 00:08:15,2017-10-12 03:08:15,2017-10-15 00:08:15,2017-10-29 00:08:15,2017-10-31 00:08:15
order_003766,cust_03621,delivered,2018-03-23 14:54:38,2018-03-23 22:54:38,2018-03-25 14:54:38,2018-04-08 14:54:38,2018-04-10 14:54:38
order_003767,cust_02926,delivered,2017-06-25 06:02:43,2017-06-25 15:02:43,2017-06-29 06:02:43,2017-07-07 06:02:43,2017-07-13 06:02:43
order_003768,cust_03213,delivered,2017-02-06 05:39:56,2017-02-06 20:39:56,2017-02-07 05:39:56,2017-02-17 05:39:56,2017-02-20 05:39:56
order_003769,cust_02921,delivered,2018-04-25 21:08:55,2018-04-27 15:08:55,2018-04-27 21:08:55,2018-04-27 21:08:55,2018-05-02 21:08:55
order_003770,cust_01115,shipped,2017-10-04 10:42:27,2017-10-06 07:42:27,2017-10-05 10:42:27,2017-10-14 10:42:27,2017-10-19 10:42:27
order_003771,cust_03497,delivered,2017-07-17 18:58:11,2017-07-18 09:58:11,2017-07-21 18:58:11,2017-07-22 18:58:11,2017-07-23 18:58:11
order_003772,cust_02014,delivered,2017-02-27 08:52:00,2017-02-28 19:52:00,2017-02-28 08:52:00,2017-03-03 08:52:00,2017-03-06 08:52:00
order_003773,cust_01305,delivered,2018-07-18 14:33:50,2018-07-18 15:33:50,2018-07-19 14:33:50,2018-08-02 14:33:50,2018-08-04 14:33:50
order_003774,cust_00730,delivered,2018-03-17 15:58:03,2018-03-18 16:58:03,2018-03-20 15:58:03,2018-03-23 15:58:03,2018-03-25 15:58:03
order_003775,cust_02697,delivered,2017-06-16 21:26:17,2017-06-18 03:26:17,2017-06-18 21:26:17,2017-06-27 21:26:17,2017-06-29 21:26:17
order_003776,cust_01054,delivered,2018-01-05 04:42:56,2018-01-06 21:42:56,2018-01-07 04:42:56,2018-01-20 04:42:56,2018-01-24 04:42:56
order_003777,cust_02480,delivered,2017-10-10 13:28:09,2017-10-12 04:28:09,2017-10-11 13:28:09,2017-10-21 13:28:09,2017-10-22 13:28:09
order_003778,cust_00247,delivered,2017-07-18 09:44:16,2017-07-18 12:44:16,2017-07-21 09:44:16,2017-08-01 09:44:16,2017-08-04 09:44:16
order_003779,cust_02412,delivered,2017-07-09 11:07:54,2017-07-10 07:07:54,2017-07-12 11:07:54,2017-07-23 11:07:54,2017-07-25 11:07:54
order_003780,cust_02441,delivered,2017-02-16 20:22:10,2017-02-17 00:22:10,2017-02-18 20:22:10,2017-02-25 20:22:10,2017-03-03 20:22:10
order_003781,cust_01993,delivered,2018-08-16 03:15:35,2018-08-16 04:15:35,2018-08-20 03:15:35,2018-09-01 03:15:35,2018-09-06 03:15:35
order_003782,cust_02496,delivered,2018-07-17 13:06:52,2018-07-17 21:06:52,2018-07-19 13:06:52,2018-08-02 13:06:52,2018-08-05 13:06:52
order_003783,cust_03776,delivered,2018-06-14 09:18:28,2018-06-16 05:18:28,2018-06-18 09:18:28,2018-06-21 09:18:28,2018-06-23 09:18:28
order_003784,cust_03186,delivered,2017-07-11 21:30:18,2017-07-12 10:30:18,2017-07-14 21:30:18,2017-07-26 21:30:18,2017-07-31 21:30:18
order_003785,cust_01670,delivered,2018-08-30 05:11:38,2018-08-31 16:11:38,2018-08-31 05:11:38,2018-09-03 05:11:38,2018-09-07 05:11:38
order_003786,cust_03311,delivered,2017-06-17 05:34:50,2017-06-18 15:34:50,2017-06-20 05:34:50,2017-06-20 05:34:50,2017-06-24 05:34:50
order_003787,cust_03626,delivered,2018-05-17 02:10:49,2018-05-18 19:10:49,2018-05-21 02:10:49,2018-05-27 02:10:49,2018-05-28 02:10:49
order_003788,cust_00608,delivered,2017-03-03 10:33:27,2017-03-04 12:33:27,2017-03-06 10:33:27,2017-03-14 10:33:27,2017-03-15 10:33:27
order_003789,cust_01363,delivered,2017-07-08 00:15:34,2017-07-09 22:15:34,2017-07-10 00:15:34,2017-07-19 00:15:34,2017-07-23 00:15:34
order_003790,cust_02823,delivered,2017-12-18 12:00:35,2017-12-19 09:00:35,2017-12-20 12:00:35,2018-01-01 12:00:35,2018-01-04 12:00:35
order_003791,cust_01956,delivered,2018-08-12 05:21:57,2018-08-13 19:21:57,2018-08-16 05:21:57,2018-08-20 05:21:57,2018-08-25 05:21:57
order_003792,cust_00511,delivered,2017-06-11 09:36:49,2017-06-12 22:36:49,2017-06-13 09:36:49,2017-06-25 09:36:49,2017-06-26 09:36:49
order_003793,cust_01795,delivered,2017-09-20 14:31:27,2017-09-21 16:31:27,2017-09-22 14:31:27,2017-10-06 14:31:27,2017-10-08 14:31:27
order_003794,cust_01420,delivered,2018-05-28 16:25:40,2018-05-29 07:25:40,2018-05-31 16:25:40,2018-05-31 16:25:40,2018-06-05 16:25:40
order_003795,cust_02807,delivered,2017-10-15 01:28:10,2017-10-15 09:28:10,2017-10-19 01:28:10,2017-10-24 01:28:10,2017-10-30 01:28:10
order_003796,cust_01959,delivered,2018-02-20 03:34:09,2018-02-20 08:34:09,2018-02-24 03:34:09,2018-02-25 03:34:09,2018-03-02 03:34:09
order_003797,cust_00531,delivered,2017-09-12 07:37:35,2017-09-13 07:37:35,2017-09-15 07:37:35,2017-09-24 07:37:35,2017-09-25 07:37:35
order_003798,cust_00187,processing,2017-01-03 12:27:56,2017-01-04 07:27:56,2017-01-05 12:27:56,2017-01-11 12:27:56,2017-01-12 12:27:56
order_003799,cust_01091,delivered,2017-06-22 21:12:15,2017-06-23 07:12:15,2017-06-24 21:12:15,2017-06-28 21:12:15,2017-07-04 21:12:15
order_003800,cust_00595,delivered,2017-12-10 03:19:49,2017-12-11 16:19:49,2017-12-13 03:19:49,2017-12-16 03:19:49,2017-12-19 03:19:49
order_003801,cust_03329,delivered,2017-01-12 01:37:44,2017-01-12 09:37:44,2017-01-13 01:37:44,2017-01-19 01:37:44,2017-01-22 01:37:44
order_003802,cust_01030,delivered,2017-05-21 15:06:02,2017-05-22 14:06:02,2017-05-23 15:06:02,2017-05-24 15:06:02,2017-05-30 15:06:02
order_003803,cust_02411,delivered,2018-08-03 23:29:35,2018-08-04 20:29:35,2018-08-05 23:29:35,2018-08-06 23:29:35,2018-08-08 23:29:35
order_003804,cust_00484,delivered,2017-01-10 19:55:33,2017-01-12 17:55:33,2017-01-14 19:55:33,2017-01-22 19:55:33,2017-01-24 19:55:33
order_003805,cust_01678,delivered,2017-05-31 13:34:14,2017-05-31 18:34:14,2017-06-04 13:34:14,2017-06-17 13:34:14,2017-06-22 13:34:14
order_003806,cust_03549,delivered,2018-01-12 00:28:47,2018-01-13 17:28:47,2018-01-14 00:28:47,2018-01-22 00:28:47,2018-01-28 00:28:47
order_003807,cust_02445,delivered,2017-12-09 13:49:44,2017-12-10 22:49:44,2017-12-12 13:49:44,2017-12-25 13:49:44,2017-12-28 13:49:44
order_003808,cust_01095,delivered,2017-05-05 10:57:59,2017-05-07 00:57:59,2017-05-07 10:57:59,2017-05-09 10:57:59,2017-05-10 10:57:59
order_003809,cust_02841,delivered,2017-02-06 10:43:36,2017-02-07 23:43:36,2017-02-10 10:43:36,2017-02-23 10:43:36,2017-02-24 10:43:36
order_003810,cust_01904,delivered,2018-07-01 11:49:29,2018-07-03 00:49:29,2018-07-03 11:49:29,2018-07-12 11:49:29,2018-07-13 11:49:29
order_003811,cust_00893,delivered,2017-12-01 13:28:35,2017-12-02 10:28:35,2017-12-04 13:28:35,2017-12-14 13:28:35,2017-12-17 13:28:35
order_003812,cust_03786,delivered,2017-12-15 17:17:09,2017-12-16 21:17:09,2017-12-18 17:17:09,2017-12-17 17:17:09,2017-12-21 17:17:09
order_003813,cust_03562,delivered,2017-02-05 04:36:39,2017-02-05 22:36:39,2017-02-09 04:36:39,2017-02-16 04:36:39,2017-02-19 04:36:39
order_003814,cust_02153,delivered,2017-05-08 01:47:35,2017-05-09 20:47:35,2017-05-11 01:47:35,2017-05-16 01:47:35,2017-05-18 01:47:35
order_003815,cust_00126,delivered,2017-02-14 01:14:03,2017-02-14 12:14:03,2017-02-16 01:14:03,2017-03-02 01:14:03,2017-03-07 01:14:03
order_003816,cust_01563,delivered,2018-08-19 09:44:40,2018-08-20 13:44:40,2018-08-22 09:44:40,2018-09-02 09:44:40,2018-09-08 09:44:40
order_003817,cust_01953,delivered,2018-04-14 12:11:26,2018-04-14 22:11:26,2018-04-16 12:11:26,2018-04-29 12:11:26,2018-05-01 12:11:26
order_003818,cust_03533,delivered,2017-11-29 18:51:05,2017-11-30 12:51:05,2017-12-02 18:51:05,2017-12-15 18:51:05,2017-12-20 18:51:05
order_003819,cust_02785,processing,2018-02-18 10:24:11,2018-02-20 08:24:11,2018-02-22 10:24:11,2018-03-03 10:24:11,2018-03-07 10:24:11
order_003820,cust_00845,delivered,2017-04-11 12:46:17,2017-04-11 22:46:17,2017-04-13 12:46:17,2017-04-16 12:46:17,2017-04-21 12:46:17
order_003821,cust_01938,delivered,2018-08-24 23:26:28,2018-08-26 17:26:28,2018-08-28 23:26:28,2018-08-30 23:26:28,2018-08-31 23:26:28
order_003822,cust_00682,delivered,2017-11-11 17:59:46,2017-11-13 08:59:46,2017-11-12 17:59:46,2017-11-26 17:59:46,2017-12-01 17:59:46
order_003823,cust_01800,delivered,2017-11-11 16:34:55,2017-11-12 10:34:55,2017-11-13 16:34:55,2017-11-22 16:34:55,2017-11-27 16:34:55
order_003824,cust_02034,delivered,2018-08-07 08:44:10,2018-08-08 02:44:10,2018-08-11 08:44:10,2018-08-23 08:44:10,2018-08-28 08:44:10
order_003825,cust_01937,canceled,2017-02-28 03:39:10,2017-02-28 04:39:10,2017-03-03 03:39:10,2017-03-14 03:39:10,2017-03-20 03:39:10
order_003826,cust_01623,delivered,2017-09-15 22:04:55,2017-09-17 12:04:55,2017-09-17 22:04:55,2017-09-26 22:04:55,2017-10-01 22:04:55
order_003827,cust_01661,delivered,2017-02-23 13:17:01,2017-02-24 21:17:01,2017-02-26 13:17:01,2017-02-27 13:17:01,2017-03-05 13:17:01
order_003828,cust_03028,delivered,2017-09-16 01:51:22,2017-09-18 00:51:22,2017-09-17 01:51:22,2017-10-03 01:51:22,2017-10-08 01:51:22
order_003829,cust_01922,delivered,2017-06-12 11:34:29,2017-06-13 01:34:29,2017-06-16 11:34:29,2017-06-17 11:34:29,2017-06-20 11:34:29
order_003830,cust_00159,delivered,2017-10-08 02:11:16,2017-10-08 21:11:16,2017-10-09 02:11:16,2017-10-13 02:11:16,2017-10-19 02:11:16
order_003831,cust_02815,delivered,2018-03-03 23:33:06,2018-03-05 08:33:06,2018-03-06 23:33:06,2018-03-07 23:33:06,2018-03-12 23:33:06
order_003832,cust_02347,delivered,2017-06-20 12:41:01,2017-06-21 05:41:01,2017-06-22 12:41:01,2017-06-23 12:41:01,2017-06-27 12:41:01
order_003833,cust_02643,delivered,2017-02-01 18:50:21,2017-02-02 09:50:21,2017-02-04 18:50:21,2017-02-09 18:50:21,2017-02-13 18:50:21
order_003834,cust_02700,shipped,2017-04-09 11:17:59,2017-04-09 19:17:59,2017-04-11 11:17:59,2017-04-24 11:17:59,2017-04-27 11:17:59
order_003835,cust_00658,delivered,2018-03-12 00:28:25,2018-03-13 23:28:25,2018-03-13 00:28:25,2018-03-27 00:28:25,2018-03-31 00:28:25
order_003836,cust_03693,delivered,2017-12-18 15:19:23,2017-12-19 14:19:23,2017-12-21 15:19:23,2017-12-27 15:19:23,2017-12-30 15:19:23
order_003837,cust_03763,delivered,2018-08-19 15:40:28,2018-08-21 04:40:28,2018-08-23 15:40:28,2018-08-26 15:40:28,2018-08-27 15:40:28
order_003838,cust_00553,delivered,2018-06-28 05:29:50,2018-06-29 12:29:50,2018-07-01 05:29:50,2018-07-05 05:29:50,2018-07-08 05:29:50
order_003839,cust_00831,delivered,2017-04-08 17:11:41,2017-04-09 22:11:41,2017-04-09 17:11:41,2017-04-24 17:11:41,2017-04-30 17:11:41
order_003840,cust_00935,delivered,2018-03-24 05:25:28,2018-03-24 20:25:28,2018-03-25 05:25:28,2018-03-26 05:25:28,2018-03-28 05:25:28
order_003841,cust_03672,delivered,2017-02-24 16:35:51,2017-02-25 07:35:51,2017-02-26 16:35:51,2017-02-26 16:35:51,2017-03-03 16:35:51
order_003842,cust_03543,delivered,2017-02-28 17:58:43,2017-03-01 16:58:43,2017-03-02 17:58:43,2017-03-03 17:58:43,2017-03-06 17:58:43
order_003843,cust_01007,delivered,2018-04-28 03:17:55,2018-04-28 10:17:55,2018-04-29 03:17:55,2018-05-14 03:17:55,2018-05-16 03:17:55
order_003844,cust_02396,delivered,2017-09-01 07:00:08,2017-09-02 09:00:08,2017-09-05 07:00:08,2017-09-04 07:00:08,2017-09-07 07:00:08
order_003845,cust_00925,delivered,2018-08-30 03:55:09,2018-08-30 08:55:09,2018-09-02 03:55:09,2018-09-16 03:55:09,2018-09-22 03:55:09
order_003846,cust_00144,delivered,2017-01-04 17:27:18,2017-01-05 06:27:18,2017-01-08 17:27:18,2017-01-08 17:27:18,2017-01-09 17:27:18
order_003847,cust_00875,delivered,2017-11-02 05:39:11,2017-11-03 11:39:11,2017-11-06 05:39:11,2017-11-12 05:39:11,2017-11-17 05:39:11
order_003848,cust_00293,delivered,2017-07-07 15:22:37,2017-07-07 17:22:37,2017-07-11 15:22:37,2017-07-24 15:22:37,2017-07-29 15:22:37
order_003849,cust_03221,delivered,2018-08-23 10:01:18,2018-08-23 13:01:18,2018-08-24 10:01:18,2018-08-26 10:01:18,2018-08-28 10:01:18
order_003850,cust_02984,delivered,2018-02-11 01:59:59,2018-02-11 12:59:59,2018-02-12 01:59:59,2018-02-17 01:59:59,2018-02-22 01:59:59
order_003851,cust_00700,delivered,2018-04-15 21:11:05,2018-04-17 09:11:05,2018-04-18 21:11:05,2018-04-28 21:11:05,2018-05-02 21:11:05
order_003852,cust_02156,delivered,2017-06-26 17:04:01,2017-06-28 07:04:01,2017-06-30 17:04:01,2017-07-11 17:04:01,2017-07-14 17:04:01
order_003853,cust_00779,delivered,2018-06-28 06:16:45,2018-06-28 07:16:45,2018-07-01 06:16:45,2018-07-14 06:16:45,2018-07-16 06:16:45
order_003854,cust_02148,delivered,2018-05-27 21:06:30,2018-05-28 11:06:30,2018-05-31 21:06:30,2018-05-29 21:06:30,2018-06-04 21:06:30
order_003855,cust_03404,delivered,2018-04-22 17:00:43,2018-04-22 20:00:43,2018-04-25 17:00:43,2018-05-06 17:00:43,2018-05-08 17:00:43
order_003856,cust_03343,delivered,2017-10-18 19:35:58,2017-10-18 20:35:58,2017-10-20 19:35:58,2017-10-25 19:35:58,2017-10-31 19:35:58
order_003857,cust_03165,delivered,2018-07-15 04:16:29,2018-07-17 01:16:29,2018-07-16 04:16:29,2018-07-25 04:16:29,2018-07-29 04:16:29
order_003858,cust_00916,delivered,2018-02-11 00:12:45,2018-02-11 20:12:45,2018-02-14 00:12:45,2018-02-27 00:12:45,2018-03-05 00:12:45
order_003859,cust_00724,delivered,2017-02-09 01:28:59,2017-02-10 15:28:59,2017-02-11 01:28:59,2017-02-25 01:28:59,2017-02-27 01:28:59
order_003860,cust_00609,delivered,2018-06-22 12:57:11,2018-06-23 21:57:11,2018-06-24 12:57:11,2018-06-26 12:57:11,2018-06-27 12:57:11
order_003861,cust_00483,delivered,2017-01-13 18:52:48,2017-01-14 16:52:48,2017-01-17 18:52:48,2017-01-22 18:52:48,2017-01-26 18:52:48
order_003862,cust_02332,delivered,2018-02-20 21:55:12,2018-02-22 09:55:12,2018-02-23 21:55:12,2018-02-26 21:55:12,2018-03-01 21:55:12
order_003863,cust_02502,delivered,2017-06-01 23:03:47,2017-06-02 11:03:47,2017-06-03 23:03:47,2017-06-12 23:03:47,2017-06-16 23:03:47
order_003864,cust_03353,delivered,2018-06-30 14:22:09,2018-07-01 10:22:09,2018-07-04 14:22:09,2018-07-15 14:22:09,2018-07-18 14:22:09
order_003865,cust_00343,delivered,2018-03-20 15:09:00,2018-03-21 09:09:00,2018-03-23 15:09:00,2018-03-27 15:09:00,2018-03-29 15:09:00
order_003866,cust_01007,delivered,2018-05-07 06:58:04,2018-05-08 09:58:04,2018-05-09 06:58:04,2018-05-10 06:58:04,2018-05-15 06:58:04
order_003867,cust_02766,delivered,2018-03-02 00:01:40,2018-03-02 10:01:40,2018-03-06 00:01:40,2018-03-05 00:01:40,2018-03-09 00:01:40
order_003868,cust_02588,delivered,2017-12-11 04:40:08,2017-12-12 16:40:08,2017-12-12 04:40:08,2017-12-13 04:40:08,2017-12-17 04:40:08
order_003869,cust_01624,delivered,2018-06-10 01:20:00,2018-06-11 17:20:00,2018-06-12 01:20:00,2018-06-17 01:20:00,2018-06-22 01:20:00
order_003870,cust_00579,delivered,2017-06-30 16:26:19,2017-07-02 10:26:19,2017-07-02 16:26:19,2017-07-17 16:26:19,2017-07-22 16:26:19
order_003871,cust_01839,delivered,2017-11-18 12:04:28,2017-11-20 07:04:28,2017-11-19 12:04:28,2017-11-24 12:04:28,2017-11-26 12:04:28
order_003872,cust_00653,delivered,2017-07-01 18:30:36,2017-07-03 01:30:36,2017-07-04 18:30:36,2017-07-09 18:30:36,2017-07-14 18:30:36
order_003873,cust_02034,delivered,2017-03-11 03:33:14,2017-03-12 17:33:14,2017-03-12 03:33:14,2017-03-23 03:33:14,2017-03-25 03:33:14
order_003874,cust_03425,delivered,2018-06-17 21:54:07,2018-06-19 06:54:07,2018-06-20 21:54:07,2018-06-29 21:54:07,2018-07-05 21:54:07
order_003875,cust_00743,delivered,2017-10-30 17:16:08,2017-11-01 14:16:08,2017-11-03 17:16:08,2017-11-05 17:16:08,2017-11-10 17:16:08
order_003876,cust_00448,delivered,2017-02-02 21:44:13,2017-02-03 02:44:13,2017-02-04 21:44:13,2017-02-06 21:44:13,2017-02-10 21:44:13
order_003877,cust_02802,delivered,2018-05-17 15:33:45,2018-05-18 01:33:45,2018-05-18 15:33:45,2018-05-21 15:33:45,2018-05-23 15:33:45
order_003878,cust_00092,delivered,2018-07-27 08:08:33,2018-07-28 04:08:33,2018-07-31 08:08:33,2018-08-01 08:08:33,2018-08-07 08:08:33
order_003879,cust_03736,canceled,2018-02-07 15:01:41,2018-02-08 21:01:41,2018-02-10 15:01:41,2018-02-10 15:01:41,2018-02-14 15:01:41
order_003880,cust_02944,processing,2017-07-18 14:29:34,2017-07-20 08:29:34,2017-07-19 14:29:34,2017-07-27 14:29:34,2017-08-01 14:29:34
order_003881,cust_01532,delivered,2018-06-07 04:20:31,2018-06-07 09:20:31,2018-06-10 04:20:31,2018-06-19 04:20:31,2018-06-20 04:20:31
order_003882,cust_01377,delivered,2018-03-26 02:26:11,2018-03-26 10:26:11,2018-03-27 02:26:11,2018-04-07 02:26:11,2018-04-10 02:26:11
order_003883,cust_01470,shipped,2017-06-23 15:36:23,2017-06-25 08:36:23,2017-06-26 15:36:23,2017-07-09 15:36:23,2017-07-11 15:36:23
order_003884,cust_01507,delivered,2017-07-20 02:16:01,2017-07-20 17:16:01,2017-07-22 02:16:01,2017-07-26 02:16:01,2017-07-31 02:16:01
order_003885,cust_03190,delivered,2018-08-24 02:24:29,2018-08-24 03:24:29,2018-08-27 02:24:29,2018-09-05 02:24:29,2018-09-08 02:24:29
order_003886,cust_03039,delivered,2018-08-03 01:42:54,2018-08-04 09:42:54,2018-08-07 01:42:54,2018-08-19 01:42:54,2018-08-20 01:42:54
order_003887,cust_00777,delivered,2018-02-16 14:55:54,2018-02-18 08:55:54,2018-02-20 14:55:54,2018-02-18 14:55:54,2018-02-22 14:55:54
order_003888,cust_00683,delivered,2017-01-23 22:15:05,2017-01-25 17:15:05,2017-01-27 22:15:05,2017-02-06 22:15:05,2017-02-07 22:15:05
order_003889,cust_02054,canceled,2017-05-20 11:55:42,2017-05-22 04:55:42,2017-05-23 11:55:42,2017-05-23 11:55:42,2017-05-26 11:55:42
order_003890,cust_02471,processing,2017-08-03 03:39:30,2017-08-03 06:39:30,2017-08-07 03:39:30,2017-08-13 03:39:30,2017-08-19 03:39:30
order_003891,cust_02763,delivered,2017-11-22 12:18:14,2017-11-22 19:18:14,2017-11-26 12:18:14,2017-12-07 12:18:14,2017-12-10 12:18:14
order_003892,cust_01191,delivered,2018-06-12 11:34:32,2018-06-14 04:34:32,2018-06-16 11:34:32,2018-06-21 11:34:32,2018-06-24 11:34:32
order_003893,cust_01833,delivered,2018-05-31 14:14:26,2018-06-01 23:14:26,2018-06-04 14:14:26,2018-06-10 14:14:26,2018-06-11 14:14:26
order_003894,cust_00396,delivered,2017-06-16 10:23:37,2017-06-16 21:23:37,2017-06-18 10:23:37,2017-06-27 10:23:37,2017-06-30 10:23:37
order_003895,cust_01731,delivered,2017-03-08 12:46:14,2017-03-09 07:46:14,2017-03-10 12:46:14,2017-03-19 12:46:14,2017-03-25 12:46:14
order_003896,cust_02612,delivered,2017-06-17 07:47:40,2017-06-19 00:47:40,2017-06-19 07:47:40,2017-06-30 07:47:40,2017-07-06 07:47:40
order_003897,cust_01156,delivered,2017-05-24 21:44:52,2017-05-26 17:44:52,2017-05-27 21:44:52,2017-06-08 21:44:52,2017-06-14 21:44:52
order_003898,cust_01210,delivered,2018-07-01 12:54:19,2018-07-03 06:54:19,2018-07-04 12:54:19,2018-07-05 12:54:19,2018-07-08 12:54:19
order_003899,cust_01756,canceled,2017-01-09 07:27:31,2017-01-10 05:27:31,2017-01-11 07:27:31,2017-01-17 07:27:31,2017-01-18 07:27:31
order_003900,cust_03293,delivered,2018-05-20 00:04:01,2018-05-21 13:04:01,2018-05-22 00:04:01,2018-06-04 00:04:01,2018-06-06 00:04:01
order_003901,cust_02295,delivered,2018-02-04 16:17:20,2018-02-04 19:17:20,2018-02-07 16:17:20,2018-02-12 16:17:20,2018-02-14 16:17:20
order_003902,cust_03492,delivered,2017-03-06 09:07:24,2017-03-08 05:07:24,2017-03-09 09:07:24,2017-03-15 09:07:24,2017-03-16 09:07:24
order_003903,cust_00234,delivered,2018-02-21 05:58:34,2018-02-21 16:58:34,2018-02-22 05:58:34,2018-03-06 05:58:34,2018-03-11 05:58:34
order_003904,cust_03226,delivered,2017-12-19 11:30:15,2017-12-21 09:30:15,2017-12-20 11:30:15,2018-01-04 11:30:15,2018-01-08 11:30:15
order_003905,cust_00166,delivered,2017-01-03 11:38:34,2017-01-03 12:38:34,2017-01-05 11:38:34,2017-01-09 11:38:34,2017-01-14 11:38:34
order_003906,cust_01224,delivered,2017-05-16 19:16:45,2017-05-18 15:16:45,2017-05-18 19:16:45,2017-06-02 19:16:45,2017-06-04 19:16:45
order_003907,cust_01620,delivered,2017-07-31 13:01:18,2017-08-01 14:01:18,2017-08-03 13:01:18,2017-08-13 13:01:18,2017-08-18 13:01:18
order_003908,cust_00899,delivered,2017-05-11 16:49:23,2017-05-12 17:49:23,2017-05-13 16:49:23,2017-05-13 16:49:23,2017-05-14 16:49:23
order_003909,cust_03759,shipped,2017-12-18 15:31:48,2017-12-19 23:31:48,2017-12-20 15:31:48,2018-01-02 15:31:48,2018-01-07 15:31:48
order_003910,cust_03392,processing,2018-01-10 20:23:39,2018-01-11 18:23:39,2018-01-11 20:23:39,2018-01-18 20:23:39,2018-01-23 20:23:39
order_003911,cust_02170,delivered,2017-04-14 00:08:56,2017-04-15 21:08:56,2017-04-15 00:08:56,2017-04-20 00:08:56,2017-04-22 00:08:56
order_003912,cust_01721,shipped,2017-03-17 09:01:52,2017-03-17 14:01:52,2017-03-21 09:01:52,2017-03-27 09:01:52,2017-03-29 09:01:52
order_003913,cust_02894,delivered,2018-02-03 17:10:10,2018-02-05 00:10:10,2018-02-07 17:10:10,2018-02-14 17:10:10,2018-02-17 17:10:10
order_003914,cust_02689,shipped,2017-10-13 03:22:54,2017-10-13 14:22:54,2017-10-14 03:22:54,2017-10-23 03:22:54,2017-10-27 03:22:54
order_003915,cust_01826,shipped,2017-06-11 10:36:17,2017-06-11 12:36:17,2017-06-13 10:36:17,2017-06-13 10:36:17,2017-06-17 10:36:17
order_003916,cust_03143,delivered,2017-06-05 09:37:31,2017-06-06 16:37:31,2017-06-09 09:37:31,2017-06-20 09:37:31,2017-06-21 09:37:31
order_003917,cust_00733,delivered,2017-01-24 19:20:07,2017-01-26 03:20:07,2017-01-27 19:20:07,2017-01-31 19:20:07,2017-02-03 19:20:07
order_003918,cust_01055,delivered,2018-06-04 23:06:48,2018-06-05 05:06:48,2018-06-05 23:06:48,2018-06-08 23:06:48,2018-06-12 23:06:48
order_003919,cust_00067,delivered,2018-05-27 02:33:07,2018-05-28 13:33:07,2018-05-29 02:33:07,2018-06-07 02:33:07,2018-06-11 02:33:07
order_003920,cust_00452,delivered,2017-12-04 05:08:37,2017-12-06 02:08:37,2017-12-08 05:08:37,2017-12-15 05:08:37,2017-12-19 05:08:37
order_003921,cust_00755,delivered,2017-08-01 18:34:51,2017-08-03 03:34:51,2017-08-03 18:34:51,2017-08-04 18:34:51,2017-08-08 18:34:51
order_003922,cust_02374,delivered,2017-05-11 04:11:38,2017-05-11 15:11:38,2017-05-14 04:11:38,2017-05-28 04:11:38,2017-05-31 04:11:38
order_003923,cust_03250,delivered,2017-07-06 11:55:36,2017-07-06 15:55:36,2017-07-08 11:55:36,2017-07-17 11:55:36,2017-07-21 11:55:36
order_003924,cust_02242,delivered,2018-07-18 22:39:50,2018-07-19 03:39:50,2018-07-19 22:39:50,2018-08-04 22:39:50,2018-08-07 22:39:50
order_003925,cust_01692,delivered,2017-02-24 23:24:25,2017-02-26 05:24:25,2017-02-28 23:24:25,2017-03-08 23:24:25,2017-03-10 23:24:25
order_003926,cust_01026,delivered,2018-05-16 22:47:53,2018-05-17 10:47:53,2018-05-17 22:47:53,2018-05-18 22:47:53,2018-05-20 22:47:53
order_003927,cust_00385,delivered,2017-07-05 03:13:32,2017-07-05 21:13:32,2017-07-08 03:13:32,2017-07-10 03:13:32,2017-07-13 03:13:32
order_003928,cust_02221,shipped,2017-06-11 03:34:54,2017-06-11 06:34:54,2017-06-13 03:34:54,2017-06-28 03:34:54,2017-06-29 03:34:54
order_003929,cust_00535,delivered,2018-05-08 04:13:27,2018-05-09 01:13:27,2018-05-11 04:13:27,2018-05-18 04:13:27,2018-05-20 04:13:27
order_003930,cust_03003,delivered,2018-08-08 18:28:00,2018-08-09 02:28:00,2018-08-12 18:28:00,2018-08-11 18:28:00,2018-08-12 18:28:00
order_003931,cust_01553,delivered,2018-08-26 04:17:47,2018-08-27 01:17:47,2018-08-29 04:17:47,2018-08-29 04:17:47,2018-09-01 04:17:47
order_003932,cust_01330,delivered,2017-06-12 10:18:49,2017-06-13 14:18:49,2017-06-13 10:18:49,2017-06-22 10:18:49,2017-06-25 10:18:49
order_003933,cust_00101,shipped,2017-12-26 19:38:26,2017-12-28 17:38:26,2017-12-28 19:38:26,2018-01-06 19:38:26,2018-01-07 19:38:26
order_003934,cust_00920,delivered,2017-06-27 11:48:47,2017-06-28 01:48:47,2017-06-28 11:48:47,2017-07-02 11:48:47,2017-07-03 11:48:47
order_003935,cust_00050,processing,2017-04-28 22:34:27,2017-04-29 14:34:27,2017-05-01 22:34:27,2017-05-03 22:34:27,2017-05-07 22:34:27
order_003936,cust_02755,delivered,2017-08-23 11:58:06,2017-08-25 01:58:06,2017-08-26 11:58:06,2017-09-03 11:58:06,2017-09-05 11:58:06
order_003937,cust_01861,delivered,2017-02-07 09:06:50,2017-02-09 06:06:50,2017-02-08 09:06:50,2017-02-15 09:06:50,2017-02-21 09:06:50
order_003938,cust_02986,delivered,2017-04-11 23:14:27,2017-04-12 19:14:27,2017-04-14 23:14:27,2017-04-13 23:14:27,2017-04-14 23:14:27
order_003939,cust_02147,delivered,2017-12-29 13:07:45,2017-12-30 06:07:45,2017-12-31 13:07:45,2017-12-31 13:07:45,2018-01-03 13:07:45
order_003940,cust_03626,processing,2018-02-22 04:25:54,2018-02-23 14:25:54,2018-02-24 04:25:54,2018-02-27 04:25:54,2018-03-04 04:25:54
order_003941,cust_02978,delivered,2017-06-14 15:13:37,2017-06-16 03:13:37,2017-06-18 15:13:37,2017-06-25 15:13:37,2017-06-26 15:13:37
order_003942,cust_00560,delivered,2017-12-05 18:33:12,2017-12-07 04:33:12,2017-12-06 18:33:12,2017-12-11 18:33:12,2017-12-14 18:33:12
order_003943,cust_00443,delivered,2018-04-10 20:07:24,2018-04-12 03:07:24,2018-04-13 20:07:24,2018-04-12 20:07:24,2018-04-15 20:07:24
order_003944,cust_03379,shipped,2018-06-28 00:08:10,2018-06-28 07:08:10,2018-07-01 00:08:10,2018-07-14 00:08:10,2018-07-18 00:08:10
order_003945,cust_01022,delivered,2017-12-12 02:36:04,2017-12-12 15:36:04,2017-12-14 02:36:04,2017-12-25 02:36:04,2017-12-31 02:36:04
order_003946,cust_02907,delivered,2017-05-27 15:05:11,2017-05-27 18:05:11,2017-05-28 15:05:11,2017-06-07 15:05:11,2017-06-11 15:05:11
order_003947,cust_02388,delivered,2018-03-10 17:48:21,2018-03-11 12:48:21,2018-03-11 17:48:21,2018-03-15 17:48:21,2018-03-18 17:48:21
order_003948,cust_02667,delivered,2017-04-14 15:39:51,2017-04-16 07:39:51,2017-04-17 15:39:51,2017-04-27 15:39:51,2017-04-30 15:39:51
order_003949,cust_01013,shipped,2017-03-26 09:11:16,2017-03-26 20:11:16,2017-03-29 09:11:16,2017-04-12 09:11:16,2017-04-16 09:11:16
order_003950,cust_01189,delivered,2017-08-07 18:05:20,2017-08-09 03:05:20,2017-08-09 18:05:20,2017-08-19 18:05:20,2017-08-21 18:05:20
order_003951,cust_02108,delivered,2017-07-19 13:54:02,2017-07-20 09:54:02,2017-07-21 13:54:02,2017-07-25 13:54:02,2017-07-30 13:54:02
order_003952,cust_00084,canceled,2017-03-30 22:13:23,2017-03-31 07:13:23,2017-04-03 22:13:23,2017-04-07 22:13:23,2017-04-10 22:13:23
order_003953,cust_01184,delivered,2017-02-01 08:49:27,2017-02-01 19:49:27,2017-02-04 08:49:27,2017-02-17 08:49:27,2017-02-18 08:49:27
order_003954,cust_01928,processing,2018-07-30 18:05:31,2018-08-01 02:05:31,2018-08-02 18:05:31,2018-08-01 18:05:31,2018-08-05 18:05:31
order_003955,cust_00776,delivered,2018-02-16 03:27:02,2018-02-17 17:27:02,2018-02-17 03:27:02,2018-02-21 03:27:02,2018-02-23 03:27:02
order_003956,cust_01085,delivered,2018-03-13 17:34:17,2018-03-14 09:34:17,2018-03-16 17:34:17,2018-03-16 17:34:17,2018-03-19 17:34:17
order_003957,cust_03737,delivered,2017-02-10 17:33:34,2017-02-12 13:33:34,2017-02-12 17:33:34,2017-02-22 17:33:34,2017-02-24 17:33:34
order_003958,cust_01101,delivered,2018-04-30 06:05:27,2018-04-30 09:05:27,2018-05-04 06:05:27,2018-05-09 06:05:27,2018-05-10 06:05:27
order_003959,cust_03429,processing,2017-08-10 01:28:47,2017-08-11 05:28:47,2017-08-11 01:28:47,2017-08-14 01:28:47,2017-08-16 01:28:47
order_003960,cust_03523,delivered,2018-03-31 23:49:41,2018-04-01 10:49:41,2018-04-04 23:49:41,2018-04-17 23:49:41,2018-04-23 23:49:41
order_003961,cust_02560,delivered,2017-10-26 01:50:10,2017-10-27 19:50:10,2017-10-30 01:50:10,2017-11-05 01:50:10,2017-11-07 01:50:10
order_003962,cust_00581,delivered,2017-05-28 11:14:30,2017-05-29 23:14:30,2017-06-01 11:14:30,2017-06-02 11:14:30,2017-06-07 11:14:30
order_003963,cust_00781,delivered,2017-06-09 00:01:36,2017-06-09 03:01:36,2017-06-12 00:01:36,2017-06-26 00:01:36,2017-06-29 00:01:36
order_003964,cust_03550,delivered,2017-03-27 10:01:07,2017-03-28 05:01:07,2017-03-30 10:01:07,2017-04-09 10:01:07,2017-04-10 10:01:07
order_003965,cust_00005,processing,2018-05-20 19:42:10,2018-05-22 07:42:10,2018-05-24 19:42:10,2018-05-24 19:42:10,2018-05-30 19:42:10
order_003966,cust_01914,delivered,2017-09-19 12:02:42,2017-09-20 14:02:42,2017-09-23 12:02:42,2017-10-04 12:02:42,2017-10-10 12:02:42
order_003967,cust_02265,delivered,2018-04-20 05:45:13,2018-04-21 05:45:13,2018-04-24 05:45:13,2018-04-22 05:45:13,2018-04-24 05:45:13
order_003968,cust_03185,delivered,2018-05-20 09:27:26,2018-05-20 16:27:26,2018-05-21 09:27:26,2018-06-05 09:27:26,2018-06-07 09:27:26
order_003969,cust_03401,delivered,2017-04-12 02:12:58,2017-04-13 05:12:58,2017-04-14 02:12:58,2017-04-20 02:12:58,2017-04-26 02:12:58
order_003970,cust_01077,delivered,2017-07-20 14:14:50,2017-07-20 19:14:50,2017-07-24 14:14:50,2017-07-26 14:14:50,2017-07-27 14:14:50
order_003971,cust_01909,delivered,2017-03-17 00:05:54,2017-03-17 15:05:54,2017-03-18 00:05:54,2017-03-19 00:05:54,2017-03-25 00:05:54
order_003972,cust_02408,delivered,2017-01-06 08:23:27,2017-01-06 20:23:27,2017-01-09 08:23:27,2017-01-22 08:23:27,2017-01-24 08:23:27
order_003973,cust_03667,delivered,2018-08-23 01:27:24,2018-08-24 08:27:24,2018-08-25 01:27:24,2018-09-02 01:27:24,2018-09-08 01:27:24
order_003974,cust_02115,delivered,2018-02-06 05:45:31,2018-02-07 04:45:31,2018-02-09 05:45:31,2018-02-17 05:45:31,2018-02-23 05:45:31
order_003975,cust_00462,shipped,2017-10-02 01:37:06,2017-10-02 21:37:06,2017-10-06 01:37:06,2017-10-17 01:37:06,2017-10-19 01:37:06
order_003976,cust_03511,delivered,2017-05-02 22:16:18,2017-05-04 14:16:18,2017-05-06 22:16:18,2017-05-12 22:16:18,2017-05-14 22:16:18
order_003977,cust_01947,delivered,2017-12-26 18:31:43,2017-12-27 13:31:43,2017-12-28 18:31:43,2018-01-01 18:31:43,2018-01-02 18:31:43
order_003978,cust_00681,canceled,2017-11-27 22:16:04,2017-11-29 10:16:04,2017-11-30 22:16:04,2017-12-11 22:16:04,2017-12-16 22:16:04
order_003979,cust_00723,delivered,2017-05-16 16:23:37,2017-05-18 10:23:37,2017-05-17 16:23:37,2017-05-26 16:23:37,2017-05-29 16:23:37
order_003980,cust_00777,canceled,2017-01-10 11:54:35,2017-01-10 19:54:35,2017-01-13 11:54:35,2017-01-15 11:54:35,2017-01-19 11:54:35
order_003981,cust_02740,shipped,2017-10-13 04:10:37,2017-10-14 15:10:37,2017-10-14 04:10:37,2017-10-28 04:10:37,2017-11-01 04:10:37
order_003982,cust_03606,delivered,2017-11-06 23:05:29,2017-11-07 03:05:29,2017-11-10 23:05:29,2017-11-21 23:05:29,2017-11-25 23:05:29
order_003983,cust_01677,delivered,2018-05-01 22:01:13,2018-05-03 05:01:13,2018-05-03 22:01:13,2018-05-06 22:01:13,2018-05-08 22:01:13
order_003984,cust_00372,delivered,2017-08-28 09:58:37,2017-08-28 20:58:37,2017-08-31 09:58:37,2017-09-09 09:58:37,2017-09-12 09:58:37
order_003985,cust_03376,delivered,2017-03-01 05:24:52,2017-03-01 18:24:52,2017-03-04 05:24:52,2017-03-17 05:24:52,2017-03-21 05:24:52
order_003986,cust_02411,delivered,2018-06-20 09:17:49,2018-06-22 02:17:49,2018-06-22 09:17:49,2018-07-04 09:17:49,2018-07-05 09:17:49
order_003987,cust_02168,delivered,2017-09-09 09:27:31,2017-09-09 18:27:31,2017-09-13 09:27:31,2017-09-14 09:27:31,2017-09-17 09:27:31
order_003988,cust_00230,delivered,2018-03-15 22:00:20,2018-03-16 23:00:20,2018-03-16 22:00:20,2018-03-30 22:00:20,2018-04-04 22:00:20
order_003989,cust_03688,delivered,2017-01-27 01:36:17,2017-01-28 14:36:17,2017-01-31 01:36:17,2017-01-29 01:36:17,2017-02-01 01:36:17
order_003990,cust_00292,delivered,2017-01-22 15:11:24,2017-01-24 05:11:24,2017-01-25 15:11:24,2017-02-02 15:11:24,2017-02-05 15:11:24
order_003991,cust_02319,delivered,2017-01-15 18:26:41,2017-01-16 04:26:41,2017-01-17 18:26:41,2017-01-25 18:26:41,2017-01-31 18:26:41
order_003992,cust_02269,delivered,2018-04-26 18:18:01,2018-04-27 12:18:01,2018-04-27 18:18:01,2018-04-28 18:18:01,2018-05-02 18:18:01
order_003993,cust_01952,delivered,2017-05-27 04:38:12,2017-05-28 07:38:12,2017-05-28 04:38:12,2017-06-09 04:38:12,2017-06-14 04:38:12
order_003994,cust_02095,delivered,2018-04-27 09:54:21,2018-04-28 13:54:21,2018-04-30 09:54:21,2018-05-03 09:54:21,2018-05-04 09:54:21
order_003995,cust_01511,delivered,2018-07-29 08:12:33,2018-07-29 16:12:33,2018-08-01 08:12:33,2018-08-13 08:12:33,2018-08-19 08:12:33
order_003996,cust_02177,delivered,2018-02-08 09:46:04,2018-02-09 13:46:04,2018-02-12 09:46:04,2018-02-24 09:46:04,2018-03-01 09:46:04
order_003997,cust_01382,delivered,2018-08-23 02:05:23,2018-08-23 03:05:23,2018-08-27 02:05:23,2018-09-03 02:05:23,2018-09-08 02:05:23
order_003998,cust_01799,delivered,2018-07-20 01:59:57,2018-07-21 07:59:57,2018-07-22 01:59:57,2018-08-01 01:59:57,2018-08-06 01:59:57
order_003999,cust_02576,shipped,2018-03-16 00:34:46,2018-03-17 11:34:46,2018-03-19 00:34:46,2018-03-18 00:34:46,2018-03-22 00:34:46
order_004000,cust_02820,delivered,2018-05-04 23:12:06,2018-05-05 22:12:06,2018-05-08 23:12:06,2018-05-20 23:12:06,2018-05-24 23:12:06
order_004001,cust_00582,delivered,2018-01-02 10:00:11,2018-01-02 22:00:11,2018-01-05 10:00:11,2018-01-14 10:00:11,2018-01-18 10:00:11
order_004002,cust_03770,delivered,2017-05-14 05:28:15,2017-05-14 17:28:15,2017-05-17 05:28:15,2017-05-22 05:28:15,2017-05-25 05:28:15
order_004003,cust_00367,delivered,2017-03-04 19:08:39,2017-03-06 04:08:39,2017-03-07 19:08:39,2017-03-07 19:08:39,2017-03-12 19:08:39
order_004004,cust_01047,delivered,2017-08-20 11:51:44,2017-08-21 08:51:44,2017-08-24 11:51:44,2017-08-30 11:51:44,2017-09-02 11:51:44
order_004005,cust_01317,delivered,2017-10-16 08:44:56,2017-10-18 04:44:56,2017-10-18 08:44:56,2017-11-01 08:44:56,2017-11-06 08:44:56
order_004006,cust_01229,delivered,2017-08-01 02:45:02,2017-08-03 00:45:02,2017-08-02 02:45:02,2017-08-16 02:45:02,2017-08-19 02:45:02
order_004007,cust_01337,delivered,2017-03-04 09:15:53,2017-03-05 06:15:53,2017-03-08 09:15:53,2017-03-07 09:15:53,2017-03-10 09:15:53
order_004008,cust_01227,delivered,2017-11-03 15:31:36,2017-11-04 04:31:36,2017-11-05 15:31:36,2017-11-17 15:31:36,2017-11-18 15:31:36
order_004009,cust_01656,processing,2017-10-31 14:57:44,2017-11-02 05:57:44,2017-11-01 14:57:44,2017-11-03 14:57:44,2017-11-09 14:57:44
order_004010,cust_02900,delivered,2018-08-03 09:22:51,2018-08-04 20:22:51,2018-08-06 09:22:51,2018-08-11 09:22:51,2018-08-16 09:22:51
order_004011,cust_03144,shipped,2018-08-04 14:42:47,2018-08-04 22:42:47,2018-08-08 14:42:47,2018-08-13 14:42:47,2018-08-15 14:42:47
order_004012,cust_01322,delivered,2018-01-10 18:25:25,2018-01-12 15:25:25,2018-01-14 18:25:25,2018-01-12 18:25:25,2018-01-13 18:25:25
order_004013,cust_00982,delivered,2018-06-02 22:19:37,2018-06-03 08:19:37,2018-06-04 22:19:37,2018-06-06 22:19:37,2018-06-12 22:19:37
order_004014,cust_02571,delivered,2017-07-10 12:40:51,2017-07-11 15:40:51,2017-07-14 12:40:51,2017-07-26 12:40:51,2017-07-27 12:40:51
order_004015,cust_00226,delivered,2018-08-13 05:28:00,2018-08-13 14:28:00,2018-08-14 05:28:00,2018-08-25 05:28:00,2018-08-28 05:28:00
order_004016,cust_01694,delivered,2018-07-27 03:06:27,2018-07-28 02:06:27,2018-07-31 03:06:27,2018-08-10 03:06:27,2018-08-11 03:06:27
order_004017,cust_00836,delivered,2017-03-18 03:47:05,2017-03-19 09:47:05,2017-03-19 03:47:05,2017-03-29 03:47:05,2017-04-03 03:47:05
order_004018,cust_02309,delivered,2018-03-02 00:15:27,2018-03-02 06:15:27,2018-03-03 00:15:27,2018-03-11 00:15:27,2018-03-13 00:15:27
order_004019,cust_00297,delivered,2017-10-06 13:23:40,2017-10-07 02:23:40,2017-10-08 13:23:40,2017-10-08 13:23:40,2017-10-11 13:23:40
order_004020,cust_03150,delivered,2017-06-11 05:05:55,2017-06-12 17:05:55,2017-06-13 05:05:55,2017-06-21 05:05:55,2017-06-25 05:05:55
order_004021,cust_01025,shipped,2017-09-08 05:25:34,2017-09-10 02:25:34,2017-09-09 05:25:34,2017-09-22 05:25:34,2017-09-25 05:25:34
order_004022,cust_01953,delivered,2018-07-06 17:23:03,2018-07-08 12:23:03,2018-07-09 17:23:03,2018-07-11 17:23:03,2018-07-16 17:23:03
order_004023,cust_02174,delivered,2018-07-16 07:40:20,2018-07-17 19:40:20,2018-07-17 07:40:20,2018-07-25 07:40:20,2018-07-29 07:40:20
order_004024,cust_01805,delivered,2017-07-29 19:53:03,2017-07-31 18:53:03,2017-07-30 19:53:03,2017-08-06 19:53:03,2017-08-09 19:53:03
order_004025,cust_01702,delivered,2017-10-08 03:17:20,2017-10-08 11:17:20,2017-10-09 03:17:20,2017-10-23 03:17:20,2017-10-25 03:17:20
order_004026,cust_01014,delivered,2017-11-10 08:11:31,2017-11-10 18:11:31,2017-11-14 08:11:31,2017-11-14 08:11:31,2017-11-17 08:11:31
order_004027,cust_02935,delivered,2018-03-22 01:14:16,2018-03-22 21:14:16,2018-03-23 01:14:16,2018-03-25 01:14:16,2018-03-27 01:14:16
order_004028,cust_01960,delivered,2017-10-19 12:51:43,2017-10-21 08:51:43,2017-10-22 12:51:43,2017-10-24 12:51:43,2017-10-28 12:51:43
order_004029,cust_00819,delivered,2017-08-29 02:59:46,2017-08-30 16:59:46,2017-09-01 02:59:46,2017-09-02 02:59:46,2017-09-07 02:59:46
order_004030,cust_00997,canceled,2018-07-16 05:45:37,2018-07-16 23:45:37,2018-07-20 05:45:37,2018-07-31 05:45:37,2018-08-04 05:45:37
order_004031,cust_01666,delivered,2017-08-15 17:39:05,2017-08-15 18:39:05,2017-08-17 17:39:05,2017-08-21 17:39:05,2017-08-22 17:39:05
order_004032,cust_03205,delivered,2017-06-11 21:07:50,2017-06-13 03:07:50,2017-06-15 21:07:50,2017-06-18 21:07:50,2017-06-24 21:07:50
order_004033,cust_03653,delivered,2017-07-18 13:05:25,2017-07-19 04:05:25,2017-07-20 13:05:25,2017-07-24 13:05:25,2017-07-29 13:05:25
order_004034,cust_01477,delivered,2017-07-22 23:09:53,2017-07-23 10:09:53,2017-07-23 23:09:53,2017-08-06 23:09:53,2017-08-11 23:09:53
order_004035,cust_01501,delivered,2017-12-04 18:09:36,2017-12-05 05:09:36,2017-12-08 18:09:36,2017-12-16 18:09:36,2017-12-17 18:09:36
order_004036,cust_00490,delivered,2018-02-06 18:04:14,2018-02-07 06:04:14,2018-02-08 18:04:14,2018-02-15 18:04:14,2018-02-20 18:04:14
order_004037,cust_02073,delivered,2017-03-23 23:46:28,2017-03-24 14:46:28,2017-03-24 23:46:28,2017-04-06 23:46:28,2017-04-09 23:46:28
order_004038,cust_00911,delivered,2018-06-24 02:07:59,2018-06-25 08:07:59,2018-06-27 02:07:59,2018-06-27 02:07:59,2018-07-03 02:07:59
order_004039,cust_03114,delivered,2017-06-04 05:34:21,2017-06-04 13:34:21,2017-06-06 05:34:21,2017-06-16 05:34:21,2017-06-21 05:34:21
order_004040,cust_02031,delivered,2017-03-11 10:29:27,2017-03-12 09:29:27,2017-03-15 10:29:27,2017-03-18 10:29:27,2017-03-24 10:29:27
order_004041,cust_00843,delivered,2018-02-11 14:50:24,2018-02-13 10:50:24,2018-02-12 14:50:24,2018-02-19 14:50:24,2018-02-20 14:50:24
order_004042,cust_03481,delivered,2017-05-08 23:46:19,2017-05-10 21:46:19,2017-05-11 23:46:19,2017-05-12 23:46:19,2017-05-16 23:46:19
order_004043,cust_03098,delivered,2018-04-02 02:22:34,2018-04-03 17:22:34,2018-04-06 02:22:34,2018-04-05 02:22:34,2018-04-10 02:22:34
order_004044,cust_01142,delivered,2018-07-31 05:30:18,2018-07-31 18:30:18,2018-08-01 05:30:18,2018-08-13 05:30:18,2018-08-17 05:30:18
order_004045,cust_00456,delivered,2018-02-26 07:09:22,2018-02-26 14:09:22,2018-03-01 07:09:22,2018-03-13 07:09:22,2018-03-18 07:09:22
order_004046,cust_01004,shipped,2018-04-18 16:05:28,2018-04-20 10:05:28,2018-04-21 16:05:28,2018-05-04 16:05:28,2018-05-09 16:05:28
order_004047,cust_01431,delivered,2017-10-28 22:50:25,2017-10-29 17:50:25,2017-11-01 22:50:25,2017-11-02 22:50:25,2017-11-03 22:50:25
order_004048,cust_01544,delivered,2017-07-30 22:31:31,2017-07-31 20:31:31,2017-08-01 22:31:31,2017-08-13 22:31:31,2017-08-15 22:31:31
order_004049,cust_03124,delivered,2018-01-08 17:56:36,2018-01-09 14:56:36,2018-01-10 17:56:36,2018-01-11 17:56:36,2018-01-15 17:56:36
order_004050,cust_03677,delivered,2017-08-06 18:33:24,2017-08-07 01:33:24,2017-08-08 18:33:24,2017-08-20 18:33:24,2017-08-23 18:33:24
order_004051,cust_02839,shipped,2018-06-17 09:58:23,2018-06-18 19:58:23,2018-06-19 09:58:23,2018-06-28 09:58:23,2018-07-01 09:58:23
order_004052,cust_03211,delivered,2017-10-13 14:36:45,2017-10-14 02:36:45,2017-10-17 14:36:45,2017-10-28 14:36:45,2017-11-03 14:36:45
order_004053,cust_00475,delivered,2017-10-31 04:06:07,2017-10-31 15:06:07,2017-11-03 04:06:07,2017-11-03 04:06:07,2017-11-04 04:06:07
order_004054,cust_00568,delivered,2018-02-14 12:09:39,2018-02-16 00:09:39,2018-02-15 12:09:39,2018-02-28 12:09:39,2018-03-04 12:09:39
order_004055,cust_03450,shipped,2017-04-26 07:01:25,2017-04-27 17:01:25,2017-04-30 07:01:25,2017-05-05 07:01:25,2017-05-07 07:01:25
order_004056,cust_02332,delivered,2017-12-08 22:17:29,2017-12-10 13:17:29,2017-12-09 22:17:29,2017-12-19 22:17:29,2017-12-20 22:17:29
order_004057,cust_00895,delivered,2018-04-04 08:49:13,2018-04-05 18:49:13,2018-04-08 08:49:13,2018-04-14 08:49:13,2018-04-17 08:49:13
order_004058,cust_03009,delivered,2018-04-17 09:28:24,2018-04-17 11:28:24,2018-04-19 09:28:24,2018-04-30 09:28:24,2018-05-03 09:28:24
order_004059,cust_00664,delivered,2017-05-17 09:40:00,2017-05-18 05:40:00,2017-05-20 09:40:00,2017-05-28 09:40:00,2017-05-31 09:40:00
order_004060,cust_02918,delivered,2017-02-02 21:37:49,2017-02-03 17:37:49,2017-02-06 21:37:49,2017-02-10 21:37:49,2017-02-11 21:37:49
order_004061,cust_03355,delivered,2017-04-29 22:22:50,2017-04-30 14:22:50,2017-05-03 22:22:50,2017-05-07 22:22:50,2017-05-12 22:22:50
order_004062,cust_01857,delivered,2018-05-13 10:20:42,2018-05-14 10:20:42,2018-05-14 10:20:42,2018-05-16 10:20:42,2018-05-19 10:20:42
order_004063,cust_02494,delivered,2017-06-11 23:53:49,2017-06-12 23:53:49,2017-06-13 23:53:49,2017-06-24 23:53:49,2017-06-28 23:53:49
order_004064,cust_02780,delivered,2017-02-05 18:09:25,2017-02-06 23:09:25,2017-02-06 18:09:25,2017-02-18 18:09:25,2017-02-22 18:09:25
order_004065,cust_03345,delivered,2017-12-30 20:18:53,2018-01-01 18:18:53,2018-01-02 20:18:53,2018-01-10 20:18:53,2018-01-14 20:18:53
order_004066,cust_02217,delivered,2018-06-20 21:58:37,2018-06-22 04:58:37,2018-06-22 21:58:37,2018-07-03 21:58:37,2018-07-07 21:58:37
order_004067,cust_01115,delivered,2017-05-17 07:58:49,2017-05-19 03:58:49,2017-05-21 07:58:49,2017-05-23 07:58:49,2017-05-25 07:58:49
order_004068,cust_00765,delivered,2017-01-27 13:12:55,2017-01-29 05:12:55,2017-01-30 13:12:55,2017-02-01 13:12:55,2017-02-04 13:12:55
order_004069,cust_01351,delivered,2017-03-27 06:50:30,2017-03-28 17:50:30,2017-03-29 06:50:30,2017-04-12 06:50:30,2017-04-16 06:50:30
order_004070,cust_00213,delivered,2017-03-19 07:26:13,2017-03-19 20:26:13,2017-03-20 07:26:13,2017-04-05 07:26:13,2017-04-06 07:26:13
order_004071,cust_02654,shipped,2017-05-05 11:08:37,2017-05-06 15:08:37,2017-05-07 11:08:37,2017-05-20 11:08:37,2017-05-25 11:08:37
order_004072,cust_01404,delivered,2017-04-20 01:13:25,2017-04-20 07:13:25,2017-04-24 01:13:25,2017-04-22 01:13:25,2017-04-25 01:13:25
order_004073,cust_02703,delivered,2018-01-23 05:09:50,2018-01-25 01:09:50,2018-01-24 05:09:50,2018-02-02 05:09:50,2018-02-04 05:09:50
order_004074,cust_00235,delivered,2017-05-16 19:25:20,2017-05-17 04:25:20,2017-05-20 19:25:20,2017-05-29 19:25:20,2017-05-30 19:25:20
order_004075,cust_01223,delivered,2017-11-30 03:58:43,2017-11-30 15:58:43,2017-12-03 03:58:43,2017-12-02 03:58:43,2017-12-04 03:58:43
order_004076,cust_01501,shipped,2017-09-02 14:55:41,2017-09-04 11:55:41,2017-09-05 14:55:41,2017-09-19 14:55:41,2017-09-22 14:55:41
order_004077,cust_00332,delivered,2018-02-02 18:22:31,2018-02-03 00:22:31,2018-02-04 18:22:31,2018-02-16 18:22:31,2018-02-22 18:22:31
order_004078,cust_03149,shipped,2018-02-03 06:18:47,2018-02-04 08:18:47,2018-02-04 06:18:47,2018-02-09 06:18:47,2018-02-13 06:18:47
order_004079,cust_02270,delivered,2017-12-27 10:59:59,2017-12-28 14:59:59,2017-12-28 10:59:59,2018-01-06 10:59:59,2018-01-09 10:59:59
order_004080,cust_03208,delivered,2018-06-27 21:03:28,2018-06-28 08:03:28,2018-06-30 21:03:28,2018-07-13 21:03:28,2018-07-14 21:03:28
order_004081,cust_03047,delivered,2017-04-30 20:03:05,2017-05-01 15:03:05,2017-05-02 20:03:05,2017-05-15 20:03:05,2017-05-17 20:03:05
order_004082,cust_00129,delivered,2017-11-15 22:05:14,2017-11-17 11:05:14,2017-11-16 22:05:14,2017-11-30 22:05:14,2017-12-06 22:05:14
order_004083,cust_03288,delivered,2017-08-28 15:04:48,2017-08-30 01:04:48,2017-09-01 15:04:48,2017-09-14 15:04:48,2017-09-15 15:04:48
order_004084,cust_00264,shipped,2017-11-20 21:17:31,2017-11-22 01:17:31,2017-11-22 21:17:31,2017-12-03 21:17:31,2017-12-07 21:17:31
order_004085,cust_03310,delivered,2017-03-27 09:33:47,2017-03-28 11:33:47,2017-03-29 09:33:47,2017-04-12 09:33:47,2017-04-16 09:33:47
order_004086,cust_02545,delivered,2017-07-14 14:26:11,2017-07-15 08:26:11,2017-07-18 14:26:11,2017-07-31 14:26:11,2017-08-02 14:26:11
order_004087,cust_03113,delivered,2018-07-27 16:00:49,2018-07-28 22:00:49,2018-07-28 16:00:49,2018-07-29 16:00:49,2018-08-04 16:00:49
order_004088,cust_01899,delivered,2018-05-02 23:26:16,2018-05-03 00:26:16,2018-05-03 23:26:16,2018-05-14 23:26:16,2018-05-17 23:26:16
order_004089,cust_00608,delivered,2017-09-17 08:50:15,2017-09-17 12:50:15,2017-09-19 08:50:15,2017-09-24 08:50:15,2017-09-28 08:50:15
order_004090,cust_00567,processing,2017-03-09 20:59:43,2017-03-11 09:59:43,2017-03-10 20:59:43,2017-03-18 20:59:43,2017-03-19 20:59:43
order_004091,cust_00451,delivered,2018-01-30 12:13:25,2018-01-30 21:13:25,2018-02-01 12:13:25,2018-02-03 12:13:25,2018-02-09 12:13:25
order_004092,cust_03061,delivered,2017-07-03 02:30:08,2017-07-04 12:30:08,2017-07-04 02:30:08,2017-07-15 02:30:08,2017-07-16 02:30:08
order_004093,cust_02027,delivered,2017-07-20 15:43:59,2017-07-20 16:43:59,2017-07-23 15:43:59,2017-08-04 15:43:59,2017-08-06 15:43:59
order_004094,cust_00822,delivered,2017-02-28 23:32:47,2017-03-01 12:32:47,2017-03-01 23:32:47,2017-03-08 23:32:47,2017-03-14 23:32:47
order_004095,cust_00474,canceled,2017-06-25 10:52:53,2017-06-27 07:52:53,2017-06-26 10:52:53,2017-07-08 10:52:53,2017-07-12 10:52:53
order_004096,cust_00296,delivered,2017-05-11 13:10:16,2017-05-12 02:10:16,2017-05-13 13:10:16,2017-05-18 13:10:16,2017-05-23 13:10:16
order_004097,cust_00980,delivered,2017-01-21 22:15:18,2017-01-23 21:15:18,2017-01-24 22:15:18,2017-02-03 22:15:18,2017-02-05 22:15:18
order_004098,cust_02848,delivered,2017-12-23 22:04:51,2017-12-24 11:04:51,2017-12-25 22:04:51,2017-12-26 22:04:51,2017-12-31 22:04:51
order_004099,cust_03391,delivered,2018-08-13 09:36:07,2018-08-14 15:36:07,2018-08-17 09:36:07,2018-08-29 09:36:07,2018-09-04 09:36:07
order_004100,cust_02310,delivered,2017-03-18 18:14:53,2017-03-20 02:14:53,2017-03-22 18:14:53,2017-03-26 18:14:53,2017-03-30 18:14:53
order_004101,cust_03783,delivered,2017-02-01 15:08:36,2017-02-02 21:08:36,2017-02-03 15:08:36,2017-02-11 15:08:36,2017-02-13 15:08:36
order_004102,cust_01498,delivered,2017-03-03 15:32:29,2017-03-04 05:32:29,2017-03-04 15:32:29,2017-03-17 15:32:29,2017-03-23 15:32:29
order_004103,cust_01263,delivered,2017-11-28 17:17:32,2017-11-30 05:17:32,2017-12-02 17:17:32,2017-11-30 17:17:32,2017-12-01 17:17:32
order_004104,cust_02632,delivered,2018-05-18 07:50:24,2018-05-18 22:50:24,2018-05-20 07:50:24,2018-06-04 07:50:24,2018-06-10 07:50:24
order_004105,cust_00511,delivered,2017-07-08 07:18:56,2017-07-09 22:18:56,2017-07-11 07:18:56,2017-07-19 07:18:56,2017-07-20 07:18:56
order_004106,cust_03463,delivered,2017-03-13 00:38:55,2017-03-13 18:38:55,2017-03-17 00:38:55,2017-03-30 00:38:55,2017-03-31 00:38:55
order_004107,cust_02964,delivered,2017-02-28 20:33:08,2017-03-02 12:33:08,2017-03-03 20:33:08,2017-03-10 20:33:08,2017-03-11 20:33:08
order_004108,cust_00129,delivered,2018-01-05 06:38:30,2018-01-07 05:38:30,2018-01-08 06:38:30,2018-01-10 06:38:30,2018-01-12 06:38:30
order_004109,cust_00711,delivered,2017-08-05 16:10:55,2017-08-07 04:10:55,2017-08-07 16:10:55,2017-08-16 16:10:55,2017-08-21 16:10:55
order_004110,cust_02385,delivered,2017-08-03 16:27:34,2017-08-04 14:27:34,2017-08-07 16:27:34,2017-08-14 16:27:34,2017-08-17 16:27:34
order_004111,cust_02806,processing,2017-05-26 16:53:04,2017-05-27 12:53:04,2017-05-27 16:53:04,2017-06-11 16:53:04,2017-06-12 16:53:04
order_004112,cust_00829,delivered,2018-06-29 20:42:53,2018-06-30 14:42:53,2018-07-01 20:42:53,2018-07-10 20:42:53,2018-07-13 20:42:53
order_004113,cust_02838,delivered,2017-08-16 20:49:44,2017-08-17 13:49:44,2017-08-18 20:49:44,2017-08-24 20:49:44,2017-08-30 20:49:44
order_004114,cust_01801,delivered,2018-03-07 00:03:22,2018-03-07 23:03:22,2018-03-08 00:03:22,2018-03-11 00:03:22,2018-03-15 00:03:22
order_004115,cust_02565,delivered,2018-03-28 20:09:44,2018-03-29 19:09:44,2018-03-30 20:09:44,2018-04-04 20:09:44,2018-04-09 20:09:44
order_004116,cust_01611,delivered,2017-02-06 04:59:28,2017-02-07 14:59:28,2017-02-07 04:59:28,2017-02-17 04:59:28,2017-02-19 04:59:28
order_004117,cust_01726,delivered,2017-06-01 15:29:22,2017-06-03 09:29:22,2017-06-02 15:29:22,2017-06-08 15:29:22,2017-06-12 15:29:22
order_004118,cust_01481,delivered,2018-06-29 16:09:13,2018-07-01 10:09:13,2018-07-03 16:09:13,2018-07-06 16:09:13,2018-07-11 16:09:13
order_004119,cust_00596,delivered,2018-06-21 01:17:19,2018-06-22 06:17:19,2018-06-24 01:17:19,2018-06-23 01:17:19,2018-06-28 01:17:19
order_004120,cust_00723,delivered,2017-09-09 06:48:26,2017-09-11 05:48:26,2017-09-13 06:48:26,2017-09-26 06:48:26,2017-09-27 06:48:26
order_004121,cust_00637,delivered,2017-04-05 21:50:36,2017-04-07 15:50:36,2017-04-06 21:50:36,2017-04-20 21:50:36,2017-04-24 21:50:36
order_004122,cust_03050,delivered,2017-07-01 03:24:03,2017-07-02 02:24:03,2017-07-03 03:24:03,2017-07-07 03:24:03,2017-07-12 03:24:03
order_004123,cust_01608,delivered,2018-08-01 05:33:54,2018-08-02 01:33:54,2018-08-04 05:33:54,2018-08-05 05:33:54,2018-08-06 05:33:54
order_004124,cust_01442,delivered,2018-02-14 01:57:59,2018-02-14 23:57:59,2018-02-16 01:57:59,2018-03-01 01:57:59,2018-03-04 01:57:59
order_004125,cust_03251,delivered,2017-02-15 04:00:07,2017-02-15 06:00:07,2017-02-16 04:00:07,2017-03-02 04:00:07,2017-03-06 04:00:07
order_004126,cust_03371,delivered,2018-03-13 15:18:32,2018-03-14 07:18:32,2018-03-15 15:18:32,2018-03-29 15:18:32,2018-03-30 15:18:32
order_004127,cust_00889,delivered,2017-03-31 20:11:27,2017-04-01 14:11:27,2017-04-01 20:11:27,2017-04-10 20:11:27,2017-04-15 20:11:27
order_004128,cust_01347,delivered,2017-07-04 14:16:35,2017-07-06 03:16:35,2017-07-05 14:16:35,2017-07-17 14:16:35,2017-07-23 14:16:35
order_004129,cust_01564,delivered,2017-10-20 06:49:46,2017-10-20 19:49:46,2017-10-23 06:49:46,2017-11-02 06:49:46,2017-11-06 06:49:46
order_004130,cust_03190,delivered,2017-08-02 20:36:24,2017-08-04 03:36:24,2017-08-03 20:36:24,2017-08-07 20:36:24,2017-08-10 20:36:24
order_004131,cust_02552,delivered,2018-03-01 08:48:58,2018-03-02 00:48:58,2018-03-03 08:48:58,2018-03-11 08:48:58,2018-03-12 08:48:58
order_004132,cust_02068,delivered,2017-04-06 07:33:21,2017-04-07 01:33:21,2017-04-10 07:33:21,2017-04-12 07:33:21,2017-04-17 07:33:21
order_004133,cust_00893,delivered,2018-06-18 12:07:55,2018-06-18 16:07:55,2018-06-22 12:07:55,2018-07-02 12:07:55,2018-07-08 12:07:55
order_004134,cust_01465,delivered,2017-12-27 03:16:52,2017-12-28 04:16:52,2017-12-28 03:16:52,2018-01-13 03:16:52,2018-01-19 03:16:52
order_004135,cust_00109,delivered,2017-07-05 08:33:06,2017-07-05 13:33:06,2017-07-07 08:33:06,2017-07-08 08:33:06,2017-07-12 08:33:06
order_004136,cust_02675,delivered,2018-08-05 19:10:46,2018-08-06 05:10:46,2018-08-07 19:10:46,2018-08-08 19:10:46,2018-08-09 19:10:46
order_004137,cust_03491,delivered,2017-10-18 14:35:55,2017-10-19 14:35:55,2017-10-21 14:35:55,2017-10-24 14:35:55,2017-10-26 14:35:55
order_004138,cust_02989,delivered,2017-09-11 23:42:59,2017-09-13 08:42:59,2017-09-14 23:42:59,2017-09-14 23:42:59,2017-09-16 23:42:59
order_004139,cust_01175,delivered,2017-01-13 18:37:01,2017-01-14 13:37:01,2017-01-14 18:37:01,2017-01-15 18:37:01,2017-01-16 18:37:01
order_004140,cust_01834,delivered,2018-08-29 08:38:57,2018-08-29 20:38:57,2018-08-31 08:38:57,2018-09-15 08:38:57,2018-09-16 08:38:57
order_004141,cust_03638,delivered,2018-05-30 18:24:04,2018-06-01 13:24:04,2018-06-01 18:24:04,2018-06-10 18:24:04,2018-06-14 18:24:04
order_004142,cust_01616,delivered,2017-04-18 20:46:06,2017-04-19 13:46:06,2017-04-22 20:46:06,2017-05-02 20:46:06,2017-05-03 20:46:06
order_004143,cust_03188,delivered,2018-07-31 15:08:23,2018-08-01 07:08:23,2018-08-02 15:08:23,2018-08-11 15:08:23,2018-08-12 15:08:23
order_004144,cust_02194,delivered,2018-04-30 18:18:03,2018-04-30 22:18:03,2018-05-01 18:18:03,2018-05-13 18:18:03,2018-05-19 18:18:03
order_004145,cust_01895,delivered,2017-09-13 12:04:48,2017-09-14 05:04:48,2017-09-16 12:04:48,2017-09-25 12:04:48,2017-09-29 12:04:48
order_004146,cust_02223,processing,2018-07-19 21:52:40,2018-07-20 08:52:40,2018-07-23 21:52:40,2018-07-23 21:52:40,2018-07-28 21:52:40
order_004147,cust_00849,delivered,2017-12-06 05:42:10,2017-12-06 22:42:10,2017-12-10 05:42:10,2017-12-10 05:42:10,2017-12-12 05:42:10
order_004148,cust_01616,delivered,2018-02-23 10:11:05,2018-02-23 20:11:05,2018-02-24 10:11:05,2018-03-04 10:11:05,2018-03-07 10:11:05
order_004149,cust_01156,delivered,2017-04-22 06:05:37,2017-04-22 16:05:37,2017-04-25 06:05:37,2017-04-29 06:05:37,2017-05-03 06:05:37
order_004150,cust_02879,processing,2017-03-08 02:25:52,2017-03-09 13:25:52,2017-03-09 02:25:52,2017-03-23 02:25:52,2017-03-28 02:25:52
order_004151,cust_02327,delivered,2017-11-17 14:47:02,2017-11-18 13:47:02,2017-11-18 14:47:02,2017-11-23 14:47:02,2017-11-26 14:47:02
order_004152,cust_01518,delivered,2017-07-18 02:50:25,2017-07-19 11:50:25,2017-07-21 02:50:25,2017-07-25 02:50:25,2017-07-31 02:50:25
order_004153,cust_03125,delivered,2018-08-20 05:25:39,2018-08-21 09:25:39,2018-08-24 05:25:39,2018-08-30 05:25:39,2018-09-04 05:25:39
order_004154,cust_01721,delivered,2017-02-22 18:19:00,2017-02-23 20:19:00,2017-02-26 18:19:00,2017-02-27 18:19:00,2017-03-01 18:19:00
order_004155,cust_03622,delivered,2018-04-09 05:47:03,2018-04-10 03:47:03,2018-04-12 05:47:03,2018-04-24 05:47:03,2018-04-25 05:47:03
order_004156,cust_02300,delivered,2018-01-01 20:43:11,2018-01-02 15:43:11,2018-01-03 20:43:11,2018-01-03 20:43:11,2018-01-04 20:43:11
order_004157,cust_03365,delivered,2018-06-19 01:10:45,2018-06-19 14:10:45,2018-06-22 01:10:45,2018-07-04 01:10:45,2018-07-10 01:10:45
order_004158,cust_03750,delivered,2018-08-30 10:58:06,2018-09-01 04:58:06,2018-09-01 10:58:06,2018-09-10 10:58:06,2018-09-15 10:58:06
order_004159,cust_01242,processing,2018-06-14 01:36:44,2018-06-14 21:36:44,2018-06-15 01:36:44,2018-06-30 01:36:44,2018-07-03 01:36:44
order_004160,cust_00990,canceled,2017-08-16 01:25:46,2017-08-17 19:25:46,2017-08-18 01:25:46,2017-08-22 01:25:46,2017-08-27 01:25:46
order_004161,cust_03175,delivered,2018-02-27 18:58:58,2018-03-01 07:58:58,2018-02-28 18:58:58,2018-03-15 18:58:58,2018-03-21 18:58:58
order_004162,cust_00881,delivered,2017-04-10 01:36:03,2017-04-11 06:36:03,2017-04-11 01:36:03,2017-04-25 01:36:03,2017-04-26 01:36:03
order_004163,cust_02857,shipped,2017-10-23 21:24:51,2017-10-25 13:24:51,2017-10-26 21:24:51,2017-11-01 21:24:51,2017-11-07 21:24:51
order_004164,cust_00672,delivered,2017-06-13 14:21:59,2017-06-14 21:21:59,2017-06-17 14:21:59,2017-06-19 14:21:59,2017-06-22 14:21:59
order_004165,cust_03305,canceled,2017-06-02 11:34:52,2017-06-04 02:34:52,2017-06-05 11:34:52,2017-06-07 11:34:52,2017-06-10 11:34:52
order_004166,cust_02619,delivered,2017-12-14 22:02:49,2017-12-16 12:02:49,2017-12-18 22:02:49,2017-12-18 22:02:49,2017-12-19 22:02:49
order_004167,cust_01979,delivered,2017-03-19 09:18:15,2017-03-20 16:18:15,2017-03-21 09:18:15,2017-03-30 09:18:15,2017-04-04 09:18:15
order_004168,cust_01706,delivered,2017-12-12 09:35:24,2017-12-13 19:35:24,2017-12-15 09:35:24,2017-12-29 09:35:24,2018-01-02 09:35:24
order_004169,cust_02421,delivered,2017-09-01 09:50:18,2017-09-03 00:50:18,2017-09-02 09:50:18,2017-09-12 09:50:18,2017-09-13 09:50:18
order_004170,cust_01476,delivered,2017-05-20 15:36:53,2017-05-21 02:36:53,2017-05-22 15:36:53,2017-06-06 15:36:53,2017-06-10 15:36:53
order_004171,cust_01511,delivered,2017-12-08 20:20:03,2017-12-10 14:20:03,2017-12-09 20:20:03,2017-12-22 20:20:03,2017-12-23 20:20:03
order_004172,cust_00775,delivered,2018-04-02 13:00:29,2018-04-03 13:00:29,2018-04-05 13:00:29,2018-04-14 13:00:29,2018-04-16 13:00:29
order_004173,cust_00599,delivered,2018-01-06 06:44:43,2018-01-06 12:44:43,2018-01-08 06:44:43,2018-01-19 06:44:43,2018-01-23 06:44:43
order_004174,cust_03386,delivered,2017-02-23 21:21:15,2017-02-24 05:21:15,2017-02-26 21:21:15,2017-03-11 21:21:15,2017-03-16 21:21:15
order_004175,cust_02846,delivered,2017-12-08 14:22:29,2017-12-10 02:22:29,2017-12-12 14:22:29,2017-12-23 14:22:29,2017-12-24 14:22:29
order_004176,cust_01684,delivered,2018-01-14 19:58:38,2018-01-16 10:58:38,2018-01-15 19:58:38,2018-01-18 19:58:38,2018-01-21 19:58:38
order_004177,cust_03160,delivered,2018-02-20 10:22:28,2018-02-21 17:22:28,2018-02-22 10:22:28,2018-03-03 10:22:28,2018-03-05 10:22:28
order_004178,cust_02309,delivered,2017-09-16 04:47:03,2017-09-17 11:47:03,2017-09-18 04:47:03,2017-09-25 04:47:03,2017-09-30 04:47:03
order_004179,cust_02276,delivered,2017-02-27 22:40:04,2017-03-01 15:40:04,2017-03-02 22:40:04,2017-03-15 22:40:04,2017-03-20 22:40:04
order_004180,cust_00427,delivered,2017-03-19 16:15:39,2017-03-21 15:15:39,2017-03-22 16:15:39,2017-03-24 16:15:39,2017-03-28 16:15:39
order_004181,cust_02045,delivered,2017-07-21 07:23:12,2017-07-22 23:23:12,2017-07-24 07:23:12,2017-08-05 07:23:12,2017-08-10 07:23:12
order_004182,cust_00410,delivered,2018-01-21 20:20:24,2018-01-22 03:20:24,2018-01-25 20:20:24,2018-01-30 20:20:24,2018-02-02 20:20:24
order_004183,cust_02598,delivered,2018-03-26 00:13:03,2018-03-27 14:13:03,2018-03-28 00:13:03,2018-04-11 00:13:03,2018-04-15 00:13:03
order_004184,cust_00255,delivered,2018-02-14 22:19:33,2018-02-15 22:19:33,2018-02-16 22:19:33,2018-02-28 22:19:33,2018-03-02 22:19:33
order_004185,cust_01954,delivered,2017-07-09 13:53:13,2017-07-11 03:53:13,2017-07-11 13:53:13,2017-07-16 13:53:13,2017-07-22 13:53:13
order_004186,cust_01395,delivered,2017-09-25 14:09:29,2017-09-27 01:09:29,2017-09-29 14:09:29,2017-10-10 14:09:29,2017-10-12 14:09:29
order_004187,cust_00497,delivered,2017-01-29 00:19:16,2017-01-30 08:19:16,2017-01-31 00:19:16,2017-02-02 00:19:16,2017-02-08 00:19:16
order_004188,cust_01796,delivered,2018-05-01 04:13:18,2018-05-02 21:13:18,2018-05-05 04:13:18,2018-05-03 04:13:18,2018-05-08 04:13:18
order_004189,cust_00762,delivered,2017-08-03 17:17:41,2017-08-04 01:17:41,2017-08-04 17:17:41,2017-08-13 17:17:41,2017-08-19 17:17:41
order_004190,cust_00929,delivered,2017-11-06 13:23:51,2017-11-08 06:23:51,2017-11-10 13:23:51,2017-11-14 13:23:51,2017-11-18 13:23:51
order_004191,cust_03381,delivered,2017-10-01 03:03:49,2017-10-01 20:03:49,2017-10-03 03:03:49,2017-10-05 03:03:49,2017-10-08 03:03:49
order_004192,cust_01328,delivered,2017-06-23 15:58:46,2017-06-24 01:58:46,2017-06-27 15:58:46,2017-07-10 15:58:46,2017-07-12 15:58:46
order_004193,cust_01534,delivered,2017-04-13 17:54:50,2017-04-15 03:54:50,2017-04-15 17:54:50,2017-04-15 17:54:50,2017-04-17 17:54:50
order_004194,cust_00023,delivered,2018-08-03 06:32:23,2018-08-05 05:32:23,2018-08-04 06:32:23,2018-08-14 06:32:23,2018-08-20 06:32:23
order_004195,cust_01141,delivered,2017-03-14 16:32:41,2017-03-14 21:32:41,2017-03-16 16:32:41,2017-03-20 16:32:41,2017-03-21 16:32:41
order_004196,cust_01334,delivered,2018-07-28 23:21:07,2018-07-30 22:21:07,2018-07-30 23:21:07,2018-08-03 23:21:07,2018-08-08 23:21:07
order_004197,cust_02732,delivered,2017-03-10 11:34:44,2017-03-11 04:34:44,2017-03-11 11:34:44,2017-03-15 11:34:44,2017-03-20 11:34:44
order_004198,cust_00452,delivered,2017-02-28 05:30:13,2017-03-02 03:30:13,2017-03-04 05:30:13,2017-03-08 05:30:13,2017-03-09 05:30:13
order_004199,cust_03533,processing,2018-07-04 23:05:11,2018-07-05 02:05:11,2018-07-06 23:05:11,2018-07-16 23:05:11,2018-07-22 23:05:11
order_004200,cust_00487,delivered,2018-07-30 21:52:20,2018-08-01 02:52:20,2018-08-03 21:52:20,2018-08-06 21:52:20,2018-08-07 21:52:20
order_004201,cust_02480,canceled,2018-06-29 10:57:51,2018-06-30 12:57:51,2018-07-03 10:57:51,2018-07-12 10:57:51,2018-07-13 10:57:51
order_004202,cust_00017,delivered,2018-04-17 10:12:15,2018-04-19 02:12:15,2018-04-18 10:12:15,2018-04-26 10:12:15,2018-04-30 10:12:15
order_004203,cust_03114,delivered,2017-10-27 20:00:50,2017-10-28 19:00:50,2017-10-29 20:00:50,2017-11-10 20:00:50,2017-11-11 20:00:50
order_004204,cust_02646,delivered,2017-03-06 00:00:47,2017-03-06 04:00:47,2017-03-09 00:00:47,2017-03-15 00:00:47,2017-03-16 00:00:47
order_004205,cust_03182,processing,2017-12-26 07:29:43,2017-12-26 16:29:43,2017-12-30 07:29:43,2018-01-02 07:29:43,2018-01-06 07:29:43
order_004206,cust_03538,delivered,2017-11-12 13:02:20,2017-11-13 02:02:20,2017-11-16 13:02:20,2017-11-22 13:02:20,2017-11-28 13:02:20
order_004207,cust_03169,delivered,2018-03-24 15:41:49,2018-03-26 08:41:49,2018-03-25 15:41:49,2018-04-05 15:41:49,2018-04-06 15:41:49
order_004208,cust_02361,delivered,2017-01-22 15:04:43,2017-01-22 20:04:43,2017-01-23 15:04:43,2017-01-31 15:04:43,2017-02-04 15:04:43
order_004209,cust_03186,delivered,2017-02-17 08:53:34,2017-02-19 00:53:34,2017-02-18 08:53:34,2017-03-05 08:53:34,2017-03-09 08:53:34
order_004210,cust_00365,delivered,2017-12-25 20:51:52,2017-12-26 20:51:52,2017-12-27 20:51:52,2018-01-04 20:51:52,2018-01-05 20:51:52
order_004211,cust_02451,delivered,2018-06-04 15:35:28,2018-06-05 18:35:28,2018-06-07 15:35:28,2018-06-10 15:35:28,2018-06-11 15:35:28
order_004212,cust_03760,delivered,2018-07-22 12:58:24,2018-07-24 10:58:24,2018-07-24 12:58:24,2018-07-24 12:58:24,2018-07-27 12:58:24
order_004213,cust_01433,delivered,2017-12-12 22:31:40,2017-12-14 11:31:40,2017-12-15 22:31:40,2017-12-20 22:31:40,2017-12-25 22:31:40
order_004214,cust_03707,canceled,2017-08-12 02:15:32,2017-08-13 09:15:32,2017-08-14 02:15:32,2017-08-14 02:15:32,2017-08-16 02:15:32
order_004215,cust_01925,delivered,2017-10-14 17:02:08,2017-10-16 08:02:08,2017-10-17 17:02:08,2017-10-16 17:02:08,2017-10-19 17:02:08
order_004216,cust_01779,delivered,2017-11-06 22:14:36,2017-11-07 20:14:36,2017-11-09 22:14:36,2017-11-13 22:14:36,2017-11-16 22:14:36
order_004217,cust_01140,shipped,2018-01-12 15:53:01,2018-01-14 11:53:01,2018-01-14 15:53:01,2018-01-18 15:53:01,2018-01-23 15:53:01
order_004218,cust_00409,delivered,2017-05-19 13:34:06,2017-05-21 03:34:06,2017-05-20 13:34:06,2017-06-04 13:34:06,2017-06-06 13:34:06
order_004219,cust_03330,delivered,2017-08-25 08:44:44,2017-08-27 06:44:44,2017-08-26 08:44:44,2017-09-07 08:44:44,2017-09-12 08:44:44
order_004220,cust_02738,delivered,2017-11-25 06:31:00,2017-11-26 08:31:00,2017-11-29 06:31:00,2017-12-09 06:31:00,2017-12-14 06:31:00
order_004221,cust_01520,delivered,2018-06-02 13:06:04,2018-06-03 20:06:04,2018-06-05 13:06:04,2018-06-12 13:06:04,2018-06-16 13:06:04
order_004222,cust_03653,delivered,2018-05-03 21:34:21,2018-05-04 19:34:21,2018-05-04 21:34:21,2018-05-06 21:34:21,2018-05-11 21:34:21
order_004223,cust_00698,delivered,2018-04-04 11:05:35,2018-04-06 07:05:35,2018-04-06 11:05:35,2018-04-19 11:05:35,2018-04-21 11:05:35
order_004224,cust_02959,delivered,2017-05-11 02:54:06,2017-05-12 08:54:06,2017-05-15 02:54:06,2017-05-20 02:54:06,2017-05-26 02:54:06
order_004225,cust_01718,delivered,2017-09-05 11:36:24,2017-09-05 19:36:24,2017-09-09 11:36:24,2017-09-13 11:36:24,2017-09-15 11:36:24
order_004226,cust_02371,delivered,2017-12-03 02:20:22,2017-12-04 03:20:22,2017-12-04 02:20:22,2017-12-14 02:20:22,2017-12-16 02:20:22
order_004227,cust_00141,delivered,2018-08-12 22:27:58,2018-08-13 05:27:58,2018-08-16 22:27:58,2018-08-16 22:27:58,2018-08-20 22:27:58
order_004228,cust_02321,processing,2017-08-04 12:50:24,2017-08-05 19:50:24,2017-08-08 12:50:24,2017-08-13 12:50:24,2017-08-16 12:50:24
order_004229,cust_02580,delivered,2018-07-13 05:07:59,2018-07-14 14:07:59,2018-07-14 05:07:59,2018-07-24 05:07:59,2018-07-27 05:07:59
order_004230,cust_03716,delivered,2018-03-31 14:59:49,2018-04-02 04:59:49,2018-04-02 14:59:49,2018-04-13 14:59:49,2018-04-18 14:59:49
order_004231,cust_01315,canceled,2018-01-21 12:54:23,2018-01-21 20:54:23,2018-01-22 12:54:23,2018-01-31 12:54:23,2018-02-04 12:54:23
order_004232,cust_00277,delivered,2018-03-03 12:15:46,2018-03-04 10:15:46,2018-03-06 12:15:46,2018-03-20 12:15:46,2018-03-23 12:15:46
order_004233,cust_00234,shipped,2018-04-28 14:12:27,2018-04-29 07:12:27,2018-05-02 14:12:27,2018-05-15 14:12:27,2018-05-20 14:12:27
order_004234,cust_00568,delivered,2018-03-01 22:17:44,2018-03-02 18:17:44,2018-03-02 22:17:44,2018-03-04 22:17:44,2018-03-07 22:17:44
order_004235,cust_01137,delivered,2018-02-13 20:32:39,2018-02-15 17:32:39,2018-02-15 20:32:39,2018-02-16 20:32:39,2018-02-22 20:32:39
order_004236,cust_03157,delivered,2017-08-18 06:18:27,2017-08-19 09:18:27,2017-08-21 06:18:27,2017-08-28 06:18:27,2017-09-03 06:18:27
order_004237,cust_00741,delivered,2017-09-18 05:45:15,2017-09-19 02:45:15,2017-09-19 05:45:15,2017-10-03 05:45:15,2017-10-06 05:45:15
order_004238,cust_00551,delivered,2017-12-31 23:45:56,2018-01-02 18:45:56,2018-01-02 23:45:56,2018-01-10 23:45:56,2018-01-15 23:45:56
order_004239,cust_00121,delivered,2018-05-28 15:28:37,2018-05-29 16:28:37,2018-05-29 15:28:37,2018-06-02 15:28:37,2018-06-07 15:28:37
order_004240,cust_01456,delivered,2018-01-31 00:27:51,2018-01-31 20:27:51,2018-02-01 00:27:51,2018-02-10 00:27:51,2018-02-16 00:27:51
order_004241,cust_02293,delivered,2018-08-24 12:42:36,2018-08-25 14:42:36,2018-08-27 12:42:36,2018-09-10 12:42:36,2018-09-13 12:42:36
order_004242,cust_01069,delivered,2018-02-18 02:50:41,2018-02-19 18:50:41,2018-02-21 02:50:41,2018-02-22 02:50:41,2018-02-25 02:50:41
order_004243,cust_01882,canceled,2017-09-05 00:42:56,2017-09-05 22:42:56,2017-09-06 00:42:56,2017-09-14 00:42:56,2017-09-16 00:42:56
order_004244,cust_00925,delivered,2017-12-16 04:27:22,2017-12-17 10:27:22,2017-12-17 04:27:22,2017-12-28 04:27:22,2018-01-01 04:27:22
order_004245,cust_03040,delivered,2018-01-14 06:06:38,2018-01-14 15:06:38,2018-01-15 06:06:38,2018-01-22 06:06:38,2018-01-26 06:06:38
order_004246,cust_00097,delivered,2018-06-12 01:54:35,2018-06-12 02:54:35,2018-06-16 01:54:35,2018-06-14 01:54:35,2018-06-17 01:54:35
order_004247,cust_00762,delivered,2017-06-05 20:03:08,2017-06-06 00:03:08,2017-06-08 20:03:08,2017-06-17 20:03:08,2017-06-19 20:03:08
order_004248,cust_02151,delivered,2017-06-01 10:31:02,2017-06-02 09:31:02,2017-06-04 10:31:02,2017-06-14 10:31:02,2017-06-17 10:31:02
order_004249,cust_03201,delivered,2017-05-03 13:14:45,2017-05-04 23:14:45,2017-05-04 13:14:45,2017-05-15 13:14:45,2017-05-19 13:14:45
order_004250,cust_01524,delivered,2017-02-03 20:46:08,2017-02-04 06:46:08,2017-02-04 20:46:08,2017-02-15 20:46:08,2017-02-16 20:46:08
order_004251,cust_00264,delivered,2018-02-15 20:05:28,2018-02-17 17:05:28,2018-02-19 20:05:28,2018-02-27 20:05:28,2018-03-03 20:05:28
order_004252,cust_02096,delivered,2018-08-09 19:41:53,2018-08-10 03:41:53,2018-08-13 19:41:53,2018-08-16 19:41:53,2018-08-22 19:41:53
order_004253,cust_01027,delivered,2018-01-09 04:42:39,2018-01-10 13:42:39,2018-01-12 04:42:39,2018-01-11 04:42:39,2018-01-13 04:42:39
order_004254,cust_01157,shipped,2017-02-06 17:52:26,2017-02-07 05:52:26,2017-02-07 17:52:26,2017-02-23 17:52:26,2017-02-26 17:52:26
order_004255,cust_03504,delivered,2017-08-10 23:53:49,2017-08-11 02:53:49,2017-08-11 23:53:49,2017-08-15 23:53:49,2017-08-16 23:53:49
order_004256,cust_03577,delivered,2018-07-03 00:10:40,2018-07-04 10:10:40,2018-07-07 00:10:40,2018-07-18 00:10:40,2018-07-22 00:10:40
order_004257,cust_00983,shipped,2017-02-01 20:50:03,2017-02-02 21:50:03,2017-02-04 20:50:03,2017-02-11 20:50:03,2017-02-14 20:50:03
order_004258,cust_02247,delivered,2018-01-08 20:46:37,2018-01-10 02:46:37,2018-01-10 20:46:37,2018-01-18 20:46:37,2018-01-24 20:46:37
order_004259,cust_02055,processing,2017-09-25 20:11:32,2017-09-27 17:11:32,2017-09-26 20:11:32,2017-09-27 20:11:32,2017-10-03 20:11:32
order_004260,cust_03652,delivered,2018-07-13 09:30:57,2018-07-14 11:30:57,2018-07-16 09:30:57,2018-07-30 09:30:57,2018-08-04 09:30:57
order_004261,cust_03595,shipped,2017-11-09 04:46:28,2017-11-10 20:46:28,2017-11-13 04:46:28,2017-11-19 04:46:28,2017-11-21 04:46:28
order_004262,cust_01330,delivered,2017-12-10 17:33:33,2017-12-11 17:33:33,2017-12-14 17:33:33,2017-12-25 17:33:33,2017-12-27 17:33:33
order_004263,cust_00096,delivered,2018-03-16 14:57:12,2018-03-17 07:57:12,2018-03-19 14:57:12,2018-03-30 14:57:12,2018-04-02 14:57:12
order_004264,cust_00008,shipped,2018-05-15 17:26:45,2018-05-16 12:26:45,2018-05-16 17:26:45,2018-05-19 17:26:45,2018-05-23 17:26:45
order_004265,cust_00017,delivered,2017-11-10 06:08:33,2017-11-10 23:08:33,2017-11-14 06:08:33,2017-11-27 06:08:33,2017-11-28 06:08:33
order_004266,cust_02968,shipped,2018-03-15 04:15:37,2018-03-16 22:15:37,2018-03-18 04:15:37,2018-03-26 04:15:37,2018-03-29 04:15:37
order_004267,cust_02811,delivered,2018-05-05 21:38:16,2018-05-06 22:38:16,2018-05-09 21:38:16,2018-05-09 21:38:16,2018-05-10 21:38:16
order_004268,cust_03144,delivered,2017-11-16 12:22:10,2017-11-18 08:22:10,2017-11-17 12:22:10,2017-11-27 12:22:10,2017-11-29 12:22:10
order_004269,cust_00530,delivered,2018-03-12 20:25:52,2018-03-13 08:25:52,2018-03-16 20:25:52,2018-03-23 20:25:52,2018-03-26 20:25:52
order_004270,cust_00223,delivered,2017-08-09 22:13:42,2017-08-11 10:13:42,2017-08-12 22:13:42,2017-08-21 22:13:42,2017-08-22 22:13:42
order_004271,cust_00647,delivered,2017-08-04 11:01:21,2017-08-04 17:01:21,2017-08-08 11:01:21,2017-08-11 11:01:21,2017-08-13 11:01:21
order_004272,cust_02376,delivered,2017-01-02 06:18:47,2017-01-02 20:18:47,2017-01-03 06:18:47,2017-01-19 06:18:47,2017-01-23 06:18:47
order_004273,cust_00034,delivered,2018-02-11 21:30:01,2018-02-11 23:30:01,2018-02-15 21:30:01,2018-02-16 21:30:01,2018-02-22 21:30:01
order_004274,cust_02511,delivered,2017-06-02 17:09:38,2017-06-04 12:09:38,2017-06-03 17:09:38,2017-06-11 17:09:38,2017-06-16 17:09:38
order_004275,cust_03377,delivered,2018-05-10 15:59:01,2018-05-11 06:59:01,2018-05-11 15:59:01,2018-05-25 15:59:01,2018-05-27 15:59:01
order_004276,cust_00553,processing,2018-08-02 22:59:35,2018-08-04 13:59:35,2018-08-03 22:59:35,2018-08-05 22:59:35,2018-08-11 22:59:35
order_004277,cust_02807,delivered,2018-06-17 05:54:37,2018-06-18 02:54:37,2018-06-18 05:54:37,2018-06-25 05:54:37,2018-06-28 05:54:37
order_004278,cust_02099,delivered,2017-06-17 08:39:18,2017-06-17 14:39:18,2017-06-20 08:39:18,2017-06-26 08:39:18,2017-06-29 08:39:18
order_004279,cust_03587,delivered,2018-02-01 00:56:10,2018-02-01 17:56:10,2018-02-05 00:56:10,2018-02-15 00:56:10,2018-02-21 00:56:10
order_004280,cust_00924,delivered,2018-04-03 09:18:11,2018-04-04 02:18:11,2018-04-07 09:18:11,2018-04-17 09:18:11,2018-04-20 09:18:11
order_004281,cust_00862,delivered,2017-11-04 10:42:59,2017-11-05 10:42:59,2017-11-05 10:42:59,2017-11-18 10:42:59,2017-11-23 10:42:59
order_004282,cust_00062,shipped,2017-11-06 10:51:41,2017-11-07 02:51:41,2017-11-10 10:51:41,2017-11-13 10:51:41,2017-11-14 10:51:41
order_004283,cust_02679,delivered,2017-09-24 03:37:17,2017-09-25 11:37:17,2017-09-25 03:37:17,2017-10-03 03:37:17,2017-10-05 03:37:17
order_004284,cust_03294,delivered,2017-07-07 19:25:00,2017-07-09 06:25:00,2017-07-10 19:25:00,2017-07-09 19:25:00,2017-07-15 19:25:00
order_004285,cust_00071,delivered,2017-12-15 11:44:33,2017-12-15 19:44:33,2017-12-16 11:44:33,2017-12-30 11:44:33,2018-01-01 11:44:33
order_004286,cust_01868,delivered,2018-08-26 10:32:34,2018-08-27 11:32:34,2018-08-30 10:32:34,2018-09-01 10:32:34,2018-09-07 10:32:34
order_004287,cust_02751,delivered,2017-05-14 20:44:03,2017-05-16 00:44:03,2017-05-16 20:44:03,2017-05-23 20:44:03,2017-05-26 20:44:03
order_004288,cust_02970,delivered,2017-01-29 11:40:11,2017-01-30 00:40:11,2017-02-02 11:40:11,2017-02-10 11:40:11,2017-02-16 11:40:11
order_004289,cust_03535,delivered,2017-02-04 21:24:42,2017-02-06 10:24:42,2017-02-07 21:24:42,2017-02-18 21:24:42,2017-02-21 21:24:42
order_004290,cust_02746,delivered,2017-12-20 05:20:08,2017-12-20 16:20:08,2017-12-23 05:20:08,2017-12-23 05:20:08,2017-12-26 05:20:08
order_004291,cust_03498,delivered,2017-06-14 20:24:55,2017-06-16 13:24:55,2017-06-16 20:24:55,2017-06-28 20:24:55,2017-07-01 20:24:55
order_004292,cust_03776,canceled,2017-10-08 23:43:13,2017-10-09 21:43:13,2017-10-09 23:43:13,2017-10-16 23:43:13,2017-10-18 23:43:13
order_004293,cust_03524,delivered,2018-08-01 18:00:39,2018-08-02 12:00:39,2018-08-04 18:00:39,2018-08-09 18:00:39,2018-08-15 18:00:39
order_004294,cust_01664,delivered,2017-02-16 21:24:59,2017-02-18 05:24:59,2017-02-19 21:24:59,2017-02-20 21:24:59,2017-02-24 21:24:59
order_004295,cust_01546,delivered,2017-04-17 17:45:50,2017-04-18 23:45:50,2017-04-18 17:45:50,2017-04-30 17:45:50,2017-05-04 17:45:50
order_004296,cust_01624,delivered,2017-05-11 14:24:21,2017-05-12 14:24:21,2017-05-12 14:24:21,2017-05-20 14:24:21,2017-05-23 14:24:21
order_004297,cust_03612,delivered,2017-10-05 18:19:50,2017-10-07 03:19:50,2017-10-07 18:19:50,2017-10-08 18:19:50,2017-10-13 18:19:50
order_004298,cust_01070,delivered,2018-02-27 23:03:12,2018-02-28 12:03:12,2018-03-03 23:03:12,2018-03-03 23:03:12,2018-03-06 23:03:12
order_004299,cust_02858,delivered,2017-04-22 14:31:14,2017-04-24 05:31:14,2017-04-24 14:31:14,2017-05-05 14:31:14,2017-05-07 14:31:14
order_004300,cust_02375,shipped,2017-03-07 16:29:16,2017-03-08 22:29:16,2017-03-09 16:29:16,2017-03-10 16:29:16,2017-03-11 16:29:16
order_004301,cust_00234,delivered,2017-02-22 01:54:02,2017-02-22 12:54:02,2017-02-26 01:54:02,2017-03-04 01:54:02,2017-03-10 01:54:02
order_004302,cust_01847,delivered,2018-05-03 23:01:06,2018-05-05 22:01:06,2018-05-05 23:01:06,2018-05-16 23:01:06,2018-05-17 23:01:06
order_004303,cust_00739,delivered,2017-01-18 18:39:55,2017-01-20 11:39:55,2017-01-20 18:39:55,2017-02-03 18:39:55,2017-02-09 18:39:55
order_004304,cust_02769,shipped,2018-01-16 03:52:36,2018-01-16 12:52:36,2018-01-20 03:52:36,2018-01-20 03:52:36,2018-01-23 03:52:36
order_004305,cust_01699,delivered,2017-12-18 06:57:09,2017-12-19 19:57:09,2017-12-21 06:57:09,2017-12-24 06:57:09,2017-12-25 06:57:09
order_004306,cust_01354,delivered,2017-03-03 05:24:39,2017-03-04 06:24:39,2017-03-04 05:24:39,2017-03-07 05:24:39,2017-03-13 05:24:39
order_004307,cust_00249,delivered,2017-12-02 07:40:14,2017-12-03 20:40:14,2017-12-03 07:40:14,2017-12-18 07:40:14,2017-12-23 07:40:14
order_004308,cust_00497,delivered,2017-06-24 21:14:39,2017-06-25 15:14:39,2017-06-28 21:14:39,2017-07-05 21:14:39,2017-07-10 21:14:39
order_004309,cust_02903,delivered,2017-11-10 11:08:29,2017-11-10 23:08:29,2017-11-14 11:08:29,2017-11-27 11:08:29,2017-12-01 11:08:29
order_004310,cust_03277,delivered,2017-03-25 10:04:37,2017-03-25 21:04:37,2017-03-29 10:04:37,2017-03-27 10:04:37,2017-04-01 10:04:37
order_004311,cust_01106,delivered,2018-02-11 18:41:43,2018-02-11 22:41:43,2018-02-13 18:41:43,2018-02-24 18:41:43,2018-02-25 18:41:43
order_004312,cust_03146,delivered,2018-04-30 08:54:28,2018-05-02 02:54:28,2018-05-03 08:54:28,2018-05-02 08:54:28,2018-05-04 08:54:28
order_004313,cust_02097,delivered,2017-01-02 21:15:35,2017-01-03 12:15:35,2017-01-03 21:15:35,2017-01-05 21:15:35,2017-01-09 21:15:35
order_004314,cust_01333,delivered,2017-11-21 18:06:14,2017-11-23 16:06:14,2017-11-24 18:06:14,2017-11-29 18:06:14,2017-12-04 18:06:14
order_004315,cust_01715,canceled,2018-01-29 06:10:05,2018-01-29 17:10:05,2018-02-01 06:10:05,2018-02-05 06:10:05,2018-02-09 06:10:05
order_004316,cust_02623,delivered,2017-01-02 15:07:40,2017-01-03 08:07:40,2017-01-03 15:07:40,2017-01-09 15:07:40,2017-01-12 15:07:40
order_004317,cust_03454,delivered,2018-03-17 11:35:06,2018-03-19 05:35:06,2018-03-21 11:35:06,2018-03-20 11:35:06,2018-03-25 11:35:06
order_004318,cust_01871,delivered,2017-11-27 08:15:27,2017-11-28 01:15:27,2017-11-29 08:15:27,2017-12-07 08:15:27,2017-12-08 08:15:27
order_004319,cust_01317,delivered,2017-07-06 21:45:04,2017-07-08 09:45:04,2017-07-10 21:45:04,2017-07-13 21:45:04,2017-07-17 21:45:04
order_004320,cust_02891,delivered,2017-10-21 09:32:55,2017-10-21 14:32:55,2017-10-25 09:32:55,2017-11-07 09:32:55,2017-11-10 09:32:55
order_004321,cust_01995,delivered,2018-02-19 02:48:05,2018-02-20 23:48:05,2018-02-21 02:48:05,2018-03-05 02:48:05,2018-03-08 02:48:05
order_004322,cust_01482,delivered,2018-01-26 09:48:04,2018-01-27 15:48:04,2018-01-27 09:48:04,2018-02-03 09:48:04,2018-02-04 09:48:04
order_004323,cust_01747,canceled,2018-04-18 12:24:10,2018-04-20 00:24:10,2018-04-19 12:24:10,2018-05-02 12:24:10,2018-05-08 12:24:10
order_004324,cust_02035,delivered,2017-01-22 03:01:55,2017-01-22 05:01:55,2017-01-24 03:01:55,2017-02-02 03:01:55,2017-02-08 03:01:55
order_004325,cust_00532,delivered,2018-04-24 17:49:29,2018-04-26 15:49:29,2018-04-26 17:49:29,2018-05-03 17:49:29,2018-05-09 17:49:29
order_004326,cust_00219,delivered,2017-01-22 05:30:33,2017-01-23 05:30:33,2017-01-24 05:30:33,2017-02-07 05:30:33,2017-02-13 05:30:33
order_004327,cust_02526,delivered,2018-01-31 02:13:05,2018-01-31 12:13:05,2018-02-04 02:13:05,2018-02-11 02:13:05,2018-02-15 02:13:05
order_004328,cust_00664,shipped,2017-08-01 12:54:02,2017-08-01 20:54:02,2017-08-04 12:54:02,2017-08-10 12:54:02,2017-08-12 12:54:02
order_004329,cust_02020,delivered,2017-02-08 03:51:47,2017-02-08 08:51:47,2017-02-09 03:51:47,2017-02-19 03:51:47,2017-02-20 03:51:47
order_004330,cust_02970,delivered,2018-02-23 18:45:49,2018-02-25 02:45:49,2018-02-26 18:45:49,2018-03-09 18:45:49,2018-03-13 18:45:49
order_004331,cust_00816,delivered,2017-12-02 01:38:30,2017-12-02 12:38:30,2017-12-03 01:38:30,2017-12-15 01:38:30,2017-12-21 01:38:30
order_004332,cust_01449,delivered,2018-02-10 10:03:25,2018-02-12 06:03:25,2018-02-11 10:03:25,2018-02-20 10:03:25,2018-02-23 10:03:25
order_004333,cust_03717,delivered,2017-08-17 01:14:30,2017-08-17 12:14:30,2017-08-20 01:14:30,2017-08-21 01:14:30,2017-08-27 01:14:30
order_004334,cust_00133,delivered,2017-06-19 09:12:01,2017-06-19 14:12:01,2017-06-20 09:12:01,2017-07-01 09:12:01,2017-07-02 09:12:01
order_004335,cust_02871,delivered,2018-01-15 22:23:55,2018-01-17 15:23:55,2018-01-17 22:23:55,2018-01-23 22:23:55,2018-01-25 22:23:55
order_004336,cust_00637,delivered,2017-05-12 15:36:44,2017-05-14 04:36:44,2017-05-16 15:36:44,2017-05-28 15:36:44,2017-06-01 15:36:44
order_004337,cust_03441,delivered,2018-05-09 12:50:36,2018-05-10 13:50:36,2018-05-11 12:50:36,2018-05-25 12:50:36,2018-05-28 12:50:36
order_004338,cust_01564,delivered,2018-02-20 03:46:26,2018-02-21 19:46:26,2018-02-21 03:46:26,2018-02-22 03:46:26,2018-02-27 03:46:26
order_004339,cust_00025,delivered,2018-08-31 07:30:30,2018-09-01 18:30:30,2018-09-04 07:30:30,2018-09-17 07:30:30,2018-09-20 07:30:30
order_004340,cust_02728,delivered,2017-01-17 09:08:16,2017-01-17 18:08:16,2017-01-19 09:08:16,2017-02-02 09:08:16,2017-02-07 09:08:16
order_004341,cust_00559,delivered,2017-12-23 13:53:12,2017-12-24 09:53:12,2017-12-26 13:53:12,2018-01-08 13:53:12,2018-01-10 13:53:12
order_004342,cust_01381,canceled,2017-12-05 04:59:42,2017-12-07 00:59:42,2017-12-06 04:59:42,2017-12-14 04:59:42,2017-12-15 04:59:42
order_004343,cust_01908,delivered,2018-06-06 23:59:55,2018-06-08 07:59:55,2018-06-07 23:59:55,2018-06-12 23:59:55,2018-06-16 23:59:55
order_004344,cust_02831,delivered,2017-09-15 15:38:22,2017-09-16 21:38:22,2017-09-19 15:38:22,2017-09-26 15:38:22,2017-09-30 15:38:22
order_004345,cust_01591,delivered,2018-07-24 07:29:00,2018-07-24 16:29:00,2018-07-28 07:29:00,2018-08-09 07:29:00,2018-08-13 07:29:00
order_004346,cust_03260,delivered,2017-05-26 02:41:48,2017-05-27 04:41:48,2017-05-27 02:41:48,2017-06-04 02:41:48,2017-06-05 02:41:48
order_004347,cust_01830,delivered,2018-06-04 14:16:48,2018-06-04 22:16:48,2018-06-08 14:16:48,2018-06-21 14:16:48,2018-06-24 14:16:48
order_004348,cust_01296,delivered,2017-11-13 10:44:51,2017-11-14 18:44:51,2017-11-15 10:44:51,2017-11-19 10:44:51,2017-11-20 10:44:51
order_004349,cust_01280,delivered,2018-07-28 16:10:24,2018-07-29 03:10:24,2018-08-01 16:10:24,2018-08-12 16:10:24,2018-08-17 16:10:24
order_004350,cust_03041,delivered,2017-05-13 14:18:30,2017-05-14 04:18:30,2017-05-16 14:18:30,2017-05-16 14:18:30,2017-05-17 14:18:30
order_004351,cust_02526,delivered,2017-06-08 15:22:06,2017-06-09 18:22:06,2017-06-12 15:22:06,2017-06-23 15:22:06,2017-06-29 15:22:06
order_004352,cust_00482,delivered,2017-12-10 20:00:29,2017-12-10 22:00:29,2017-12-11 20:00:29,2017-12-27 20:00:29,2017-12-28 20:00:29
order_004353,cust_02851,delivered,2017-12-02 12:36:15,2017-12-03 21:36:15,2017-12-03 12:36:15,2017-12-15 12:36:15,2017-12-19 12:36:15
order_004354,cust_01578,delivered,2017-04-01 17:23:21,2017-04-02 14:23:21,2017-04-05 17:23:21,2017-04-12 17:23:21,2017-04-15 17:23:21
order_004355,cust_01325,delivered,2018-02-01 08:37:00,2018-02-02 09:37:00,2018-02-02 08:37:00,2018-02-09 08:37:00,2018-02-10 08:37:00
order_004356,cust_00370,processing,2017-09-04 22:37:43,2017-09-06 09:37:43,2017-09-08 22:37:43,2017-09-19 22:37:43,2017-09-22 22:37:43
order_004357,cust_03793,delivered,2017-04-02 09:47:28,2017-04-03 22:47:28,2017-04-03 09:47:28,2017-04-06 09:47:28,2017-04-07 09:47:28
order_004358,cust_00199,delivered,2017-11-07 16:19:01,2017-11-09 12:19:01,2017-11-10 16:19:01,2017-11-13 16:19:01,2017-11-18 16:19:01
order_004359,cust_03787,delivered,2018-03-01 23:57:46,2018-03-02 08:57:46,2018-03-03 23:57:46,2018-03-05 23:57:46,2018-03-11 23:57:46
order_004360,cust_00245,delivered,2017-01-20 08:22:49,2017-01-21 05:22:49,2017-01-22 08:22:49,2017-01-26 08:22:49,2017-01-28 08:22:49
order_004361,cust_01920,shipped,2018-07-14 02:26:17,2018-07-14 07:26:17,2018-07-17 02:26:17,2018-07-24 02:26:17,2018-07-27 02:26:17
order_004362,cust_00398,delivered,2018-01-07 05:33:40,2018-01-07 18:33:40,2018-01-08 05:33:40,2018-01-14 05:33:40,2018-01-15 05:33:40
order_004363,cust_01872,delivered,2017-06-08 05:51:03,2017-06-09 07:51:03,2017-06-10 05:51:03,2017-06-16 05:51:03,2017-06-19 05:51:03
order_004364,cust_03175,delivered,2018-04-02 01:21:28,2018-04-02 08:21:28,2018-04-05 01:21:28,2018-04-07 01:21:28,2018-04-13 01:21:28
order_004365,cust_02242,delivered,2018-05-28 13:03:12,2018-05-29 10:03:12,2018-05-30 13:03:12,2018-06-04 13:03:12,2018-06-08 13:03:12
order_004366,cust_02065,delivered,2018-08-05 06:39:43,2018-08-07 02:39:43,2018-08-06 06:39:43,2018-08-14 06:39:43,2018-08-20 06:39:43
order_004367,cust_00452,delivered,2018-04-26 02:19:45,2018-04-26 06:19:45,2018-04-27 02:19:45,2018-05-01 02:19:45,2018-05-06 02:19:45
order_004368,cust_03600,delivered,2017-05-04 03:17:03,2017-05-04 14:17:03,2017-05-07 03:17:03,2017-05-20 03:17:03,2017-05-21 03:17:03
order_004369,cust_01426,delivered,2017-04-10 06:33:41,2017-04-10 20:33:41,2017-04-11 06:33:41,2017-04-26 06:33:41,2017-04-27 06:33:41
order_004370,cust_02044,delivered,2017-05-07 08:51:41,2017-05-09 03:51:41,2017-05-08 08:51:41,2017-05-23 08:51:41,2017-05-26 08:51:41
order_004371,cust_03411,delivered,2018-06-17 23:23:14,2018-06-19 10:23:14,2018-06-18 23:23:14,2018-06-19 23:23:14,2018-06-25 23:23:14
order_004372,cust_02389,delivered,2017-07-05 16:51:42,2017-07-06 01:51:42,2017-07-08 16:51:42,2017-07-14 16:51:42,2017-07-16 16:51:42
order_004373,cust_02792,delivered,2017-07-20 17:09:13,2017-07-22 02:09:13,2017-07-21 17:09:13,2017-08-03 17:09:13,2017-08-04 17:09:13
order_004374,cust_00701,delivered,2018-06-26 16:36:31,2018-06-26 17:36:31,2018-06-28 16:36:31,2018-07-03 16:36:31,2018-07-09 16:36:31
order_004375,cust_01748,delivered,2017-05-05 19:16:38,2017-05-07 09:16:38,2017-05-06 19:16:38,2017-05-10 19:16:38,2017-05-12 19:16:38
order_004376,cust_02054,delivered,2017-09-05 07:38:09,2017-09-05 18:38:09,2017-09-08 07:38:09,2017-09-16 07:38:09,2017-09-19 07:38:09
order_004377,cust_00667,delivered,2017-06-30 02:23:05,2017-07-01 12:23:05,2017-07-01 02:23:05,2017-07-02 02:23:05,2017-07-07 02:23:05
order_004378,cust_01464,delivered,2017-07-03 12:12:18,2017-07-04 12:12:18,2017-07-04 12:12:18,2017-07-14 12:12:18,2017-07-15 12:12:18
order_004379,cust_03159,delivered,2017-12-29 00:01:53,2017-12-30 11:01:53,2017-12-31 00:01:53,2018-01-07 00:01:53,2018-01-09 00:01:53
order_004380,cust_03539,delivered,2018-03-27 05:12:09,2018-03-27 22:12:09,2018-03-29 05:12:09,2018-04-08 05:12:09,2018-04-13 05:12:09
order_004381,cust_03128,delivered,2017-06-11 18:04:19,2017-06-12 19:04:19,2017-06-12 18:04:19,2017-06-23 18:04:19,2017-06-24 18:04:19
order_004382,cust_03548,delivered,2017-01-24 12:04:17,2017-01-26 07:04:17,2017-01-26 12:04:17,2017-02-03 12:04:17,2017-02-08 12:04:17
order_004383,cust_03794,delivered,2018-01-24 16:34:33,2018-01-26 06:34:33,2018-01-27 16:34:33,2018-02-04 16:34:33,2018-02-08 16:34:33
order_004384,cust_00754,delivered,2017-11-30 12:14:31,2017-12-01 14:14:31,2017-12-02 12:14:31,2017-12-02 12:14:31,2017-12-04 12:14:31
order_004385,cust_03250,delivered,2018-02-05 13:01:30,2018-02-07 09:01:30,2018-02-07 13:01:30,2018-02-22 13:01:30,2018-02-26 13:01:30
order_004386,cust_02356,delivered,2017-10-01 07:13:52,2017-10-01 13:13:52,2017-10-05 07:13:52,2017-10-04 07:13:52,2017-10-06 07:13:52
order_004387,cust_03263,processing,2018-04-18 05:14:40,2018-04-19 14:14:40,2018-04-20 05:14:40,2018-05-05 05:14:40,2018-05-11 05:14:40
order_004388,cust_02425,delivered,2018-01-15 06:13:38,2018-01-16 12:13:38,2018-01-17 06:13:38,2018-02-01 06:13:38,2018-02-04 06:13:38
order_004389,cust_00474,processing,2018-04-06 19:09:11,2018-04-07 08:09:11,2018-04-09 19:09:11,2018-04-19 19:09:11,2018-04-24 19:09:11
order_004390,cust_02137,canceled,2018-03-21 23:30:35,2018-03-22 18:30:35,2018-03-22 23:30:35,2018-04-03 23:30:35,2018-04-05 23:30:35
order_004391,cust_02889,delivered,2017-10-30 01:57:50,2017-10-30 21:57:50,2017-11-03 01:57:50,2017-11-01 01:57:50,2017-11-07 01:57:50
order_004392,cust_00472,delivered,2017-07-17 12:53:27,2017-07-18 20:53:27,2017-07-20 12:53:27,2017-08-03 12:53:27,2017-08-05 12:53:27
order_004393,cust_01917,delivered,2017-12-20 11:17:23,2017-12-21 17:17:23,2017-12-23 11:17:23,2017-12-30 11:17:23,2018-01-03 11:17:23
order_004394,cust_02485,delivered,2018-01-22 13:29:23,2018-01-24 02:29:23,2018-01-24 13:29:23,2018-01-29 13:29:23,2018-02-03 13:29:23
order_004395,cust_01764,delivered,2017-12-14 05:35:22,2017-12-15 12:35:22,2017-12-17 05:35:22,2017-12-26 05:35:22,2018-01-01 05:35:22
order_004396,cust_03036,shipped,2017-11-15 00:11:13,2017-11-16 23:11:13,2017-11-19 00:11:13,2017-11-25 00:11:13,2017-11-30 00:11:13
order_004397,cust_00482,delivered,2017-07-28 04:52:48,2017-07-29 20:52:48,2017-07-31 04:52:48,2017-08-04 04:52:48,2017-08-09 04:52:48
order_004398,cust_01311,shipped,2017-03-23 04:21:51,2017-03-24 08:21:51,2017-03-24 04:21:51,2017-03-30 04:21:51,2017-04-04 04:21:51
order_004399,cust_03614,delivered,2017-09-17 01:15:23,2017-09-17 02:15:23,2017-09-20 01:15:23,2017-09-20 01:15:23,2017-09-23 01:15:23
order_004400,cust_01955,delivered,2018-06-21 08:33:32,2018-06-22 02:33:32,2018-06-25 08:33:32,2018-07-07 08:33:32,2018-07-12 08:33:32
order_004401,cust_00687,delivered,2018-03-12 16:24:49,2018-03-12 23:24:49,2018-03-15 16:24:49,2018-03-24 16:24:49,2018-03-28 16:24:49
order_004402,cust_00442,canceled,2018-04-04 23:11:00,2018-04-05 20:11:00,2018-04-07 23:11:00,2018-04-10 23:11:00,2018-04-14 23:11:00
order_004403,cust_02254,delivered,2018-03-25 15:46:25,2018-03-27 14:46:25,2018-03-27 15:46:25,2018-04-07 15:46:25,2018-04-09 15:46:25
order_004404,cust_03536,delivered,2018-07-15 04:12:20,2018-07-15 23:12:20,2018-07-16 04:12:20,2018-07-28 04:12:20,2018-07-31 04:12:20
order_004405,cust_00186,delivered,2017-05-18 08:41:32,2017-05-19 23:41:32,2017-05-21 08:41:32,2017-05-22 08:41:32,2017-05-23 08:41:32
order_004406,cust_00416,delivered,2018-03-15 07:16:44,2018-03-16 05:16:44,2018-03-17 07:16:44,2018-03-19 07:16:44,2018-03-24 07:16:44
order_004407,cust_01425,delivered,2017-02-12 05:05:30,2017-02-13 09:05:30,2017-02-13 05:05:30,2017-02-17 05:05:30,2017-02-18 05:05:30
order_004408,cust_00791,delivered,2017-05-29 23:45:49,2017-05-30 01:45:49,2017-05-31 23:45:49,2017-06-01 23:45:49,2017-06-02 23:45:49
order_004409,cust_00460,processing,2017-01-18 15:44:06,2017-01-20 00:44:06,2017-01-19 15:44:06,2017-02-02 15:44:06,2017-02-04 15:44:06
order_004410,cust_01134,delivered,2017-09-19 11:32:47,2017-09-19 23:32:47,2017-09-22 11:32:47,2017-09-23 11:32:47,2017-09-24 11:32:47
order_004411,cust_02442,canceled,2017-03-27 10:28:53,2017-03-28 08:28:53,2017-03-30 10:28:53,2017-04-10 10:28:53,2017-04-15 10:28:53
order_004412,cust_03138,delivered,2017-08-24 07:38:30,2017-08-26 06:38:30,2017-08-26 07:38:30,2017-09-03 07:38:30,2017-09-04 07:38:30
order_004413,cust_01164,delivered,2017-03-23 10:00:07,2017-03-23 21:00:07,2017-03-26 10:00:07,2017-03-26 10:00:07,2017-03-29 10:00:07
order_004414,cust_02662,shipped,2017-01-22 15:13:28,2017-01-24 11:13:28,2017-01-25 15:13:28,2017-02-06 15:13:28,2017-02-11 15:13:28
order_004415,cust_03127,delivered,2017-10-18 22:16:37,2017-10-20 13:16:37,2017-10-20 22:16:37,2017-10-22 22:16:37,2017-10-26 22:16:37
order_004416,cust_00026,delivered,2017-09-07 11:54:40,2017-09-07 14:54:40,2017-09-10 11:54:40,2017-09-24 11:54:40,2017-09-28 11:54:40
order_004417,cust_03240,delivered,2017-09-11 04:26:21,2017-09-11 22:26:21,2017-09-12 04:26:21,2017-09-13 04:26:21,2017-09-16 04:26:21
order_004418,cust_00697,delivered,2017-07-30 22:58:43,2017-08-01 21:58:43,2017-08-02 22:58:43,2017-08-10 22:58:43,2017-08-13 22:58:43
order_004419,cust_02603,delivered,2017-09-06 07:33:34,2017-09-07 05:33:34,2017-09-07 07:33:34,2017-09-13 07:33:34,2017-09-18 07:33:34
order_004420,cust_02850,delivered,2017-01-03 01:59:48,2017-01-04 15:59:48,2017-01-06 01:59:48,2017-01-13 01:59:48,2017-01-16 01:59:48
order_004421,cust_03212,delivered,2017-10-18 13:03:35,2017-10-20 09:03:35,2017-10-19 13:03:35,2017-11-02 13:03:35,2017-11-07 13:03:35
order_004422,cust_01534,delivered,2018-05-31 18:58:23,2018-05-31 19:58:23,2018-06-04 18:58:23,2018-06-14 18:58:23,2018-06-19 18:58:23
order_004423,cust_02506,delivered,2017-03-26 06:10:56,2017-03-27 17:10:56,2017-03-27 06:10:56,2017-04-01 06:10:56,2017-04-03 06:10:56
order_004424,cust_00099,delivered,2017-03-29 06:41:53,2017-03-31 01:41:53,2017-03-31 06:41:53,2017-04-01 06:41:53,2017-04-02 06:41:53
order_004425,cust_01698,delivered,2018-04-20 06:56:30,2018-04-21 10:56:30,2018-04-23 06:56:30,2018-04-26 06:56:30,2018-04-29 06:56:30
order_004426,cust_03662,delivered,2017-11-01 19:21:36,2017-11-03 17:21:36,2017-11-03 19:21:36,2017-11-15 19:21:36,2017-11-18 19:21:36
order_004427,cust_00602,delivered,2017-06-06 22:58:38,2017-06-08 07:58:38,2017-06-07 22:58:38,2017-06-16 22:58:38,2017-06-17 22:58:38
order_004428,cust_00574,delivered,2018-04-23 20:20:43,2018-04-25 02:20:43,2018-04-24 20:20:43,2018-05-07 20:20:43,2018-05-12 20:20:43
order_004429,cust_02660,delivered,2017-07-17 05:25:39,2017-07-17 11:25:39,2017-07-21 05:25:39,2017-07-26 05:25:39,2017-07-30 05:25:39
order_004430,cust_01939,delivered,2018-01-03 20:22:52,2018-01-05 10:22:52,2018-01-04 20:22:52,2018-01-13 20:22:52,2018-01-17 20:22:52
order_004431,cust_01728,delivered,2017-12-05 07:25:52,2017-12-07 00:25:52,2017-12-08 07:25:52,2017-12-08 07:25:52,2017-12-13 07:25:52
order_004432,cust_00943,delivered,2017-04-13 20:48:02,2017-04-14 12:48:02,2017-04-15 20:48:02,2017-04-15 20:48:02,2017-04-18 20:48:02
order_004433,cust_00650,shipped,2018-04-05 23:47:36,2018-04-06 07:47:36,2018-04-06 23:47:36,2018-04-18 23:47:36,2018-04-22 23:47:36
order_004434,cust_02802,canceled,2018-01-11 17:14:06,2018-01-12 20:14:06,2018-01-13 17:14:06,2018-01-16 17:14:06,2018-01-18 17:14:06
order_004435,cust_01359,delivered,2017-05-07 22:55:21,2017-05-09 19:55:21,2017-05-08 22:55:21,2017-05-14 22:55:21,2017-05-19 22:55:21
order_004436,cust_02951,delivered,2018-04-06 03:25:03,2018-04-07 14:25:03,2018-04-10 03:25:03,2018-04-13 03:25:03,2018-04-19 03:25:03
order_004437,cust_01684,delivered,2018-01-13 15:42:57,2018-01-15 06:42:57,2018-01-17 15:42:57,2018-01-25 15:42:57,2018-01-31 15:42:57
order_004438,cust_01509,delivered,2018-06-04 01:14:44,2018-06-05 04:14:44,2018-06-05 01:14:44,2018-06-21 01:14:44,2018-06-24 01:14:44
order_004439,cust_00874,delivered,2018-05-14 15:39:14,2018-05-15 11:39:14,2018-05-18 15:39:14,2018-05-28 15:39:14,2018-05-29 15:39:14
order_004440,cust_02502,delivered,2017-07-13 08:10:42,2017-07-13 23:10:42,2017-07-16 08:10:42,2017-07-25 08:10:42,2017-07-31 08:10:42
order_004441,cust_01081,delivered,2018-07-24 23:16:41,2018-07-26 13:16:41,2018-07-27 23:16:41,2018-08-08 23:16:41,2018-08-12 23:16:41
order_004442,cust_03454,delivered,2017-01-21 11:52:54,2017-01-22 18:52:54,2017-01-22 11:52:54,2017-01-31 11:52:54,2017-02-05 11:52:54
order_004443,cust_01551,shipped,2017-07-23 18:17:54,2017-07-25 06:17:54,2017-07-24 18:17:54,2017-07-27 18:17:54,2017-07-29 18:17:54
order_004444,cust_03096,delivered,2018-01-05 07:15:46,2018-01-06 23:15:46,2018-01-06 07:15:46,2018-01-14 07:15:46,2018-01-20 07:15:46
order_004445,cust_01785,delivered,2017-11-22 01:47:48,2017-11-24 00:47:48,2017-11-26 01:47:48,2017-12-09 01:47:48,2017-12-15 01:47:48
order_004446,cust_01576,shipped,2017-05-18 17:48:46,2017-05-20 09:48:46,2017-05-20 17:48:46,2017-06-01 17:48:46,2017-06-02 17:48:46
order_004447,cust_01722,delivered,2017-05-02 05:19:18,2017-05-03 02:19:18,2017-05-05 05:19:18,2017-05-09 05:19:18,2017-05-13 05:19:18
order_004448,cust_01677,delivered,2018-04-20 17:20:19,2018-04-21 00:20:19,2018-04-22 17:20:19,2018-04-27 17:20:19,2018-04-30 17:20:19
order_004449,cust_01820,delivered,2018-06-17 11:09:05,2018-06-18 14:09:05,2018-06-21 11:09:05,2018-07-03 11:09:05,2018-07-07 11:09:05
order_004450,cust_03370,delivered,2018-02-18 23:19:34,2018-02-19 20:19:34,2018-02-19 23:19:34,2018-02-21 23:19:34,2018-02-23 23:19:34
order_004451,cust_02671,delivered,2017-11-19 08:27:45,2017-11-21 04:27:45,2017-11-23 08:27:45,2017-12-05 08:27:45,2017-12-06 08:27:45
order_004452,cust_00130,delivered,2018-04-16 09:36:49,2018-04-16 11:36:49,2018-04-17 09:36:49,2018-04-28 09:36:49,2018-04-30 09:36:49
order_004453,cust_00221,delivered,2017-05-26 17:46:20,2017-05-28 10:46:20,2017-05-30 17:46:20,2017-06-09 17:46:20,2017-06-13 17:46:20
order_004454,cust_00086,delivered,2018-08-12 18:51:26,2018-08-14 00:51:26,2018-08-15 18:51:26,2018-08-19 18:51:26,2018-08-21 18:51:26
order_004455,cust_02625,delivered,2017-03-17 03:01:06,2017-03-17 07:01:06,2017-03-19 03:01:06,2017-03-29 03:01:06,2017-04-01 03:01:06
order_004456,cust_00782,delivered,2017-12-22 17:47:19,2017-12-23 05:47:19,2017-12-24 17:47:19,2017-12-29 17:47:19,2018-01-01 17:47:19
order_004457,cust_01464,delivered,2017-07-27 11:47:40,2017-07-27 14:47:40,2017-07-30 11:47:40,2017-07-29 11:47:40,2017-08-03 11:47:40
order_004458,cust_03144,delivered,2018-07-04 23:43:47,2018-07-06 19:43:47,2018-07-06 23:43:47,2018-07-13 23:43:47,2018-07-16 23:43:47
order_004459,cust_00500,delivered,2017-05-29 15:08:42,2017-05-30 22:08:42,2017-05-30 15:08:42,2017-06-15 15:08:42,2017-06-16 15:08:42
order_004460,cust_00582,delivered,2018-01-26 18:34:00,2018-01-28 00:34:00,2018-01-28 18:34:00,2018-01-31 18:34:00,2018-02-04 18:34:00
order_004461,cust_00301,delivered,2017-04-06 08:15:13,2017-04-07 09:15:13,2017-04-10 08:15:13,2017-04-10 08:15:13,2017-04-12 08:15:13
order_004462,cust_01084,delivered,2017-04-21 06:48:20,2017-04-22 01:48:20,2017-04-23 06:48:20,2017-05-07 06:48:20,2017-05-09 06:48:20
order_004463,cust_00340,delivered,2017-09-11 18:50:30,2017-09-12 03:50:30,2017-09-13 18:50:30,2017-09-27 18:50:30,2017-10-02 18:50:30
order_004464,cust_02390,delivered,2018-05-01 00:21:59,2018-05-02 11:21:59,2018-05-02 00:21:59,2018-05-16 00:21:59,2018-05-18 00:21:59
order_004465,cust_02799,delivered,2017-06-19 13:55:49,2017-06-19 20:55:49,2017-06-20 13:55:49,2017-07-06 13:55:49,2017-07-07 13:55:49
order_004466,cust_00700,delivered,2018-02-26 23:14:09,2018-02-27 09:14:09,2018-02-28 23:14:09,2018-03-15 23:14:09,2018-03-18 23:14:09
order_004467,cust_01992,delivered,2017-12-14 23:47:17,2017-12-16 21:47:17,2017-12-18 23:47:17,2017-12-30 23:47:17,2018-01-02 23:47:17
order_004468,cust_01151,delivered,2018-08-18 17:11:08,2018-08-18 22:11:08,2018-08-21 17:11:08,2018-09-04 17:11:08,2018-09-09 17:11:08
order_004469,cust_00305,delivered,2017-07-02 11:56:07,2017-07-04 08:56:07,2017-07-04 11:56:07,2017-07-15 11:56:07,2017-07-20 11:56:07
order_004470,cust_01774,delivered,2017-05-29 19:30:09,2017-05-30 00:30:09,2017-06-01 19:30:09,2017-06-05 19:30:09,2017-06-06 19:30:09
order_004471,cust_02649,delivered,2018-07-03 00:21:07,2018-07-03 23:21:07,2018-07-07 00:21:07,2018-07-12 00:21:07,2018-07-17 00:21:07
order_004472,cust_00866,shipped,2017-07-22 19:02:16,2017-07-23 23:02:16,2017-07-26 19:02:16,2017-07-30 19:02:16,2017-08-04 19:02:16
order_004473,cust_02994,delivered,2017-05-11 04:33:33,2017-05-11 10:33:33,2017-05-13 04:33:33,2017-05-21 04:33:33,2017-05-23 04:33:33
order_004474,cust_03771,delivered,2018-05-15 17:39:29,2018-05-17 11:39:29,2018-05-19 17:39:29,2018-05-28 17:39:29,2018-05-31 17:39:29
order_004475,cust_00213,delivered,2018-05-10 08:21:08,2018-05-12 05:21:08,2018-05-14 08:21:08,2018-05-15 08:21:08,2018-05-20 08:21:08
order_004476,cust_00621,delivered,2017-02-08 18:02:07,2017-02-09 05:02:07,2017-02-09 18:02:07,2017-02-10 18:02:07,2017-02-14 18:02:07
order_004477,cust_01099,delivered,2018-06-05 14:28:44,2018-06-06 01:28:44,2018-06-09 14:28:44,2018-06-16 14:28:44,2018-06-19 14:28:44
order_004478,cust_03229,delivered,2018-01-20 22:18:25,2018-01-22 10:18:25,2018-01-21 22:18:25,2018-02-06 22:18:25,2018-02-11 22:18:25
order_004479,cust_00540,delivered,2017-06-19 18:53:53,2017-06-20 12:53:53,2017-06-23 18:53:53,2017-07-04 18:53:53,2017-07-08 18:53:53
order_004480,cust_01786,delivered,2017-11-22 21:56:19,2017-11-22 23:56:19,2017-11-26 21:56:19,2017-11-24 21:56:19,2017-11-28 21:56:19
order_004481,cust_02042,delivered,2017-05-26 03:37:46,2017-05-27 15:37:46,2017-05-29 03:37:46,2017-06-06 03:37:46,2017-06-07 03:37:46
order_004482,cust_00490,delivered,2017-04-13 09:06:05,2017-04-14 02:06:05,2017-04-15 09:06:05,2017-04-23 09:06:05,2017-04-27 09:06:05
order_004483,cust_00159,delivered,2017-03-22 10:29:52,2017-03-23 06:29:52,2017-03-26 10:29:52,2017-03-30 10:29:52,2017-04-01 10:29:52
order_004484,cust_00450,delivered,2017-04-11 00:44:35,2017-04-12 07:44:35,2017-04-13 00:44:35,2017-04-23 00:44:35,2017-04-29 00:44:35
order_004485,cust_00213,delivered,2017-12-21 00:32:47,2017-12-22 04:32:47,2017-12-25 00:32:47,2017-12-29 00:32:47,2017-12-31 00:32:47
order_004486,cust_01901,delivered,2018-05-08 00:55:42,2018-05-09 15:55:42,2018-05-11 00:55:42,2018-05-24 00:55:42,2018-05-25 00:55:42
order_004487,cust_03558,delivered,2017-10-23 18:24:48,2017-10-25 08:24:48,2017-10-25 18:24:48,2017-11-08 18:24:48,2017-11-11 18:24:48
order_004488,cust_01343,delivered,2017-01-10 10:43:09,2017-01-12 07:43:09,2017-01-13 10:43:09,2017-01-22 10:43:09,2017-01-25 10:43:09
order_004489,cust_00975,shipped,2017-09-18 18:02:27,2017-09-20 14:02:27,2017-09-19 18:02:27,2017-09-27 18:02:27,2017-09-30 18:02:27
order_004490,cust_00891,delivered,2018-03-31 20:02:22,2018-04-02 02:02:22,2018-04-01 20:02:22,2018-04-11 20:02:22,2018-04-17 20:02:22
order_004491,cust_03729,delivered,2018-05-23 00:52:00,2018-05-24 03:52:00,2018-05-26 00:52:00,2018-06-08 00:52:00,2018-06-10 00:52:00
order_004492,cust_03643,delivered,2018-03-22 20:20:33,2018-03-23 18:20:33,2018-03-23 20:20:33,2018-03-28 20:20:33,2018-04-03 20:20:33
order_004493,cust_02464,delivered,2017-08-13 05:24:57,2017-08-14 13:24:57,2017-08-16 05:24:57,2017-08-28 05:24:57,2017-08-29 05:24:57
order_004494,cust_01760,delivered,2018-01-31 09:42:19,2018-01-31 12:42:19,2018-02-01 09:42:19,2018-02-11 09:42:19,2018-02-15 09:42:19
order_004495,cust_00607,delivered,2017-02-11 23:06:36,2017-02-12 18:06:36,2017-02-14 23:06:36,2017-02-14 23:06:36,2017-02-15 23:06:36
order_004496,cust_03529,delivered,2017-09-06 07:14:19,2017-09-06 20:14:19,2017-09-07 07:14:19,2017-09-19 07:14:19,2017-09-21 07:14:19
order_004497,cust_00005,delivered,2017-11-23 22:33:23,2017-11-25 01:33:23,2017-11-24 22:33:23,2017-11-28 22:33:23,2017-11-29 22:33:23
order_004498,cust_00623,delivered,2017-01-18 12:09:30,2017-01-20 08:09:30,2017-01-19 12:09:30,2017-01-28 12:09:30,2017-01-30 12:09:30
order_004499,cust_02578,delivered,2017-01-09 00:19:12,2017-01-09 23:19:12,2017-01-13 00:19:12,2017-01-26 00:19:12,2017-01-29 00:19:12
order_004500,cust_00697,delivered,2018-05-03 19:58:51,2018-05-04 23:58:51,2018-05-06 19:58:51,2018-05-17 19:58:51,2018-05-23 19:58:51
order_004501,cust_00411,delivered,2017-05-14 01:03:50,2017-05-14 20:03:50,2017-05-17 01:03:50,2017-05-27 01:03:50,2017-06-01 01:03:50
order_004502,cust_02264,delivered,2017-03-18 15:16:33,2017-03-19 08:16:33,2017-03-20 15:16:33,2017-03-21 15:16:33,2017-03-26 15:16:33
order_004503,cust_00099,delivered,2017-12-26 11:00:03,2017-12-27 20:00:03,2017-12-30 11:00:03,2018-01-10 11:00:03,2018-01-13 11:00:03
order_004504,cust_01025,delivered,2017-06-20 03:21:19,2017-06-20 15:21:19,2017-06-21 03:21:19,2017-06-27 03:21:19,2017-06-29 03:21:19
order_004505,cust_02442,delivered,2018-08-19 12:21:02,2018-08-21 06:21:02,2018-08-21 12:21:02,2018-08-21 12:21:02,2018-08-23 12:21:02
order_004506,cust_00702,delivered,2018-07-30 08:41:37,2018-07-30 14:41:37,2018-07-31 08:41:37,2018-08-16 08:41:37,2018-08-17 08:41:37
order_004507,cust_02885,delivered,2018-05-16 02:21:52,2018-05-16 13:21:52,2018-05-19 02:21:52,2018-05-21 02:21:52,2018-05-25 02:21:52
order_004508,cust_00359,delivered,2017-07-03 13:19:48,2017-07-05 01:19:48,2017-07-07 13:19:48,2017-07-10 13:19:48,2017-07-15 13:19:48
order_004509,cust_02330,delivered,2018-06-17 01:03:08,2018-06-17 05:03:08,2018-06-21 01:03:08,2018-06-21 01:03:08,2018-06-25 01:03:08
order_004510,cust_00289,delivered,2017-06-05 12:55:05,2017-06-06 08:55:05,2017-06-06 12:55:05,2017-06-16 12:55:05,2017-06-20 12:55:05
order_004511,cust_02780,shipped,2017-05-26 05:25:26,2017-05-26 23:25:26,2017-05-30 05:25:26,2017-06-10 05:25:26,2017-06-13 05:25:26
order_004512,cust_02862,delivered,2018-08-15 19:56:06,2018-08-17 16:56:06,2018-08-17 19:56:06,2018-08-25 19:56:06,2018-08-31 19:56:06
order_004513,cust_03020,delivered,2018-02-14 22:48:22,2018-02-15 06:48:22,2018-02-16 22:48:22,2018-03-01 22:48:22,2018-03-07 22:48:22
order_004514,cust_01072,delivered,2017-02-22 22:22:19,2017-02-23 20:22:19,2017-02-25 22:22:19,2017-03-10 22:22:19,2017-03-13 22:22:19
order_004515,cust_00897,delivered,2018-06-24 22:30:16,2018-06-25 20:30:16,2018-06-26 22:30:16,2018-07-09 22:30:16,2018-07-14 22:30:16
order_004516,cust_03717,delivered,2017-04-08 02:24:40,2017-04-09 17:24:40,2017-04-09 02:24:40,2017-04-12 02:24:40,2017-04-15 02:24:40
order_004517,cust_02772,delivered,2018-02-19 12:14:02,2018-02-20 14:14:02,2018-02-22 12:14:02,2018-02-24 12:14:02,2018-02-25 12:14:02
order_004518,cust_00695,delivered,2017-09-24 05:23:08,2017-09-24 12:23:08,2017-09-25 05:23:08,2017-09-30 05:23:08,2017-10-02 05:23:08
order_004519,cust_00110,delivered,2017-01-11 02:19:15,2017-01-12 19:19:15,2017-01-14 02:19:15,2017-01-23 02:19:15,2017-01-29 02:19:15
order_004520,cust_01346,delivered,2018-04-24 09:24:42,2018-04-24 17:24:42,2018-04-25 09:24:42,2018-05-09 09:24:42,2018-05-12 09:24:42
order_004521,cust_02527,delivered,2018-02-22 10:18:12,2018-02-23 19:18:12,2018-02-26 10:18:12,2018-03-01 10:18:12,2018-03-07 10:18:12
order_004522,cust_01424,delivered,2018-06-22 07:06:48,2018-06-22 20:06:48,2018-06-26 07:06:48,2018-07-04 07:06:48,2018-07-06 07:06:48
order_004523,cust_03069,delivered,2018-01-07 02:44:23,2018-01-07 08:44:23,2018-01-10 02:44:23,2018-01-11 02:44:23,2018-01-14 02:44:23
order_004524,cust_01900,delivered,2018-04-05 09:47:56,2018-04-05 18:47:56,2018-04-08 09:47:56,2018-04-15 09:47:56,2018-04-16 09:47:56
order_004525,cust_03766,delivered,2018-07-05 03:43:43,2018-07-07 00:43:43,2018-07-07 03:43:43,2018-07-19 03:43:43,2018-07-24 03:43:43
order_004526,cust_03308,delivered,2018-08-17 00:58:38,2018-08-18 22:58:38,2018-08-20 00:58:38,2018-08-25 00:58:38,2018-08-27 00:58:38
order_004527,cust_01790,shipped,2017-12-07 10:49:52,2017-12-08 15:49:52,2017-12-10 10:49:52,2017-12-11 10:49:52,2017-12-12 10:49:52
order_004528,cust_03172,delivered,2017-01-11 01:35:03,2017-01-12 15:35:03,2017-01-15 01:35:03,2017-01-19 01:35:03,2017-01-21 01:35:03
order_004529,cust_01702,delivered,2017-07-30 23:10:58,2017-08-01 18:10:58,2017-07-31 23:10:58,2017-08-13 23:10:58,2017-08-17 23:10:58
order_004530,cust_00037,delivered,2018-01-12 20:07:14,2018-01-13 13:07:14,2018-01-15 20:07:14,2018-01-28 20:07:14,2018-02-02 20:07:14
order_004531,cust_01170,delivered,2017-03-08 22:13:16,2017-03-10 10:13:16,2017-03-11 22:13:16,2017-03-19 22:13:16,2017-03-25 22:13:16
order_004532,cust_01555,delivered,2017-03-12 02:27:43,2017-03-13 03:27:43,2017-03-14 02:27:43,2017-03-24 02:27:43,2017-03-26 02:27:43
order_004533,cust_03710,delivered,2017-08-29 11:09:34,2017-08-29 20:09:34,2017-08-31 11:09:34,2017-09-06 11:09:34,2017-09-10 11:09:34
order_004534,cust_03146,delivered,2018-07-08 19:46:40,2018-07-09 21:46:40,2018-07-10 19:46:40,2018-07-24 19:46:40,2018-07-27 19:46:40
order_004535,cust_00557,delivered,2017-07-15 13:48:45,2017-07-15 16:48:45,2017-07-16 13:48:45,2017-07-30 13:48:45,2017-08-04 13:48:45
order_004536,cust_00000,delivered,2018-07-23 07:21:22,2018-07-24 12:21:22,2018-07-25 07:21:22,2018-08-09 07:21:22,2018-08-14 07:21:22
order_004537,cust_02009,delivered,2018-05-04 19:57:25,2018-05-05 08:57:25,2018-05-05 19:57:25,2018-05-19 19:57:25,2018-05-20 19:57:25
order_004538,cust_02027,canceled,2017-07-04 07:25:16,2017-07-04 12:25:16,2017-07-06 07:25:16,2017-07-14 07:25:16,2017-07-15 07:25:16
order_004539,cust_02794,delivered,2017-05-21 23:22:18,2017-05-23 09:22:18,2017-05-23 23:22:18,2017-06-07 23:22:18,2017-06-11 23:22:18
order_004540,cust_00986,delivered,2018-05-19 02:25:04,2018-05-19 19:25:04,2018-05-23 02:25:04,2018-05-30 02:25:04,2018-06-03 02:25:04
order_004541,cust_03086,delivered,2018-04-05 16:56:38,2018-04-06 14:56:38,2018-04-09 16:56:38,2018-04-16 16:56:38,2018-04-22 16:56:38
order_004542,cust_01568,delivered,2018-01-19 00:19:05,2018-01-19 05:19:05,2018-01-20 00:19:05,2018-01-31 00:19:05,2018-02-06 00:19:05
order_004543,cust_01271,delivered,2018-08-18 21:56:33,2018-08-19 01:56:33,2018-08-20 21:56:33,2018-08-22 21:56:33,2018-08-23 21:56:33
order_004544,cust_01597,delivered,2017-03-03 08:31:36,2017-03-05 04:31:36,2017-03-04 08:31:36,2017-03-18 08:31:36,2017-03-22 08:31:36
order_004545,cust_03589,shipped,2017-08-23 00:29:22,2017-08-24 05:29:22,2017-08-25 00:29:22,2017-08-30 00:29:22,2017-09-02 00:29:22
order_004546,cust_01488,delivered,2018-01-02 20:02:54,2018-01-03 15:02:54,2018-01-04 20:02:54,2018-01-14 20:02:54,2018-01-17 20:02:54
order_004547,cust_02130,delivered,2017-02-13 23:13:08,2017-02-15 07:13:08,2017-02-15 23:13:08,2017-02-28 23:13:08,2017-03-01 23:13:08
order_004548,cust_03389,delivered,2018-08-17 22:04:44,2018-08-19 09:04:44,2018-08-18 22:04:44,2018-08-20 22:04:44,2018-08-26 22:04:44
order_004549,cust_00069,shipped,2017-12-14 11:39:27,2017-12-14 17:39:27,2017-12-18 11:39:27,2017-12-20 11:39:27,2017-12-21 11:39:27
order_004550,cust_02038,delivered,2017-07-07 01:28:40,2017-07-08 21:28:40,2017-07-11 01:28:40,2017-07-24 01:28:40,2017-07-30 01:28:40
order_004551,cust_02691,processing,2017-05-26 05:27:59,2017-05-27 12:27:59,2017-05-30 05:27:59,2017-06-02 05:27:59,2017-06-08 05:27:59
order_004552,cust_03434,delivered,2017-01-01 00:44:30,2017-01-01 15:44:30,2017-01-03 00:44:30,2017-01-13 00:44:30,2017-01-18 00:44:30
order_004553,cust_00233,delivered,2017-12-27 01:03:47,2017-12-27 14:03:47,2017-12-30 01:03:47,2018-01-06 01:03:47,2018-01-07 01:03:47
order_004554,cust_02761,delivered,2018-08-17 03:48:40,2018-08-17 08:48:40,2018-08-18 03:48:40,2018-09-01 03:48:40,2018-09-04 03:48:40
order_004555,cust_03049,delivered,2017-01-23 13:30:57,2017-01-24 02:30:57,2017-01-26 13:30:57,2017-02-02 13:30:57,2017-02-03 13:30:57
order_004556,cust_01334,delivered,2017-09-09 18:23:27,2017-09-10 10:23:27,2017-09-12 18:23:27,2017-09-17 18:23:27,2017-09-21 18:23:27
order_004557,cust_02835,delivered,2018-02-07 14:02:10,2018-02-08 01:02:10,2018-02-10 14:02:10,2018-02-09 14:02:10,2018-02-15 14:02:10
order_004558,cust_01875,delivered,2017-09-20 04:55:01,2017-09-21 12:55:01,2017-09-24 04:55:01,2017-09-29 04:55:01,2017-10-03 04:55:01
order_004559,cust_02500,shipped,2018-01-31 14:26:30,2018-02-01 02:26:30,2018-02-01 14:26:30,2018-02-11 14:26:30,2018-02-12 14:26:30
order_004560,cust_01481,delivered,2018-03-10 05:32:22,2018-03-11 05:32:22,2018-03-12 05:32:22,2018-03-23 05:32:22,2018-03-25 05:32:22
order_004561,cust_00673,delivered,2018-08-11 11:03:58,2018-08-12 14:03:58,2018-08-13 11:03:58,2018-08-25 11:03:58,2018-08-27 11:03:58
order_004562,cust_03148,delivered,2018-01-03 21:20:04,2018-01-04 01:20:04,2018-01-05 21:20:04,2018-01-17 21:20:04,2018-01-20 21:20:04
order_004563,cust_00822,delivered,2018-03-08 03:13:44,2018-03-08 11:13:44,2018-03-11 03:13:44,2018-03-17 03:13:44,2018-03-20 03:13:44
order_004564,cust_00712,delivered,2017-07-03 20:59:55,2017-07-04 00:59:55,2017-07-06 20:59:55,2017-07-06 20:59:55,2017-07-11 20:59:55
order_004565,cust_03367,delivered,2017-04-02 06:30:13,2017-04-03 15:30:13,2017-04-05 06:30:13,2017-04-08 06:30:13,2017-04-10 06:30:13
order_004566,cust_03558,delivered,2017-03-02 16:05:12,2017-03-04 01:05:12,2017-03-03 16:05:12,2017-03-10 16:05:12,2017-03-12 16:05:12
order_004567,cust_02315,shipped,2017-03-08 06:16:14,2017-03-08 13:16:14,2017-03-11 06:16:14,2017-03-25 06:16:14,2017-03-27 06:16:14
order_004568,cust_02205,delivered,2018-05-19 03:56:10,2018-05-20 14:56:10,2018-05-22 03:56:10,2018-06-02 03:56:10,2018-06-08 03:56:10
order_004569,cust_01371,delivered,2017-01-25 10:48:34,2017-01-27 01:48:34,2017-01-26 10:48:34,2017-02-10 10:48:34,2017-02-12 10:48:34
order_004570,cust_02324,canceled,2017-10-21 09:08:51,2017-10-21 15:08:51,2017-10-24 09:08:51,2017-11-07 09:08:51,2017-11-13 09:08:51
order_004571,cust_02315,delivered,2018-01-08 12:10:45,2018-01-08 18:10:45,2018-01-11 12:10:45,2018-01-12 12:10:45,2018-01-16 12:10:45
order_004572,cust_01963,delivered,2018-02-13 05:40:05,2018-02-14 19:40:05,2018-02-17 05:40:05,2018-02-15 05:40:05,2018-02-17 05:40:05
order_004573,cust_02489,delivered,2017-02-10 23:28:47,2017-02-11 14:28:47,2017-02-12 23:28:47,2017-02-21 23:28:47,2017-02-25 23:28:47
order_004574,cust_02107,delivered,2018-06-08 16:07:27,2018-06-09 09:07:27,2018-06-12 16:07:27,2018-06-14 16:07:27,2018-06-15 16:07:27
order_004575,cust_03341,delivered,2017-09-23 20:10:27,2017-09-25 00:10:27,2017-09-26 20:10:27,2017-10-08 20:10:27,2017-10-14 20:10:27
order_004576,cust_02537,delivered,2017-01-11 18:43:06,2017-01-11 22:43:06,2017-01-15 18:43:06,2017-01-20 18:43:06,2017-01-26 18:43:06
order_004577,cust_01463,delivered,2017-03-22 17:22:47,2017-03-23 14:22:47,2017-03-23 17:22:47,2017-03-24 17:22:47,2017-03-26 17:22:47
order_004578,cust_02489,delivered,2018-06-07 03:24:40,2018-06-07 19:24:40,2018-06-08 03:24:40,2018-06-12 03:24:40,2018-06-14 03:24:40
order_004579,cust_00874,delivered,2018-07-28 14:06:50,2018-07-30 05:06:50,2018-07-29 14:06:50,2018-08-04 14:06:50,2018-08-07 14:06:50
order_004580,cust_00813,shipped,2018-04-03 21:33:03,2018-04-05 08:33:03,2018-04-07 21:33:03,2018-04-05 21:33:03,2018-04-10 21:33:03
order_004581,cust_03141,delivered,2017-07-22 02:18:23,2017-07-22 16:18:23,2017-07-25 02:18:23,2017-07-29 02:18:23,2017-08-02 02:18:23
order_004582,cust_02213,delivered,2018-07-30 11:06:28,2018-07-31 18:06:28,2018-08-02 11:06:28,2018-08-09 11:06:28,2018-08-10 11:06:28
order_004583,cust_00204,delivered,2017-06-17 04:25:26,2017-06-17 23:25:26,2017-06-18 04:25:26,2017-07-03 04:25:26,2017-07-04 04:25:26
order_004584,cust_01347,delivered,2017-05-23 19:04:48,2017-05-24 18:04:48,2017-05-25 19:04:48,2017-06-04 19:04:48,2017-06-06 19:04:48
order_004585,cust_03740,delivered,2018-04-11 22:21:11,2018-04-13 09:21:11,2018-04-13 22:21:11,2018-04-14 22:21:11,2018-04-19 22:21:11
order_004586,cust_02420,delivered,2017-07-16 01:14:21,2017-07-16 15:14:21,2017-07-20 01:14:21,2017-07-24 01:14:21,2017-07-26 01:14:21
order_004587,cust_03300,delivered,2017-11-13 19:13:56,2017-11-14 23:13:56,2017-11-14 19:13:56,2017-11-27 19:13:56,2017-12-03 19:13:56
order_004588,cust_02081,delivered,2018-02-07 08:39:14,2018-02-08 04:39:14,2018-02-11 08:39:14,2018-02-14 08:39:14,2018-02-16 08:39:14
order_004589,cust_00161,delivered,2017-04-11 23:08:00,2017-04-13 06:08:00,2017-04-13 23:08:00,2017-04-22 23:08:00,2017-04-28 23:08:00
order_004590,cust_00682,delivered,2018-07-17 00:21:17,2018-07-17 18:21:17,2018-07-21 00:21:17,2018-08-03 00:21:17,2018-08-09 00:21:17
order_004591,cust_00350,delivered,2017-04-12 04:35:41,2017-04-14 00:35:41,2017-04-14 04:35:41,2017-04-16 04:35:41,2017-04-21 04:35:41
order_004592,cust_02791,delivered,2018-08-27 17:14:37,2018-08-28 12:14:37,2018-08-28 17:14:37,2018-09-05 17:14:37,2018-09-07 17:14:37
order_004593,cust_02875,delivered,2017-06-18 18:40:54,2017-06-19 00:40:54,2017-06-21 18:40:54,2017-06-29 18:40:54,2017-06-30 18:40:54
order_004594,cust_01736,delivered,2017-09-11 01:54:24,2017-09-12 01:54:24,2017-09-12 01:54:24,2017-09-25 01:54:24,2017-09-27 01:54:24
order_004595,cust_02752,delivered,2017-06-03 03:50:30,2017-06-03 15:50:30,2017-06-04 03:50:30,2017-06-18 03:50:30,2017-06-22 03:50:30
order_004596,cust_02095,delivered,2017-11-24 08:07:07,2017-11-25 06:07:07,2017-11-28 08:07:07,2017-11-30 08:07:07,2017-12-05 08:07:07
order_004597,cust_02811,delivered,2017-01-01 00:50:08,2017-01-02 20:50:08,2017-01-02 00:50:08,2017-01-10 00:50:08,2017-01-16 00:50:08
order_004598,cust_02556,delivered,2017-04-14 18:45:43,2017-04-14 23:45:43,2017-04-18 18:45:43,2017-04-29 18:45:43,2017-05-05 18:45:43
order_004599,cust_01731,shipped,2017-11-12 16:04:18,2017-11-12 19:04:18,2017-11-14 16:04:18,2017-11-27 16:04:18,2017-11-29 16:04:18
order_004600,cust_02480,delivered,2018-02-26 17:58:30,2018-02-27 07:58:30,2018-02-28 17:58:30,2018-03-13 17:58:30,2018-03-16 17:58:30
order_004601,cust_01210,delivered,2018-08-09 11:16:14,2018-08-10 08:16:14,2018-08-11 11:16:14,2018-08-21 11:16:14,2018-08-26 11:16:14
order_004602,cust_02845,delivered,2018-05-25 15:22:01,2018-05-25 22:22:01,2018-05-27 15:22:01,2018-05-31 15:22:01,2018-06-05 15:22:01
order_004603,cust_03471,delivered,2018-07-15 13:44:49,2018-07-16 22:44:49,2018-07-19 13:44:49,2018-07-22 13:44:49,2018-07-24 13:44:49
order_004604,cust_00785,shipped,2018-05-01 16:39:23,2018-05-02 21:39:23,2018-05-04 16:39:23,2018-05-13 16:39:23,2018-05-14 16:39:23
order_004605,cust_02534,delivered,2018-04-18 10:48:50,2018-04-19 19:48:50,2018-04-21 10:48:50,2018-04-24 10:48:50,2018-04-25 10:48:50
order_004606,cust_00419,delivered,2017-07-30 15:37:46,2017-07-31 11:37:46,2017-07-31 15:37:46,2017-08-11 15:37:46,2017-08-16 15:37:46
order_004607,cust_01434,shipped,2018-07-05 15:29:20,2018-07-07 11:29:20,2018-07-06 15:29:20,2018-07-15 15:29:20,2018-07-18 15:29:20
order_004608,cust_02542,delivered,2018-08-09 15:23:26,2018-08-10 23:23:26,2018-08-12 15:23:26,2018-08-18 15:23:26,2018-08-23 15:23:26
order_004609,cust_01054,delivered,2017-11-09 20:56:20,2017-11-11 16:56:20,2017-11-11 20:56:20,2017-11-16 20:56:20,2017-11-21 20:56:20
order_004610,cust_00896,delivered,2017-03-15 08:23:30,2017-03-15 13:23:30,2017-03-19 08:23:30,2017-03-29 08:23:30,2017-04-04 08:23:30
order_004611,cust_01458,delivered,2017-01-26 21:05:37,2017-01-28 05:05:37,2017-01-29 21:05:37,2017-02-04 21:05:37,2017-02-07 21:05:37
order_004612,cust_00435,shipped,2017-10-28 00:40:33,2017-10-28 17:40:33,2017-10-30 00:40:33,2017-11-03 00:40:33,2017-11-07 00:40:33
order_004613,cust_02376,delivered,2018-01-21 11:40:06,2018-01-21 21:40:06,2018-01-23 11:40:06,2018-01-29 11:40:06,2018-01-31 11:40:06
order_004614,cust_00498,delivered,2017-12-04 10:36:13,2017-12-04 19:36:13,2017-12-07 10:36:13,2017-12-13 10:36:13,2017-12-19 10:36:13
order_004615,cust_01266,shipped,2018-06-29 20:50:02,2018-06-30 06:50:02,2018-07-01 20:50:02,2018-07-10 20:50:02,2018-07-16 20:50:02
order_004616,cust_01188,delivered,2017-11-23 01:05:27,2017-11-23 06:05:27,2017-11-26 01:05:27,2017-12-10 01:05:27,2017-12-13 01:05:27
order_004617,cust_03677,delivered,2018-02-06 05:12:07,2018-02-07 03:12:07,2018-02-10 05:12:07,2018-02-13 05:12:07,2018-02-16 05:12:07
order_004618,cust_03768,delivered,2018-04-06 11:15:10,2018-04-08 00:15:10,2018-04-08 11:15:10,2018-04-10 11:15:10,2018-04-15 11:15:10
order_004619,cust_00301,delivered,2018-06-29 19:34:14,2018-06-30 17:34:14,2018-06-30 19:34:14,2018-07-16 19:34:14,2018-07-19 19:34:14
order_004620,cust_00597,delivered,2018-01-06 11:08:16,2018-01-06 18:08:16,2018-01-08 11:08:16,2018-01-10 11:08:16,2018-01-15 11:08:16
order_004621,cust_02782,delivered,2017-12-05 15:20:05,2017-12-07 01:20:05,2017-12-06 15:20:05,2017-12-21 15:20:05,2017-12-22 15:20:05
order_004622,cust_01134,delivered,2017-02-16 04:17:21,2017-02-16 13:17:21,2017-02-19 04:17:21,2017-02-20 04:17:21,2017-02-22 04:17:21
order_004623,cust_02447,delivered,2018-01-26 22:38:20,2018-01-28 15:38:20,2018-01-30 22:38:20,2018-02-02 22:38:20,2018-02-07 22:38:20
order_004624,cust_03498,delivered,2017-04-20 18:49:20,2017-04-21 12:49:20,2017-04-24 18:49:20,2017-05-07 18:49:20,2017-05-13 18:49:20
order_004625,cust_00618,delivered,2017-08-13 01:01:53,2017-08-13 02:01:53,2017-08-16 01:01:53,2017-08-17 01:01:53,2017-08-18 01:01:53
order_004626,cust_03660,delivered,2017-11-20 16:54:03,2017-11-21 06:54:03,2017-11-23 16:54:03,2017-11-24 16:54:03,2017-11-29 16:54:03
order_004627,cust_00199,delivered,2017-02-20 03:06:21,2017-02-21 19:06:21,2017-02-24 03:06:21,2017-03-03 03:06:21,2017-03-04 03:06:21
order_004628,cust_00869,delivered,2018-02-27 13:25:44,2018-03-01 09:25:44,2018-03-03 13:25:44,2018-03-04 13:25:44,2018-03-10 13:25:44
order_004629,cust_01928,delivered,2017-06-20 17:00:09,2017-06-21 13:00:09,2017-06-24 17:00:09,2017-06-22 17:00:09,2017-06-24 17:00:09
order_004630,cust_03345,shipped,2017-11-09 22:13:18,2017-11-11 21:13:18,2017-11-10 22:13:18,2017-11-22 22:13:18,2017-11-25 22:13:18
order_004631,cust_02104,shipped,2017-08-01 01:41:31,2017-08-01 12:41:31,2017-08-03 01:41:31,2017-08-18 01:41:31,2017-08-23 01:41:31
order_004632,cust_00527,delivered,2017-08-05 06:53:32,2017-08-06 02:53:32,2017-08-09 06:53:32,2017-08-19 06:53:32,2017-08-25 06:53:32
order_004633,cust_00945,delivered,2017-08-28 16:34:08,2017-08-29 14:34:08,2017-08-29 16:34:08,2017-09-14 16:34:08,2017-09-17 16:34:08
order_004634,cust_02893,delivered,2017-02-01 06:17:19,2017-02-01 16:17:19,2017-02-04 06:17:19,2017-02-11 06:17:19,2017-02-13 06:17:19
order_004635,cust_02133,processing,2017-04-29 17:06:08,2017-04-30 12:06:08,2017-05-02 17:06:08,2017-05-10 17:06:08,2017-05-16 17:06:08
order_004636,cust_00049,canceled,2018-04-23 04:24:08,2018-04-24 04:24:08,2018-04-25 04:24:08,2018-05-10 04:24:08,2018-05-16 04:24:08
order_004637,cust_01905,delivered,2017-03-16 03:55:33,2017-03-17 12:55:33,2017-03-19 03:55:33,2017-03-26 03:55:33,2017-03-30 03:55:33
order_004638,cust_01545,delivered,2017-10-30 13:03:59,2017-10-31 13:03:59,2017-10-31 13:03:59,2017-11-01 13:03:59,2017-11-02 13:03:59
order_004639,cust_00002,delivered,2017-03-27 16:32:18,2017-03-27 21:32:18,2017-03-28 16:32:18,2017-04-01 16:32:18,2017-04-07 16:32:18
order_004640,cust_00939,delivered,2017-11-24 04:55:42,2017-11-25 02:55:42,2017-11-26 04:55:42,2017-12-05 04:55:42,2017-12-09 04:55:42
order_004641,cust_03554,delivered,2018-01-27 20:58:29,2018-01-29 12:58:29,2018-01-28 20:58:29,2018-02-11 20:58:29,2018-02-15 20:58:29
order_004642,cust_02675,delivered,2017-10-13 20:51:12,2017-10-13 21:51:12,2017-10-15 20:51:12,2017-10-24 20:51:12,2017-10-25 20:51:12
order_004643,cust_00269,delivered,2018-04-15 01:56:56,2018-04-17 00:56:56,2018-04-17 01:56:56,2018-04-23 01:56:56,2018-04-29 01:56:56
order_004644,cust_00061,delivered,2017-06-11 07:18:12,2017-06-11 14:18:12,2017-06-15 07:18:12,2017-06-18 07:18:12,2017-06-23 07:18:12
order_004645,cust_01314,canceled,2017-12-06 13:20:48,2017-12-06 14:20:48,2017-12-08 13:20:48,2017-12-18 13:20:48,2017-12-20 13:20:48
order_004646,cust_01766,delivered,2017-06-18 11:46:56,2017-06-18 18:46:56,2017-06-22 11:46:56,2017-07-04 11:46:56,2017-07-07 11:46:56
order_004647,cust_01723,delivered,2017-11-06 06:07:11,2017-11-06 18:07:11,2017-11-07 06:07:11,2017-11-12 06:07:11,2017-11-15 06:07:11
order_004648,cust_02647,delivered,2017-02-08 12:42:29,2017-02-09 05:42:29,2017-02-09 12:42:29,2017-02-18 12:42:29,2017-02-24 12:42:29
order_004649,cust_00658,delivered,2017-06-13 23:06:24,2017-06-15 14:06:24,2017-06-15 23:06:24,2017-06-21 23:06:24,2017-06-24 23:06:24
order_004650,cust_00177,shipped,2018-03-07 07:23:00,2018-03-08 11:23:00,2018-03-09 07:23:00,2018-03-12 07:23:00,2018-03-18 07:23:00
order_004651,cust_02556,delivered,2018-04-19 05:15:23,2018-04-20 12:15:23,2018-04-23 05:15:23,2018-04-27 05:15:23,2018-05-02 05:15:23
order_004652,cust_03410,delivered,2017-06-15 17:43:19,2017-06-17 11:43:19,2017-06-17 17:43:19,2017-06-18 17:43:19,2017-06-21 17:43:19
order_004653,cust_00637,delivered,2017-06-06 13:41:46,2017-06-06 20:41:46,2017-06-08 13:41:46,2017-06-16 13:41:46,2017-06-19 13:41:46
order_004654,cust_01372,delivered,2017-07-01 16:36:35,2017-07-02 03:36:35,2017-07-05 16:36:35,2017-07-04 16:36:35,2017-07-09 16:36:35
order_004655,cust_02381,delivered,2017-06-19 15:30:47,2017-06-21 13:30:47,2017-06-23 15:30:47,2017-06-28 15:30:47,2017-07-01 15:30:47
order_004656,cust_00628,delivered,2018-08-28 18:15:34,2018-08-30 07:15:34,2018-09-01 18:15:34,2018-09-13 18:15:34,2018-09-18 18:15:34
order_004657,cust_03267,delivered,2018-01-31 17:30:09,2018-01-31 20:30:09,2018-02-02 17:30:09,2018-02-04 17:30:09,2018-02-05 17:30:09
order_004658,cust_00856,delivered,2017-08-23 14:32:31,2017-08-24 01:32:31,2017-08-24 14:32:31,2017-08-29 14:32:31,2017-09-01 14:32:31
order_004659,cust_02023,delivered,2017-10-08 10:54:27,2017-10-09 04:54:27,2017-10-09 10:54:27,2017-10-21 10:54:27,2017-10-25 10:54:27
order_004660,cust_01287,delivered,2017-11-07 11:02:39,2017-11-07 13:02:39,2017-11-08 11:02:39,2017-11-23 11:02:39,2017-11-26 11:02:39
order_004661,cust_02536,delivered,2017-12-03 06:22:09,2017-12-04 10:22:09,2017-12-07 06:22:09,2017-12-20 06:22:09,2017-12-26 06:22:09
order_004662,cust_00753,delivered,2017-08-23 10:46:26,2017-08-24 17:46:26,2017-08-24 10:46:26,2017-08-26 10:46:26,2017-08-28 10:46:26
order_004663,cust_00373,delivered,2018-08-16 14:31:12,2018-08-17 06:31:12,2018-08-18 14:31:12,2018-08-21 14:31:12,2018-08-27 14:31:12
order_004664,cust_01940,delivered,2017-06-26 17:11:48,2017-06-27 04:11:48,2017-06-29 17:11:48,2017-07-13 17:11:48,2017-07-14 17:11:48
order_004665,cust_03287,shipped,2017-09-17 18:33:00,2017-09-18 14:33:00,2017-09-20 18:33:00,2017-09-27 18:33:00,2017-09-30 18:33:00
order_004666,cust_02405,delivered,2017-01-04 09:02:55,2017-01-06 05:02:55,2017-01-05 09:02:55,2017-01-19 09:02:55,2017-01-23 09:02:55
order_004667,cust_02871,delivered,2017-10-26 17:35:27,2017-10-28 03:35:27,2017-10-29 17:35:27,2017-10-28 17:35:27,2017-10-30 17:35:27
order_004668,cust_01647,shipped,2018-06-04 10:29:39,2018-06-06 06:29:39,2018-06-05 10:29:39,2018-06-07 10:29:39,2018-06-11 10:29:39
order_004669,cust_00532,delivered,2018-08-30 08:36:01,2018-08-31 10:36:01,2018-09-01 08:36:01,2018-09-04 08:36:01,2018-09-10 08:36:01
order_004670,cust_01622,delivered,2017-10-15 03:55:41,2017-10-15 08:55:41,2017-10-19 03:55:41,2017-10-18 03:55:41,2017-10-21 03:55:41
order_004671,cust_03752,delivered,2017-03-26 06:22:52,2017-03-26 09:22:52,2017-03-28 06:22:52,2017-04-11 06:22:52,2017-04-15 06:22:52
order_004672,cust_02970,delivered,2018-03-14 16:18:40,2018-03-15 02:18:40,2018-03-16 16:18:40,2018-03-28 16:18:40,2018-04-03 16:18:40
order_004673,cust_02673,delivered,2018-01-25 05:11:40,2018-01-26 06:11:40,2018-01-26 05:11:40,2018-02-02 05:11:40,2018-02-08 05:11:40
order_004674,cust_01143,delivered,2018-08-06 01:50:46,2018-08-06 11:50:46,2018-08-10 01:50:46,2018-08-09 01:50:46,2018-08-10 01:50:46
order_004675,cust_02278,delivered,2017-11-04 06:31:37,2017-11-04 21:31:37,2017-11-07 06:31:37,2017-11-07 06:31:37,2017-11-12 06:31:37
order_004676,cust_02366,delivered,2017-01-02 23:46:20,2017-01-04 18:46:20,2017-01-06 23:46:20,2017-01-08 23:46:20,2017-01-14 23:46:20
order_004677,cust_02485,delivered,2018-07-02 03:35:40,2018-07-02 06:35:40,2018-07-04 03:35:40,2018-07-15 03:35:40,2018-07-21 03:35:40
order_004678,cust_03393,delivered,2018-02-15 03:26:58,2018-02-15 07:26:58,2018-02-17 03:26:58,2018-03-01 03:26:58,2018-03-06 03:26:58
order_004679,cust_02589,delivered,2018-05-02 09:40:34,2018-05-03 04:40:34,2018-05-04 09:40:34,2018-05-12 09:40:34,2018-05-13 09:40:34
order_004680,cust_00841,delivered,2017-03-14 09:11:29,2017-03-15 21:11:29,2017-03-15 09:11:29,2017-03-30 09:11:29,2017-04-04 09:11:29
order_004681,cust_00841,delivered,2017-10-05 22:05:13,2017-10-07 13:05:13,2017-10-09 22:05:13,2017-10-21 22:05:13,2017-10-27 22:05:13
order_004682,cust_02355,delivered,2017-10-06 05:42:24,2017-10-06 19:42:24,2017-10-09 05:42:24,2017-10-20 05:42:24,2017-10-24 05:42:24
order_004683,cust_03291,delivered,2017-06-12 10:00:50,2017-06-13 00:00:50,2017-06-14 10:00:50,2017-06-15 10:00:50,2017-06-16 10:00:50
order_004684,cust_03602,delivered,2018-05-30 06:58:32,2018-05-31 10:58:32,2018-06-02 06:58:32,2018-06-15 06:58:32,2018-06-17 06:58:32
order_004685,cust_02316,delivered,2017-04-25 05:59:50,2017-04-26 22:59:50,2017-04-26 05:59:50,2017-05-11 05:59:50,2017-05-13 05:59:50
order_004686,cust_02013,delivered,2017-02-13 07:44:19,2017-02-13 16:44:19,2017-02-15 07:44:19,2017-02-23 07:44:19,2017-03-01 07:44:19
order_004687,cust_03100,delivered,2017-05-23 06:10:14,2017-05-25 00:10:14,2017-05-25 06:10:14,2017-06-03 06:10:14,2017-06-04 06:10:14
order_004688,cust_03712,delivered,2018-08-25 17:14:24,2018-08-27 07:14:24,2018-08-29 17:14:24,2018-09-08 17:14:24,2018-09-13 17:14:24
order_004689,cust_00105,delivered,2017-03-10 18:57:47,2017-03-11 07:57:47,2017-03-14 18:57:47,2017-03-21 18:57:47,2017-03-23 18:57:47
order_004690,cust_01178,delivered,2017-12-20 04:14:31,2017-12-21 12:14:31,2017-12-24 04:14:31,2017-12-27 04:14:31,2018-01-01 04:14:31
order_004691,cust_01268,delivered,2017-04-22 11:54:06,2017-04-23 17:54:06,2017-04-24 11:54:06,2017-05-05 11:54:06,2017-05-06 11:54:06
order_004692,cust_02144,delivered,2017-08-29 06:19:57,2017-08-29 07:19:57,2017-09-01 06:19:57,2017-09-12 06:19:57,2017-09-14 06:19:57
order_004693,cust_01120,delivered,2017-12-02 20:49:19,2017-12-03 15:49:19,2017-12-06 20:49:19,2017-12-06 20:49:19,2017-12-07 20:49:19
order_004694,cust_01181,delivered,2017-01-12 02:25:44,2017-01-12 14:25:44,2017-01-13 02:25:44,2017-01-24 02:25:44,2017-01-28 02:25:44
order_004695,cust_00092,delivered,2017-05-27 09:49:11,2017-05-27 13:49:11,2017-05-30 09:49:11,2017-05-31 09:49:11,2017-06-05 09:49:11
order_004696,cust_00014,delivered,2017-12-23 07:57:18,2017-12-24 05:57:18,2017-12-25 07:57:18,2018-01-03 07:57:18,2018-01-06 07:57:18
order_004697,cust_01709,delivered,2017-01-09 08:43:23,2017-01-10 18:43:23,2017-01-12 08:43:23,2017-01-12 08:43:23,2017-01-16 08:43:23
order_004698,cust_03789,delivered,2017-10-28 22:35:23,2017-10-29 23:35:23,2017-10-30 22:35:23,2017-11-14 22:35:23,2017-11-18 22:35:23
order_004699,cust_01123,delivered,2018-01-02 12:58:42,2018-01-02 17:58:42,2018-01-05 12:58:42,2018-01-14 12:58:42,2018-01-17 12:58:42
order_004700,cust_00912,shipped,2017-05-11 09:07:21,2017-05-13 00:07:21,2017-05-13 09:07:21,2017-05-20 09:07:21,2017-05-25 09:07:21
order_004701,cust_01004,delivered,2017-04-09 19:23:27,2017-04-09 23:23:27,2017-04-13 19:23:27,2017-04-19 19:23:27,2017-04-21 19:23:27
order_004702,cust_03697,delivered,2017-10-26 18:39:22,2017-10-27 13:39:22,2017-10-30 18:39:22,2017-11-06 18:39:22,2017-11-08 18:39:22
order_004703,cust_02522,delivered,2018-03-13 03:28:32,2018-03-14 06:28:32,2018-03-16 03:28:32,2018-03-16 03:28:32,2018-03-18 03:28:32
order_004704,cust_02481,delivered,2017-01-08 11:04:51,2017-01-10 07:04:51,2017-01-10 11:04:51,2017-01-18 11:04:51,2017-01-20 11:04:51
order_004705,cust_00719,delivered,2017-07-25 09:53:25,2017-07-26 21:53:25,2017-07-26 09:53:25,2017-08-07 09:53:25,2017-08-08 09:53:25
order_004706,cust_03434,delivered,2018-08-31 10:47:25,2018-08-31 20:47:25,2018-09-01 10:47:25,2018-09-06 10:47:25,2018-09-07 10:47:25
order_004707,cust_00747,delivered,2017-07-24 08:22:26,2017-07-25 05:22:26,2017-07-26 08:22:26,2017-08-02 08:22:26,2017-08-03 08:22:26
order_004708,cust_03675,delivered,2017-07-21 19:46:31,2017-07-23 12:46:31,2017-07-25 19:46:31,2017-07-28 19:46:31,2017-07-29 19:46:31
order_004709,cust_03619,delivered,2018-03-25 23:54:10,2018-03-26 11:54:10,2018-03-29 23:54:10,2018-03-29 23:54:10,2018-04-02 23:54:10
order_004710,cust_02157,delivered,2017-10-19 00:38:37,2017-10-20 19:38:37,2017-10-22 00:38:37,2017-11-05 00:38:37,2017-11-07 00:38:37
order_004711,cust_03299,delivered,2017-08-26 20:33:34,2017-08-27 22:33:34,2017-08-30 20:33:34,2017-09-06 20:33:34,2017-09-10 20:33:34
order_004712,cust_03798,delivered,2018-04-23 20:45:26,2018-04-25 02:45:26,2018-04-24 20:45:26,2018-05-01 20:45:26,2018-05-02 20:45:26
order_004713,cust_02205,delivered,2017-01-19 08:46:27,2017-01-20 16:46:27,2017-01-22 08:46:27,2017-01-26 08:46:27,2017-01-31 08:46:27
order_004714,cust_02915,delivered,2018-03-10 11:38:42,2018-03-12 09:38:42,2018-03-13 11:38:42,2018-03-22 11:38:42,2018-03-25 11:38:42
order_004715,cust_02244,delivered,2017-08-20 02:26:58,2017-08-21 11:26:58,2017-08-21 02:26:58,2017-08-23 02:26:58,2017-08-26 02:26:58
order_004716,cust_01990,delivered,2018-06-25 08:25:37,2018-06-26 04:25:37,2018-06-28 08:25:37,2018-07-06 08:25:37,2018-07-11 08:25:37
order_004717,cust_01271,delivered,2018-03-17 05:43:04,2018-03-18 09:43:04,2018-03-21 05:43:04,2018-03-22 05:43:04,2018-03-28 05:43:04
order_004718,cust_02488,canceled,2018-07-27 21:45:50,2018-07-29 06:45:50,2018-07-29 21:45:50,2018-08-12 21:45:50,2018-08-17 21:45:50
order_004719,cust_01015,delivered,2017-03-20 02:34:12,2017-03-21 07:34:12,2017-03-22 02:34:12,2017-04-03 02:34:12,2017-04-06 02:34:12
order_004720,cust_00738,delivered,2017-04-26 08:09:23,2017-04-26 09:09:23,2017-04-28 08:09:23,2017-05-10 08:09:23,2017-05-13 08:09:23
order_004721,cust_01046,delivered,2018-07-04 11:32:30,2018-07-06 06:32:30,2018-07-07 11:32:30,2018-07-08 11:32:30,2018-07-11 11:32:30
order_004722,cust_00041,delivered,2017-08-26 23:27:53,2017-08-27 12:27:53,2017-08-29 23:27:53,2017-08-29 23:27:53,2017-08-30 23:27:53
order_004723,cust_03548,shipped,2018-05-11 19:36:58,2018-05-13 02:36:58,2018-05-12 19:36:58,2018-05-20 19:36:58,2018-05-23 19:36:58
order_004724,cust_00975,delivered,2018-02-22 22:28:21,2018-02-24 01:28:21,2018-02-25 22:28:21,2018-03-01 22:28:21,2018-03-06 22:28:21
order_004725,cust_03039,delivered,2017-10-31 07:26:39,2017-10-31 13:26:39,2017-11-03 07:26:39,2017-11-13 07:26:39,2017-11-15 07:26:39
order_004726,cust_01652,delivered,2017-01-28 06:25:48,2017-01-30 00:25:48,2017-01-29 06:25:48,2017-02-10 06:25:48,2017-02-13 06:25:48
order_004727,cust_01289,delivered,2017-02-14 13:42:45,2017-02-14 17:42:45,2017-02-16 13:42:45,2017-02-22 13:42:45,2017-02-23 13:42:45
order_004728,cust_00866,shipped,2018-03-12 08:10:28,2018-03-14 05:10:28,2018-03-13 08:10:28,2018-03-16 08:10:28,2018-03-18 08:10:28
order_004729,cust_03118,shipped,2017-03-01 00:22:46,2017-03-02 20:22:46,2017-03-05 00:22:46,2017-03-08 00:22:46,2017-03-09 00:22:46
order_004730,cust_01953,delivered,2017-01-03 19:29:31,2017-01-04 23:29:31,2017-01-06 19:29:31,2017-01-13 19:29:31,2017-01-16 19:29:31
order_004731,cust_01708,delivered,2017-05-14 02:16:36,2017-05-15 23:16:36,2017-05-17 02:16:36,2017-05-20 02:16:36,2017-05-22 02:16:36
order_004732,cust_02500,delivered,2018-07-10 04:41:40,2018-07-11 21:41:40,2018-07-11 04:41:40,2018-07-17 04:41:40,2018-07-23 04:41:40
order_004733,cust_03049,delivered,2018-01-16 22:38:15,2018-01-18 17:38:15,2018-01-18 22:38:15,2018-01-21 22:38:15,2018-01-25 22:38:15
order_004734,cust_02492,delivered,2018-03-13 17:34:00,2018-03-15 07:34:00,2018-03-17 17:34:00,2018-03-16 17:34:00,2018-03-19 17:34:00
order_004735,cust_01777,delivered,2018-02-01 15:25:11,2018-02-03 11:25:11,2018-02-05 15:25:11,2018-02-12 15:25:11,2018-02-16 15:25:11
order_004736,cust_03396,delivered,2017-12-10 03:05:58,2017-12-11 16:05:58,2017-12-11 03:05:58,2017-12-27 03:05:58,2018-01-02 03:05:58
order_004737,cust_03403,delivered,2017-06-05 06:01:07,2017-06-07 00:01:07,2017-06-07 06:01:07,2017-06-22 06:01:07,2017-06-24 06:01:07
order_004738,cust_03672,delivered,2017-09-18 04:56:04,2017-09-18 10:56:04,2017-09-21 04:56:04,2017-10-04 04:56:04,2017-10-06 04:56:04
order_004739,cust_00345,delivered,2017-11-28 15:23:31,2017-11-29 12:23:31,2017-11-30 15:23:31,2017-12-10 15:23:31,2017-12-14 15:23:31
order_004740,cust_03384,delivered,2018-08-24 12:00:43,2018-08-25 11:00:43,2018-08-28 12:00:43,2018-09-06 12:00:43,2018-09-07 12:00:43
order_004741,cust_00734,delivered,2018-07-01 08:39:10,2018-07-03 03:39:10,2018-07-03 08:39:10,2018-07-04 08:39:10,2018-07-08 08:39:10
order_004742,cust_02356,delivered,2018-03-24 17:54:04,2018-03-25 16:54:04,2018-03-26 17:54:04,2018-03-29 17:54:04,2018-03-30 17:54:04
order_004743,cust_02500,delivered,2018-05-10 18:40:16,2018-05-11 15:40:16,2018-05-14 18:40:16,2018-05-23 18:40:16,2018-05-29 18:40:16
order_004744,cust_00781,delivered,2018-05-06 17:44:46,2018-05-08 07:44:46,2018-05-09 17:44:46,2018-05-23 17:44:46,2018-05-28 17:44:46
order_004745,cust_00030,delivered,2018-02-10 02:32:19,2018-02-11 09:32:19,2018-02-11 02:32:19,2018-02-26 02:32:19,2018-02-27 02:32:19
order_004746,cust_03585,delivered,2018-05-17 14:36:50,2018-05-18 18:36:50,2018-05-18 14:36:50,2018-05-29 14:36:50,2018-06-02 14:36:50
order_004747,cust_03386,delivered,2017-02-14 05:02:26,2017-02-16 00:02:26,2017-02-18 05:02:26,2017-02-17 05:02:26,2017-02-19 05:02:26
order_004748,cust_00664,delivered,2017-01-14 06:31:50,2017-01-15 21:31:50,2017-01-17 06:31:50,2017-01-31 06:31:50,2017-02-04 06:31:50
order_004749,cust_02285,processing,2017-09-28 23:28:46,2017-09-30 09:28:46,2017-10-02 23:28:46,2017-10-05 23:28:46,2017-10-09 23:28:46
order_004750,cust_00575,delivered,2017-02-03 09:58:08,2017-02-05 06:58:08,2017-02-07 09:58:08,2017-02-05 09:58:08,2017-02-11 09:58:08
order_004751,cust_02152,delivered,2017-07-26 18:54:08,2017-07-26 21:54:08,2017-07-29 18:54:08,2017-08-09 18:54:08,2017-08-11 18:54:08
order_004752,cust_01206,delivered,2017-05-01 05:54:32,2017-05-02 08:54:32,2017-05-05 05:54:32,2017-05-05 05:54:32,2017-05-09 05:54:32
order_004753,cust_02856,delivered,2018-08-06 23:20:11,2018-08-07 01:20:11,2018-08-10 23:20:11,2018-08-12 23:20:11,2018-08-18 23:20:11
order_004754,cust_02179,delivered,2018-02-03 06:38:54,2018-02-04 20:38:54,2018-02-05 06:38:54,2018-02-15 06:38:54,2018-02-16 06:38:54
order_004755,cust_01892,delivered,2017-01-26 04:22:02,2017-01-26 10:22:02,2017-01-29 04:22:02,2017-02-12 04:22:02,2017-02-14 04:22:02
order_004756,cust_02589,delivered,2018-01-15 07:45:26,2018-01-16 10:45:26,2018-01-19 07:45:26,2018-01-31 07:45:26,2018-02-05 07:45:26
order_004757,cust_01807,delivered,2018-03-22 04:09:45,2018-03-23 17:09:45,2018-03-26 04:09:45,2018-03-26 04:09:45,2018-03-27 04:09:45
order_004758,cust_00050,delivered,2017-07-17 14:22:20,2017-07-18 20:22:20,2017-07-21 14:22:20,2017-07-21 14:22:20,2017-07-23 14:22:20
order_004759,cust_02264,delivered,2018-06-21 03:27:23,2018-06-21 06:27:23,2018-06-25 03:27:23,2018-07-05 03:27:23,2018-07-11 03:27:23
order_004760,cust_02956,shipped,2018-08-15 04:58:56,2018-08-16 03:58:56,2018-08-17 04:58:56,2018-08-22 04:58:56,2018-08-26 04:58:56
order_004761,cust_01863,delivered,2018-08-20 16:51:05,2018-08-22 05:51:05,2018-08-22 16:51:05,2018-08-23 16:51:05,2018-08-24 16:51:05
order_004762,cust_00665,delivered,2017-02-26 01:01:18,2017-02-27 23:01:18,2017-03-02 01:01:18,2017-03-09 01:01:18,2017-03-15 01:01:18
order_004763,cust_00029,processing,2017-10-01 10:34:16,2017-10-03 05:34:16,2017-10-02 10:34:16,2017-10-13 10:34:16,2017-10-17 10:34:16
order_004764,cust_01126,canceled,2018-04-18 16:37:08,2018-04-20 07:37:08,2018-04-19 16:37:08,2018-05-05 16:37:08,2018-05-08 16:37:08
order_004765,cust_02918,delivered,2017-09-27 10:41:28,2017-09-28 01:41:28,2017-10-01 10:41:28,2017-10-06 10:41:28,2017-10-12 10:41:28
order_004766,cust_01223,delivered,2017-10-20 00:31:24,2017-10-21 12:31:24,2017-10-24 00:31:24,2017-11-03 00:31:24,2017-11-05 00:31:24
order_004767,cust_03633,delivered,2017-07-19 03:47:32,2017-07-19 11:47:32,2017-07-21 03:47:32,2017-07-29 03:47:32,2017-08-01 03:47:32
order_004768,cust_01263,delivered,2017-09-12 23:17:55,2017-09-13 15:17:55,2017-09-16 23:17:55,2017-09-28 23:17:55,2017-10-02 23:17:55
order_004769,cust_01624,delivered,2018-02-27 18:31:51,2018-02-28 08:31:51,2018-03-01 18:31:51,2018-03-08 18:31:51,2018-03-10 18:31:51
order_004770,cust_02889,delivered,2017-01-16 08:24:24,2017-01-17 07:24:24,2017-01-19 08:24:24,2017-01-28 08:24:24,2017-01-29 08:24:24
order_004771,cust_02332,delivered,2018-05-02 20:58:06,2018-05-04 14:58:06,2018-05-06 20:58:06,2018-05-19 20:58:06,2018-05-20 20:58:06
order_004772,cust_00155,shipped,2018-03-19 00:09:28,2018-03-20 17:09:28,2018-03-21 00:09:28,2018-04-04 00:09:28,2018-04-06 00:09:28
order_004773,cust_00289,canceled,2017-03-26 01:08:10,2017-03-27 19:08:10,2017-03-30 01:08:10,2017-04-03 01:08:10,2017-04-04 01:08:10
order_004774,cust_00746,processing,2018-04-15 21:13:48,2018-04-17 18:13:48,2018-04-19 21:13:48,2018-04-25 21:13:48,2018-04-29 21:13:48
order_004775,cust_03312,delivered,2017-11-14 16:10:52,2017-11-14 18:10:52,2017-11-17 16:10:52,2017-11-25 16:10:52,2017-12-01 16:10:52
order_004776,cust_00084,delivered,2017-07-13 14:23:43,2017-07-15 13:23:43,2017-07-14 14:23:43,2017-07-16 14:23:43,2017-07-18 14:23:43
order_004777,cust_00272,delivered,2017-10-04 08:16:05,2017-10-06 02:16:05,2017-10-08 08:16:05,2017-10-09 08:16:05,2017-10-10 08:16:05
order_004778,cust_02957,delivered,2017-11-11 19:37:02,2017-11-13 06:37:02,2017-11-13 19:37:02,2017-11-24 19:37:02,2017-11-25 19:37:02
order_004779,cust_02366,delivered,2017-05-09 14:35:46,2017-05-09 18:35:46,2017-05-11 14:35:46,2017-05-12 14:35:46,2017-05-13 14:35:46
order_004780,cust_03738,delivered,2018-01-04 10:26:26,2018-01-05 21:26:26,2018-01-06 10:26:26,2018-01-15 10:26:26,2018-01-19 10:26:26
order_004781,cust_00834,delivered,2018-01-18 09:07:58,2018-01-19 17:07:58,2018-01-20 09:07:58,2018-01-27 09:07:58,2018-01-30 09:07:58
order_004782,cust_02506,shipped,2017-08-12 08:30:01,2017-08-12 13:30:01,2017-08-14 08:30:01,2017-08-21 08:30:01,2017-08-24 08:30:01
order_004783,cust_00511,delivered,2017-10-08 13:48:27,2017-10-08 23:48:27,2017-10-11 13:48:27,2017-10-23 13:48:27,2017-10-28 13:48:27
order_004784,cust_02242,delivered,2018-01-10 15:43:28,2018-01-12 03:43:28,2018-01-11 15:43:28,2018-01-16 15:43:28,2018-01-19 15:43:28
order_004785,cust_00403,delivered,2017-11-03 19:18:53,2017-11-04 03:18:53,2017-11-06 19:18:53,2017-11-17 19:18:53,2017-11-21 19:18:53
order_004786,cust_03450,delivered,2017-09-21 09:44:38,2017-09-22 02:44:38,2017-09-23 09:44:38,2017-10-05 09:44:38,2017-10-11 09:44:38
order_004787,cust_01580,delivered,2018-08-05 06:05:34,2018-08-06 11:05:34,2018-08-09 06:05:34,2018-08-22 06:05:34,2018-08-24 06:05:34
order_004788,cust_00968,delivered,2018-06-18 13:20:56,2018-06-20 06:20:56,2018-06-22 13:20:56,2018-07-03 13:20:56,2018-07-04 13:20:56
order_004789,cust_03741,delivered,2017-08-19 14:00:07,2017-08-20 04:00:07,2017-08-21 14:00:07,2017-08-29 14:00:07,2017-08-31 14:00:07
order_004790,cust_00252,delivered,2018-03-13 06:40:03,2018-03-13 07:40:03,2018-03-17 06:40:03,2018-03-20 06:40:03,2018-03-21 06:40:03
order_004791,cust_03039,delivered,2018-05-08 01:45:32,2018-05-09 18:45:32,2018-05-10 01:45:32,2018-05-22 01:45:32,2018-05-27 01:45:32
order_004792,cust_01937,shipped,2017-03-09 07:59:00,2017-03-11 03:59:00,2017-03-13 07:59:00,2017-03-25 07:59:00,2017-03-31 07:59:00
order_004793,cust_02612,delivered,2017-12-26 01:41:37,2017-12-27 18:41:37,2017-12-29 01:41:37,2018-01-01 01:41:37,2018-01-05 01:41:37
order_004794,cust_00989,delivered,2018-05-02 01:58:21,2018-05-03 00:58:21,2018-05-05 01:58:21,2018-05-09 01:58:21,2018-05-10 01:58:21
order_004795,cust_03349,delivered,2017-02-04 23:10:56,2017-02-06 09:10:56,2017-02-05 23:10:56,2017-02-13 23:10:56,2017-02-19 23:10:56
order_004796,cust_01714,delivered,2017-07-25 18:45:10,2017-07-26 01:45:10,2017-07-28 18:45:10,2017-07-28 18:45:10,2017-08-03 18:45:10
order_004797,cust_01590,processing,2018-05-01 00:51:02,2018-05-02 06:51:02,2018-05-05 00:51:02,2018-05-08 00:51:02,2018-05-11 00:51:02
order_004798,cust_01733,delivered,2018-07-23 08:22:20,2018-07-24 13:22:20,2018-07-26 08:22:20,2018-07-27 08:22:20,2018-08-01 08:22:20
order_004799,cust_01126,delivered,2018-08-27 06:06:39,2018-08-28 12:06:39,2018-08-28 06:06:39,2018-09-10 06:06:39,2018-09-14 06:06:39
order_004800,cust_01211,delivered,2018-01-02 23:23:59,2018-01-04 08:23:59,2018-01-05 23:23:59,2018-01-11 23:23:59,2018-01-15 23:23:59
order_004801,cust_00532,delivered,2017-01-26 10:30:10,2017-01-28 04:30:10,2017-01-29 10:30:10,2017-02-06 10:30:10,2017-02-09 10:30:10
order_004802,cust_01848,delivered,2017-01-17 06:14:03,2017-01-18 19:14:03,2017-01-21 06:14:03,2017-01-20 06:14:03,2017-01-22 06:14:03
order_004803,cust_01803,processing,2018-05-09 15:14:03,2018-05-09 17:14:03,2018-05-13 15:14:03,2018-05-20 15:14:03,2018-05-22 15:14:03
order_004804,cust_01444,canceled,2018-03-23 11:24:04,2018-03-24 20:24:04,2018-03-24 11:24:04,2018-04-05 11:24:04,2018-04-08 11:24:04
order_004805,cust_03745,delivered,2017-04-28 04:29:43,2017-04-29 15:29:43,2017-04-30 04:29:43,2017-05-11 04:29:43,2017-05-16 04:29:43
order_004806,cust_00429,delivered,2017-03-21 07:19:57,2017-03-22 10:19:57,2017-03-25 07:19:57,2017-04-04 07:19:57,2017-04-09 07:19:57
order_004807,cust_03459,delivered,2017-03-30 03:03:23,2017-03-31 09:03:23,2017-03-31 03:03:23,2017-04-02 03:03:23,2017-04-03 03:03:23
order_004808,cust_03293,delivered,2018-06-18 16:39:15,2018-06-18 20:39:15,2018-06-22 16:39:15,2018-06-28 16:39:15,2018-06-29 16:39:15
order_004809,cust_00084,delivered,2018-04-10 23:17:45,2018-04-11 12:17:45,2018-04-11 23:17:45,2018-04-19 23:17:45,2018-04-22 23:17:45
order_004810,cust_02664,delivered,2018-07-31 19:24:02,2018-08-02 12:24:02,2018-08-02 19:24:02,2018-08-16 19:24:02,2018-08-21 19:24:02
order_004811,cust_00794,delivered,2017-03-11 09:00:30,2017-03-11 10:00:30,2017-03-12 09:00:30,2017-03-24 09:00:30,2017-03-28 09:00:30
order_004812,cust_00156,delivered,2018-02-27 11:41:17,2018-03-01 10:41:17,2018-03-03 11:41:17,2018-03-16 11:41:17,2018-03-21 11:41:17
order_004813,cust_03271,delivered,2018-07-16 01:27:36,2018-07-16 12:27:36,2018-07-19 01:27:36,2018-07-18 01:27:36,2018-07-23 01:27:36
order_004814,cust_00439,shipped,2017-11-20 08:48:22,2017-11-21 21:48:22,2017-11-24 08:48:22,2017-11-29 08:48:22,2017-12-04 08:48:22
order_004815,cust_01135,delivered,2018-04-16 00:46:11,2018-04-16 11:46:11,2018-04-17 00:46:11,2018-04-29 00:46:11,2018-05-03 00:46:11
order_004816,cust_00366,delivered,2018-01-02 17:52:26,2018-01-02 19:52:26,2018-01-03 17:52:26,2018-01-05 17:52:26,2018-01-06 17:52:26
order_004817,cust_00539,delivered,2017-01-05 21:49:17,2017-01-07 02:49:17,2017-01-08 21:49:17,2017-01-17 21:49:17,2017-01-19 21:49:17
order_004818,cust_00234,delivered,2017-09-18 04:35:41,2017-09-19 16:35:41,2017-09-19 04:35:41,2017-09-23 04:35:41,2017-09-28 04:35:41
order_004819,cust_03200,delivered,2017-06-08 16:10:32,2017-06-08 21:10:32,2017-06-11 16:10:32,2017-06-11 16:10:32,2017-06-13 16:10:32
order_004820,cust_00224,processing,2017-02-20 14:23:13,2017-02-21 03:23:13,2017-02-23 14:23:13,2017-03-04 14:23:13,2017-03-09 14:23:13
order_004821,cust_02885,shipped,2017-12-29 10:01:41,2017-12-30 01:01:41,2017-12-31 10:01:41,2018-01-06 10:01:41,2018-01-09 10:01:41
order_004822,cust_00597,delivered,2018-07-19 17:36:25,2018-07-21 15:36:25,2018-07-23 17:36:25,2018-07-27 17:36:25,2018-07-28 17:36:25
order_004823,cust_03476,delivered,2017-02-02 16:18:50,2017-02-03 07:18:50,2017-02-03 16:18:50,2017-02-09 16:18:50,2017-02-14 16:18:50
order_004824,cust_03221,delivered,2017-07-20 06:27:44,2017-07-20 09:27:44,2017-07-21 06:27:44,2017-08-01 06:27:44,2017-08-07 06:27:44
order_004825,cust_02391,delivered,2018-02-12 19:09:49,2018-02-14 18:09:49,2018-02-13 19:09:49,2018-02-23 19:09:49,2018-02-26 19:09:49
order_004826,cust_03147,delivered,2017-07-10 15:44:12,2017-07-10 20:44:12,2017-07-12 15:44:12,2017-07-22 15:44:12,2017-07-23 15:44:12
order_004827,cust_01133,processing,2017-03-12 07:29:59,2017-03-13 06:29:59,2017-03-14 07:29:59,2017-03-26 07:29:59,2017-03-29 07:29:59
order_004828,cust_02975,delivered,2017-04-27 17:38:43,2017-04-28 02:38:43,2017-04-30 17:38:43,2017-05-08 17:38:43,2017-05-14 17:38:43
order_004829,cust_00842,delivered,2017-01-15 15:22:31,2017-01-16 03:22:31,2017-01-16 15:22:31,2017-01-18 15:22:31,2017-01-20 15:22:31
order_004830,cust_02335,delivered,2018-08-27 02:49:04,2018-08-28 14:49:04,2018-08-29 02:49:04,2018-08-31 02:49:04,2018-09-01 02:49:04
order_004831,cust_03493,delivered,2017-10-26 03:59:34,2017-10-26 10:59:34,2017-10-30 03:59:34,2017-11-12 03:59:34,2017-11-17 03:59:34
order_004832,cust_02749,delivered,2018-07-28 07:46:25,2018-07-29 14:46:25,2018-07-29 07:46:25,2018-08-03 07:46:25,2018-08-05 07:46:25
order_004833,cust_01024,delivered,2018-02-21 01:03:51,2018-02-22 04:03:51,2018-02-25 01:03:51,2018-03-01 01:03:51,2018-03-02 01:03:51
order_004834,cust_02806,delivered,2017-08-01 09:45:04,2017-08-02 20:45:04,2017-08-02 09:45:04,2017-08-09 09:45:04,2017-08-14 09:45:04
order_004835,cust_03356,shipped,2018-07-27 11:04:37,2018-07-27 19:04:37,2018-07-31 11:04:37,2018-08-13 11:04:37,2018-08-16 11:04:37
order_004836,cust_03379,delivered,2017-06-08 18:37:22,2017-06-09 11:37:22,2017-06-12 18:37:22,2017-06-23 18:37:22,2017-06-24 18:37:22
order_004837,cust_02808,delivered,2017-04-20 04:06:56,2017-04-20 05:06:56,2017-04-22 04:06:56,2017-04-29 04:06:56,2017-04-30 04:06:56
order_004838,cust_02782,delivered,2018-05-05 13:37:12,2018-05-07 07:37:12,2018-05-06 13:37:12,2018-05-17 13:37:12,2018-05-19 13:37:12
order_004839,cust_02982,delivered,2017-12-03 15:57:02,2017-12-05 14:57:02,2017-12-05 15:57:02,2017-12-13 15:57:02,2017-12-14 15:57:02
order_004840,cust_02798,delivered,2017-09-14 10:47:22,2017-09-15 07:47:22,2017-09-17 10:47:22,2017-09-26 10:47:22,2017-09-27 10:47:22
order_004841,cust_00508,delivered,2017-12-24 21:46:33,2017-12-25 22:46:33,2017-12-26 21:46:33,2018-01-10 21:46:33,2018-01-13 21:46:33
order_004842,cust_03055,delivered,2018-08-12 07:39:01,2018-08-12 14:39:01,2018-08-15 07:39:01,2018-08-24 07:39:01,2018-08-29 07:39:01
order_004843,cust_00683,delivered,2017-06-20 09:47:24,2017-06-22 03:47:24,2017-06-24 09:47:24,2017-06-23 09:47:24,2017-06-26 09:47:24
order_004844,cust_02114,canceled,2018-07-02 00:05:50,2018-07-03 13:05:50,2018-07-06 00:05:50,2018-07-12 00:05:50,2018-07-13 00:05:50
order_004845,cust_01289,processing,2018-07-08 09:51:28,2018-07-08 15:51:28,2018-07-10 09:51:28,2018-07-23 09:51:28,2018-07-29 09:51:28
order_004846,cust_00809,delivered,2018-04-07 00:29:07,2018-04-08 01:29:07,2018-04-11 00:29:07,2018-04-09 00:29:07,2018-04-13 00:29:07
order_004847,cust_01071,delivered,2017-04-06 23:36:45,2017-04-07 08:36:45,2017-04-07 23:36:45,2017-04-13 23:36:45,2017-04-19 23:36:45
order_004848,cust_00321,delivered,2017-02-24 05:46:14,2017-02-25 09:46:14,2017-02-28 05:46:14,2017-03-01 05:46:14,2017-03-05 05:46:14
order_004849,cust_01670,delivered,2017-03-15 19:29:29,2017-03-17 02:29:29,2017-03-16 19:29:29,2017-03-28 19:29:29,2017-03-31 19:29:29
order_004850,cust_01592,delivered,2018-03-03 02:48:02,2018-03-03 21:48:02,2018-03-06 02:48:02,2018-03-07 02:48:02,2018-03-11 02:48:02
order_004851,cust_01533,delivered,2017-09-01 06:34:53,2017-09-02 03:34:53,2017-09-04 06:34:53,2017-09-12 06:34:53,2017-09-13 06:34:53
order_004852,cust_00348,delivered,2018-08-24 02:52:12,2018-08-25 12:52:12,2018-08-25 02:52:12,2018-08-27 02:52:12,2018-08-30 02:52:12
order_004853,cust_02305,delivered,2017-01-04 08:50:57,2017-01-04 16:50:57,2017-01-06 08:50:57,2017-01-20 08:50:57,2017-01-23 08:50:57
order_004854,cust_00643,delivered,2017-08-15 14:27:56,2017-08-15 16:27:56,2017-08-17 14:27:56,2017-08-22 14:27:56,2017-08-24 14:27:56
order_004855,cust_03252,processing,2017-06-10 10:04:34,2017-06-11 06:04:34,2017-06-14 10:04:34,2017-06-18 10:04:34,2017-06-24 10:04:34
order_004856,cust_00090,delivered,2018-06-20 14:31:51,2018-06-21 14:31:51,2018-06-22 14:31:51,2018-07-04 14:31:51,2018-07-10 14:31:51
order_004857,cust_00210,delivered,2017-03-15 19:21:06,2017-03-16 09:21:06,2017-03-16 19:21:06,2017-03-23 19:21:06,2017-03-26 19:21:06
order_004858,cust_01140,delivered,2017-09-06 01:04:28,2017-09-06 22:04:28,2017-09-07 01:04:28,2017-09-09 01:04:28,2017-09-14 01:04:28
order_004859,cust_01549,delivered,2018-06-11 10:10:59,2018-06-11 15:10:59,2018-06-12 10:10:59,2018-06-27 10:10:59,2018-06-29 10:10:59
order_004860,cust_03685,delivered,2018-08-14 14:15:16,2018-08-16 02:15:16,2018-08-15 14:15:16,2018-08-17 14:15:16,2018-08-23 14:15:16
order_004861,cust_01996,delivered,2018-07-12 12:33:46,2018-07-14 01:33:46,2018-07-14 12:33:46,2018-07-21 12:33:46,2018-07-26 12:33:46
order_004862,cust_01439,delivered,2018-02-02 03:29:58,2018-02-02 16:29:58,2018-02-04 03:29:58,2018-02-05 03:29:58,2018-02-10 03:29:58
order_004863,cust_03182,delivered,2017-04-10 04:57:35,2017-04-11 11:57:35,2017-04-11 04:57:35,2017-04-23 04:57:35,2017-04-27 04:57:35
order_004864,cust_00915,shipped,2017-02-28 09:03:12,2017-02-28 20:03:12,2017-03-02 09:03:12,2017-03-06 09:03:12,2017-03-11 09:03:12
order_004865,cust_03408,delivered,2017-09-07 15:37:54,2017-09-08 10:37:54,2017-09-09 15:37:54,2017-09-23 15:37:54,2017-09-27 15:37:54
order_004866,cust_01533,delivered,2017-10-19 23:45:08,2017-10-20 15:45:08,2017-10-22 23:45:08,2017-10-24 23:45:08,2017-10-30 23:45:08
order_004867,cust_01188,delivered,2017-11-09 08:50:32,2017-11-11 06:50:32,2017-11-11 08:50:32,2017-11-21 08:50:32,2017-11-25 08:50:32
order_004868,cust_01145,delivered,2017-01-31 12:31:41,2017-02-01 11:31:41,2017-02-04 12:31:41,2017-02-02 12:31:41,2017-02-05 12:31:41
order_004869,cust_00036,delivered,2018-02-15 07:21:20,2018-02-16 13:21:20,2018-02-17 07:21:20,2018-02-18 07:21:20,2018-02-20 07:21:20
order_004870,cust_02560,delivered,2017-08-29 00:49:13,2017-08-29 10:49:13,2017-08-31 00:49:13,2017-09-04 00:49:13,2017-09-10 00:49:13
order_004871,cust_02193,delivered,2017-03-08 09:33:39,2017-03-10 05:33:39,2017-03-10 09:33:39,2017-03-24 09:33:39,2017-03-25 09:33:39
order_004872,cust_02410,canceled,2018-07-11 08:20:37,2018-07-12 17:20:37,2018-07-12 08:20:37,2018-07-28 08:20:37,2018-07-29 08:20:37
order_004873,cust_02476,delivered,2017-08-05 03:36:45,2017-08-05 08:36:45,2017-08-08 03:36:45,2017-08-16 03:36:45,2017-08-17 03:36:45
order_004874,cust_00103,delivered,2017-05-22 16:06:05,2017-05-23 08:06:05,2017-05-25 16:06:05,2017-05-29 16:06:05,2017-05-30 16:06:05
order_004875,cust_03335,delivered,2017-10-27 06:12:13,2017-10-28 06:12:13,2017-10-29 06:12:13,2017-11-02 06:12:13,2017-11-04 06:12:13
order_004876,cust_01943,delivered,2018-08-01 05:23:25,2018-08-02 01:23:25,2018-08-03 05:23:25,2018-08-06 05:23:25,2018-08-09 05:23:25
order_004877,cust_02627,delivered,2018-05-17 09:20:30,2018-05-18 23:20:30,2018-05-20 09:20:30,2018-05-24 09:20:30,2018-05-26 09:20:30
order_004878,cust_00137,delivered,2017-03-02 23:08:48,2017-03-04 02:08:48,2017-03-06 23:08:48,2017-03-11 23:08:48,2017-03-14 23:08:48
order_004879,cust_02891,delivered,2018-02-22 15:16:23,2018-02-23 18:16:23,2018-02-24 15:16:23,2018-03-06 15:16:23,2018-03-09 15:16:23
order_004880,cust_02573,shipped,2018-02-09 10:12:25,2018-02-10 04:12:25,2018-02-11 10:12:25,2018-02-14 10:12:25,2018-02-17 10:12:25
order_004881,cust_01400,delivered,2018-06-23 19:41:45,2018-06-25 11:41:45,2018-06-24 19:41:45,2018-06-25 19:41:45,2018-06-26 19:41:45
order_004882,cust_03556,delivered,2018-08-11 00:30:21,2018-08-12 09:30:21,2018-08-13 00:30:21,2018-08-21 00:30:21,2018-08-25 00:30:21
order_004883,cust_02472,delivered,2018-03-30 08:05:00,2018-03-31 18:05:00,2018-04-02 08:05:00,2018-04-04 08:05:00,2018-04-06 08:05:00
order_004884,cust_03448,delivered,2018-02-02 12:58:24,2018-02-03 19:58:24,2018-02-05 12:58:24,2018-02-10 12:58:24,2018-02-14 12:58:24
order_004885,cust_03122,delivered,2017-08-04 11:43:41,2017-08-05 19:43:41,2017-08-08 11:43:41,2017-08-17 11:43:41,2017-08-18 11:43:41
order_004886,cust_00781,delivered,2018-07-01 16:13:42,2018-07-03 04:13:42,2018-07-03 16:13:42,2018-07-17 16:13:42,2018-07-23 16:13:42
order_004887,cust_03786,delivered,2018-07-28 16:50:31,2018-07-29 03:50:31,2018-08-01 16:50:31,2018-08-07 16:50:31,2018-08-12 16:50:31
order_004888,cust_02822,delivered,2018-08-26 10:56:37,2018-08-27 11:56:37,2018-08-29 10:56:37,2018-09-11 10:56:37,2018-09-14 10:56:37
order_004889,cust_00720,delivered,2018-08-04 22:18:38,2018-08-05 05:18:38,2018-08-05 22:18:38,2018-08-10 22:18:38,2018-08-13 22:18:38
order_004890,cust_03013,delivered,2018-01-26 22:16:33,2018-01-27 16:16:33,2018-01-27 22:16:33,2018-02-08 22:16:33,2018-02-10 22:16:33
order_004891,cust_01630,delivered,2018-08-05 11:24:15,2018-08-06 01:24:15,2018-08-07 11:24:15,2018-08-22 11:24:15,2018-08-28 11:24:15
order_004892,cust_03284,canceled,2018-04-21 21:38:46,2018-04-22 07:38:46,2018-04-23 21:38:46,2018-04-26 21:38:46,2018-05-01 21:38:46
order_004893,cust_00658,shipped,2017-05-27 15:22:50,2017-05-28 17:22:50,2017-05-28 15:22:50,2017-06-09 15:22:50,2017-06-12 15:22:50
order_004894,cust_00986,canceled,2017-01-20 03:20:06,2017-01-21 00:20:06,2017-01-21 03:20:06,2017-01-29 03:20:06,2017-02-02 03:20:06
order_004895,cust_01320,delivered,2018-08-20 02:52:11,2018-08-21 00:52:11,2018-08-23 02:52:11,2018-09-05 02:52:11,2018-09-06 02:52:11
order_004896,cust_01713,delivered,2017-09-17 01:55:07,2017-09-18 19:55:07,2017-09-21 01:55:07,2017-09-23 01:55:07,2017-09-28 01:55:07
order_004897,cust_02398,delivered,2018-06-16 05:04:58,2018-06-16 23:04:58,2018-06-17 05:04:58,2018-07-03 05:04:58,2018-07-07 05:04:58
order_004898,cust_00841,canceled,2017-06-25 07:29:43,2017-06-25 13:29:43,2017-06-26 07:29:43,2017-07-09 07:29:43,2017-07-11 07:29:43
order_004899,cust_02681,shipped,2017-08-08 01:39:32,2017-08-09 15:39:32,2017-08-11 01:39:32,2017-08-21 01:39:32,2017-08-26 01:39:32
order_004900,cust_00092,delivered,2018-05-17 14:35:42,2018-05-18 01:35:42,2018-05-18 14:35:42,2018-05-19 14:35:42,2018-05-20 14:35:42
order_004901,cust_01257,delivered,2017-11-16 09:52:09,2017-11-18 07:52:09,2017-11-20 09:52:09,2017-11-19 09:52:09,2017-11-22 09:52:09
order_004902,cust_02504,delivered,2018-02-16 14:26:17,2018-02-17 22:26:17,2018-02-19 14:26:17,2018-02-28 14:26:17,2018-03-06 14:26:17
order_004903,cust_01006,delivered,2017-07-14 12:04:22,2017-07-15 01:04:22,2017-07-16 12:04:22,2017-07-23 12:04:22,2017-07-28 12:04:22
order_004904,cust_01639,delivered,2018-01-09 06:31:09,2018-01-10 10:31:09,2018-01-12 06:31:09,2018-01-16 06:31:09,2018-01-17 06:31:09
order_004905,cust_02303,delivered,2017-10-24 14:45:30,2017-10-26 10:45:30,2017-10-25 14:45:30,2017-11-08 14:45:30,2017-11-12 14:45:30
order_004906,cust_00942,delivered,2018-07-21 22:49:35,2018-07-23 18:49:35,2018-07-23 22:49:35,2018-07-30 22:49:35,2018-08-04 22:49:35
order_004907,cust_03664,delivered,2017-10-27 07:36:07,2017-10-28 02:36:07,2017-10-30 07:36:07,2017-11-05 07:36:07,2017-11-09 07:36:07
order_004908,cust_03218,delivered,2017-02-24 07:22:33,2017-02-24 09:22:33,2017-02-28 07:22:33,2017-03-03 07:22:33,2017-03-05 07:22:33
order_004909,cust_03689,delivered,2018-03-24 12:23:11,2018-03-24 16:23:11,2018-03-28 12:23:11,2018-04-10 12:23:11,2018-04-15 12:23:11
order_004910,cust_01883,delivered,2018-08-03 19:18:02,2018-08-05 13:18:02,2018-08-06 19:18:02,2018-08-10 19:18:02,2018-08-13 19:18:02
order_004911,cust_01304,delivered,2018-06-21 12:45:18,2018-06-22 20:45:18,2018-06-23 12:45:18,2018-06-27 12:45:18,2018-07-03 12:45:18
order_004912,cust_03779,delivered,2017-03-03 19:58:03,2017-03-05 06:58:03,2017-03-07 19:58:03,2017-03-15 19:58:03,2017-03-21 19:58:03
order_004913,cust_02768,delivered,2018-08-31 01:46:40,2018-09-01 11:46:40,2018-09-01 01:46:40,2018-09-02 01:46:40,2018-09-08 01:46:40
order_004914,cust_03014,delivered,2017-07-30 02:21:44,2017-07-31 15:21:44,2017-08-01 02:21:44,2017-08-10 02:21:44,2017-08-13 02:21:44
order_004915,cust_00694,delivered,2018-05-23 09:45:05,2018-05-24 09:45:05,2018-05-25 09:45:05,2018-06-03 09:45:05,2018-06-08 09:45:05
order_004916,cust_03303,delivered,2018-01-19 05:34:52,2018-01-19 23:34:52,2018-01-22 05:34:52,2018-01-24 05:34:52,2018-01-25 05:34:52
order_004917,cust_02006,delivered,2018-08-15 00:33:26,2018-08-15 12:33:26,2018-08-18 00:33:26,2018-08-29 00:33:26,2018-09-03 00:33:26
order_004918,cust_02938,delivered,2017-07-27 05:09:52,2017-07-27 20:09:52,2017-07-29 05:09:52,2017-07-29 05:09:52,2017-08-03 05:09:52
order_004919,cust_03135,delivered,2018-01-05 06:30:23,2018-01-06 18:30:23,2018-01-09 06:30:23,2018-01-22 06:30:23,2018-01-27 06:30:23
order_004920,cust_00402,delivered,2018-02-19 22:04:17,2018-02-19 23:04:17,2018-02-21 22:04:17,2018-03-06 22:04:17,2018-03-07 22:04:17
order_004921,cust_00376,delivered,2017-04-04 18:46:30,2017-04-05 01:46:30,2017-04-07 18:46:30,2017-04-08 18:46:30,2017-04-11 18:46:30
order_004922,cust_00247,delivered,2018-04-17 08:25:35,2018-04-18 22:25:35,2018-04-18 08:25:35,2018-04-26 08:25:35,2018-04-28 08:25:35
order_004923,cust_02443,delivered,2017-03-29 22:59:34,2017-03-31 05:59:34,2017-03-30 22:59:34,2017-04-03 22:59:34,2017-04-09 22:59:34
order_004924,cust_03477,delivered,2018-05-19 20:04:31,2018-05-20 04:04:31,2018-05-20 20:04:31,2018-05-30 20:04:31,2018-06-03 20:04:31
order_004925,cust_00114,shipped,2017-03-18 06:00:56,2017-03-18 08:00:56,2017-03-19 06:00:56,2017-03-25 06:00:56,2017-03-29 06:00:56
order_004926,cust_00525,delivered,2017-04-20 11:28:20,2017-04-20 22:28:20,2017-04-24 11:28:20,2017-04-29 11:28:20,2017-05-02 11:28:20
order_004927,cust_01846,delivered,2017-10-28 22:07:14,2017-10-29 04:07:14,2017-10-31 22:07:14,2017-11-14 22:07:14,2017-11-15 22:07:14
order_004928,cust_01486,delivered,2017-04-21 10:58:23,2017-04-21 23:58:23,2017-04-25 10:58:23,2017-05-02 10:58:23,2017-05-06 10:58:23
order_004929,cust_00391,delivered,2017-02-16 08:54:06,2017-02-18 00:54:06,2017-02-18 08:54:06,2017-03-03 08:54:06,2017-03-07 08:54:06
order_004930,cust_02317,shipped,2017-02-01 21:40:55,2017-02-03 14:40:55,2017-02-02 21:40:55,2017-02-13 21:40:55,2017-02-16 21:40:55
order_004931,cust_03440,delivered,2017-06-24 15:51:02,2017-06-25 05:51:02,2017-06-26 15:51:02,2017-07-03 15:51:02,2017-07-07 15:51:02
order_004932,cust_00805,delivered,2017-10-26 10:34:53,2017-10-27 00:34:53,2017-10-27 10:34:53,2017-10-28 10:34:53,2017-10-31 10:34:53
order_004933,cust_00010,shipped,2017-01-27 20:52:24,2017-01-29 11:52:24,2017-01-29 20:52:24,2017-01-30 20:52:24,2017-02-03 20:52:24
order_004934,cust_00856,delivered,2017-03-25 17:52:35,2017-03-26 14:52:35,2017-03-26 17:52:35,2017-04-04 17:52:35,2017-04-07 17:52:35
order_004935,cust_00701,delivered,2018-01-07 08:20:50,2018-01-07 19:20:50,2018-01-08 08:20:50,2018-01-17 08:20:50,2018-01-22 08:20:50
order_004936,cust_01771,delivered,2017-07-13 10:11:06,2017-07-14 22:11:06,2017-07-16 10:11:06,2017-07-23 10:11:06,2017-07-29 10:11:06
order_004937,cust_00407,delivered,2018-04-06 01:08:15,2018-04-07 01:08:15,2018-04-10 01:08:15,2018-04-21 01:08:15,2018-04-24 01:08:15
order_004938,cust_01371,delivered,2018-05-26 02:26:41,2018-05-27 20:26:41,2018-05-27 02:26:41,2018-05-29 02:26:41,2018-05-30 02:26:41
order_004939,cust_00453,delivered,2017-01-19 22:54:18,2017-01-21 16:54:18,2017-01-23 22:54:18,2017-01-31 22:54:18,2017-02-05 22:54:18
order_004940,cust_02570,delivered,2018-07-31 01:16:27,2018-08-01 15:16:27,2018-08-04 01:16:27,2018-08-13 01:16:27,2018-08-19 01:16:27
order_004941,cust_01782,delivered,2018-02-20 20:04:56,2018-02-22 18:04:56,2018-02-21 20:04:56,2018-03-04 20:04:56,2018-03-09 20:04:56
order_004942,cust_00285,delivered,2018-05-15 04:59:51,2018-05-16 06:59:51,2018-05-16 04:59:51,2018-05-20 04:59:51,2018-05-23 04:59:51
order_004943,cust_00166,delivered,2017-10-18 12:59:50,2017-10-19 14:59:50,2017-10-19 12:59:50,2017-10-26 12:59:50,2017-10-30 12:59:50
order_004944,cust_01857,delivered,2017-01-01 17:20:03,2017-01-01 18:20:03,2017-01-04 17:20:03,2017-01-03 17:20:03,2017-01-06 17:20:03
order_004945,cust_02248,delivered,2018-06-23 23:47:17,2018-06-24 07:47:17,2018-06-26 23:47:17,2018-06-27 23:47:17,2018-07-02 23:47:17
order_004946,cust_00662,delivered,2017-12-12 08:58:03,2017-12-12 16:58:03,2017-12-16 08:58:03,2017-12-26 08:58:03,2017-12-31 08:58:03
order_004947,cust_01229,delivered,2017-01-23 22:12:06,2017-01-25 18:12:06,2017-01-26 22:12:06,2017-02-03 22:12:06,2017-02-07 22:12:06
order_004948,cust_02305,delivered,2017-04-12 10:53:54,2017-04-12 22:53:54,2017-04-13 10:53:54,2017-04-27 10:53:54,2017-04-30 10:53:54
order_004949,cust_01790,delivered,2017-05-06 20:48:40,2017-05-08 02:48:40,2017-05-10 20:48:40,2017-05-19 20:48:40,2017-05-21 20:48:40
order_004950,cust_00441,delivered,2017-08-17 02:26:42,2017-08-17 22:26:42,2017-08-21 02:26:42,2017-08-22 02:26:42,2017-08-26 02:26:42
order_004951,cust_01486,delivered,2017-09-26 06:25:59,2017-09-27 18:25:59,2017-09-29 06:25:59,2017-10-11 06:25:59,2017-10-14 06:25:59
order_004952,cust_00751,delivered,2017-09-18 14:57:10,2017-09-19 08:57:10,2017-09-22 14:57:10,2017-10-01 14:57:10,2017-10-07 14:57:10
order_004953,cust_03521,delivered,2018-06-12 16:56:47,2018-06-14 13:56:47,2018-06-14 16:56:47,2018-06-17 16:56:47,2018-06-18 16:56:47
order_004954,cust_03054,delivered,2018-07-28 19:16:57,2018-07-29 20:16:57,2018-07-31 19:16:57,2018-07-30 19:16:57,2018-08-05 19:16:57
order_004955,cust_01185,delivered,2018-02-17 08:35:24,2018-02-17 20:35:24,2018-02-20 08:35:24,2018-03-03 08:35:24,2018-03-08 08:35:24
order_004956,cust_00893,shipped,2018-01-21 14:59:32,2018-01-22 10:59:32,2018-01-23 14:59:32,2018-02-03 14:59:32,2018-02-07 14:59:32
order_004957,cust_00511,delivered,2018-06-10 14:53:53,2018-06-11 08:53:53,2018-06-14 14:53:53,2018-06-13 14:53:53,2018-06-19 14:53:53
order_004958,cust_02800,delivered,2017-06-12 23:37:50,2017-06-14 10:37:50,2017-06-15 23:37:50,2017-06-21 23:37:50,2017-06-26 23:37:50
order_004959,cust_03489,delivered,2017-12-06 02:48:45,2017-12-06 18:48:45,2017-12-10 02:48:45,2017-12-22 02:48:45,2017-12-23 02:48:45
order_004960,cust_01037,delivered,2018-01-26 00:23:31,2018-01-26 03:23:31,2018-01-28 00:23:31,2018-02-09 00:23:31,2018-02-12 00:23:31
order_004961,cust_02431,delivered,2017-06-23 13:47:56,2017-06-25 02:47:56,2017-06-25 13:47:56,2017-07-08 13:47:56,2017-07-14 13:47:56
order_004962,cust_00893,delivered,2018-08-02 00:22:33,2018-08-03 23:22:33,2018-08-06 00:22:33,2018-08-10 00:22:33,2018-08-15 00:22:33
order_004963,cust_03484,shipped,2017-05-24 04:42:01,2017-05-24 16:42:01,2017-05-25 04:42:01,2017-05-27 04:42:01,2017-05-28 04:42:01
order_004964,cust_01136,delivered,2017-02-05 12:00:00,2017-02-07 04:00:00,2017-02-08 12:00:00,2017-02-12 12:00:00,2017-02-14 12:00:00
order_004965,cust_00365,delivered,2017-07-16 06:25:38,2017-07-16 08:25:38,2017-07-20 06:25:38,2017-07-28 06:25:38,2017-08-03 06:25:38
order_004966,cust_03347,delivered,2018-05-12 06:23:37,2018-05-12 22:23:37,2018-05-16 06:23:37,2018-05-27 06:23:37,2018-05-28 06:23:37
order_004967,cust_03592,delivered,2017-08-16 08:18:37,2017-08-16 09:18:37,2017-08-20 08:18:37,2017-08-28 08:18:37,2017-09-03 08:18:37
order_004968,cust_01509,delivered,2017-05-12 16:28:34,2017-05-13 11:28:34,2017-05-15 16:28:34,2017-05-14 16:28:34,2017-05-18 16:28:34
order_004969,cust_03447,delivered,2018-06-15 08:46:48,2018-06-16 13:46:48,2018-06-16 08:46:48,2018-06-26 08:46:48,2018-07-01 08:46:48
order_004970,cust_00926,delivered,2017-04-04 19:02:13,2017-04-06 17:02:13,2017-04-06 19:02:13,2017-04-08 19:02:13,2017-04-10 19:02:13
order_004971,cust_01029,delivered,2017-04-07 03:48:59,2017-04-08 19:48:59,2017-04-11 03:48:59,2017-04-18 03:48:59,2017-04-21 03:48:59
order_004972,cust_02039,delivered,2018-07-01 02:27:30,2018-07-02 22:27:30,2018-07-04 02:27:30,2018-07-09 02:27:30,2018-07-14 02:27:30
order_004973,cust_02281,shipped,2017-07-15 03:59:45,2017-07-16 10:59:45,2017-07-17 03:59:45,2017-07-25 03:59:45,2017-07-26 03:59:45
order_004974,cust_01465,processing,2017-01-02 22:00:58,2017-01-03 17:00:58,2017-01-06 22:00:58,2017-01-13 22:00:58,2017-01-14 22:00:58
order_004975,cust_03038,delivered,2017-09-21 06:39:31,2017-09-23 01:39:31,2017-09-23 06:39:31,2017-10-03 06:39:31,2017-10-07 06:39:31
order_004976,cust_03002,delivered,2018-03-27 00:43:05,2018-03-27 03:43:05,2018-03-29 00:43:05,2018-03-29 00:43:05,2018-03-30 00:43:05
order_004977,cust_00459,delivered,2018-04-06 07:34:02,2018-04-07 22:34:02,2018-04-08 07:34:02,2018-04-23 07:34:02,2018-04-29 07:34:02
order_004978,cust_03763,delivered,2017-02-23 16:31:18,2017-02-25 15:31:18,2017-02-25 16:31:18,2017-03-06 16:31:18,2017-03-11 16:31:18
order_004979,cust_00604,delivered,2017-06-21 08:41:16,2017-06-21 10:41:16,2017-06-24 08:41:16,2017-07-01 08:41:16,2017-07-06 08:41:16
order_004980,cust_02000,delivered,2018-01-11 09:13:40,2018-01-12 16:13:40,2018-01-15 09:13:40,2018-01-19 09:13:40,2018-01-23 09:13:40
order_004981,cust_01607,delivered,2018-02-06 02:04:27,2018-02-07 20:04:27,2018-02-10 02:04:27,2018-02-09 02:04:27,2018-02-13 02:04:27
order_004982,cust_01716,delivered,2018-01-13 16:01:06,2018-01-15 01:01:06,2018-01-15 16:01:06,2018-01-25 16:01:06,2018-01-31 16:01:06
order_004983,cust_00488,delivered,2017-07-25 05:17:34,2017-07-27 03:17:34,2017-07-27 05:17:34,2017-08-01 05:17:34,2017-08-02 05:17:34
order_004984,cust_01303,delivered,2018-06-09 02:20:35,2018-06-09 15:20:35,2018-06-13 02:20:35,2018-06-25 02:20:35,2018-06-27 02:20:35
order_004985,cust_00115,delivered,2017-02-17 17:09:21,2017-02-19 00:09:21,2017-02-20 17:09:21,2017-03-01 17:09:21,2017-03-06 17:09:21
order_004986,cust_03698,shipped,2018-05-16 22:29:23,2018-05-18 13:29:23,2018-05-17 22:29:23,2018-05-25 22:29:23,2018-05-26 22:29:23
order_004987,cust_00546,delivered,2018-07-26 14:39:10,2018-07-26 18:39:10,2018-07-29 14:39:10,2018-07-28 14:39:10,2018-07-30 14:39:10
order_004988,cust_01836,delivered,2018-02-21 22:29:52,2018-02-23 01:29:52,2018-02-25 22:29:52,2018-03-03 22:29:52,2018-03-04 22:29:52
order_004989,cust_00820,delivered,2017-09-19 09:39:07,2017-09-21 07:39:07,2017-09-21 09:39:07,2017-10-04 09:39:07,2017-10-05 09:39:07
order_004990,cust_00676,delivered,2017-08-20 12:27:56,2017-08-21 11:27:56,2017-08-23 12:27:56,2017-08-29 12:27:56,2017-09-01 12:27:56
order_004991,cust_01482,delivered,2017-09-22 08:34:21,2017-09-23 23:34:21,2017-09-26 08:34:21,2017-10-04 08:34:21,2017-10-08 08:34:21
order_004992,cust_03683,delivered,2017-04-12 12:13:48,2017-04-13 23:13:48,2017-04-13 12:13:48,2017-04-15 12:13:48,2017-04-16 12:13:48
order_004993,cust_01817,shipped,2017-05-15 21:25:45,2017-05-16 10:25:45,2017-05-19 21:25:45,2017-05-23 21:25:45,2017-05-29 21:25:45
order_004994,cust_03651,delivered,2018-01-22 15:14:07,2018-01-23 09:14:07,2018-01-23 15:14:07,2018-02-05 15:14:07,2018-02-10 15:14:07
order_004995,cust_03142,delivered,2017-12-01 00:38:28,2017-12-02 00:38:28,2017-12-02 00:38:28,2017-12-09 00:38:28,2017-12-13 00:38:28
order_004996,cust_01655,delivered,2017-10-30 13:55:17,2017-10-31 10:55:17,2017-11-01 13:55:17,2017-11-15 13:55:17,2017-11-16 13:55:17
order_004997,cust_03424,delivered,2017-10-16 09:03:13,2017-10-17 13:03:13,2017-10-17 09:03:13,2017-10-24 09:03:13,2017-10-28 09:03:13
order_004998,cust_01323,delivered,2017-02-17 13:02:42,2017-02-18 20:02:42,2017-02-20 13:02:42,2017-03-03 13:02:42,2017-03-09 13:02:42
order_004999,cust_01905,processing,2018-06-12 13:23:09,2018-06-13 09:23:09,2018-06-15 13:23:09,2018-06-24 13:23:09,2018-06-26 13:23:09
